soc_code,title,workplace_example,element_id,element_name,hot_technology,in_demand,rank,osca_id,osca_occupation_title,osca_match_score
15-2051.01,Business Intelligence Analysts,Amazon Web Services AWS software,2.E.6.f,Data base user interface and query software,Y,Y,1,261111,ICT Business Analyst,93.5
15-2051.01,Business Intelligence Analysts,Microsoft Azure software,2.E.7.b,Development environment software,Y,Y,1,261111,ICT Business Analyst,93.5
15-2051.01,Business Intelligence Analysts,Microsoft Excel,2.E.4.i,Spreadsheet software,Y,Y,1,261111,ICT Business Analyst,93.5
15-2051.01,Business Intelligence Analysts,Microsoft Office software,2.E.1.k,Office suite software,Y,Y,1,261111,ICT Business Analyst,93.5
15-2051.01,Business Intelligence Analysts,Microsoft Power BI,2.E.6.m,Business intelligence and data analysis software,Y,Y,1,261111,ICT Business Analyst,93.5
15-2051.01,Business Intelligence Analysts,Microsoft PowerPoint,2.E.4.f,Presentation software,Y,Y,1,261111,ICT Business Analyst,93.5
15-2051.01,Business Intelligence Analysts,Python,2.E.7.e,Object or component oriented development software,Y,Y,1,261111,ICT Business Analyst,93.5
15-2051.01,Business Intelligence Analysts,R,2.E.7.e,Object or component oriented development software,Y,Y,1,261111,ICT Business Analyst,93.5
15-2051.01,Business Intelligence Analysts,Salesforce software,2.E.6.c,Customer relationship management CRM software,Y,Y,1,261111,ICT Business Analyst,93.5
15-2051.01,Business Intelligence Analysts,SAP software,2.E.2.b,Enterprise resource planning ERP software,Y,Y,1,261111,ICT Business Analyst,93.5
15-2051.01,Business Intelligence Analysts,SAS,2.E.9.d,Analytical or scientific software,Y,Y,1,261111,ICT Business Analyst,93.5
15-2051.01,Business Intelligence Analysts,Snowflake,2.E.6.g,Data mining software,Y,Y,1,261111,ICT Business Analyst,93.5
15-2051.01,Business Intelligence Analysts,Structured query language SQL,2.E.6.f,Data base user interface and query software,Y,Y,1,261111,ICT Business Analyst,93.5
15-2051.01,Business Intelligence Analysts,Tableau,2.E.6.m,Business intelligence and data analysis software,Y,Y,1,261111,ICT Business Analyst,93.5
15-2051.01,Business Intelligence Analysts,Adobe Acrobat,2.E.5.b,Document management software,Y,N,3,261111,ICT Business Analyst,93.5
15-2051.01,Business Intelligence Analysts,AJAX,2.E.7.h,Web platform development software,Y,N,3,261111,ICT Business Analyst,93.5
15-2051.01,Business Intelligence Analysts,Alteryx software,2.E.6.m,Business intelligence and data analysis software,Y,N,3,261111,ICT Business Analyst,93.5
15-2051.01,Business Intelligence Analysts,Amazon DynamoDB,2.E.6.d,Data base management system software,Y,N,3,261111,ICT Business Analyst,93.5
15-2051.01,Business Intelligence Analysts,Amazon Elastic Compute Cloud EC2,2.E.6.f,Data base user interface and query software,Y,N,3,261111,ICT Business Analyst,93.5
15-2051.01,Business Intelligence Analysts,Amazon Redshift,2.E.6.f,Data base user interface and query software,Y,N,3,261111,ICT Business Analyst,93.5
15-2051.01,Business Intelligence Analysts,Apache Cassandra,2.E.6.d,Data base management system software,Y,N,3,261111,ICT Business Analyst,93.5
15-2051.01,Business Intelligence Analysts,Apache Hadoop,2.E.6.d,Data base management system software,Y,N,3,261111,ICT Business Analyst,93.5
15-2051.01,Business Intelligence Analysts,Apache Hive,2.E.6.d,Data base management system software,Y,N,3,261111,ICT Business Analyst,93.5
15-2051.01,Business Intelligence Analysts,Apache Kafka,2.E.7.b,Development environment software,Y,N,3,261111,ICT Business Analyst,93.5
15-2051.01,Business Intelligence Analysts,Apache Spark,2.E.6.m,Business intelligence and data analysis software,Y,N,3,261111,ICT Business Analyst,93.5
15-2051.01,Business Intelligence Analysts,Apache Tomcat,2.E.7.h,Web platform development software,Y,N,3,261111,ICT Business Analyst,93.5
15-2051.01,Business Intelligence Analysts,Atlassian Confluence,2.E.1.e,Project management software,Y,N,3,261111,ICT Business Analyst,93.5
15-2051.01,Business Intelligence Analysts,Atlassian JIRA,2.E.5.a,Content workflow software,Y,N,3,261111,ICT Business Analyst,93.5
15-2051.01,Business Intelligence Analysts,Bash,2.E.13.c,Operating system software,Y,N,3,261111,ICT Business Analyst,93.5
15-2051.01,Business Intelligence Analysts,C,2.E.7.b,Development environment software,Y,N,3,261111,ICT Business Analyst,93.5
15-2051.01,Business Intelligence Analysts,C#,2.E.7.e,Object or component oriented development software,Y,N,3,261111,ICT Business Analyst,93.5
15-2051.01,Business Intelligence Analysts,C++,2.E.7.e,Object or component oriented development software,Y,N,3,261111,ICT Business Analyst,93.5
15-2051.01,Business Intelligence Analysts,Django,2.E.7.h,Web platform development software,Y,N,3,261111,ICT Business Analyst,93.5
15-2051.01,Business Intelligence Analysts,Eclipse IDE,2.E.7.b,Development environment software,Y,N,3,261111,ICT Business Analyst,93.5
15-2051.01,Business Intelligence Analysts,Elasticsearch,2.E.6.d,Data base management system software,Y,N,3,261111,ICT Business Analyst,93.5
15-2051.01,Business Intelligence Analysts,Epic Systems,2.E.9.i,Medical software,Y,N,3,261111,ICT Business Analyst,93.5
15-2051.01,Business Intelligence Analysts,ESRI ArcGIS software,2.E.8.h,Geographic information system,Y,N,3,261111,ICT Business Analyst,93.5
15-2051.01,Business Intelligence Analysts,Extensible markup language XML,2.E.7.c,Enterprise application integration software,Y,N,3,261111,ICT Business Analyst,93.5
15-2051.01,Business Intelligence Analysts,Facebook,2.E.4.g,Web page creation and editing software,Y,N,3,261111,ICT Business Analyst,93.5
15-2051.01,Business Intelligence Analysts,Git,2.E.5.c,File versioning software,Y,N,3,261111,ICT Business Analyst,93.5
15-2051.01,Business Intelligence Analysts,GitHub,2.E.10.a,Application server software,Y,N,3,261111,ICT Business Analyst,93.5
15-2051.01,Business Intelligence Analysts,Go,2.E.7.b,Development environment software,Y,N,3,261111,ICT Business Analyst,93.5
15-2051.01,Business Intelligence Analysts,Google Analytics,2.E.6.g,Data mining software,Y,N,3,261111,ICT Business Analyst,93.5
15-2051.01,Business Intelligence Analysts,Google Docs,2.E.4.d,Word processing software,Y,N,3,261111,ICT Business Analyst,93.5
15-2051.01,Business Intelligence Analysts,Google Looker Analytics,2.E.6.m,Business intelligence and data analysis software,Y,N,3,261111,ICT Business Analyst,93.5
15-2051.01,Business Intelligence Analysts,Hibernate ORM,2.E.6.j,Object oriented data base management software,Y,N,3,261111,ICT Business Analyst,93.5
15-2051.01,Business Intelligence Analysts,Hypertext markup language HTML,2.E.7.h,Web platform development software,Y,N,3,261111,ICT Business Analyst,93.5
15-2051.01,Business Intelligence Analysts,IBM DB2,2.E.6.f,Data base user interface and query software,Y,N,3,261111,ICT Business Analyst,93.5
15-2051.01,Business Intelligence Analysts,IBM SPSS Statistics,2.E.9.d,Analytical or scientific software,Y,N,3,261111,ICT Business Analyst,93.5
15-2051.01,Business Intelligence Analysts,Informatica software,2.E.6.i,Metadata management software,Y,N,3,261111,ICT Business Analyst,93.5
15-2051.01,Business Intelligence Analysts,JavaScript,2.E.7.h,Web platform development software,Y,N,3,261111,ICT Business Analyst,93.5
15-2051.01,Business Intelligence Analysts,JavaScript Object Notation JSON,2.E.7.h,Web platform development software,Y,N,3,261111,ICT Business Analyst,93.5
15-2051.01,Business Intelligence Analysts,jQuery,2.E.7.e,Object or component oriented development software,Y,N,3,261111,ICT Business Analyst,93.5
15-2051.01,Business Intelligence Analysts,Linux,2.E.13.c,Operating system software,Y,N,3,261111,ICT Business Analyst,93.5
15-2051.01,Business Intelligence Analysts,Marketo Marketing Automation,2.E.1.l,Sales and marketing software,Y,N,3,261111,ICT Business Analyst,93.5
15-2051.01,Business Intelligence Analysts,MEDITECH software,2.E.9.i,Medical software,Y,N,3,261111,ICT Business Analyst,93.5
15-2051.01,Business Intelligence Analysts,Microsoft .NET Framework,2.E.7.b,Development environment software,Y,N,3,261111,ICT Business Analyst,93.5
15-2051.01,Business Intelligence Analysts,Microsoft Access,2.E.6.f,Data base user interface and query software,Y,N,3,261111,ICT Business Analyst,93.5
15-2051.01,Business Intelligence Analysts,Microsoft Active Server Pages ASP,2.E.7.h,Web platform development software,Y,N,3,261111,ICT Business Analyst,93.5
15-2051.01,Business Intelligence Analysts,Microsoft ASP.NET,2.E.7.h,Web platform development software,Y,N,3,261111,ICT Business Analyst,93.5
15-2051.01,Business Intelligence Analysts,Microsoft Outlook,2.E.16.a,Electronic mail software,Y,N,3,261111,ICT Business Analyst,93.5
15-2051.01,Business Intelligence Analysts,Microsoft Power Automate,2.E.7.c,Enterprise application integration software,Y,N,3,261111,ICT Business Analyst,93.5
15-2051.01,Business Intelligence Analysts,Microsoft Power Platform software,2.E.7.c,Enterprise application integration software,Y,N,3,261111,ICT Business Analyst,93.5
15-2051.01,Business Intelligence Analysts,Microsoft PowerShell,2.E.7.b,Development environment software,Y,N,3,261111,ICT Business Analyst,93.5
15-2051.01,Business Intelligence Analysts,Microsoft Project,2.E.1.e,Project management software,Y,N,3,261111,ICT Business Analyst,93.5
15-2051.01,Business Intelligence Analysts,Microsoft SharePoint,2.E.5.b,Document management software,Y,N,3,261111,ICT Business Analyst,93.5
15-2051.01,Business Intelligence Analysts,Microsoft SQL Server,2.E.6.f,Data base user interface and query software,Y,N,3,261111,ICT Business Analyst,93.5
15-2051.01,Business Intelligence Analysts,Microsoft SQL Server Integration Services SSIS,2.E.7.c,Enterprise application integration software,Y,N,3,261111,ICT Business Analyst,93.5
15-2051.01,Business Intelligence Analysts,Microsoft SQL Server Reporting Services SSRS,2.E.6.e,Data base reporting software,Y,N,3,261111,ICT Business Analyst,93.5
15-2051.01,Business Intelligence Analysts,Microsoft Visio,2.E.1.p,Process mapping and design software,Y,N,3,261111,ICT Business Analyst,93.5
15-2051.01,Business Intelligence Analysts,Microsoft Visual Basic,2.E.7.b,Development environment software,Y,N,3,261111,ICT Business Analyst,93.5
15-2051.01,Business Intelligence Analysts,Microsoft Visual Basic for Applications VBA,2.E.7.b,Development environment software,Y,N,3,261111,ICT Business Analyst,93.5
15-2051.01,Business Intelligence Analysts,Microsoft Visual Studio,2.E.7.b,Development environment software,Y,N,3,261111,ICT Business Analyst,93.5
15-2051.01,Business Intelligence Analysts,Microsoft Windows Server,2.E.13.c,Operating system software,Y,N,3,261111,ICT Business Analyst,93.5
15-2051.01,Business Intelligence Analysts,Microsoft Word,2.E.4.d,Word processing software,Y,N,3,261111,ICT Business Analyst,93.5
15-2051.01,Business Intelligence Analysts,MongoDB,2.E.6.d,Data base management system software,Y,N,3,261111,ICT Business Analyst,93.5
15-2051.01,Business Intelligence Analysts,MySQL,2.E.6.d,Data base management system software,Y,N,3,261111,ICT Business Analyst,93.5
15-2051.01,Business Intelligence Analysts,NoSQL,2.E.6.d,Data base management system software,Y,N,3,261111,ICT Business Analyst,93.5
15-2051.01,Business Intelligence Analysts,Oracle Cloud software,2.E.11.e,Cloud-based management software,Y,N,3,261111,ICT Business Analyst,93.5
15-2051.01,Business Intelligence Analysts,Oracle Database,2.E.6.f,Data base user interface and query software,Y,N,3,261111,ICT Business Analyst,93.5
15-2051.01,Business Intelligence Analysts,Oracle Java,2.E.7.e,Object or component oriented development software,Y,N,3,261111,ICT Business Analyst,93.5
15-2051.01,Business Intelligence Analysts,Oracle PeopleSoft,2.E.2.b,Enterprise resource planning ERP software,Y,N,3,261111,ICT Business Analyst,93.5
15-2051.01,Business Intelligence Analysts,Oracle PL/SQL,2.E.6.d,Data base management system software,Y,N,3,261111,ICT Business Analyst,93.5
15-2051.01,Business Intelligence Analysts,Oracle Primavera Enterprise Project Portfolio Management,2.E.1.e,Project management software,Y,N,3,261111,ICT Business Analyst,93.5
15-2051.01,Business Intelligence Analysts,Oracle SQL Developer,2.E.7.b,Development environment software,Y,N,3,261111,ICT Business Analyst,93.5
15-2051.01,Business Intelligence Analysts,Perl,2.E.7.e,Object or component oriented development software,Y,N,3,261111,ICT Business Analyst,93.5
15-2051.01,Business Intelligence Analysts,PHP,2.E.7.h,Web platform development software,Y,N,3,261111,ICT Business Analyst,93.5
15-2051.01,Business Intelligence Analysts,PostgreSQL,2.E.6.j,Object oriented data base management software,Y,N,3,261111,ICT Business Analyst,93.5
15-2051.01,Business Intelligence Analysts,Red Hat Enterprise Linux,2.E.13.c,Operating system software,Y,N,3,261111,ICT Business Analyst,93.5
15-2051.01,Business Intelligence Analysts,Ruby,2.E.7.b,Development environment software,Y,N,3,261111,ICT Business Analyst,93.5
15-2051.01,Business Intelligence Analysts,SAP ERP,2.E.2.b,Enterprise resource planning ERP software,Y,N,3,261111,ICT Business Analyst,93.5
15-2051.01,Business Intelligence Analysts,Scala,2.E.7.e,Object or component oriented development software,Y,N,3,261111,ICT Business Analyst,93.5
15-2051.01,Business Intelligence Analysts,Shell script,2.E.13.c,Operating system software,Y,N,3,261111,ICT Business Analyst,93.5
15-2051.01,Business Intelligence Analysts,Splunk Enterprise,2.E.11.e,Cloud-based management software,Y,N,3,261111,ICT Business Analyst,93.5
15-2051.01,Business Intelligence Analysts,Swift,2.E.7.e,Object or component oriented development software,Y,N,3,261111,ICT Business Analyst,93.5
15-2051.01,Business Intelligence Analysts,Teradata Database,2.E.6.d,Data base management system software,Y,N,3,261111,ICT Business Analyst,93.5
15-2051.01,Business Intelligence Analysts,The MathWorks MATLAB,2.E.9.d,Analytical or scientific software,Y,N,3,261111,ICT Business Analyst,93.5
15-2051.01,Business Intelligence Analysts,Transact-SQL,2.E.6.f,Data base user interface and query software,Y,N,3,261111,ICT Business Analyst,93.5
15-2051.01,Business Intelligence Analysts,UNIX,2.E.13.c,Operating system software,Y,N,3,261111,ICT Business Analyst,93.5
15-2051.01,Business Intelligence Analysts,UNIX Shell,2.E.13.c,Operating system software,Y,N,3,261111,ICT Business Analyst,93.5
15-2051.01,Business Intelligence Analysts,Actuate Eclipse BIRT,2.E.6.e,Data base reporting software,N,N,4,261111,ICT Business Analyst,93.5
15-2051.01,Business Intelligence Analysts,Adobe ActionScript,2.E.7.b,Development environment software,N,N,4,261111,ICT Business Analyst,93.5
15-2051.01,Business Intelligence Analysts,Adobe Dreamweaver,2.E.4.g,Web page creation and editing software,N,N,4,261111,ICT Business Analyst,93.5
15-2051.01,Business Intelligence Analysts,Advanced business application programming ABAP,2.E.7.e,Object or component oriented development software,N,N,4,261111,ICT Business Analyst,93.5
15-2051.01,Business Intelligence Analysts,Airtable,2.E.6.f,Data base user interface and query software,N,N,4,261111,ICT Business Analyst,93.5
15-2051.01,Business Intelligence Analysts,Apache Ant,2.E.7.b,Development environment software,N,N,4,261111,ICT Business Analyst,93.5
15-2051.01,Business Intelligence Analysts,Apache Groovy,2.E.7.e,Object or component oriented development software,N,N,4,261111,ICT Business Analyst,93.5
15-2051.01,Business Intelligence Analysts,Apache HTTP Server,2.E.6.k,Portal server software,N,N,4,261111,ICT Business Analyst,93.5
15-2051.01,Business Intelligence Analysts,Apache Pig,2.E.6.d,Data base management system software,N,N,4,261111,ICT Business Analyst,93.5
15-2051.01,Business Intelligence Analysts,Apache Solr,2.E.6.d,Data base management system software,N,N,4,261111,ICT Business Analyst,93.5
15-2051.01,Business Intelligence Analysts,Apache Struts,2.E.7.h,Web platform development software,N,N,4,261111,ICT Business Analyst,93.5
15-2051.01,Business Intelligence Analysts,Blackbaud The Raiser's Edge,2.E.6.c,Customer relationship management CRM software,N,N,4,261111,ICT Business Analyst,93.5
15-2051.01,Business Intelligence Analysts,Business Objects Data Integrator,2.E.7.b,Development environment software,N,N,4,261111,ICT Business Analyst,93.5
15-2051.01,Business Intelligence Analysts,Citrix cloud computing software,2.E.12.a,Access software,N,N,4,261111,ICT Business Analyst,93.5
15-2051.01,Business Intelligence Analysts,Common business oriented language COBOL,2.E.7.b,Development environment software,N,N,4,261111,ICT Business Analyst,93.5
15-2051.01,Business Intelligence Analysts,Customer information control system CICS,2.E.6.l,Transaction server software,N,N,4,261111,ICT Business Analyst,93.5
15-2051.01,Business Intelligence Analysts,Data modeling software,2.E.6.i,Metadata management software,N,N,4,261111,ICT Business Analyst,93.5
15-2051.01,Business Intelligence Analysts,Data warehouse software,2.E.6.g,Data mining software,N,N,4,261111,ICT Business Analyst,93.5
15-2051.01,Business Intelligence Analysts,Database software,2.E.6.f,Data base user interface and query software,N,N,4,261111,ICT Business Analyst,93.5
15-2051.01,Business Intelligence Analysts,Delphi Technology,2.E.2.d,Financial analysis software,N,N,4,261111,ICT Business Analyst,93.5
15-2051.01,Business Intelligence Analysts,Drupal,2.E.7.h,Web platform development software,N,N,4,261111,ICT Business Analyst,93.5
15-2051.01,Business Intelligence Analysts,Dynamic hypertext markup language DHTML,2.E.7.h,Web platform development software,N,N,4,261111,ICT Business Analyst,93.5
15-2051.01,Business Intelligence Analysts,Eko,2.E.10.b,Desktop communications software,N,N,4,261111,ICT Business Analyst,93.5
15-2051.01,Business Intelligence Analysts,Enterprise JavaBeans,2.E.7.h,Web platform development software,N,N,4,261111,ICT Business Analyst,93.5
15-2051.01,Business Intelligence Analysts,Ext JS,2.E.7.h,Web platform development software,N,N,4,261111,ICT Business Analyst,93.5
15-2051.01,Business Intelligence Analysts,Extensible hypertext markup language XHTML,2.E.7.h,Web platform development software,N,N,4,261111,ICT Business Analyst,93.5
15-2051.01,Business Intelligence Analysts,FileMaker Pro,2.E.6.f,Data base user interface and query software,N,N,4,261111,ICT Business Analyst,93.5
15-2051.01,Business Intelligence Analysts,Fund accounting software,2.E.2.a,Accounting software,N,N,4,261111,ICT Business Analyst,93.5
15-2051.01,Business Intelligence Analysts,Geographic information system GIS software,2.E.8.h,Geographic information system,N,N,4,261111,ICT Business Analyst,93.5
15-2051.01,Business Intelligence Analysts,Google Ads,2.E.1.l,Sales and marketing software,N,N,4,261111,ICT Business Analyst,93.5
15-2051.01,Business Intelligence Analysts,Google Sites,2.E.4.g,Web page creation and editing software,N,N,4,261111,ICT Business Analyst,93.5
15-2051.01,Business Intelligence Analysts,Google Slides,2.E.4.f,Presentation software,N,N,4,261111,ICT Business Analyst,93.5
15-2051.01,Business Intelligence Analysts,Healthcare common procedure coding system HCPCS,2.E.9.i,Medical software,N,N,4,261111,ICT Business Analyst,93.5
15-2051.01,Business Intelligence Analysts,Hewlett Packard HP-UX,2.E.13.c,Operating system software,N,N,4,261111,ICT Business Analyst,93.5
15-2051.01,Business Intelligence Analysts,Hewlett Packard LoadRunner,2.E.7.f,Program testing software,N,N,4,261111,ICT Business Analyst,93.5
15-2051.01,Business Intelligence Analysts,Human resource management software HRMS,2.E.1.c,Human resources software,N,N,4,261111,ICT Business Analyst,93.5
15-2051.01,Business Intelligence Analysts,IBM Cognos Impromptu,2.E.6.m,Business intelligence and data analysis software,N,N,4,261111,ICT Business Analyst,93.5
15-2051.01,Business Intelligence Analysts,IBM Domino,2.E.12.b,Communications server software,N,N,4,261111,ICT Business Analyst,93.5
15-2051.01,Business Intelligence Analysts,IBM InfoSphere DataStage,2.E.7.c,Enterprise application integration software,N,N,4,261111,ICT Business Analyst,93.5
15-2051.01,Business Intelligence Analysts,IBM Notes,2.E.16.a,Electronic mail software,N,N,4,261111,ICT Business Analyst,93.5
15-2051.01,Business Intelligence Analysts,IBM Power Systems software,2.E.17.a,Enterprise system management software,N,N,4,261111,ICT Business Analyst,93.5
15-2051.01,Business Intelligence Analysts,IBM Unica Enterprise,2.E.2.d,Financial analysis software,N,N,4,261111,ICT Business Analyst,93.5
15-2051.01,Business Intelligence Analysts,IBM WebSphere,2.E.11.e,Cloud-based management software,N,N,4,261111,ICT Business Analyst,93.5
15-2051.01,Business Intelligence Analysts,Informatica Data Explorer,2.E.6.g,Data mining software,N,N,4,261111,ICT Business Analyst,93.5
15-2051.01,Business Intelligence Analysts,Information Builders WebFOCUS,2.E.6.e,Data base reporting software,N,N,4,261111,ICT Business Analyst,93.5
15-2051.01,Business Intelligence Analysts,Integrated development environment IDE software,2.E.7.b,Development environment software,N,N,4,261111,ICT Business Analyst,93.5
15-2051.01,Business Intelligence Analysts,Job control language JCL,2.E.13.c,Operating system software,N,N,4,261111,ICT Business Analyst,93.5
15-2051.01,Business Intelligence Analysts,Jupyter Notebook,2.E.7.e,Object or component oriented development software,N,N,4,261111,ICT Business Analyst,93.5
15-2051.01,Business Intelligence Analysts,KornShell,2.E.13.c,Operating system software,N,N,4,261111,ICT Business Analyst,93.5
15-2051.01,Business Intelligence Analysts,LexisNexis,2.E.6.h,Information retrieval or search software,N,N,4,261111,ICT Business Analyst,93.5
15-2051.01,Business Intelligence Analysts,McAfee,2.E.14.d,Transaction security and virus protection software,N,N,4,261111,ICT Business Analyst,93.5
15-2051.01,Business Intelligence Analysts,Medical condition coding software,2.E.9.i,Medical software,N,N,4,261111,ICT Business Analyst,93.5
15-2051.01,Business Intelligence Analysts,Medical procedure coding software,2.E.9.i,Medical software,N,N,4,261111,ICT Business Analyst,93.5
15-2051.01,Business Intelligence Analysts,Microsoft ActiveX,2.E.7.e,Object or component oriented development software,N,N,4,261111,ICT Business Analyst,93.5
15-2051.01,Business Intelligence Analysts,Microsoft Dynamics,2.E.2.b,Enterprise resource planning ERP software,N,N,4,261111,ICT Business Analyst,93.5
15-2051.01,Business Intelligence Analysts,Microsoft Dynamics GP,2.E.2.b,Enterprise resource planning ERP software,N,N,4,261111,ICT Business Analyst,93.5
15-2051.01,Business Intelligence Analysts,Microsoft Exchange,2.E.16.a,Electronic mail software,N,N,4,261111,ICT Business Analyst,93.5
15-2051.01,Business Intelligence Analysts,Microsoft Proclarity,2.E.6.e,Data base reporting software,N,N,4,261111,ICT Business Analyst,93.5
15-2051.01,Business Intelligence Analysts,Microsoft Publisher,2.E.4.k,Desktop publishing software,N,N,4,261111,ICT Business Analyst,93.5
15-2051.01,Business Intelligence Analysts,Microsoft Visual Basic Scripting Edition VBScript,2.E.7.b,Development environment software,N,N,4,261111,ICT Business Analyst,93.5
15-2051.01,Business Intelligence Analysts,MicroStrategy,2.E.6.m,Business intelligence and data analysis software,N,N,4,261111,ICT Business Analyst,93.5
15-2051.01,Business Intelligence Analysts,Minitab,2.E.9.d,Analytical or scientific software,N,N,4,261111,ICT Business Analyst,93.5
15-2051.01,Business Intelligence Analysts,Nagios,2.E.11.a,Network monitoring software,N,N,4,261111,ICT Business Analyst,93.5
15-2051.01,Business Intelligence Analysts,NetSuite ERP,2.E.2.b,Enterprise resource planning ERP software,N,N,4,261111,ICT Business Analyst,93.5
15-2051.01,Business Intelligence Analysts,NortonLifeLock cybersecurity software,2.E.14.d,Transaction security and virus protection software,N,N,4,261111,ICT Business Analyst,93.5
15-2051.01,Business Intelligence Analysts,Oracle Business Intelligence Enterprise Edition,2.E.6.m,Business intelligence and data analysis software,N,N,4,261111,ICT Business Analyst,93.5
15-2051.01,Business Intelligence Analysts,Oracle E-Business Suite Financials,2.E.2.d,Financial analysis software,N,N,4,261111,ICT Business Analyst,93.5
15-2051.01,Business Intelligence Analysts,Oracle Eloqua,2.E.6.c,Customer relationship management CRM software,N,N,4,261111,ICT Business Analyst,93.5
15-2051.01,Business Intelligence Analysts,Oracle Essbase,2.E.6.f,Data base user interface and query software,N,N,4,261111,ICT Business Analyst,93.5
15-2051.01,Business Intelligence Analysts,Oracle Fusion Applications,2.E.2.b,Enterprise resource planning ERP software,N,N,4,261111,ICT Business Analyst,93.5
15-2051.01,Business Intelligence Analysts,Oracle Hyperion,2.E.2.b,Enterprise resource planning ERP software,N,N,4,261111,ICT Business Analyst,93.5
15-2051.01,Business Intelligence Analysts,Oracle JavaServer Pages JSP,2.E.7.h,Web platform development software,N,N,4,261111,ICT Business Analyst,93.5
15-2051.01,Business Intelligence Analysts,Oracle JD Edwards EnterpriseOne,2.E.2.b,Enterprise resource planning ERP software,N,N,4,261111,ICT Business Analyst,93.5
15-2051.01,Business Intelligence Analysts,Oracle JDBC,2.E.6.f,Data base user interface and query software,N,N,4,261111,ICT Business Analyst,93.5
15-2051.01,Business Intelligence Analysts,Oracle PeopleSoft Financials,2.E.2.b,Enterprise resource planning ERP software,N,N,4,261111,ICT Business Analyst,93.5
15-2051.01,Business Intelligence Analysts,Oracle Siebel Marketing Resource Management,2.E.6.c,Customer relationship management CRM software,N,N,4,261111,ICT Business Analyst,93.5
15-2051.01,Business Intelligence Analysts,Oracle Solaris,2.E.13.c,Operating system software,N,N,4,261111,ICT Business Analyst,93.5
15-2051.01,Business Intelligence Analysts,Oracle Taleo,2.E.1.c,Human resources software,N,N,4,261111,ICT Business Analyst,93.5
15-2051.01,Business Intelligence Analysts,Oracle WebLogic Server,2.E.10.a,Application server software,N,N,4,261111,ICT Business Analyst,93.5
15-2051.01,Business Intelligence Analysts,Panorama NovaView,2.E.6.e,Data base reporting software,N,N,4,261111,ICT Business Analyst,93.5
15-2051.01,Business Intelligence Analysts,PTC Creo Parametric,2.E.9.c,Computer aided design CAD software,N,N,4,261111,ICT Business Analyst,93.5
15-2051.01,Business Intelligence Analysts,Qlik Tech QlikView,2.E.6.m,Business intelligence and data analysis software,N,N,4,261111,ICT Business Analyst,93.5
15-2051.01,Business Intelligence Analysts,Quest Erwin Data Modeler,2.E.6.i,Metadata management software,N,N,4,261111,ICT Business Analyst,93.5
15-2051.01,Business Intelligence Analysts,Red Hat WildFly,2.E.10.a,Application server software,N,N,4,261111,ICT Business Analyst,93.5
15-2051.01,Business Intelligence Analysts,Relational database management software,2.E.6.d,Data base management system software,N,N,4,261111,ICT Business Analyst,93.5
15-2051.01,Business Intelligence Analysts,Reporting software,2.E.6.e,Data base reporting software,N,N,4,261111,ICT Business Analyst,93.5
15-2051.01,Business Intelligence Analysts,Rogue Wave Software IMSL Numerical Libraries,2.E.9.d,Analytical or scientific software,N,N,4,261111,ICT Business Analyst,93.5
15-2051.01,Business Intelligence Analysts,Ruby on Rails,2.E.7.h,Web platform development software,N,N,4,261111,ICT Business Analyst,93.5
15-2051.01,Business Intelligence Analysts,Salesforce Visualforce,2.E.7.d,Graphical user interface development software,N,N,4,261111,ICT Business Analyst,93.5
15-2051.01,Business Intelligence Analysts,SAP Business Objects,2.E.2.b,Enterprise resource planning ERP software,N,N,4,261111,ICT Business Analyst,93.5
15-2051.01,Business Intelligence Analysts,SAP BusinessObjects Data Integrator,2.E.7.c,Enterprise application integration software,N,N,4,261111,ICT Business Analyst,93.5
15-2051.01,Business Intelligence Analysts,SAP Crystal Reports,2.E.6.e,Data base reporting software,N,N,4,261111,ICT Business Analyst,93.5
15-2051.01,Business Intelligence Analysts,SAP NetWeaver BW,2.E.6.g,Data mining software,N,N,4,261111,ICT Business Analyst,93.5
15-2051.01,Business Intelligence Analysts,SiSense Prism,2.E.6.e,Data base reporting software,N,N,4,261111,ICT Business Analyst,93.5
15-2051.01,Business Intelligence Analysts,Skype,2.E.10.b,Desktop communications software,N,N,4,261111,ICT Business Analyst,93.5
15-2051.01,Business Intelligence Analysts,StataCorp Stata,2.E.9.d,Analytical or scientific software,N,N,4,261111,ICT Business Analyst,93.5
15-2051.01,Business Intelligence Analysts,Tax software,2.E.2.a,Accounting software,N,N,4,261111,ICT Business Analyst,93.5
15-2051.01,Business Intelligence Analysts,Ubuntu,2.E.13.c,Operating system software,N,N,4,261111,ICT Business Analyst,93.5
15-2051.01,Business Intelligence Analysts,Unified modeling language UML,2.E.7.g,Requirements analysis and system architecture software,N,N,4,261111,ICT Business Analyst,93.5
15-2051.01,Business Intelligence Analysts,Veritas NetBackup,2.E.15.f,Backup or archival software,N,N,4,261111,ICT Business Analyst,93.5
15-2051.01,Business Intelligence Analysts,Virtual private networking VPN software,2.E.14.c,Network security and virtual private network VPN equipment software,N,N,4,261111,ICT Business Analyst,93.5
15-2051.01,Business Intelligence Analysts,Wireshark,2.E.11.a,Network monitoring software,N,N,4,261111,ICT Business Analyst,93.5
15-2051.01,Business Intelligence Analysts,YouTube,2.E.4.c,Video creation and editing software,N,N,4,261111,ICT Business Analyst,93.5
15-1211.00,Computer Systems Analysts,Atlassian JIRA,2.E.5.a,Content workflow software,Y,Y,1,261112,Systems Analyst,97.0
15-1211.00,Computer Systems Analysts,Microsoft Excel,2.E.4.i,Spreadsheet software,Y,Y,1,261112,Systems Analyst,97.0
15-1211.00,Computer Systems Analysts,Microsoft Office software,2.E.1.k,Office suite software,Y,Y,1,261112,Systems Analyst,97.0
15-1211.00,Computer Systems Analysts,Microsoft Power BI,2.E.6.m,Business intelligence and data analysis software,Y,Y,1,261112,Systems Analyst,97.0
15-1211.00,Computer Systems Analysts,Microsoft PowerPoint,2.E.4.f,Presentation software,Y,Y,1,261112,Systems Analyst,97.0
15-1211.00,Computer Systems Analysts,Microsoft SharePoint,2.E.5.b,Document management software,Y,Y,1,261112,Systems Analyst,97.0
15-1211.00,Computer Systems Analysts,Python,2.E.7.e,Object or component oriented development software,Y,Y,1,261112,Systems Analyst,97.0
15-1211.00,Computer Systems Analysts,SAP software,2.E.2.b,Enterprise resource planning ERP software,Y,Y,1,261112,Systems Analyst,97.0
15-1211.00,Computer Systems Analysts,ServiceNow,2.E.6.f,Data base user interface and query software,Y,Y,1,261112,Systems Analyst,97.0
15-1211.00,Computer Systems Analysts,Structured query language SQL,2.E.6.f,Data base user interface and query software,Y,Y,1,261112,Systems Analyst,97.0
15-1211.01,Health Informatics Specialists,Microsoft Excel,2.E.4.i,Spreadsheet software,Y,Y,1,261112,Systems Analyst,79.5
15-1211.01,Health Informatics Specialists,Microsoft Office software,2.E.1.k,Office suite software,Y,Y,1,261112,Systems Analyst,79.5
15-1211.01,Health Informatics Specialists,Microsoft Outlook,2.E.16.a,Electronic mail software,Y,Y,1,261112,Systems Analyst,79.5
15-1211.01,Health Informatics Specialists,Microsoft Power BI,2.E.6.m,Business intelligence and data analysis software,Y,Y,1,261112,Systems Analyst,79.5
15-1211.01,Health Informatics Specialists,Microsoft PowerPoint,2.E.4.f,Presentation software,Y,Y,1,261112,Systems Analyst,79.5
15-1211.01,Health Informatics Specialists,Microsoft Word,2.E.4.d,Word processing software,Y,Y,1,261112,Systems Analyst,79.5
15-1211.01,Health Informatics Specialists,Python,2.E.7.e,Object or component oriented development software,Y,Y,1,261112,Systems Analyst,79.5
15-1211.01,Health Informatics Specialists,R,2.E.7.e,Object or component oriented development software,Y,Y,1,261112,Systems Analyst,79.5
15-1211.01,Health Informatics Specialists,SAS,2.E.9.d,Analytical or scientific software,Y,Y,1,261112,Systems Analyst,79.5
15-1211.01,Health Informatics Specialists,Structured query language SQL,2.E.6.f,Data base user interface and query software,Y,Y,1,261112,Systems Analyst,79.5
15-1211.01,Health Informatics Specialists,Tableau,2.E.6.m,Business intelligence and data analysis software,Y,Y,1,261112,Systems Analyst,79.5
15-1211.00,Computer Systems Analysts,Adobe Acrobat,2.E.5.b,Document management software,Y,N,3,261112,Systems Analyst,97.0
15-1211.00,Computer Systems Analysts,Adobe Illustrator,2.E.4.b,Graphics or photo imaging software,Y,N,3,261112,Systems Analyst,97.0
15-1211.00,Computer Systems Analysts,Adobe Photoshop,2.E.4.b,Graphics or photo imaging software,Y,N,3,261112,Systems Analyst,97.0
15-1211.00,Computer Systems Analysts,AJAX,2.E.7.h,Web platform development software,Y,N,3,261112,Systems Analyst,97.0
15-1211.00,Computer Systems Analysts,Amazon DynamoDB,2.E.6.d,Data base management system software,Y,N,3,261112,Systems Analyst,97.0
15-1211.00,Computer Systems Analysts,Amazon Elastic Compute Cloud EC2,2.E.6.f,Data base user interface and query software,Y,N,3,261112,Systems Analyst,97.0
15-1211.00,Computer Systems Analysts,Amazon Redshift,2.E.6.f,Data base user interface and query software,Y,N,3,261112,Systems Analyst,97.0
15-1211.00,Computer Systems Analysts,Amazon Web Services AWS CloudFormation,2.E.11.e,Cloud-based management software,Y,N,3,261112,Systems Analyst,97.0
15-1211.00,Computer Systems Analysts,Amazon Web Services AWS software,2.E.6.f,Data base user interface and query software,Y,N,3,261112,Systems Analyst,97.0
15-1211.00,Computer Systems Analysts,Ansible software,2.E.1.i,Expert system software,Y,N,3,261112,Systems Analyst,97.0
15-1211.00,Computer Systems Analysts,Apache Cassandra,2.E.6.d,Data base management system software,Y,N,3,261112,Systems Analyst,97.0
15-1211.00,Computer Systems Analysts,Apache Hadoop,2.E.6.d,Data base management system software,Y,N,3,261112,Systems Analyst,97.0
15-1211.00,Computer Systems Analysts,Apache Hive,2.E.6.d,Data base management system software,Y,N,3,261112,Systems Analyst,97.0
15-1211.00,Computer Systems Analysts,Apache Kafka,2.E.7.b,Development environment software,Y,N,3,261112,Systems Analyst,97.0
15-1211.00,Computer Systems Analysts,Apache Maven,2.E.7.b,Development environment software,Y,N,3,261112,Systems Analyst,97.0
15-1211.00,Computer Systems Analysts,Apache Spark,2.E.6.m,Business intelligence and data analysis software,Y,N,3,261112,Systems Analyst,97.0
15-1211.00,Computer Systems Analysts,Apache Subversion SVN,2.E.5.c,File versioning software,Y,N,3,261112,Systems Analyst,97.0
15-1211.00,Computer Systems Analysts,Apache Tomcat,2.E.7.h,Web platform development software,Y,N,3,261112,Systems Analyst,97.0
15-1211.00,Computer Systems Analysts,Apple macOS,2.E.13.c,Operating system software,Y,N,3,261112,Systems Analyst,97.0
15-1211.00,Computer Systems Analysts,Atlassian Confluence,2.E.1.e,Project management software,Y,N,3,261112,Systems Analyst,97.0
15-1211.00,Computer Systems Analysts,Bash,2.E.13.c,Operating system software,Y,N,3,261112,Systems Analyst,97.0
15-1211.00,Computer Systems Analysts,C,2.E.7.b,Development environment software,Y,N,3,261112,Systems Analyst,97.0
15-1211.00,Computer Systems Analysts,C#,2.E.7.e,Object or component oriented development software,Y,N,3,261112,Systems Analyst,97.0
15-1211.00,Computer Systems Analysts,C++,2.E.7.e,Object or component oriented development software,Y,N,3,261112,Systems Analyst,97.0
15-1211.00,Computer Systems Analysts,Cascading style sheets CSS,2.E.7.h,Web platform development software,Y,N,3,261112,Systems Analyst,97.0
15-1211.00,Computer Systems Analysts,Chef,2.E.7.a,Configuration management software,Y,N,3,261112,Systems Analyst,97.0
15-1211.00,Computer Systems Analysts,Cisco Webex,2.E.16.b,Video conferencing software,Y,N,3,261112,Systems Analyst,97.0
15-1211.00,Computer Systems Analysts,Django,2.E.7.h,Web platform development software,Y,N,3,261112,Systems Analyst,97.0
15-1211.00,Computer Systems Analysts,Docker,2.E.10.a,Application server software,Y,N,3,261112,Systems Analyst,97.0
15-1211.00,Computer Systems Analysts,Eclipse IDE,2.E.7.b,Development environment software,Y,N,3,261112,Systems Analyst,97.0
15-1211.00,Computer Systems Analysts,Elasticsearch,2.E.6.d,Data base management system software,Y,N,3,261112,Systems Analyst,97.0
15-1211.00,Computer Systems Analysts,Epic Systems,2.E.9.i,Medical software,Y,N,3,261112,Systems Analyst,97.0
15-1211.00,Computer Systems Analysts,ESRI ArcGIS software,2.E.8.h,Geographic information system,Y,N,3,261112,Systems Analyst,97.0
15-1211.00,Computer Systems Analysts,Extensible markup language XML,2.E.7.c,Enterprise application integration software,Y,N,3,261112,Systems Analyst,97.0
15-1211.00,Computer Systems Analysts,Git,2.E.5.c,File versioning software,Y,N,3,261112,Systems Analyst,97.0
15-1211.00,Computer Systems Analysts,GitHub,2.E.10.a,Application server software,Y,N,3,261112,Systems Analyst,97.0
15-1211.00,Computer Systems Analysts,Go,2.E.7.b,Development environment software,Y,N,3,261112,Systems Analyst,97.0
15-1211.00,Computer Systems Analysts,Google Analytics,2.E.6.g,Data mining software,Y,N,3,261112,Systems Analyst,97.0
15-1211.00,Computer Systems Analysts,Google Angular,2.E.7.h,Web platform development software,Y,N,3,261112,Systems Analyst,97.0
15-1211.00,Computer Systems Analysts,Google Docs,2.E.4.d,Word processing software,Y,N,3,261112,Systems Analyst,97.0
15-1211.00,Computer Systems Analysts,Hibernate ORM,2.E.6.j,Object oriented data base management software,Y,N,3,261112,Systems Analyst,97.0
15-1211.00,Computer Systems Analysts,Hypertext markup language HTML,2.E.7.h,Web platform development software,Y,N,3,261112,Systems Analyst,97.0
15-1211.00,Computer Systems Analysts,IBM DB2,2.E.6.f,Data base user interface and query software,Y,N,3,261112,Systems Analyst,97.0
15-1211.00,Computer Systems Analysts,IBM SPSS Statistics,2.E.9.d,Analytical or scientific software,Y,N,3,261112,Systems Analyst,97.0
15-1211.00,Computer Systems Analysts,JavaScript,2.E.7.h,Web platform development software,Y,N,3,261112,Systems Analyst,97.0
15-1211.00,Computer Systems Analysts,JavaScript Object Notation JSON,2.E.7.h,Web platform development software,Y,N,3,261112,Systems Analyst,97.0
15-1211.00,Computer Systems Analysts,jQuery,2.E.7.e,Object or component oriented development software,Y,N,3,261112,Systems Analyst,97.0
15-1211.00,Computer Systems Analysts,JUnit,2.E.7.f,Program testing software,Y,N,3,261112,Systems Analyst,97.0
15-1211.00,Computer Systems Analysts,Linux,2.E.13.c,Operating system software,Y,N,3,261112,Systems Analyst,97.0
15-1211.00,Computer Systems Analysts,Marketo Marketing Automation,2.E.1.l,Sales and marketing software,Y,N,3,261112,Systems Analyst,97.0
15-1211.00,Computer Systems Analysts,MEDITECH software,2.E.9.i,Medical software,Y,N,3,261112,Systems Analyst,97.0
15-1211.00,Computer Systems Analysts,Microsoft .NET Framework,2.E.7.b,Development environment software,Y,N,3,261112,Systems Analyst,97.0
15-1211.00,Computer Systems Analysts,Microsoft Access,2.E.6.f,Data base user interface and query software,Y,N,3,261112,Systems Analyst,97.0
15-1211.00,Computer Systems Analysts,Microsoft Active Server Pages ASP,2.E.7.h,Web platform development software,Y,N,3,261112,Systems Analyst,97.0
15-1211.00,Computer Systems Analysts,Microsoft ASP.NET,2.E.7.h,Web platform development software,Y,N,3,261112,Systems Analyst,97.0
15-1211.00,Computer Systems Analysts,Microsoft Azure software,2.E.7.b,Development environment software,Y,N,3,261112,Systems Analyst,97.0
15-1211.00,Computer Systems Analysts,Microsoft Outlook,2.E.16.a,Electronic mail software,Y,N,3,261112,Systems Analyst,97.0
15-1211.00,Computer Systems Analysts,Microsoft PowerShell,2.E.7.b,Development environment software,Y,N,3,261112,Systems Analyst,97.0
15-1211.00,Computer Systems Analysts,Microsoft Project,2.E.1.e,Project management software,Y,N,3,261112,Systems Analyst,97.0
15-1211.00,Computer Systems Analysts,Microsoft SQL Server,2.E.6.f,Data base user interface and query software,Y,N,3,261112,Systems Analyst,97.0
15-1211.00,Computer Systems Analysts,Microsoft SQL Server Integration Services SSIS,2.E.7.c,Enterprise application integration software,Y,N,3,261112,Systems Analyst,97.0
15-1211.00,Computer Systems Analysts,Microsoft SQL Server Reporting Services SSRS,2.E.6.e,Data base reporting software,Y,N,3,261112,Systems Analyst,97.0
15-1211.00,Computer Systems Analysts,Microsoft Team Foundation Server,2.E.1.e,Project management software,Y,N,3,261112,Systems Analyst,97.0
15-1211.00,Computer Systems Analysts,Microsoft Teams,2.E.1.e,Project management software,Y,N,3,261112,Systems Analyst,97.0
15-1211.00,Computer Systems Analysts,Microsoft Visio,2.E.1.p,Process mapping and design software,Y,N,3,261112,Systems Analyst,97.0
15-1211.00,Computer Systems Analysts,Microsoft Visual Basic,2.E.7.b,Development environment software,Y,N,3,261112,Systems Analyst,97.0
15-1211.00,Computer Systems Analysts,Microsoft Visual Basic for Applications VBA,2.E.7.b,Development environment software,Y,N,3,261112,Systems Analyst,97.0
15-1211.00,Computer Systems Analysts,Microsoft Visual Studio,2.E.7.b,Development environment software,Y,N,3,261112,Systems Analyst,97.0
15-1211.00,Computer Systems Analysts,Microsoft Windows,2.E.13.c,Operating system software,Y,N,3,261112,Systems Analyst,97.0
15-1211.00,Computer Systems Analysts,Microsoft Windows Server,2.E.13.c,Operating system software,Y,N,3,261112,Systems Analyst,97.0
15-1211.00,Computer Systems Analysts,Microsoft Word,2.E.4.d,Word processing software,Y,N,3,261112,Systems Analyst,97.0
15-1211.00,Computer Systems Analysts,MongoDB,2.E.6.d,Data base management system software,Y,N,3,261112,Systems Analyst,97.0
15-1211.00,Computer Systems Analysts,MySQL,2.E.6.d,Data base management system software,Y,N,3,261112,Systems Analyst,97.0
15-1211.00,Computer Systems Analysts,Node.js,2.E.7.h,Web platform development software,Y,N,3,261112,Systems Analyst,97.0
15-1211.00,Computer Systems Analysts,NoSQL,2.E.6.d,Data base management system software,Y,N,3,261112,Systems Analyst,97.0
15-1211.00,Computer Systems Analysts,Oracle Cloud software,2.E.11.e,Cloud-based management software,Y,N,3,261112,Systems Analyst,97.0
15-1211.00,Computer Systems Analysts,Oracle Database,2.E.6.d,Data base management system software,Y,N,3,261112,Systems Analyst,97.0
15-1211.00,Computer Systems Analysts,Oracle Java,2.E.7.e,Object or component oriented development software,Y,N,3,261112,Systems Analyst,97.0
15-1211.00,Computer Systems Analysts,Oracle Java 2 Platform Enterprise Edition J2EE,2.E.7.b,Development environment software,Y,N,3,261112,Systems Analyst,97.0
15-1211.00,Computer Systems Analysts,Oracle PeopleSoft,2.E.2.b,Enterprise resource planning ERP software,Y,N,3,261112,Systems Analyst,97.0
15-1211.00,Computer Systems Analysts,Oracle PL/SQL,2.E.6.d,Data base management system software,Y,N,3,261112,Systems Analyst,97.0
15-1211.00,Computer Systems Analysts,Oracle Primavera Enterprise Project Portfolio Management,2.E.1.e,Project management software,Y,N,3,261112,Systems Analyst,97.0
15-1211.00,Computer Systems Analysts,Oracle SQL Developer,2.E.7.b,Development environment software,Y,N,3,261112,Systems Analyst,97.0
15-1211.00,Computer Systems Analysts,Perl,2.E.7.e,Object or component oriented development software,Y,N,3,261112,Systems Analyst,97.0
15-1211.00,Computer Systems Analysts,PHP,2.E.7.h,Web platform development software,Y,N,3,261112,Systems Analyst,97.0
15-1211.00,Computer Systems Analysts,PostgreSQL,2.E.6.j,Object oriented data base management software,Y,N,3,261112,Systems Analyst,97.0
15-1211.00,Computer Systems Analysts,Puppet,2.E.7.a,Configuration management software,Y,N,3,261112,Systems Analyst,97.0
15-1211.00,Computer Systems Analysts,R,2.E.7.e,Object or component oriented development software,Y,N,3,261112,Systems Analyst,97.0
15-1211.00,Computer Systems Analysts,React,2.E.7.h,Web platform development software,Y,N,3,261112,Systems Analyst,97.0
15-1211.00,Computer Systems Analysts,Red Hat Enterprise Linux,2.E.13.c,Operating system software,Y,N,3,261112,Systems Analyst,97.0
15-1211.00,Computer Systems Analysts,Red Hat OpenShift,2.E.10.a,Application server software,Y,N,3,261112,Systems Analyst,97.0
15-1211.00,Computer Systems Analysts,Ruby,2.E.7.b,Development environment software,Y,N,3,261112,Systems Analyst,97.0
15-1211.00,Computer Systems Analysts,Salesforce software,2.E.6.c,Customer relationship management CRM software,Y,N,3,261112,Systems Analyst,97.0
15-1211.00,Computer Systems Analysts,SAP ERP,2.E.2.b,Enterprise resource planning ERP software,Y,N,3,261112,Systems Analyst,97.0
15-1211.00,Computer Systems Analysts,SAS,2.E.9.d,Analytical or scientific software,Y,N,3,261112,Systems Analyst,97.0
15-1211.00,Computer Systems Analysts,Scala,2.E.7.e,Object or component oriented development software,Y,N,3,261112,Systems Analyst,97.0
15-1211.00,Computer Systems Analysts,Selenium,2.E.7.f,Program testing software,Y,N,3,261112,Systems Analyst,97.0
15-1211.00,Computer Systems Analysts,Shell script,2.E.13.c,Operating system software,Y,N,3,261112,Systems Analyst,97.0
15-1211.00,Computer Systems Analysts,Slack,2.E.16.i,Cloud-based data access and sharing software,Y,N,3,261112,Systems Analyst,97.0
15-1211.00,Computer Systems Analysts,Splunk Enterprise,2.E.11.e,Cloud-based management software,Y,N,3,261112,Systems Analyst,97.0
15-1211.00,Computer Systems Analysts,Spring Boot,2.E.10.a,Application server software,Y,N,3,261112,Systems Analyst,97.0
15-1211.00,Computer Systems Analysts,Spring Framework,2.E.7.h,Web platform development software,Y,N,3,261112,Systems Analyst,97.0
15-1211.00,Computer Systems Analysts,Swift,2.E.7.e,Object or component oriented development software,Y,N,3,261112,Systems Analyst,97.0
15-1211.00,Computer Systems Analysts,Tableau,2.E.6.m,Business intelligence and data analysis software,Y,N,3,261112,Systems Analyst,97.0
15-1211.00,Computer Systems Analysts,Teradata Database,2.E.6.d,Data base management system software,Y,N,3,261112,Systems Analyst,97.0
15-1211.00,Computer Systems Analysts,The MathWorks MATLAB,2.E.9.d,Analytical or scientific software,Y,N,3,261112,Systems Analyst,97.0
15-1211.00,Computer Systems Analysts,Transact-SQL,2.E.6.f,Data base user interface and query software,Y,N,3,261112,Systems Analyst,97.0
15-1211.00,Computer Systems Analysts,UNIX,2.E.13.c,Operating system software,Y,N,3,261112,Systems Analyst,97.0
15-1211.00,Computer Systems Analysts,UNIX Shell,2.E.13.c,Operating system software,Y,N,3,261112,Systems Analyst,97.0
15-1211.01,Health Informatics Specialists,Apache Hadoop,2.E.6.d,Data base management system software,Y,N,3,261112,Systems Analyst,79.5
15-1211.01,Health Informatics Specialists,eClinicalWorks EHR software,2.E.9.i,Medical software,Y,N,3,261112,Systems Analyst,79.5
15-1211.01,Health Informatics Specialists,Epic Systems,2.E.9.i,Medical software,Y,N,3,261112,Systems Analyst,79.5
15-1211.01,Health Informatics Specialists,ESRI ArcGIS software,2.E.8.h,Geographic information system,Y,N,3,261112,Systems Analyst,79.5
15-1211.01,Health Informatics Specialists,IBM SPSS Statistics,2.E.9.d,Analytical or scientific software,Y,N,3,261112,Systems Analyst,79.5
15-1211.01,Health Informatics Specialists,JavaScript,2.E.7.h,Web platform development software,Y,N,3,261112,Systems Analyst,79.5
15-1211.01,Health Informatics Specialists,MEDITECH software,2.E.9.i,Medical software,Y,N,3,261112,Systems Analyst,79.5
15-1211.01,Health Informatics Specialists,Microsoft Access,2.E.6.f,Data base user interface and query software,Y,N,3,261112,Systems Analyst,79.5
15-1211.01,Health Informatics Specialists,Microsoft Project,2.E.1.e,Project management software,Y,N,3,261112,Systems Analyst,79.5
15-1211.01,Health Informatics Specialists,Microsoft SharePoint,2.E.5.b,Document management software,Y,N,3,261112,Systems Analyst,79.5
15-1211.01,Health Informatics Specialists,Microsoft SQL Server Reporting Services SSRS,2.E.7.e,Object or component oriented development software,Y,N,3,261112,Systems Analyst,79.5
15-1211.01,Health Informatics Specialists,Microsoft Visio,2.E.1.p,Process mapping and design software,Y,N,3,261112,Systems Analyst,79.5
15-1211.01,Health Informatics Specialists,Perl,2.E.7.e,Object or component oriented development software,Y,N,3,261112,Systems Analyst,79.5
15-1211.01,Health Informatics Specialists,Salesforce software,2.E.6.c,Customer relationship management CRM software,Y,N,3,261112,Systems Analyst,79.5
15-1211.01,Health Informatics Specialists,UNIX,2.E.13.c,Operating system software,Y,N,3,261112,Systems Analyst,79.5
15-1211.00,Computer Systems Analysts,3M Post-it App,2.E.4.d,Word processing software,N,N,4,261112,Systems Analyst,97.0
15-1211.00,Computer Systems Analysts,Access management software,2.E.12.a,Access software,N,N,4,261112,Systems Analyst,97.0
15-1211.00,Computer Systems Analysts,AcmeStudio,2.E.7.g,Requirements analysis and system architecture software,N,N,4,261112,Systems Analyst,97.0
15-1211.00,Computer Systems Analysts,Active directory software,2.E.10.d,Internet directory services software,N,N,4,261112,Systems Analyst,97.0
15-1211.00,Computer Systems Analysts,Ada,2.E.7.b,Development environment software,N,N,4,261112,Systems Analyst,97.0
15-1211.00,Computer Systems Analysts,Adobe ActionScript,2.E.7.b,Development environment software,N,N,4,261112,Systems Analyst,97.0
15-1211.00,Computer Systems Analysts,Adobe ColdFusion,2.E.7.h,Web platform development software,N,N,4,261112,Systems Analyst,97.0
15-1211.00,Computer Systems Analysts,Adobe Dreamweaver,2.E.4.g,Web page creation and editing software,N,N,4,261112,Systems Analyst,97.0
15-1211.00,Computer Systems Analysts,Adobe Flex,2.E.7.h,Web platform development software,N,N,4,261112,Systems Analyst,97.0
15-1211.00,Computer Systems Analysts,ADP Workforce Now,2.E.1.c,Human resources software,N,N,4,261112,Systems Analyst,97.0
15-1211.00,Computer Systems Analysts,Advanced business application programming ABAP,2.E.7.e,Object or component oriented development software,N,N,4,261112,Systems Analyst,97.0
15-1211.00,Computer Systems Analysts,Amazon Simple Storage Service S3,2.E.12.f,Storage networking software,N,N,4,261112,Systems Analyst,97.0
15-1211.00,Computer Systems Analysts,Apache Ant,2.E.7.b,Development environment software,N,N,4,261112,Systems Analyst,97.0
15-1211.00,Computer Systems Analysts,Apache Groovy,2.E.7.e,Object or component oriented development software,N,N,4,261112,Systems Analyst,97.0
15-1211.00,Computer Systems Analysts,Apache HTTP Server,2.E.6.k,Portal server software,N,N,4,261112,Systems Analyst,97.0
15-1211.00,Computer Systems Analysts,Apache Pig,2.E.6.d,Data base management system software,N,N,4,261112,Systems Analyst,97.0
15-1211.00,Computer Systems Analysts,Apache Solr,2.E.6.d,Data base management system software,N,N,4,261112,Systems Analyst,97.0
15-1211.00,Computer Systems Analysts,Apache Struts,2.E.7.h,Web platform development software,N,N,4,261112,Systems Analyst,97.0
15-1211.00,Computer Systems Analysts,Application management software,2.E.7.a,Configuration management software,N,N,4,261112,Systems Analyst,97.0
15-1211.00,Computer Systems Analysts,Architecture description language ADL,2.E.7.g,Requirements analysis and system architecture software,N,N,4,261112,Systems Analyst,97.0
15-1211.00,Computer Systems Analysts,Atlassian Bamboo,2.E.7.c,Enterprise application integration software,N,N,4,261112,Systems Analyst,97.0
15-1211.00,Computer Systems Analysts,Automated installation software,2.E.7.a,Configuration management software,N,N,4,261112,Systems Analyst,97.0
15-1211.00,Computer Systems Analysts,Backbone.js,2.E.7.h,Web platform development software,N,N,4,261112,Systems Analyst,97.0
15-1211.00,Computer Systems Analysts,Blackbaud The Raiser's Edge,2.E.6.c,Customer relationship management CRM software,N,N,4,261112,Systems Analyst,97.0
15-1211.00,Computer Systems Analysts,Blackboard software,2.E.6.f,Data base user interface and query software,N,N,4,261112,Systems Analyst,97.0
15-1211.00,Computer Systems Analysts,Blink,2.E.16.d,Instant messaging software,N,N,4,261112,Systems Analyst,97.0
15-1211.00,Computer Systems Analysts,Business intelligence system software,2.E.6.m,Business intelligence and data analysis software,N,N,4,261112,Systems Analyst,97.0
15-1211.00,Computer Systems Analysts,Cisco Systems CiscoWorks,2.E.11.c,Administration software,N,N,4,261112,Systems Analyst,97.0
15-1211.00,Computer Systems Analysts,Citrix cloud computing software,2.E.12.a,Access software,N,N,4,261112,Systems Analyst,97.0
15-1211.00,Computer Systems Analysts,Common business oriented language COBOL,2.E.7.b,Development environment software,N,N,4,261112,Systems Analyst,97.0
15-1211.00,Computer Systems Analysts,Compatibility testing software,2.E.7.f,Program testing software,N,N,4,261112,Systems Analyst,97.0
15-1211.00,Computer Systems Analysts,Component object model COM software,2.E.7.e,Object or component oriented development software,N,N,4,261112,Systems Analyst,97.0
15-1211.00,Computer Systems Analysts,Computer aided design and drafting CADD software,2.E.9.c,Computer aided design CAD software,N,N,4,261112,Systems Analyst,97.0
15-1211.00,Computer Systems Analysts,Cost estimating software,2.E.2.d,Financial analysis software,N,N,4,261112,Systems Analyst,97.0
15-1211.00,Computer Systems Analysts,CrossTec NetOp Remote Control,2.E.10.b,Desktop communications software,N,N,4,261112,Systems Analyst,97.0
15-1211.00,Computer Systems Analysts,Customer information control system CICS,2.E.6.l,Transaction server software,N,N,4,261112,Systems Analyst,97.0
15-1211.00,Computer Systems Analysts,Dassault Systemes CATIA,2.E.9.c,Computer aided design CAD software,N,N,4,261112,Systems Analyst,97.0
15-1211.00,Computer Systems Analysts,Database software,2.E.6.f,Data base user interface and query software,N,N,4,261112,Systems Analyst,97.0
15-1211.00,Computer Systems Analysts,Defect tracking software,2.E.7.f,Program testing software,N,N,4,261112,Systems Analyst,97.0
15-1211.00,Computer Systems Analysts,Delphi Technology,2.E.2.d,Financial analysis software,N,N,4,261112,Systems Analyst,97.0
15-1211.00,Computer Systems Analysts,Diagramming software,2.E.4.a,Pattern design software,N,N,4,261112,Systems Analyst,97.0
15-1211.00,Computer Systems Analysts,Distributed component object model DCOM software,2.E.7.e,Object or component oriented development software,N,N,4,261112,Systems Analyst,97.0
15-1211.00,Computer Systems Analysts,Drupal,2.E.7.h,Web platform development software,N,N,4,261112,Systems Analyst,97.0
15-1211.00,Computer Systems Analysts,Dynamic analysis software,2.E.7.f,Program testing software,N,N,4,261112,Systems Analyst,97.0
15-1211.00,Computer Systems Analysts,Dynamic hypertext markup language DHTML,2.E.7.h,Web platform development software,N,N,4,261112,Systems Analyst,97.0
15-1211.00,Computer Systems Analysts,Eiffel,2.E.7.e,Object or component oriented development software,N,N,4,261112,Systems Analyst,97.0
15-1211.00,Computer Systems Analysts,Electronic design automation EDA software,2.E.9.c,Computer aided design CAD software,N,N,4,261112,Systems Analyst,97.0
15-1211.00,Computer Systems Analysts,Element management software,2.E.11.c,Administration software,N,N,4,261112,Systems Analyst,97.0
15-1211.00,Computer Systems Analysts,Embarcadero JBuilder,2.E.7.b,Development environment software,N,N,4,261112,Systems Analyst,97.0
15-1211.00,Computer Systems Analysts,Enterprise JavaBeans,2.E.7.h,Web platform development software,N,N,4,261112,Systems Analyst,97.0
15-1211.00,Computer Systems Analysts,Ext JS,2.E.7.h,Web platform development software,N,N,4,261112,Systems Analyst,97.0
15-1211.00,Computer Systems Analysts,Extensible hypertext markup language XHTML,2.E.7.h,Web platform development software,N,N,4,261112,Systems Analyst,97.0
15-1211.00,Computer Systems Analysts,FileMaker Pro,2.E.6.f,Data base user interface and query software,N,N,4,261112,Systems Analyst,97.0
15-1211.00,Computer Systems Analysts,Flow chart software,2.E.1.p,Process mapping and design software,N,N,4,261112,Systems Analyst,97.0
15-1211.00,Computer Systems Analysts,Formula translation/translator FORTRAN,2.E.7.b,Development environment software,N,N,4,261112,Systems Analyst,97.0
15-1211.00,Computer Systems Analysts,Functional testing software,2.E.7.f,Program testing software,N,N,4,261112,Systems Analyst,97.0
15-1211.00,Computer Systems Analysts,Fund accounting software,2.E.2.a,Accounting software,N,N,4,261112,Systems Analyst,97.0
15-1211.00,Computer Systems Analysts,Geographic information system GIS software,2.E.8.h,Geographic information system,N,N,4,261112,Systems Analyst,97.0
15-1211.00,Computer Systems Analysts,Healthcare common procedure coding system HCPCS,2.E.9.i,Medical software,N,N,4,261112,Systems Analyst,97.0
15-1211.00,Computer Systems Analysts,Help desk software,2.E.1.a,Helpdesk or call center software,N,N,4,261112,Systems Analyst,97.0
15-1211.00,Computer Systems Analysts,Hewlett Packard HP-UX,2.E.13.c,Operating system software,N,N,4,261112,Systems Analyst,97.0
15-1211.00,Computer Systems Analysts,Hewlett Packard LoadRunner,2.E.7.f,Program testing software,N,N,4,261112,Systems Analyst,97.0
15-1211.00,Computer Systems Analysts,Hierarchical simulation program with integrated circuit emphasis HSPICE,2.E.9.d,Analytical or scientific software,N,N,4,261112,Systems Analyst,97.0
15-1211.00,Computer Systems Analysts,Human resource management software HRMS,2.E.1.c,Human resources software,N,N,4,261112,Systems Analyst,97.0
15-1211.00,Computer Systems Analysts,HyperSpace,2.E.7.a,Configuration management software,N,N,4,261112,Systems Analyst,97.0
15-1211.00,Computer Systems Analysts,IBM Cognos Impromptu,2.E.6.m,Business intelligence and data analysis software,N,N,4,261112,Systems Analyst,97.0
15-1211.00,Computer Systems Analysts,IBM Domino,2.E.12.b,Communications server software,N,N,4,261112,Systems Analyst,97.0
15-1211.00,Computer Systems Analysts,IBM InfoSphere DataStage,2.E.7.c,Enterprise application integration software,N,N,4,261112,Systems Analyst,97.0
15-1211.00,Computer Systems Analysts,IBM Notes,2.E.16.a,Electronic mail software,N,N,4,261112,Systems Analyst,97.0
15-1211.00,Computer Systems Analysts,IBM Power Systems software,2.E.17.a,Enterprise system management software,N,N,4,261112,Systems Analyst,97.0
15-1211.00,Computer Systems Analysts,IBM Rational ClearCase,2.E.7.a,Configuration management software,N,N,4,261112,Systems Analyst,97.0
15-1211.00,Computer Systems Analysts,IBM Rational ClearQuest,2.E.7.b,Development environment software,N,N,4,261112,Systems Analyst,97.0
15-1211.00,Computer Systems Analysts,IBM Rational PurifyPlus,2.E.7.f,Program testing software,N,N,4,261112,Systems Analyst,97.0
15-1211.00,Computer Systems Analysts,IBM Rational Rose XDE,2.E.7.b,Development environment software,N,N,4,261112,Systems Analyst,97.0
15-1211.00,Computer Systems Analysts,IBM WebSphere,2.E.11.e,Cloud-based management software,N,N,4,261112,Systems Analyst,97.0
15-1211.00,Computer Systems Analysts,Informatica Corporation PowerCenter,2.E.6.i,Metadata management software,N,N,4,261112,Systems Analyst,97.0
15-1211.00,Computer Systems Analysts,InstallShield,2.E.7.a,Configuration management software,N,N,4,261112,Systems Analyst,97.0
15-1211.00,Computer Systems Analysts,Integrated development environment IDE software,2.E.7.b,Development environment software,N,N,4,261112,Systems Analyst,97.0
15-1211.00,Computer Systems Analysts,Integration testing software,2.E.7.f,Program testing software,N,N,4,261112,Systems Analyst,97.0
15-1211.00,Computer Systems Analysts,Interoperability testing software,2.E.7.f,Program testing software,N,N,4,261112,Systems Analyst,97.0
15-1211.00,Computer Systems Analysts,J,2.E.7.b,Development environment software,N,N,4,261112,Systems Analyst,97.0
15-1211.00,Computer Systems Analysts,Job control language JCL,2.E.13.c,Operating system software,N,N,4,261112,Systems Analyst,97.0
15-1211.00,Computer Systems Analysts,Jupyter Notebook,2.E.7.e,Object or component oriented development software,N,N,4,261112,Systems Analyst,97.0
15-1211.00,Computer Systems Analysts,KornShell,2.E.13.c,Operating system software,N,N,4,261112,Systems Analyst,97.0
15-1211.00,Computer Systems Analysts,LAMP Stack,2.E.7.h,Web platform development software,N,N,4,261112,Systems Analyst,97.0
15-1211.00,Computer Systems Analysts,LexisNexis,2.E.6.h,Information retrieval or search software,N,N,4,261112,Systems Analyst,97.0
15-1211.00,Computer Systems Analysts,Load testing software,2.E.7.f,Program testing software,N,N,4,261112,Systems Analyst,97.0
15-1211.00,Computer Systems Analysts,McAfee,2.E.14.d,Transaction security and virus protection software,N,N,4,261112,Systems Analyst,97.0
15-1211.00,Computer Systems Analysts,Medical condition coding software,2.E.9.i,Medical software,N,N,4,261112,Systems Analyst,97.0
15-1211.00,Computer Systems Analysts,Medical procedure coding software,2.E.9.i,Medical software,N,N,4,261112,Systems Analyst,97.0
15-1211.00,Computer Systems Analysts,Microsoft ActiveX,2.E.7.e,Object or component oriented development software,N,N,4,261112,Systems Analyst,97.0
15-1211.00,Computer Systems Analysts,Microsoft ASP.NET Core MVC,2.E.7.h,Web platform development software,N,N,4,261112,Systems Analyst,97.0
15-1211.00,Computer Systems Analysts,Microsoft Dynamics,2.E.2.b,Enterprise resource planning ERP software,N,N,4,261112,Systems Analyst,97.0
15-1211.00,Computer Systems Analysts,Microsoft Dynamics GP,2.E.2.b,Enterprise resource planning ERP software,N,N,4,261112,Systems Analyst,97.0
15-1211.00,Computer Systems Analysts,Microsoft Exchange,2.E.16.a,Electronic mail software,N,N,4,261112,Systems Analyst,97.0
15-1211.00,Computer Systems Analysts,Microsoft Internet Information Services (IIS),2.E.6.l,Transaction server software,N,N,4,261112,Systems Analyst,97.0
15-1211.00,Computer Systems Analysts,Microsoft Publisher,2.E.4.k,Desktop publishing software,N,N,4,261112,Systems Analyst,97.0
15-1211.00,Computer Systems Analysts,Microsoft Visual Basic Scripting Edition VBScript,2.E.7.b,Development environment software,N,N,4,261112,Systems Analyst,97.0
15-1211.00,Computer Systems Analysts,Microsoft Visual Basic.NET,2.E.7.e,Object or component oriented development software,N,N,4,261112,Systems Analyst,97.0
15-1211.00,Computer Systems Analysts,Microsoft Visual C# .NET,2.E.7.e,Object or component oriented development software,N,N,4,261112,Systems Analyst,97.0
15-1211.00,Computer Systems Analysts,Microsoft Visual FoxPro,2.E.6.j,Object oriented data base management software,N,N,4,261112,Systems Analyst,97.0
15-1211.00,Computer Systems Analysts,MicroStrategy,2.E.6.m,Business intelligence and data analysis software,N,N,4,261112,Systems Analyst,97.0
15-1211.00,Computer Systems Analysts,Migration testing software,2.E.7.f,Program testing software,N,N,4,261112,Systems Analyst,97.0
15-1211.00,Computer Systems Analysts,Minitab,2.E.9.d,Analytical or scientific software,N,N,4,261112,Systems Analyst,97.0
15-1211.00,Computer Systems Analysts,Mutation testing software,2.E.7.f,Program testing software,N,N,4,261112,Systems Analyst,97.0
15-1211.00,Computer Systems Analysts,Nagios,2.E.11.a,Network monitoring software,N,N,4,261112,Systems Analyst,97.0
15-1211.00,Computer Systems Analysts,National Instruments LabVIEW,2.E.7.b,Development environment software,N,N,4,261112,Systems Analyst,97.0
15-1211.00,Computer Systems Analysts,NetSuite ERP,2.E.2.b,Enterprise resource planning ERP software,N,N,4,261112,Systems Analyst,97.0
15-1211.00,Computer Systems Analysts,Network intrusion prevention systems NIPS,2.E.11.a,Network monitoring software,N,N,4,261112,Systems Analyst,97.0
15-1211.00,Computer Systems Analysts,NortonLifeLock cybersecurity software,2.E.14.d,Transaction security and virus protection software,N,N,4,261112,Systems Analyst,97.0
15-1211.00,Computer Systems Analysts,Objective C,2.E.7.e,Object or component oriented development software,N,N,4,261112,Systems Analyst,97.0
15-1211.00,Computer Systems Analysts,Omni Group OmniGraffle,2.E.4.a,Pattern design software,N,N,4,261112,Systems Analyst,97.0
15-1211.00,Computer Systems Analysts,OpenAI ChatGPT,2.E.7.b,Development environment software,N,N,4,261112,Systems Analyst,97.0
15-1211.00,Computer Systems Analysts,Oracle Application Server,2.E.10.a,Application server software,N,N,4,261112,Systems Analyst,97.0
15-1211.00,Computer Systems Analysts,Oracle Business Intelligence Enterprise Edition,2.E.6.m,Business intelligence and data analysis software,N,N,4,261112,Systems Analyst,97.0
15-1211.00,Computer Systems Analysts,Oracle Business Intelligence Suite,2.E.6.e,Data base reporting software,N,N,4,261112,Systems Analyst,97.0
15-1211.00,Computer Systems Analysts,Oracle E-Business Suite Financials,2.E.2.d,Financial analysis software,N,N,4,261112,Systems Analyst,97.0
15-1211.00,Computer Systems Analysts,Oracle Eloqua,2.E.6.c,Customer relationship management CRM software,N,N,4,261112,Systems Analyst,97.0
15-1211.00,Computer Systems Analysts,Oracle Fusion Applications,2.E.2.b,Enterprise resource planning ERP software,N,N,4,261112,Systems Analyst,97.0
15-1211.00,Computer Systems Analysts,Oracle Fusion Middleware,2.E.7.c,Enterprise application integration software,N,N,4,261112,Systems Analyst,97.0
15-1211.00,Computer Systems Analysts,Oracle Hyperion,2.E.2.b,Enterprise resource planning ERP software,N,N,4,261112,Systems Analyst,97.0
15-1211.00,Computer Systems Analysts,Oracle JavaServer Pages JSP,2.E.7.h,Web platform development software,N,N,4,261112,Systems Analyst,97.0
15-1211.00,Computer Systems Analysts,Oracle JD Edwards EnterpriseOne,2.E.2.b,Enterprise resource planning ERP software,N,N,4,261112,Systems Analyst,97.0
15-1211.00,Computer Systems Analysts,Oracle JDBC,2.E.6.f,Data base user interface and query software,N,N,4,261112,Systems Analyst,97.0
15-1211.00,Computer Systems Analysts,Oracle Master Data Management MDM Suite,2.E.6.i,Metadata management software,N,N,4,261112,Systems Analyst,97.0
15-1211.00,Computer Systems Analysts,Oracle PeopleSoft Financials,2.E.2.b,Enterprise resource planning ERP software,N,N,4,261112,Systems Analyst,97.0
15-1211.00,Computer Systems Analysts,Oracle Solaris,2.E.13.c,Operating system software,N,N,4,261112,Systems Analyst,97.0
15-1211.00,Computer Systems Analysts,Oracle Taleo,2.E.1.c,Human resources software,N,N,4,261112,Systems Analyst,97.0
15-1211.00,Computer Systems Analysts,Oracle WebLogic Server,2.E.10.a,Application server software,N,N,4,261112,Systems Analyst,97.0
15-1211.00,Computer Systems Analysts,OrCAD Capture,2.E.9.c,Computer aided design CAD software,N,N,4,261112,Systems Analyst,97.0
15-1211.00,Computer Systems Analysts,Patch and update management software,2.E.7.a,Configuration management software,N,N,4,261112,Systems Analyst,97.0
15-1211.00,Computer Systems Analysts,Perforce Helix software,2.E.7.a,Configuration management software,N,N,4,261112,Systems Analyst,97.0
15-1211.00,Computer Systems Analysts,Personal computer diagnostic software,2.E.7.f,Program testing software,N,N,4,261112,Systems Analyst,97.0
15-1211.00,Computer Systems Analysts,Popkin System Architect,2.E.7.g,Requirements analysis and system architecture software,N,N,4,261112,Systems Analyst,97.0
15-1211.00,Computer Systems Analysts,Qlik Tech QlikView,2.E.6.m,Business intelligence and data analysis software,N,N,4,261112,Systems Analyst,97.0
15-1211.00,Computer Systems Analysts,Quest Erwin Data Modeler,2.E.6.i,Metadata management software,N,N,4,261112,Systems Analyst,97.0
15-1211.00,Computer Systems Analysts,Rapide,2.E.7.e,Object or component oriented development software,N,N,4,261112,Systems Analyst,97.0
15-1211.00,Computer Systems Analysts,Recovery testing software,2.E.7.f,Program testing software,N,N,4,261112,Systems Analyst,97.0
15-1211.00,Computer Systems Analysts,Red Hat WildFly,2.E.10.a,Application server software,N,N,4,261112,Systems Analyst,97.0
15-1211.00,Computer Systems Analysts,Regression testing software,2.E.7.f,Program testing software,N,N,4,261112,Systems Analyst,97.0
15-1211.00,Computer Systems Analysts,Relational database management software,2.E.6.d,Data base management system software,N,N,4,261112,Systems Analyst,97.0
15-1211.00,Computer Systems Analysts,Remote control software,2.E.10.b,Desktop communications software,N,N,4,261112,Systems Analyst,97.0
15-1211.00,Computer Systems Analysts,Requirements management software,2.E.7.g,Requirements analysis and system architecture software,N,N,4,261112,Systems Analyst,97.0
15-1211.00,Computer Systems Analysts,Ruby on Rails,2.E.7.h,Web platform development software,N,N,4,261112,Systems Analyst,97.0
15-1211.00,Computer Systems Analysts,Salesforce Visualforce,2.E.7.d,Graphical user interface development software,N,N,4,261112,Systems Analyst,97.0
15-1211.00,Computer Systems Analysts,SAP Adaptive Server Enterprise,2.E.6.d,Data base management system software,N,N,4,261112,Systems Analyst,97.0
15-1211.00,Computer Systems Analysts,SAP Business Objects,2.E.2.b,Enterprise resource planning ERP software,N,N,4,261112,Systems Analyst,97.0
15-1211.00,Computer Systems Analysts,SAP BusinessObjects Desktop Intelligence,2.E.6.f,Data base user interface and query software,N,N,4,261112,Systems Analyst,97.0
15-1211.00,Computer Systems Analysts,SAP Crystal Reports,2.E.6.e,Data base reporting software,N,N,4,261112,Systems Analyst,97.0
15-1211.00,Computer Systems Analysts,SAP Master Data Management MDM,2.E.6.i,Metadata management software,N,N,4,261112,Systems Analyst,97.0
15-1211.00,Computer Systems Analysts,SAP NetWeaver,2.E.7.c,Enterprise application integration software,N,N,4,261112,Systems Analyst,97.0
15-1211.00,Computer Systems Analysts,SAP NetWeaver BW,2.E.7.c,Enterprise application integration software,N,N,4,261112,Systems Analyst,97.0
15-1211.00,Computer Systems Analysts,Security testing software,2.E.7.f,Program testing software,N,N,4,261112,Systems Analyst,97.0
15-1211.00,Computer Systems Analysts,Skype,2.E.10.b,Desktop communications software,N,N,4,261112,Systems Analyst,97.0
15-1211.00,Computer Systems Analysts,Slido interaction software,2.E.16.c,Network conferencing software,N,N,4,261112,Systems Analyst,97.0
15-1211.00,Computer Systems Analysts,Smalltalk,2.E.7.e,Object or component oriented development software,N,N,4,261112,Systems Analyst,97.0
15-1211.00,Computer Systems Analysts,Snort,2.E.11.a,Network monitoring software,N,N,4,261112,Systems Analyst,97.0
15-1211.00,Computer Systems Analysts,Software asset management SAM software,2.E.6.f,Data base user interface and query software,N,N,4,261112,Systems Analyst,97.0
15-1211.00,Computer Systems Analysts,Software distribution software,2.E.7.a,Configuration management software,N,N,4,261112,Systems Analyst,97.0
15-1211.00,Computer Systems Analysts,SpectraQuest,2.E.9.c,Computer aided design CAD software,N,N,4,261112,Systems Analyst,97.0
15-1211.00,Computer Systems Analysts,Stac Software ReachOut,2.E.10.b,Desktop communications software,N,N,4,261112,Systems Analyst,97.0
15-1211.00,Computer Systems Analysts,StataCorp Stata,2.E.9.d,Analytical or scientific software,N,N,4,261112,Systems Analyst,97.0
15-1211.00,Computer Systems Analysts,Static analysis software,2.E.7.f,Program testing software,N,N,4,261112,Systems Analyst,97.0
15-1211.00,Computer Systems Analysts,Stress testing software,2.E.7.f,Program testing software,N,N,4,261112,Systems Analyst,97.0
15-1211.00,Computer Systems Analysts,Structure prediction software,2.E.9.d,Analytical or scientific software,N,N,4,261112,Systems Analyst,97.0
15-1211.00,Computer Systems Analysts,Sun Microsystems Sun ONE,2.E.6.l,Transaction server software,N,N,4,261112,Systems Analyst,97.0
15-1211.00,Computer Systems Analysts,Supervisory control and data acquisition SCADA software,2.E.9.g,Industrial control software,N,N,4,261112,Systems Analyst,97.0
15-1211.00,Computer Systems Analysts,Symantec pcAnywhere,2.E.10.b,Desktop communications software,N,N,4,261112,Systems Analyst,97.0
15-1211.00,Computer Systems Analysts,Symantec Visual Cafe,2.E.7.b,Development environment software,N,N,4,261112,Systems Analyst,97.0
15-1211.00,Computer Systems Analysts,System and data disaster recovery software,2.E.15.f,Backup or archival software,N,N,4,261112,Systems Analyst,97.0
15-1211.00,Computer Systems Analysts,System testing software,2.E.7.f,Program testing software,N,N,4,261112,Systems Analyst,97.0
15-1211.00,Computer Systems Analysts,Systems and application deployment and migration software,2.E.7.a,Configuration management software,N,N,4,261112,Systems Analyst,97.0
15-1211.00,Computer Systems Analysts,Tax software,2.E.2.a,Accounting software,N,N,4,261112,Systems Analyst,97.0
15-1211.00,Computer Systems Analysts,Test design software,2.E.7.f,Program testing software,N,N,4,261112,Systems Analyst,97.0
15-1211.00,Computer Systems Analysts,Test implementation software,2.E.7.f,Program testing software,N,N,4,261112,Systems Analyst,97.0
15-1211.00,Computer Systems Analysts,Time sharing option TSO software,2.E.7.i,Compiler and decompiler software,N,N,4,261112,Systems Analyst,97.0
15-1211.00,Computer Systems Analysts,Ubuntu,2.E.13.c,Operating system software,N,N,4,261112,Systems Analyst,97.0
15-1211.00,Computer Systems Analysts,Unified modeling language UML,2.E.7.g,Requirements analysis and system architecture software,N,N,4,261112,Systems Analyst,97.0
15-1211.00,Computer Systems Analysts,Unit testing software,2.E.7.f,Program testing software,N,N,4,261112,Systems Analyst,97.0
15-1211.00,Computer Systems Analysts,Usability testing software,2.E.7.f,Program testing software,N,N,4,261112,Systems Analyst,97.0
15-1211.00,Computer Systems Analysts,Verilog,2.E.7.b,Development environment software,N,N,4,261112,Systems Analyst,97.0
15-1211.00,Computer Systems Analysts,Veritas NetBackup,2.E.15.f,Backup or archival software,N,N,4,261112,Systems Analyst,97.0
15-1211.00,Computer Systems Analysts,Version control software,2.E.5.c,File versioning software,N,N,4,261112,Systems Analyst,97.0
15-1211.00,Computer Systems Analysts,Virtual private networking VPN software,2.E.14.b,Network security or virtual private network VPN management software,N,N,4,261112,Systems Analyst,97.0
15-1211.00,Computer Systems Analysts,Virus scanning software,2.E.14.d,Transaction security and virus protection software,N,N,4,261112,Systems Analyst,97.0
15-1211.00,Computer Systems Analysts,VMware,2.E.6.b,Clustering software,N,N,4,261112,Systems Analyst,97.0
15-1211.00,Computer Systems Analysts,Voice over internet protocol VoIP system software,2.E.11.d,Internet protocol IP multimedia subsystem software,N,N,4,261112,Systems Analyst,97.0
15-1211.00,Computer Systems Analysts,Web server software,2.E.6.l,Transaction server software,N,N,4,261112,Systems Analyst,97.0
15-1211.00,Computer Systems Analysts,WebFOCUS,2.E.7.c,Enterprise application integration software,N,N,4,261112,Systems Analyst,97.0
15-1211.00,Computer Systems Analysts,Wireshark,2.E.11.a,Network monitoring software,N,N,4,261112,Systems Analyst,97.0
15-1211.00,Computer Systems Analysts,Wise Solutions Wise for Windows Installer,2.E.7.a,Configuration management software,N,N,4,261112,Systems Analyst,97.0
15-1211.00,Computer Systems Analysts,YouTube,2.E.4.c,Video creation and editing software,N,N,4,261112,Systems Analyst,97.0
15-1211.01,Health Informatics Specialists,Allscripts Professional EHR,2.E.9.i,Medical software,N,N,4,261112,Systems Analyst,79.5
15-1211.01,Health Informatics Specialists,Allscripts Sunrise,2.E.9.i,Medical software,N,N,4,261112,Systems Analyst,79.5
15-1211.01,Health Informatics Specialists,Amkai AmkaiCharts,2.E.9.i,Medical software,N,N,4,261112,Systems Analyst,79.5
15-1211.01,Health Informatics Specialists,Bizmatics PrognoCIS EMR,2.E.9.i,Medical software,N,N,4,261112,Systems Analyst,79.5
15-1211.01,Health Informatics Specialists,Cerner Millennium,2.E.9.i,Medical software,N,N,4,261112,Systems Analyst,79.5
15-1211.01,Health Informatics Specialists,Cerner PowerChart,2.E.9.i,Medical software,N,N,4,261112,Systems Analyst,79.5
15-1211.01,Health Informatics Specialists,ChartWare EMR,2.E.9.i,Medical software,N,N,4,261112,Systems Analyst,79.5
15-1211.01,Health Informatics Specialists,Computer aided software engineering CASE tools,2.E.7.e,Object or component oriented development software,N,N,4,261112,Systems Analyst,79.5
15-1211.01,Health Informatics Specialists,Computerized physician order entry CPOE software,2.E.9.i,Medical software,N,N,4,261112,Systems Analyst,79.5
15-1211.01,Health Informatics Specialists,e-MDs software,2.E.9.i,Medical software,N,N,4,261112,Systems Analyst,79.5
15-1211.01,Health Informatics Specialists,Electronic medical administration record eMAR software,2.E.9.i,Medical software,N,N,4,261112,Systems Analyst,79.5
15-1211.01,Health Informatics Specialists,GE Healthcare Centricity EMR,2.E.9.i,Medical software,N,N,4,261112,Systems Analyst,79.5
15-1211.01,Health Informatics Specialists,Healthcare management system,2.E.9.i,Medical software,N,N,4,261112,Systems Analyst,79.5
15-1211.01,Health Informatics Specialists,LAMP Stack,2.E.7.h,Web platform development software,N,N,4,261112,Systems Analyst,79.5
15-1211.01,Health Informatics Specialists,Learning management system LMS,2.E.8.b,Computer based training software,N,N,4,261112,Systems Analyst,79.5
15-1211.01,Health Informatics Specialists,McKesson ANSOS One-Staff,2.E.4.h,Calendar and scheduling software,N,N,4,261112,Systems Analyst,79.5
15-1211.01,Health Informatics Specialists,MEDITECH Healthcare Information System HCIS,2.E.9.i,Medical software,N,N,4,261112,Systems Analyst,79.5
15-1211.01,Health Informatics Specialists,Mediware ClosedLoop Clinical Systems,2.E.9.i,Medical software,N,N,4,261112,Systems Analyst,79.5
15-1211.01,Health Informatics Specialists,Mediware Information Systems MediCOE,2.E.9.i,Medical software,N,N,4,261112,Systems Analyst,79.5
15-1211.01,Health Informatics Specialists,Medscribbler Enterprise,2.E.9.i,Medical software,N,N,4,261112,Systems Analyst,79.5
15-1211.01,Health Informatics Specialists,MicroFour PracticeStudio.NET EMR,2.E.9.i,Medical software,N,N,4,261112,Systems Analyst,79.5
15-1211.01,Health Informatics Specialists,Netsmart Technologies CareNet,2.E.9.i,Medical software,N,N,4,261112,Systems Analyst,79.5
15-1211.01,Health Informatics Specialists,NextGen Healthcare Information Systems EMR,2.E.9.i,Medical software,N,N,4,261112,Systems Analyst,79.5
15-1211.01,Health Informatics Specialists,Picis CareSuite,2.E.9.i,Medical software,N,N,4,261112,Systems Analyst,79.5
15-1211.01,Health Informatics Specialists,Qlik software,2.E.6.m,Business intelligence and data analysis software,N,N,4,261112,Systems Analyst,79.5
15-1211.01,Health Informatics Specialists,Qlik Tech QlikView,2.E.6.m,Business intelligence and data analysis software,N,N,4,261112,Systems Analyst,79.5
15-1211.01,Health Informatics Specialists,SAP BusinessObjects Crystal Reports,2.E.6.e,Data base reporting software,N,N,4,261112,Systems Analyst,79.5
15-1211.01,Health Informatics Specialists,Seimens Healthineers,2.E.9.i,Medical software,N,N,4,261112,Systems Analyst,79.5
15-1211.01,Health Informatics Specialists,SOAPware EMR,2.E.9.i,Medical software,N,N,4,261112,Systems Analyst,79.5
15-1211.01,Health Informatics Specialists,Software development tools,2.E.7.b,Development environment software,N,N,4,261112,Systems Analyst,79.5
15-1211.01,Health Informatics Specialists,Sparta Systems TrackWise,2.E.9.e,Compliance software,N,N,4,261112,Systems Analyst,79.5
15-1211.01,Health Informatics Specialists,StatCom Patient Flow Logistics Enterprise Suite,2.E.9.i,Medical software,N,N,4,261112,Systems Analyst,79.5
15-1211.01,Health Informatics Specialists,SynaMed EMR,2.E.9.i,Medical software,N,N,4,261112,Systems Analyst,79.5
15-1211.01,Health Informatics Specialists,Texas Medical Software SpringCharts EMR,2.E.9.i,Medical software,N,N,4,261112,Systems Analyst,79.5
15-1211.01,Health Informatics Specialists,VISICU eICU Program,2.E.9.i,Medical software,N,N,4,261112,Systems Analyst,79.5
15-1211.01,Health Informatics Specialists,Web browser software,2.E.10.e,Internet browser software,N,N,4,261112,Systems Analyst,79.5
15-1255.01,Video Game Designers,Adobe Photoshop,2.E.4.b,Graphics or photo imaging software,Y,Y,1,261211,Game and Multimedia Developer,94.0
15-1255.01,Video Game Designers,C#,2.E.7.e,Object or component oriented development software,Y,Y,1,261211,Game and Multimedia Developer,94.0
15-1255.01,Video Game Designers,C++,2.E.7.e,Object or component oriented development software,Y,Y,1,261211,Game and Multimedia Developer,94.0
15-1255.01,Video Game Designers,Python,2.E.7.e,Object or component oriented development software,Y,Y,1,261211,Game and Multimedia Developer,94.0
15-1255.01,Video Game Designers,Autodesk Maya,2.E.4.b,Graphics or photo imaging software,N,Y,2,261211,Game and Multimedia Developer,94.0
15-1255.01,Video Game Designers,Unity Technologies Unity,2.E.7.b,Development environment software,N,Y,2,261211,Game and Multimedia Developer,94.0
15-1255.01,Video Game Designers,Unreal Technology Unreal Engine,2.E.7.b,Development environment software,N,Y,2,261211,Game and Multimedia Developer,94.0
15-1255.01,Video Game Designers,Adobe After Effects,2.E.4.c,Video creation and editing software,Y,N,3,261211,Game and Multimedia Developer,94.0
15-1255.01,Video Game Designers,Adobe Creative Cloud software,2.E.4.b,Graphics or photo imaging software,Y,N,3,261211,Game and Multimedia Developer,94.0
15-1255.01,Video Game Designers,Adobe Illustrator,2.E.4.b,Graphics or photo imaging software,Y,N,3,261211,Game and Multimedia Developer,94.0
15-1255.01,Video Game Designers,Atlassian JIRA,2.E.1.e,Project management software,Y,N,3,261211,Game and Multimedia Developer,94.0
15-1255.01,Video Game Designers,C,2.E.7.b,Development environment software,Y,N,3,261211,Game and Multimedia Developer,94.0
15-1255.01,Video Game Designers,Extensible markup language XML,2.E.7.c,Enterprise application integration software,Y,N,3,261211,Game and Multimedia Developer,94.0
15-1255.01,Video Game Designers,Git,2.E.5.c,File versioning software,Y,N,3,261211,Game and Multimedia Developer,94.0
15-1255.01,Video Game Designers,Hypertext markup language HTML,2.E.7.h,Web platform development software,Y,N,3,261211,Game and Multimedia Developer,94.0
15-1255.01,Video Game Designers,JavaScript,2.E.7.h,Web platform development software,Y,N,3,261211,Game and Multimedia Developer,94.0
15-1255.01,Video Game Designers,Linux,2.E.13.c,Operating system software,Y,N,3,261211,Game and Multimedia Developer,94.0
15-1255.01,Video Game Designers,Microsoft Excel,2.E.4.i,Spreadsheet software,Y,N,3,261211,Game and Multimedia Developer,94.0
15-1255.01,Video Game Designers,Microsoft Office software,2.E.1.k,Office suite software,Y,N,3,261211,Game and Multimedia Developer,94.0
15-1255.01,Video Game Designers,Microsoft Outlook,2.E.16.a,Electronic mail software,Y,N,3,261211,Game and Multimedia Developer,94.0
15-1255.01,Video Game Designers,Microsoft PowerPoint,2.E.4.f,Presentation software,Y,N,3,261211,Game and Multimedia Developer,94.0
15-1255.01,Video Game Designers,Microsoft Project,2.E.1.e,Project management software,Y,N,3,261211,Game and Multimedia Developer,94.0
15-1255.01,Video Game Designers,Microsoft SQL Server,2.E.6.f,Data base user interface and query software,Y,N,3,261211,Game and Multimedia Developer,94.0
15-1255.01,Video Game Designers,Microsoft Visio,2.E.1.p,Process mapping and design software,Y,N,3,261211,Game and Multimedia Developer,94.0
15-1255.01,Video Game Designers,Microsoft Visual Studio,2.E.7.b,Development environment software,Y,N,3,261211,Game and Multimedia Developer,94.0
15-1255.01,Video Game Designers,Microsoft Windows,2.E.13.c,Operating system software,Y,N,3,261211,Game and Multimedia Developer,94.0
15-1255.01,Video Game Designers,Microsoft Word,2.E.4.d,Word processing software,Y,N,3,261211,Game and Multimedia Developer,94.0
15-1255.01,Video Game Designers,MySQL,2.E.6.d,Data base management system software,Y,N,3,261211,Game and Multimedia Developer,94.0
15-1255.01,Video Game Designers,Oracle Java,2.E.7.e,Object or component oriented development software,Y,N,3,261211,Game and Multimedia Developer,94.0
15-1255.01,Video Game Designers,Perl,2.E.7.e,Object or component oriented development software,Y,N,3,261211,Game and Multimedia Developer,94.0
15-1255.01,Video Game Designers,PHP,2.E.7.h,Web platform development software,Y,N,3,261211,Game and Multimedia Developer,94.0
15-1255.01,Video Game Designers,Structured query language SQL,2.E.6.f,Data base user interface and query software,Y,N,3,261211,Game and Multimedia Developer,94.0
15-1255.01,Video Game Designers,TypeScript,2.E.7.e,Object or component oriented development software,Y,N,3,261211,Game and Multimedia Developer,94.0
15-1255.01,Video Game Designers,3D graphic design software,2.E.4.b,Graphics or photo imaging software,N,N,4,261211,Game and Multimedia Developer,94.0
15-1255.01,Video Game Designers,Adobe ActionScript,2.E.7.b,Development environment software,N,N,4,261211,Game and Multimedia Developer,94.0
15-1255.01,Video Game Designers,Advanced business application programming ABAP,2.E.7.e,Object or component oriented development software,N,N,4,261211,Game and Multimedia Developer,94.0
15-1255.01,Video Game Designers,Autodesk 3ds Max,2.E.4.c,Video creation and editing software,N,N,4,261211,Game and Multimedia Developer,94.0
15-1255.01,Video Game Designers,Autodesk Scaleform,2.E.7.b,Development environment software,N,N,4,261211,Game and Multimedia Developer,94.0
15-1255.01,Video Game Designers,Balsamiq Studios Balsamiq Mockups,2.E.4.b,Graphics or photo imaging software,N,N,4,261211,Game and Multimedia Developer,94.0
15-1255.01,Video Game Designers,Blackboard software,2.E.6.f,Data base user interface and query software,N,N,4,261211,Game and Multimedia Developer,94.0
15-1255.01,Video Game Designers,C for Graphics cg,2.E.7.b,Development environment software,N,N,4,261211,Game and Multimedia Developer,94.0
15-1255.01,Video Game Designers,Graphical user interface GUI design software,2.E.7.d,Graphical user interface development software,N,N,4,261211,Game and Multimedia Developer,94.0
15-1255.01,Video Game Designers,Job control language JCL,2.E.13.c,Operating system software,N,N,4,261211,Game and Multimedia Developer,94.0
15-1255.01,Video Game Designers,Lua,2.E.7.e,Object or component oriented development software,N,N,4,261211,Game and Multimedia Developer,94.0
15-1255.01,Video Game Designers,Microsoft DirectX,2.E.15.c,Device drivers or system software,N,N,4,261211,Game and Multimedia Developer,94.0
15-1255.01,Video Game Designers,Microsoft Expression Blend,2.E.7.d,Graphical user interface development software,N,N,4,261211,Game and Multimedia Developer,94.0
15-1255.01,Video Game Designers,Microsoft High Level Shader Language HLSL,2.E.7.b,Development environment software,N,N,4,261211,Game and Multimedia Developer,94.0
15-1255.01,Video Game Designers,Objective C,2.E.7.e,Object or component oriented development software,N,N,4,261211,Game and Multimedia Developer,94.0
15-1255.01,Video Game Designers,OpenGL,2.E.4.b,Graphics or photo imaging software,N,N,4,261211,Game and Multimedia Developer,94.0
15-1255.01,Video Game Designers,Perforce Helix software,2.E.7.a,Configuration management software,N,N,4,261211,Game and Multimedia Developer,94.0
15-1255.01,Video Game Designers,Perforce software,2.E.6.i,Metadata management software,N,N,4,261211,Game and Multimedia Developer,94.0
15-1255.01,Video Game Designers,Ruby on Rails,2.E.7.h,Web platform development software,N,N,4,261211,Game and Multimedia Developer,94.0
15-1255.01,Video Game Designers,Scheme,2.E.7.b,Development environment software,N,N,4,261211,Game and Multimedia Developer,94.0
15-1255.01,Video Game Designers,Simple DirectMedia Layer SDL,2.E.7.b,Development environment software,N,N,4,261211,Game and Multimedia Developer,94.0
15-1255.01,Video Game Designers,Sound development software,2.E.4.c,Video creation and editing software,N,N,4,261211,Game and Multimedia Developer,94.0
15-1255.01,Video Game Designers,Virtual Battlespace 2 VBS2,2.E.9.d,Analytical or scientific software,N,N,4,261211,Game and Multimedia Developer,94.0
15-1255.01,Video Game Designers,Vulkan Graphics API,2.E.4.c,Video creation and editing software,N,N,4,261211,Game and Multimedia Developer,94.0
15-1254.00,Web Developers,Amazon Web Services AWS software,2.E.6.f,Data base user interface and query software,Y,Y,1,261212,Web Developer,98.0
15-1254.00,Web Developers,Apache Kafka,2.E.7.b,Development environment software,Y,Y,1,261212,Web Developer,98.0
15-1254.00,Web Developers,Atlassian JIRA,2.E.5.a,Content workflow software,Y,Y,1,261212,Web Developer,98.0
15-1254.00,Web Developers,C#,2.E.7.e,Object or component oriented development software,Y,Y,1,261212,Web Developer,98.0
15-1254.00,Web Developers,Cascading style sheets CSS,2.E.7.h,Web platform development software,Y,Y,1,261212,Web Developer,98.0
15-1254.00,Web Developers,Docker,2.E.10.a,Application server software,Y,Y,1,261212,Web Developer,98.0
15-1254.00,Web Developers,Git,2.E.5.c,File versioning software,Y,Y,1,261212,Web Developer,98.0
15-1254.00,Web Developers,GitHub,2.E.10.a,Application server software,Y,Y,1,261212,Web Developer,98.0
15-1254.00,Web Developers,Go,2.E.7.b,Development environment software,Y,Y,1,261212,Web Developer,98.0
15-1254.00,Web Developers,Google Angular,2.E.7.h,Web platform development software,Y,Y,1,261212,Web Developer,98.0
15-1254.00,Web Developers,GraphQL,2.E.6.f,Data base user interface and query software,Y,Y,1,261212,Web Developer,98.0
15-1254.00,Web Developers,Hypertext markup language HTML,2.E.7.h,Web platform development software,Y,Y,1,261212,Web Developer,98.0
15-1254.00,Web Developers,JavaScript,2.E.7.h,Web platform development software,Y,Y,1,261212,Web Developer,98.0
15-1254.00,Web Developers,JavaScript Object Notation JSON,2.E.7.h,Web platform development software,Y,Y,1,261212,Web Developer,98.0
15-1254.00,Web Developers,Jenkins CI,2.E.7.c,Enterprise application integration software,Y,Y,1,261212,Web Developer,98.0
15-1254.00,Web Developers,jQuery,2.E.7.e,Object or component oriented development software,Y,Y,1,261212,Web Developer,98.0
15-1254.00,Web Developers,Kubernetes,2.E.10.a,Application server software,Y,Y,1,261212,Web Developer,98.0
15-1254.00,Web Developers,Linux,2.E.13.c,Operating system software,Y,Y,1,261212,Web Developer,98.0
15-1254.00,Web Developers,Microsoft Azure software,2.E.7.b,Development environment software,Y,Y,1,261212,Web Developer,98.0
15-1254.00,Web Developers,MongoDB,2.E.6.d,Data base management system software,Y,Y,1,261212,Web Developer,98.0
15-1254.00,Web Developers,MySQL,2.E.6.d,Data base management system software,Y,Y,1,261212,Web Developer,98.0
15-1254.00,Web Developers,Node.js,2.E.7.h,Web platform development software,Y,Y,1,261212,Web Developer,98.0
15-1254.00,Web Developers,NoSQL,2.E.6.d,Data base management system software,Y,Y,1,261212,Web Developer,98.0
15-1254.00,Web Developers,Oracle Java,2.E.7.e,Object or component oriented development software,Y,Y,1,261212,Web Developer,98.0
15-1254.00,Web Developers,PHP,2.E.7.h,Web platform development software,Y,Y,1,261212,Web Developer,98.0
15-1254.00,Web Developers,PostgreSQL,2.E.6.j,Object oriented data base management software,Y,Y,1,261212,Web Developer,98.0
15-1254.00,Web Developers,Python,2.E.7.e,Object or component oriented development software,Y,Y,1,261212,Web Developer,98.0
15-1254.00,Web Developers,React,2.E.7.h,Web platform development software,Y,Y,1,261212,Web Developer,98.0
15-1254.00,Web Developers,Spring Boot,2.E.10.a,Application server software,Y,Y,1,261212,Web Developer,98.0
15-1254.00,Web Developers,Spring Framework,2.E.7.h,Web platform development software,Y,Y,1,261212,Web Developer,98.0
15-1254.00,Web Developers,Structured query language SQL,2.E.6.f,Data base user interface and query software,Y,Y,1,261212,Web Developer,98.0
15-1254.00,Web Developers,TypeScript,2.E.7.e,Object or component oriented development software,Y,Y,1,261212,Web Developer,98.0
15-1254.00,Web Developers,Vue.js,2.E.7.h,Web platform development software,Y,Y,1,261212,Web Developer,98.0
15-1254.00,Web Developers,WordPress,2.E.4.g,Web page creation and editing software,Y,Y,1,261212,Web Developer,98.0
15-1255.00,Web and Digital Interface Designers,Adobe Creative Cloud software,2.E.4.b,Graphics or photo imaging software,Y,Y,1,261212,Web Developer,85.0
15-1255.00,Web and Digital Interface Designers,Adobe Illustrator,2.E.4.b,Graphics or photo imaging software,Y,Y,1,261212,Web Developer,85.0
15-1255.00,Web and Digital Interface Designers,Adobe Photoshop,2.E.4.b,Graphics or photo imaging software,Y,Y,1,261212,Web Developer,85.0
15-1255.00,Web and Digital Interface Designers,Atlassian JIRA,2.E.5.a,Content workflow software,Y,Y,1,261212,Web Developer,85.0
15-1255.00,Web and Digital Interface Designers,Cascading style sheets CSS,2.E.7.h,Web platform development software,Y,Y,1,261212,Web Developer,85.0
15-1255.00,Web and Digital Interface Designers,Figma,2.E.7.d,Graphical user interface development software,Y,Y,1,261212,Web Developer,85.0
15-1255.00,Web and Digital Interface Designers,Google Angular,2.E.7.h,Web platform development software,Y,Y,1,261212,Web Developer,85.0
15-1255.00,Web and Digital Interface Designers,Hypertext markup language HTML,2.E.7.h,Web platform development software,Y,Y,1,261212,Web Developer,85.0
15-1255.00,Web and Digital Interface Designers,JavaScript,2.E.7.h,Web platform development software,Y,Y,1,261212,Web Developer,85.0
15-1255.00,Web and Digital Interface Designers,React,2.E.7.h,Web platform development software,Y,Y,1,261212,Web Developer,85.0
15-1255.00,Web and Digital Interface Designers,TypeScript,2.E.7.e,Object or component oriented development software,Y,Y,1,261212,Web Developer,85.0
15-1254.00,Web Developers,JavaScript framework software,2.E.7.h,Web platform development software,N,Y,2,261212,Web Developer,98.0
15-1254.00,Web Developers,RESTful API,2.E.7.h,Web platform development software,N,Y,2,261212,Web Developer,98.0
15-1254.00,Web Developers,Web application software,2.E.7.b,Development environment software,N,Y,2,261212,Web Developer,98.0
15-1255.00,Web and Digital Interface Designers,Adobe XD,2.E.4.b,Graphics or photo imaging software,N,Y,2,261212,Web Developer,85.0
15-1254.00,Web Developers,Adobe Acrobat,2.E.5.b,Document management software,Y,N,3,261212,Web Developer,98.0
15-1254.00,Web Developers,Adobe After Effects,2.E.4.c,Video creation and editing software,Y,N,3,261212,Web Developer,98.0
15-1254.00,Web Developers,Adobe Creative Cloud software,2.E.4.b,Graphics or photo imaging software,Y,N,3,261212,Web Developer,98.0
15-1254.00,Web Developers,Adobe Illustrator,2.E.4.b,Graphics or photo imaging software,Y,N,3,261212,Web Developer,98.0
15-1254.00,Web Developers,Adobe InDesign,2.E.4.k,Desktop publishing software,Y,N,3,261212,Web Developer,98.0
15-1254.00,Web Developers,Adobe Photoshop,2.E.4.b,Graphics or photo imaging software,Y,N,3,261212,Web Developer,98.0
15-1254.00,Web Developers,AJAX,2.E.7.h,Web platform development software,Y,N,3,261212,Web Developer,98.0
15-1254.00,Web Developers,Amazon DynamoDB,2.E.6.d,Data base management system software,Y,N,3,261212,Web Developer,98.0
15-1254.00,Web Developers,Amazon Elastic Compute Cloud EC2,2.E.6.f,Data base user interface and query software,Y,N,3,261212,Web Developer,98.0
15-1254.00,Web Developers,Amazon Redshift,2.E.6.f,Data base user interface and query software,Y,N,3,261212,Web Developer,98.0
15-1254.00,Web Developers,Amazon Web Services AWS CloudFormation,2.E.11.e,Cloud-based management software,Y,N,3,261212,Web Developer,98.0
15-1254.00,Web Developers,Ansible software,2.E.1.i,Expert system software,Y,N,3,261212,Web Developer,98.0
15-1254.00,Web Developers,Apache Cassandra,2.E.6.d,Data base management system software,Y,N,3,261212,Web Developer,98.0
15-1254.00,Web Developers,Apache Hadoop,2.E.6.d,Data base management system software,Y,N,3,261212,Web Developer,98.0
15-1254.00,Web Developers,Apache Hive,2.E.6.d,Data base management system software,Y,N,3,261212,Web Developer,98.0
15-1254.00,Web Developers,Apache Maven,2.E.7.b,Development environment software,Y,N,3,261212,Web Developer,98.0
15-1254.00,Web Developers,Apache Spark,2.E.7.e,Object or component oriented development software,Y,N,3,261212,Web Developer,98.0
15-1254.00,Web Developers,Apache Subversion SVN,2.E.7.b,Development environment software,Y,N,3,261212,Web Developer,98.0
15-1254.00,Web Developers,Apache Tomcat,2.E.7.h,Web platform development software,Y,N,3,261212,Web Developer,98.0
15-1254.00,Web Developers,Apple macOS,2.E.13.c,Operating system software,Y,N,3,261212,Web Developer,98.0
15-1254.00,Web Developers,Atlassian Bitbucket,2.E.10.a,Application server software,Y,N,3,261212,Web Developer,98.0
15-1254.00,Web Developers,Atlassian Confluence,2.E.1.e,Project management software,Y,N,3,261212,Web Developer,98.0
15-1254.00,Web Developers,Bash,2.E.13.c,Operating system software,Y,N,3,261212,Web Developer,98.0
15-1254.00,Web Developers,Bootstrap,2.E.7.h,Web platform development software,Y,N,3,261212,Web Developer,98.0
15-1254.00,Web Developers,C,2.E.7.b,Development environment software,Y,N,3,261212,Web Developer,98.0
15-1254.00,Web Developers,C++,2.E.7.e,Object or component oriented development software,Y,N,3,261212,Web Developer,98.0
15-1254.00,Web Developers,Chef,2.E.7.a,Configuration management software,Y,N,3,261212,Web Developer,98.0
15-1254.00,Web Developers,Cisco Webex,2.E.16.b,Video conferencing software,Y,N,3,261212,Web Developer,98.0
15-1254.00,Web Developers,Django,2.E.7.h,Web platform development software,Y,N,3,261212,Web Developer,98.0
15-1254.00,Web Developers,Eclipse IDE,2.E.7.b,Development environment software,Y,N,3,261212,Web Developer,98.0
15-1254.00,Web Developers,Elasticsearch,2.E.6.d,Data base management system software,Y,N,3,261212,Web Developer,98.0
15-1254.00,Web Developers,Epic Systems,2.E.9.i,Medical software,Y,N,3,261212,Web Developer,98.0
15-1254.00,Web Developers,ESRI ArcGIS software,2.E.8.h,Geographic information system,Y,N,3,261212,Web Developer,98.0
15-1254.00,Web Developers,Extensible markup language XML,2.E.7.c,Enterprise application integration software,Y,N,3,261212,Web Developer,98.0
15-1254.00,Web Developers,Facebook,2.E.4.g,Web page creation and editing software,Y,N,3,261212,Web Developer,98.0
15-1254.00,Web Developers,Figma,2.E.7.d,Graphical user interface development software,Y,N,3,261212,Web Developer,98.0
15-1254.00,Web Developers,Google Analytics,2.E.6.g,Data mining software,Y,N,3,261212,Web Developer,98.0
15-1254.00,Web Developers,Google Android,2.E.13.c,Operating system software,Y,N,3,261212,Web Developer,98.0
15-1254.00,Web Developers,Google Docs,2.E.4.d,Word processing software,Y,N,3,261212,Web Developer,98.0
15-1254.00,Web Developers,Hibernate ORM,2.E.6.j,Object oriented data base management software,Y,N,3,261212,Web Developer,98.0
15-1254.00,Web Developers,HubSpot software,2.E.1.l,Sales and marketing software,Y,N,3,261212,Web Developer,98.0
15-1254.00,Web Developers,IBM SPSS Statistics,2.E.9.d,Analytical or scientific software,Y,N,3,261212,Web Developer,98.0
15-1254.00,Web Developers,JUnit,2.E.7.f,Program testing software,Y,N,3,261212,Web Developer,98.0
15-1254.00,Web Developers,Marketo Marketing Automation,2.E.1.l,Sales and marketing software,Y,N,3,261212,Web Developer,98.0
15-1254.00,Web Developers,Microsoft .NET Framework,2.E.7.b,Development environment software,Y,N,3,261212,Web Developer,98.0
15-1254.00,Web Developers,Microsoft Access,2.E.6.f,Data base user interface and query software,Y,N,3,261212,Web Developer,98.0
15-1254.00,Web Developers,Microsoft Active Server Pages ASP,2.E.7.h,Web platform development software,Y,N,3,261212,Web Developer,98.0
15-1254.00,Web Developers,Microsoft ASP.NET,2.E.7.h,Web platform development software,Y,N,3,261212,Web Developer,98.0
15-1254.00,Web Developers,Microsoft Excel,2.E.4.i,Spreadsheet software,Y,N,3,261212,Web Developer,98.0
15-1254.00,Web Developers,Microsoft Office software,2.E.1.k,Office suite software,Y,N,3,261212,Web Developer,98.0
15-1254.00,Web Developers,Microsoft PowerShell,2.E.7.b,Development environment software,Y,N,3,261212,Web Developer,98.0
15-1254.00,Web Developers,Microsoft Project,2.E.1.e,Project management software,Y,N,3,261212,Web Developer,98.0
15-1254.00,Web Developers,Microsoft SharePoint,2.E.5.b,Document management software,Y,N,3,261212,Web Developer,98.0
15-1254.00,Web Developers,Microsoft SQL Server,2.E.6.f,Data base user interface and query software,Y,N,3,261212,Web Developer,98.0
15-1254.00,Web Developers,Microsoft SQL Server Integration Services SSIS,2.E.7.c,Enterprise application integration software,Y,N,3,261212,Web Developer,98.0
15-1254.00,Web Developers,Microsoft SQL Server Reporting Services SSRS,2.E.6.e,Data base reporting software,Y,N,3,261212,Web Developer,98.0
15-1254.00,Web Developers,Microsoft Visio,2.E.1.p,Process mapping and design software,Y,N,3,261212,Web Developer,98.0
15-1254.00,Web Developers,Microsoft Visual Basic,2.E.7.b,Development environment software,Y,N,3,261212,Web Developer,98.0
15-1254.00,Web Developers,Microsoft Visual Basic for Applications VBA,2.E.7.b,Development environment software,Y,N,3,261212,Web Developer,98.0
15-1254.00,Web Developers,Microsoft Visual Studio,2.E.7.b,Development environment software,Y,N,3,261212,Web Developer,98.0
15-1254.00,Web Developers,Microsoft Windows,2.E.13.c,Operating system software,Y,N,3,261212,Web Developer,98.0
15-1254.00,Web Developers,Microsoft Windows Server,2.E.13.c,Operating system software,Y,N,3,261212,Web Developer,98.0
15-1254.00,Web Developers,Oracle Database,2.E.6.f,Data base user interface and query software,Y,N,3,261212,Web Developer,98.0
15-1254.00,Web Developers,Oracle Java 2 Platform Enterprise Edition J2EE,2.E.7.b,Development environment software,Y,N,3,261212,Web Developer,98.0
15-1254.00,Web Developers,Oracle PL/SQL,2.E.6.d,Data base management system software,Y,N,3,261212,Web Developer,98.0
15-1254.00,Web Developers,Perl,2.E.7.e,Object or component oriented development software,Y,N,3,261212,Web Developer,98.0
15-1254.00,Web Developers,Puppet,2.E.7.a,Configuration management software,Y,N,3,261212,Web Developer,98.0
15-1254.00,Web Developers,R,2.E.7.e,Object or component oriented development software,Y,N,3,261212,Web Developer,98.0
15-1254.00,Web Developers,Red Hat Enterprise Linux,2.E.13.c,Operating system software,Y,N,3,261212,Web Developer,98.0
15-1254.00,Web Developers,Red Hat OpenShift,2.E.10.a,Application server software,Y,N,3,261212,Web Developer,98.0
15-1254.00,Web Developers,Redis,2.E.6.d,Data base management system software,Y,N,3,261212,Web Developer,98.0
15-1254.00,Web Developers,Ruby,2.E.7.b,Development environment software,Y,N,3,261212,Web Developer,98.0
15-1254.00,Web Developers,Salesforce software,2.E.6.c,Customer relationship management CRM software,Y,N,3,261212,Web Developer,98.0
15-1254.00,Web Developers,SAP software,2.E.2.b,Enterprise resource planning ERP software,Y,N,3,261212,Web Developer,98.0
15-1254.00,Web Developers,SAS,2.E.9.d,Analytical or scientific software,Y,N,3,261212,Web Developer,98.0
15-1254.00,Web Developers,Scala,2.E.7.e,Object or component oriented development software,Y,N,3,261212,Web Developer,98.0
15-1254.00,Web Developers,Selenium,2.E.7.f,Program testing software,Y,N,3,261212,Web Developer,98.0
15-1254.00,Web Developers,Shell script,2.E.13.c,Operating system software,Y,N,3,261212,Web Developer,98.0
15-1254.00,Web Developers,Slack,2.E.16.i,Cloud-based data access and sharing software,Y,N,3,261212,Web Developer,98.0
15-1254.00,Web Developers,Splunk Enterprise,2.E.11.e,Cloud-based management software,Y,N,3,261212,Web Developer,98.0
15-1254.00,Web Developers,Swift,2.E.7.e,Object or component oriented development software,Y,N,3,261212,Web Developer,98.0
15-1254.00,Web Developers,Tableau,2.E.6.m,Business intelligence and data analysis software,Y,N,3,261212,Web Developer,98.0
15-1254.00,Web Developers,Teradata Database,2.E.6.d,Data base management system software,Y,N,3,261212,Web Developer,98.0
15-1254.00,Web Developers,The MathWorks MATLAB,2.E.9.d,Analytical or scientific software,Y,N,3,261212,Web Developer,98.0
15-1254.00,Web Developers,Transact-SQL,2.E.6.f,Data base user interface and query software,Y,N,3,261212,Web Developer,98.0
15-1254.00,Web Developers,Trimble SketchUp Pro,2.E.4.b,Graphics or photo imaging software,Y,N,3,261212,Web Developer,98.0
15-1254.00,Web Developers,UNIX,2.E.13.c,Operating system software,Y,N,3,261212,Web Developer,98.0
15-1254.00,Web Developers,UNIX Shell,2.E.13.c,Operating system software,Y,N,3,261212,Web Developer,98.0
15-1255.00,Web and Digital Interface Designers,Adobe Acrobat,2.E.5.b,Document management software,Y,N,3,261212,Web Developer,85.0
15-1255.00,Web and Digital Interface Designers,Adobe After Effects,2.E.4.c,Video creation and editing software,Y,N,3,261212,Web Developer,85.0
15-1255.00,Web and Digital Interface Designers,Adobe InDesign,2.E.4.k,Desktop publishing software,Y,N,3,261212,Web Developer,85.0
15-1255.00,Web and Digital Interface Designers,AJAX,2.E.7.h,Web platform development software,Y,N,3,261212,Web Developer,85.0
15-1255.00,Web and Digital Interface Designers,Amazon DynamoDB,2.E.6.d,Data base management system software,Y,N,3,261212,Web Developer,85.0
15-1255.00,Web and Digital Interface Designers,Amazon Elastic Compute Cloud EC2,2.E.6.f,Data base user interface and query software,Y,N,3,261212,Web Developer,85.0
15-1255.00,Web and Digital Interface Designers,Amazon Redshift,2.E.6.f,Data base user interface and query software,Y,N,3,261212,Web Developer,85.0
15-1255.00,Web and Digital Interface Designers,Amazon Web Services AWS CloudFormation,2.E.11.e,Cloud-based management software,Y,N,3,261212,Web Developer,85.0
15-1255.00,Web and Digital Interface Designers,Amazon Web Services AWS software,2.E.6.f,Data base user interface and query software,Y,N,3,261212,Web Developer,85.0
15-1255.00,Web and Digital Interface Designers,Ansible software,2.E.1.i,Expert system software,Y,N,3,261212,Web Developer,85.0
15-1255.00,Web and Digital Interface Designers,Apache Cassandra,2.E.6.d,Data base management system software,Y,N,3,261212,Web Developer,85.0
15-1255.00,Web and Digital Interface Designers,Apache Hadoop,2.E.6.d,Data base management system software,Y,N,3,261212,Web Developer,85.0
15-1255.00,Web and Digital Interface Designers,Apache Hive,2.E.6.d,Data base management system software,Y,N,3,261212,Web Developer,85.0
15-1255.00,Web and Digital Interface Designers,Apache Kafka,2.E.7.b,Development environment software,Y,N,3,261212,Web Developer,85.0
15-1255.00,Web and Digital Interface Designers,Apache Maven,2.E.7.b,Development environment software,Y,N,3,261212,Web Developer,85.0
15-1255.00,Web and Digital Interface Designers,Apache Spark,2.E.7.e,Object or component oriented development software,Y,N,3,261212,Web Developer,85.0
15-1255.00,Web and Digital Interface Designers,Apache Subversion SVN,2.E.5.c,File versioning software,Y,N,3,261212,Web Developer,85.0
15-1255.00,Web and Digital Interface Designers,Apache Tomcat,2.E.7.h,Web platform development software,Y,N,3,261212,Web Developer,85.0
15-1255.00,Web and Digital Interface Designers,Apple iOS,2.E.13.c,Operating system software,Y,N,3,261212,Web Developer,85.0
15-1255.00,Web and Digital Interface Designers,Apple macOS,2.E.13.c,Operating system software,Y,N,3,261212,Web Developer,85.0
15-1255.00,Web and Digital Interface Designers,Atlassian Confluence,2.E.1.e,Project management software,Y,N,3,261212,Web Developer,85.0
15-1255.00,Web and Digital Interface Designers,Bash,2.E.13.c,Operating system software,Y,N,3,261212,Web Developer,85.0
15-1255.00,Web and Digital Interface Designers,Bootstrap,2.E.7.h,Web platform development software,Y,N,3,261212,Web Developer,85.0
15-1255.00,Web and Digital Interface Designers,C,2.E.7.b,Development environment software,Y,N,3,261212,Web Developer,85.0
15-1255.00,Web and Digital Interface Designers,C#,2.E.7.e,Object or component oriented development software,Y,N,3,261212,Web Developer,85.0
15-1255.00,Web and Digital Interface Designers,C++,2.E.7.e,Object or component oriented development software,Y,N,3,261212,Web Developer,85.0
15-1255.00,Web and Digital Interface Designers,Chef,2.E.7.a,Configuration management software,Y,N,3,261212,Web Developer,85.0
15-1255.00,Web and Digital Interface Designers,Cisco Webex,2.E.16.b,Video conferencing software,Y,N,3,261212,Web Developer,85.0
15-1255.00,Web and Digital Interface Designers,Django,2.E.7.h,Web platform development software,Y,N,3,261212,Web Developer,85.0
15-1255.00,Web and Digital Interface Designers,Docker,2.E.10.a,Application server software,Y,N,3,261212,Web Developer,85.0
15-1255.00,Web and Digital Interface Designers,Eclipse IDE,2.E.7.b,Development environment software,Y,N,3,261212,Web Developer,85.0
15-1255.00,Web and Digital Interface Designers,Elasticsearch,2.E.6.d,Data base management system software,Y,N,3,261212,Web Developer,85.0
15-1255.00,Web and Digital Interface Designers,Extensible markup language XML,2.E.7.c,Enterprise application integration software,Y,N,3,261212,Web Developer,85.0
15-1255.00,Web and Digital Interface Designers,Git,2.E.5.c,File versioning software,Y,N,3,261212,Web Developer,85.0
15-1255.00,Web and Digital Interface Designers,GitHub,2.E.10.a,Application server software,Y,N,3,261212,Web Developer,85.0
15-1255.00,Web and Digital Interface Designers,Go,2.E.7.b,Development environment software,Y,N,3,261212,Web Developer,85.0
15-1255.00,Web and Digital Interface Designers,Google Analytics,2.E.6.g,Data mining software,Y,N,3,261212,Web Developer,85.0
15-1255.00,Web and Digital Interface Designers,Google Android,2.E.13.c,Operating system software,Y,N,3,261212,Web Developer,85.0
15-1255.00,Web and Digital Interface Designers,Google Docs,2.E.4.d,Word processing software,Y,N,3,261212,Web Developer,85.0
15-1255.00,Web and Digital Interface Designers,Hibernate ORM,2.E.6.j,Object oriented data base management software,Y,N,3,261212,Web Developer,85.0
15-1255.00,Web and Digital Interface Designers,HubSpot software,2.E.1.l,Sales and marketing software,Y,N,3,261212,Web Developer,85.0
15-1255.00,Web and Digital Interface Designers,IBM SPSS Statistics,2.E.9.d,Analytical or scientific software,Y,N,3,261212,Web Developer,85.0
15-1255.00,Web and Digital Interface Designers,JavaScript Object Notation JSON,2.E.7.h,Web platform development software,Y,N,3,261212,Web Developer,85.0
15-1255.00,Web and Digital Interface Designers,jQuery,2.E.7.e,Object or component oriented development software,Y,N,3,261212,Web Developer,85.0
15-1255.00,Web and Digital Interface Designers,JUnit,2.E.7.f,Program testing software,Y,N,3,261212,Web Developer,85.0
15-1255.00,Web and Digital Interface Designers,Linux,2.E.13.c,Operating system software,Y,N,3,261212,Web Developer,85.0
15-1255.00,Web and Digital Interface Designers,Microsoft .NET Framework,2.E.7.b,Development environment software,Y,N,3,261212,Web Developer,85.0
15-1255.00,Web and Digital Interface Designers,Microsoft Access,2.E.6.f,Data base user interface and query software,Y,N,3,261212,Web Developer,85.0
15-1255.00,Web and Digital Interface Designers,Microsoft Active Server Pages ASP,2.E.7.h,Web platform development software,Y,N,3,261212,Web Developer,85.0
15-1255.00,Web and Digital Interface Designers,Microsoft ASP.NET,2.E.7.h,Web platform development software,Y,N,3,261212,Web Developer,85.0
15-1255.00,Web and Digital Interface Designers,Microsoft Azure software,2.E.7.b,Development environment software,Y,N,3,261212,Web Developer,85.0
15-1255.00,Web and Digital Interface Designers,Microsoft Excel,2.E.4.i,Spreadsheet software,Y,N,3,261212,Web Developer,85.0
15-1255.00,Web and Digital Interface Designers,Microsoft Office software,2.E.1.k,Office suite software,Y,N,3,261212,Web Developer,85.0
15-1255.00,Web and Digital Interface Designers,Microsoft PowerShell,2.E.7.b,Development environment software,Y,N,3,261212,Web Developer,85.0
15-1255.00,Web and Digital Interface Designers,Microsoft Project,2.E.1.e,Project management software,Y,N,3,261212,Web Developer,85.0
15-1255.00,Web and Digital Interface Designers,Microsoft SharePoint,2.E.5.b,Document management software,Y,N,3,261212,Web Developer,85.0
15-1255.00,Web and Digital Interface Designers,Microsoft SQL Server,2.E.6.f,Data base user interface and query software,Y,N,3,261212,Web Developer,85.0
15-1255.00,Web and Digital Interface Designers,Microsoft SQL Server Integration Services SSIS,2.E.7.c,Enterprise application integration software,Y,N,3,261212,Web Developer,85.0
15-1255.00,Web and Digital Interface Designers,Microsoft SQL Server Reporting Services SSRS,2.E.6.e,Data base reporting software,Y,N,3,261212,Web Developer,85.0
15-1255.00,Web and Digital Interface Designers,Microsoft Visio,2.E.1.p,Process mapping and design software,Y,N,3,261212,Web Developer,85.0
15-1255.00,Web and Digital Interface Designers,Microsoft Visual Basic,2.E.7.b,Development environment software,Y,N,3,261212,Web Developer,85.0
15-1255.00,Web and Digital Interface Designers,Microsoft Visual Basic for Applications VBA,2.E.7.b,Development environment software,Y,N,3,261212,Web Developer,85.0
15-1255.00,Web and Digital Interface Designers,Microsoft Visual Studio,2.E.7.b,Development environment software,Y,N,3,261212,Web Developer,85.0
15-1255.00,Web and Digital Interface Designers,Microsoft Windows,2.E.13.c,Operating system software,Y,N,3,261212,Web Developer,85.0
15-1255.00,Web and Digital Interface Designers,Microsoft Windows Server,2.E.13.c,Operating system software,Y,N,3,261212,Web Developer,85.0
15-1255.00,Web and Digital Interface Designers,MongoDB,2.E.6.d,Data base management system software,Y,N,3,261212,Web Developer,85.0
15-1255.00,Web and Digital Interface Designers,MySQL,2.E.6.d,Data base management system software,Y,N,3,261212,Web Developer,85.0
15-1255.00,Web and Digital Interface Designers,Node.js,2.E.7.h,Web platform development software,Y,N,3,261212,Web Developer,85.0
15-1255.00,Web and Digital Interface Designers,NoSQL,2.E.6.d,Data base management system software,Y,N,3,261212,Web Developer,85.0
15-1255.00,Web and Digital Interface Designers,Oracle Database,2.E.6.f,Data base user interface and query software,Y,N,3,261212,Web Developer,85.0
15-1255.00,Web and Digital Interface Designers,Oracle Java,2.E.7.e,Object or component oriented development software,Y,N,3,261212,Web Developer,85.0
15-1255.00,Web and Digital Interface Designers,Oracle Java 2 Platform Enterprise Edition J2EE,2.E.7.b,Development environment software,Y,N,3,261212,Web Developer,85.0
15-1255.00,Web and Digital Interface Designers,Oracle PeopleSoft,2.E.2.b,Enterprise resource planning ERP software,Y,N,3,261212,Web Developer,85.0
15-1255.00,Web and Digital Interface Designers,Oracle PL/SQL,2.E.6.d,Data base management system software,Y,N,3,261212,Web Developer,85.0
15-1255.00,Web and Digital Interface Designers,Oracle Primavera Enterprise Project Portfolio Management,2.E.1.e,Project management software,Y,N,3,261212,Web Developer,85.0
15-1255.00,Web and Digital Interface Designers,Perl,2.E.7.e,Object or component oriented development software,Y,N,3,261212,Web Developer,85.0
15-1255.00,Web and Digital Interface Designers,PHP,2.E.7.h,Web platform development software,Y,N,3,261212,Web Developer,85.0
15-1255.00,Web and Digital Interface Designers,PostgreSQL,2.E.6.j,Object oriented data base management software,Y,N,3,261212,Web Developer,85.0
15-1255.00,Web and Digital Interface Designers,Puppet,2.E.7.a,Configuration management software,Y,N,3,261212,Web Developer,85.0
15-1255.00,Web and Digital Interface Designers,Python,2.E.7.e,Object or component oriented development software,Y,N,3,261212,Web Developer,85.0
15-1255.00,Web and Digital Interface Designers,R,2.E.7.e,Object or component oriented development software,Y,N,3,261212,Web Developer,85.0
15-1255.00,Web and Digital Interface Designers,Red Hat Enterprise Linux,2.E.13.c,Operating system software,Y,N,3,261212,Web Developer,85.0
15-1255.00,Web and Digital Interface Designers,Red Hat OpenShift,2.E.10.a,Application server software,Y,N,3,261212,Web Developer,85.0
15-1255.00,Web and Digital Interface Designers,Ruby,2.E.7.b,Development environment software,Y,N,3,261212,Web Developer,85.0
15-1255.00,Web and Digital Interface Designers,Salesforce software,2.E.6.c,Customer relationship management CRM software,Y,N,3,261212,Web Developer,85.0
15-1255.00,Web and Digital Interface Designers,SAP software,2.E.2.b,Enterprise resource planning ERP software,Y,N,3,261212,Web Developer,85.0
15-1255.00,Web and Digital Interface Designers,SAS,2.E.9.d,Analytical or scientific software,Y,N,3,261212,Web Developer,85.0
15-1255.00,Web and Digital Interface Designers,Scala,2.E.7.e,Object or component oriented development software,Y,N,3,261212,Web Developer,85.0
15-1255.00,Web and Digital Interface Designers,Selenium,2.E.7.f,Program testing software,Y,N,3,261212,Web Developer,85.0
15-1255.00,Web and Digital Interface Designers,Shell script,2.E.13.c,Operating system software,Y,N,3,261212,Web Developer,85.0
15-1255.00,Web and Digital Interface Designers,Slack,2.E.16.i,Cloud-based data access and sharing software,Y,N,3,261212,Web Developer,85.0
15-1255.00,Web and Digital Interface Designers,Splunk Enterprise,2.E.11.e,Cloud-based management software,Y,N,3,261212,Web Developer,85.0
15-1255.00,Web and Digital Interface Designers,Spring Boot,2.E.10.a,Application server software,Y,N,3,261212,Web Developer,85.0
15-1255.00,Web and Digital Interface Designers,Spring Framework,2.E.7.h,Web platform development software,Y,N,3,261212,Web Developer,85.0
15-1255.00,Web and Digital Interface Designers,Structured query language SQL,2.E.6.f,Data base user interface and query software,Y,N,3,261212,Web Developer,85.0
15-1255.00,Web and Digital Interface Designers,Swift,2.E.7.e,Object or component oriented development software,Y,N,3,261212,Web Developer,85.0
15-1255.00,Web and Digital Interface Designers,Tableau,2.E.6.m,Business intelligence and data analysis software,Y,N,3,261212,Web Developer,85.0
15-1255.00,Web and Digital Interface Designers,Teradata Database,2.E.6.d,Data base management system software,Y,N,3,261212,Web Developer,85.0
15-1255.00,Web and Digital Interface Designers,The MathWorks MATLAB,2.E.9.d,Analytical or scientific software,Y,N,3,261212,Web Developer,85.0
15-1255.00,Web and Digital Interface Designers,Transact-SQL,2.E.6.f,Data base user interface and query software,Y,N,3,261212,Web Developer,85.0
15-1255.00,Web and Digital Interface Designers,Trimble SketchUp Pro,2.E.4.b,Graphics or photo imaging software,Y,N,3,261212,Web Developer,85.0
15-1255.00,Web and Digital Interface Designers,UNIX,2.E.13.c,Operating system software,Y,N,3,261212,Web Developer,85.0
15-1255.00,Web and Digital Interface Designers,UNIX Shell,2.E.13.c,Operating system software,Y,N,3,261212,Web Developer,85.0
15-1255.00,Web and Digital Interface Designers,Vue.js,2.E.7.h,Web platform development software,Y,N,3,261212,Web Developer,85.0
15-1254.00,Web Developers,3M Post-it App,2.E.4.d,Word processing software,N,N,4,261212,Web Developer,98.0
15-1254.00,Web Developers,Adobe ActionScript,2.E.7.b,Development environment software,N,N,4,261212,Web Developer,98.0
15-1254.00,Web Developers,Adobe Dreamweaver,2.E.4.g,Web page creation and editing software,N,N,4,261212,Web Developer,98.0
15-1254.00,Web Developers,Adobe Flex,2.E.7.h,Web platform development software,N,N,4,261212,Web Developer,98.0
15-1254.00,Web Developers,Advanced business application programming ABAP,2.E.7.e,Object or component oriented development software,N,N,4,261212,Web Developer,98.0
15-1254.00,Web Developers,Airtable,2.E.6.f,Data base user interface and query software,N,N,4,261212,Web Developer,98.0
15-1254.00,Web Developers,Amazon Kinesis,2.E.6.d,Data base management system software,N,N,4,261212,Web Developer,98.0
15-1254.00,Web Developers,Amazon Simple Storage Service S3,2.E.12.f,Storage networking software,N,N,4,261212,Web Developer,98.0
15-1254.00,Web Developers,Apache Ant,2.E.7.b,Development environment software,N,N,4,261212,Web Developer,98.0
15-1254.00,Web Developers,Apache Groovy,2.E.7.e,Object or component oriented development software,N,N,4,261212,Web Developer,98.0
15-1254.00,Web Developers,Apache HTTP Server,2.E.6.k,Portal server software,N,N,4,261212,Web Developer,98.0
15-1254.00,Web Developers,Apache Pig,2.E.6.d,Data base management system software,N,N,4,261212,Web Developer,98.0
15-1254.00,Web Developers,Apache Solr,2.E.6.d,Data base management system software,N,N,4,261212,Web Developer,98.0
15-1254.00,Web Developers,Apache Struts,2.E.7.h,Web platform development software,N,N,4,261212,Web Developer,98.0
15-1254.00,Web Developers,Apple Cocoa,2.E.7.e,Object or component oriented development software,N,N,4,261212,Web Developer,98.0
15-1254.00,Web Developers,Apple Final Cut Pro,2.E.4.c,Video creation and editing software,N,N,4,261212,Web Developer,98.0
15-1254.00,Web Developers,Apple Keynote,2.E.4.f,Presentation software,N,N,4,261212,Web Developer,98.0
15-1254.00,Web Developers,Atlassian Bamboo,2.E.7.c,Enterprise application integration software,N,N,4,261212,Web Developer,98.0
15-1254.00,Web Developers,Atlassian HipChat,2.E.16.d,Instant messaging software,N,N,4,261212,Web Developer,98.0
15-1254.00,Web Developers,Backbone.js,2.E.7.h,Web platform development software,N,N,4,261212,Web Developer,98.0
15-1254.00,Web Developers,Blackboard software,2.E.6.f,Data base user interface and query software,N,N,4,261212,Web Developer,98.0
15-1254.00,Web Developers,Blink,2.E.16.d,Instant messaging software,N,N,4,261212,Web Developer,98.0
15-1254.00,Web Developers,Common business oriented language COBOL,2.E.7.b,Development environment software,N,N,4,261212,Web Developer,98.0
15-1254.00,Web Developers,Common gateway interface CGI,2.E.7.c,Enterprise application integration software,N,N,4,261212,Web Developer,98.0
15-1254.00,Web Developers,Customer information control system CICS,2.E.6.l,Transaction server software,N,N,4,261212,Web Developer,98.0
15-1254.00,Web Developers,Delphi Technology,2.E.2.d,Financial analysis software,N,N,4,261212,Web Developer,98.0
15-1254.00,Web Developers,Dropbox,2.E.16.i,Cloud-based data access and sharing software,N,N,4,261212,Web Developer,98.0
15-1254.00,Web Developers,Drupal,2.E.7.h,Web platform development software,N,N,4,261212,Web Developer,98.0
15-1254.00,Web Developers,Dynamic hypertext markup language DHTML,2.E.7.h,Web platform development software,N,N,4,261212,Web Developer,98.0
15-1254.00,Web Developers,Enterprise JavaBeans,2.E.7.h,Web platform development software,N,N,4,261212,Web Developer,98.0
15-1254.00,Web Developers,Evernote,2.E.4.d,Word processing software,N,N,4,261212,Web Developer,98.0
15-1254.00,Web Developers,Ext JS,2.E.7.h,Web platform development software,N,N,4,261212,Web Developer,98.0
15-1254.00,Web Developers,Extensible hypertext markup language XHTML,2.E.7.h,Web platform development software,N,N,4,261212,Web Developer,98.0
15-1254.00,Web Developers,Extensible stylesheet language transformations XSLT,2.E.7.h,Web platform development software,N,N,4,261212,Web Developer,98.0
15-1254.00,Web Developers,Extensible stylesheet language XSL,2.E.7.c,Enterprise application integration software,N,N,4,261212,Web Developer,98.0
15-1254.00,Web Developers,FileMaker Pro,2.E.6.f,Data base user interface and query software,N,N,4,261212,Web Developer,98.0
15-1254.00,Web Developers,FlexBox,2.E.7.h,Web platform development software,N,N,4,261212,Web Developer,98.0
15-1254.00,Web Developers,Flipgrid,2.E.4.c,Video creation and editing software,N,N,4,261212,Web Developer,98.0
15-1254.00,Web Developers,Geographic information system GIS software,2.E.8.h,Geographic information system,N,N,4,261212,Web Developer,98.0
15-1254.00,Web Developers,Google Ads,2.E.1.l,Sales and marketing software,N,N,4,261212,Web Developer,98.0
15-1254.00,Web Developers,Google Cloud software,2.E.11.e,Cloud-based management software,N,N,4,261212,Web Developer,98.0
15-1254.00,Web Developers,Google Drive,2.E.16.i,Cloud-based data access and sharing software,N,N,4,261212,Web Developer,98.0
15-1254.00,Web Developers,Google Meet,2.E.16.b,Video conferencing software,N,N,4,261212,Web Developer,98.0
15-1254.00,Web Developers,Google Sites,2.E.4.g,Web page creation and editing software,N,N,4,261212,Web Developer,98.0
15-1254.00,Web Developers,Google Slides,2.E.4.f,Presentation software,N,N,4,261212,Web Developer,98.0
15-1254.00,Web Developers,HashiCorp Vagrant,2.E.7.h,Web platform development software,N,N,4,261212,Web Developer,98.0
15-1254.00,Web Developers,Hewlett Packard HP-UX,2.E.13.c,Operating system software,N,N,4,261212,Web Developer,98.0
15-1254.00,Web Developers,Hewlett Packard LoadRunner,2.E.7.f,Program testing software,N,N,4,261212,Web Developer,98.0
15-1254.00,Web Developers,IBM Cognos Impromptu,2.E.6.m,Business intelligence and data analysis software,N,N,4,261212,Web Developer,98.0
15-1254.00,Web Developers,IBM Domino,2.E.12.b,Communications server software,N,N,4,261212,Web Developer,98.0
15-1254.00,Web Developers,IBM Informix,2.E.6.f,Data base user interface and query software,N,N,4,261212,Web Developer,98.0
15-1254.00,Web Developers,IBM InfoSphere DataStage,2.E.7.c,Enterprise application integration software,N,N,4,261212,Web Developer,98.0
15-1254.00,Web Developers,IBM Notes,2.E.16.a,Electronic mail software,N,N,4,261212,Web Developer,98.0
15-1254.00,Web Developers,IBM Power Systems software,2.E.17.a,Enterprise system management software,N,N,4,261212,Web Developer,98.0
15-1254.00,Web Developers,IBM Rational Rose XDE,2.E.7.b,Development environment software,N,N,4,261212,Web Developer,98.0
15-1254.00,Web Developers,IBM WebSphere,2.E.11.e,Cloud-based management software,N,N,4,261212,Web Developer,98.0
15-1254.00,Web Developers,Integrated development environment IDE software,2.E.7.b,Development environment software,N,N,4,261212,Web Developer,98.0
15-1254.00,Web Developers,InVision software,2.E.1.p,Process mapping and design software,N,N,4,261212,Web Developer,98.0
15-1254.00,Web Developers,JamBoard,2.E.4.b,Graphics or photo imaging software,N,N,4,261212,Web Developer,98.0
15-1254.00,Web Developers,Jekyll,2.E.7.h,Web platform development software,N,N,4,261212,Web Developer,98.0
15-1254.00,Web Developers,Jest,2.E.7.f,Program testing software,N,N,4,261212,Web Developer,98.0
15-1254.00,Web Developers,JetBrains PhpStorm,2.E.7.h,Web platform development software,N,N,4,261212,Web Developer,98.0
15-1254.00,Web Developers,Job control language JCL,2.E.13.c,Operating system software,N,N,4,261212,Web Developer,98.0
15-1254.00,Web Developers,Jupyter Notebook,2.E.7.e,Object or component oriented development software,N,N,4,261212,Web Developer,98.0
15-1254.00,Web Developers,Kapwing,2.E.4.c,Video creation and editing software,N,N,4,261212,Web Developer,98.0
15-1254.00,Web Developers,KornShell,2.E.13.c,Operating system software,N,N,4,261212,Web Developer,98.0
15-1254.00,Web Developers,LAMP Stack,2.E.7.h,Web platform development software,N,N,4,261212,Web Developer,98.0
15-1254.00,Web Developers,LinkedIn,2.E.4.g,Web page creation and editing software,N,N,4,261212,Web Developer,98.0
15-1254.00,Web Developers,MarkLogic,2.E.6.f,Data base user interface and query software,N,N,4,261212,Web Developer,98.0
15-1254.00,Web Developers,MeteorJS,2.E.7.h,Web platform development software,N,N,4,261212,Web Developer,98.0
15-1254.00,Web Developers,Microservices Architecture,2.E.10.a,Application server software,N,N,4,261212,Web Developer,98.0
15-1254.00,Web Developers,Microsoft ActiveX,2.E.7.e,Object or component oriented development software,N,N,4,261212,Web Developer,98.0
15-1254.00,Web Developers,Microsoft ASP.NET Core MVC,2.E.7.h,Web platform development software,N,N,4,261212,Web Developer,98.0
15-1254.00,Web Developers,Microsoft Commerce Server,2.E.7.h,Web platform development software,N,N,4,261212,Web Developer,98.0
15-1254.00,Web Developers,Microsoft Dynamics,2.E.2.b,Enterprise resource planning ERP software,N,N,4,261212,Web Developer,98.0
15-1254.00,Web Developers,Microsoft Internet Information Services (IIS),2.E.6.l,Transaction server software,N,N,4,261212,Web Developer,98.0
15-1254.00,Web Developers,Microsoft Publisher,2.E.4.k,Desktop publishing software,N,N,4,261212,Web Developer,98.0
15-1254.00,Web Developers,Microsoft Visual Basic Scripting Edition VBScript,2.E.7.b,Development environment software,N,N,4,261212,Web Developer,98.0
15-1254.00,Web Developers,Microsoft Visual Basic.NET,2.E.7.e,Object or component oriented development software,N,N,4,261212,Web Developer,98.0
15-1254.00,Web Developers,Microsoft Visual C# .NET,2.E.7.e,Object or component oriented development software,N,N,4,261212,Web Developer,98.0
15-1254.00,Web Developers,Microsoft Visual InterDev,2.E.7.h,Web platform development software,N,N,4,261212,Web Developer,98.0
15-1254.00,Web Developers,Microsoft Visual SourceSafe,2.E.7.b,Development environment software,N,N,4,261212,Web Developer,98.0
15-1254.00,Web Developers,MicroStrategy,2.E.6.m,Business intelligence and data analysis software,N,N,4,261212,Web Developer,98.0
15-1254.00,Web Developers,Moodle,2.E.8.b,Computer based training software,N,N,4,261212,Web Developer,98.0
15-1254.00,Web Developers,Nagios,2.E.11.a,Network monitoring software,N,N,4,261212,Web Developer,98.0
15-1254.00,Web Developers,NetSuite ERP,2.E.2.b,Enterprise resource planning ERP software,N,N,4,261212,Web Developer,98.0
15-1254.00,Web Developers,NortonLifeLock cybersecurity software,2.E.14.d,Transaction security and virus protection software,N,N,4,261212,Web Developer,98.0
15-1254.00,Web Developers,Nunjucks,2.E.7.h,Web platform development software,N,N,4,261212,Web Developer,98.0
15-1254.00,Web Developers,Objective C,2.E.7.e,Object or component oriented development software,N,N,4,261212,Web Developer,98.0
15-1254.00,Web Developers,Oracle Business Intelligence Enterprise Edition,2.E.6.m,Business intelligence and data analysis software,N,N,4,261212,Web Developer,98.0
15-1254.00,Web Developers,Oracle Eloqua,2.E.6.c,Customer relationship management CRM software,N,N,4,261212,Web Developer,98.0
15-1254.00,Web Developers,Oracle Fusion Applications,2.E.2.b,Enterprise resource planning ERP software,N,N,4,261212,Web Developer,98.0
15-1254.00,Web Developers,Oracle Fusion Middleware,2.E.7.c,Enterprise application integration software,N,N,4,261212,Web Developer,98.0
15-1254.00,Web Developers,Oracle JavaServer Pages JSP,2.E.7.h,Web platform development software,N,N,4,261212,Web Developer,98.0
15-1254.00,Web Developers,Oracle JD Edwards EnterpriseOne,2.E.2.b,Enterprise resource planning ERP software,N,N,4,261212,Web Developer,98.0
15-1254.00,Web Developers,Oracle JDBC,2.E.6.f,Data base user interface and query software,N,N,4,261212,Web Developer,98.0
15-1254.00,Web Developers,Oracle Solaris,2.E.13.c,Operating system software,N,N,4,261212,Web Developer,98.0
15-1254.00,Web Developers,Oracle WebLogic Server,2.E.10.a,Application server software,N,N,4,261212,Web Developer,98.0
15-1254.00,Web Developers,Perforce Helix software,2.E.7.a,Configuration management software,N,N,4,261212,Web Developer,98.0
15-1254.00,Web Developers,PhantomJS,2.E.7.h,Web platform development software,N,N,4,261212,Web Developer,98.0
15-1254.00,Web Developers,Qlik Tech QlikView,2.E.6.m,Business intelligence and data analysis software,N,N,4,261212,Web Developer,98.0
15-1254.00,Web Developers,Quest Erwin Data Modeler,2.E.6.i,Metadata management software,N,N,4,261212,Web Developer,98.0
15-1254.00,Web Developers,React Redux,2.E.7.h,Web platform development software,N,N,4,261212,Web Developer,98.0
15-1254.00,Web Developers,Red Hat WildFly,2.E.10.a,Application server software,N,N,4,261212,Web Developer,98.0
15-1254.00,Web Developers,Relational database management software,2.E.6.d,Data base management system software,N,N,4,261212,Web Developer,98.0
15-1254.00,Web Developers,Relational database management system software,2.E.6.d,Data base management system software,N,N,4,261212,Web Developer,98.0
15-1254.00,Web Developers,RequireJS,2.E.7.h,Web platform development software,N,N,4,261212,Web Developer,98.0
15-1254.00,Web Developers,Ruby on Rails,2.E.7.h,Web platform development software,N,N,4,261212,Web Developer,98.0
15-1254.00,Web Developers,Salesforce Visualforce,2.E.7.d,Graphical user interface development software,N,N,4,261212,Web Developer,98.0
15-1254.00,Web Developers,SAP Business Objects,2.E.2.b,Enterprise resource planning ERP software,N,N,4,261212,Web Developer,98.0
15-1254.00,Web Developers,SAP Crystal Reports,2.E.6.e,Data base reporting software,N,N,4,261212,Web Developer,98.0
15-1254.00,Web Developers,Screencast-O-Matic,2.E.4.c,Video creation and editing software,N,N,4,261212,Web Developer,98.0
15-1254.00,Web Developers,Screencastify,2.E.4.c,Video creation and editing software,N,N,4,261212,Web Developer,98.0
15-1254.00,Web Developers,Sitecore CMS,2.E.5.a,Content workflow software,N,N,4,261212,Web Developer,98.0
15-1254.00,Web Developers,Skype,2.E.10.b,Desktop communications software,N,N,4,261212,Web Developer,98.0
15-1254.00,Web Developers,SmugMug Flickr,2.E.4.b,Graphics or photo imaging software,N,N,4,261212,Web Developer,98.0
15-1254.00,Web Developers,Social media sites,2.E.4.g,Web page creation and editing software,N,N,4,261212,Web Developer,98.0
15-1254.00,Web Developers,Syntactically awesome style sheets SASS,2.E.7.h,Web platform development software,N,N,4,261212,Web Developer,98.0
15-1254.00,Web Developers,Travis,2.E.7.f,Program testing software,N,N,4,261212,Web Developer,98.0
15-1254.00,Web Developers,Ubuntu,2.E.13.c,Operating system software,N,N,4,261212,Web Developer,98.0
15-1254.00,Web Developers,Unified modeling language UML,2.E.7.g,Requirements analysis and system architecture software,N,N,4,261212,Web Developer,98.0
15-1254.00,Web Developers,Web content management system CMS software,2.E.4.g,Web page creation and editing software,N,N,4,261212,Web Developer,98.0
15-1254.00,Web Developers,webpack,2.E.7.h,Web platform development software,N,N,4,261212,Web Developer,98.0
15-1254.00,Web Developers,Wireshark,2.E.11.a,Network monitoring software,N,N,4,261212,Web Developer,98.0
15-1254.00,Web Developers,YouTube,2.E.4.c,Video creation and editing software,N,N,4,261212,Web Developer,98.0
15-1254.00,Web Developers,Zend Framework,2.E.7.h,Web platform development software,N,N,4,261212,Web Developer,98.0
15-1255.00,Web and Digital Interface Designers,3M Post-it App,2.E.4.d,Word processing software,N,N,4,261212,Web Developer,85.0
15-1255.00,Web and Digital Interface Designers,Adobe ActionScript,2.E.7.b,Development environment software,N,N,4,261212,Web Developer,85.0
15-1255.00,Web and Digital Interface Designers,Adobe Dreamweaver,2.E.4.g,Web page creation and editing software,N,N,4,261212,Web Developer,85.0
15-1255.00,Web and Digital Interface Designers,Adobe Flex,2.E.7.h,Web platform development software,N,N,4,261212,Web Developer,85.0
15-1255.00,Web and Digital Interface Designers,Advanced business application programming ABAP,2.E.7.e,Object or component oriented development software,N,N,4,261212,Web Developer,85.0
15-1255.00,Web and Digital Interface Designers,Airtable,2.E.6.f,Data base user interface and query software,N,N,4,261212,Web Developer,85.0
15-1255.00,Web and Digital Interface Designers,Amazon Kinesis,2.E.6.d,Data base management system software,N,N,4,261212,Web Developer,85.0
15-1255.00,Web and Digital Interface Designers,Amazon Simple Storage Service S3,2.E.12.f,Storage networking software,N,N,4,261212,Web Developer,85.0
15-1255.00,Web and Digital Interface Designers,Apache Ant,2.E.7.b,Development environment software,N,N,4,261212,Web Developer,85.0
15-1255.00,Web and Digital Interface Designers,Apache Groovy,2.E.7.e,Object or component oriented development software,N,N,4,261212,Web Developer,85.0
15-1255.00,Web and Digital Interface Designers,Apache HTTP Server,2.E.6.k,Portal server software,N,N,4,261212,Web Developer,85.0
15-1255.00,Web and Digital Interface Designers,Apache Pig,2.E.6.d,Data base management system software,N,N,4,261212,Web Developer,85.0
15-1255.00,Web and Digital Interface Designers,Apache Solr,2.E.6.d,Data base management system software,N,N,4,261212,Web Developer,85.0
15-1255.00,Web and Digital Interface Designers,Apache Struts,2.E.7.h,Web platform development software,N,N,4,261212,Web Developer,85.0
15-1255.00,Web and Digital Interface Designers,Apple Cocoa,2.E.7.e,Object or component oriented development software,N,N,4,261212,Web Developer,85.0
15-1255.00,Web and Digital Interface Designers,Apple Keynote,2.E.4.f,Presentation software,N,N,4,261212,Web Developer,85.0
15-1255.00,Web and Digital Interface Designers,Atlassian Bamboo,2.E.7.c,Enterprise application integration software,N,N,4,261212,Web Developer,85.0
15-1255.00,Web and Digital Interface Designers,Axure RP,2.E.4.g,Web page creation and editing software,N,N,4,261212,Web Developer,85.0
15-1255.00,Web and Digital Interface Designers,Backbone.js,2.E.7.h,Web platform development software,N,N,4,261212,Web Developer,85.0
15-1255.00,Web and Digital Interface Designers,Blackboard software,2.E.6.f,Data base user interface and query software,N,N,4,261212,Web Developer,85.0
15-1255.00,Web and Digital Interface Designers,Blink,2.E.16.d,Instant messaging software,N,N,4,261212,Web Developer,85.0
15-1255.00,Web and Digital Interface Designers,Chatbot software,2.E.9.g,Industrial control software,N,N,4,261212,Web Developer,85.0
15-1255.00,Web and Digital Interface Designers,Common business oriented language COBOL,2.E.7.b,Development environment software,N,N,4,261212,Web Developer,85.0
15-1255.00,Web and Digital Interface Designers,Common gateway interface CGI,2.E.7.c,Enterprise application integration software,N,N,4,261212,Web Developer,85.0
15-1255.00,Web and Digital Interface Designers,Customer information control system CICS,2.E.6.l,Transaction server software,N,N,4,261212,Web Developer,85.0
15-1255.00,Web and Digital Interface Designers,Delphi Technology,2.E.2.d,Financial analysis software,N,N,4,261212,Web Developer,85.0
15-1255.00,Web and Digital Interface Designers,Dropbox,2.E.16.i,Cloud-based data access and sharing software,N,N,4,261212,Web Developer,85.0
15-1255.00,Web and Digital Interface Designers,Drupal,2.E.7.h,Web platform development software,N,N,4,261212,Web Developer,85.0
15-1255.00,Web and Digital Interface Designers,Dynamic hypertext markup language DHTML,2.E.7.h,Web platform development software,N,N,4,261212,Web Developer,85.0
15-1255.00,Web and Digital Interface Designers,Enterprise JavaBeans,2.E.7.h,Web platform development software,N,N,4,261212,Web Developer,85.0
15-1255.00,Web and Digital Interface Designers,Evernote,2.E.4.d,Word processing software,N,N,4,261212,Web Developer,85.0
15-1255.00,Web and Digital Interface Designers,Ext JS,2.E.7.h,Web platform development software,N,N,4,261212,Web Developer,85.0
15-1255.00,Web and Digital Interface Designers,Extensible hypertext markup language XHTML,2.E.7.h,Web platform development software,N,N,4,261212,Web Developer,85.0
15-1255.00,Web and Digital Interface Designers,Extensible stylesheet language transformations XSLT,2.E.7.h,Web platform development software,N,N,4,261212,Web Developer,85.0
15-1255.00,Web and Digital Interface Designers,Extensible stylesheet language XSL,2.E.7.c,Enterprise application integration software,N,N,4,261212,Web Developer,85.0
15-1255.00,Web and Digital Interface Designers,FileMaker Pro,2.E.6.f,Data base user interface and query software,N,N,4,261212,Web Developer,85.0
15-1255.00,Web and Digital Interface Designers,FlexBox,2.E.7.h,Web platform development software,N,N,4,261212,Web Developer,85.0
15-1255.00,Web and Digital Interface Designers,Flipgrid,2.E.4.c,Video creation and editing software,N,N,4,261212,Web Developer,85.0
15-1255.00,Web and Digital Interface Designers,Google Ads,2.E.1.l,Sales and marketing software,N,N,4,261212,Web Developer,85.0
15-1255.00,Web and Digital Interface Designers,Google Drive,2.E.16.i,Cloud-based data access and sharing software,N,N,4,261212,Web Developer,85.0
15-1255.00,Web and Digital Interface Designers,Google Meet,2.E.16.b,Video conferencing software,N,N,4,261212,Web Developer,85.0
15-1255.00,Web and Digital Interface Designers,Google Sites,2.E.4.g,Web page creation and editing software,N,N,4,261212,Web Developer,85.0
15-1255.00,Web and Digital Interface Designers,Google Slides,2.E.4.f,Presentation software,N,N,4,261212,Web Developer,85.0
15-1255.00,Web and Digital Interface Designers,HashiCorp Vagrant,2.E.7.h,Web platform development software,N,N,4,261212,Web Developer,85.0
15-1255.00,Web and Digital Interface Designers,Hewlett Packard HP-UX,2.E.13.c,Operating system software,N,N,4,261212,Web Developer,85.0
15-1255.00,Web and Digital Interface Designers,Hewlett Packard LoadRunner,2.E.7.f,Program testing software,N,N,4,261212,Web Developer,85.0
15-1255.00,Web and Digital Interface Designers,IBM Cognos Impromptu,2.E.6.m,Business intelligence and data analysis software,N,N,4,261212,Web Developer,85.0
15-1255.00,Web and Digital Interface Designers,IBM Domino,2.E.12.b,Communications server software,N,N,4,261212,Web Developer,85.0
15-1255.00,Web and Digital Interface Designers,IBM Informix,2.E.6.f,Data base user interface and query software,N,N,4,261212,Web Developer,85.0
15-1255.00,Web and Digital Interface Designers,IBM InfoSphere DataStage,2.E.7.c,Enterprise application integration software,N,N,4,261212,Web Developer,85.0
15-1255.00,Web and Digital Interface Designers,IBM Notes,2.E.16.a,Electronic mail software,N,N,4,261212,Web Developer,85.0
15-1255.00,Web and Digital Interface Designers,IBM Power Systems software,2.E.17.a,Enterprise system management software,N,N,4,261212,Web Developer,85.0
15-1255.00,Web and Digital Interface Designers,IBM Rational Rose XDE,2.E.7.b,Development environment software,N,N,4,261212,Web Developer,85.0
15-1255.00,Web and Digital Interface Designers,IBM WebSphere,2.E.11.e,Cloud-based management software,N,N,4,261212,Web Developer,85.0
15-1255.00,Web and Digital Interface Designers,Integrated development environment IDE software,2.E.7.b,Development environment software,N,N,4,261212,Web Developer,85.0
15-1255.00,Web and Digital Interface Designers,InVision software,2.E.1.p,Process mapping and design software,N,N,4,261212,Web Developer,85.0
15-1255.00,Web and Digital Interface Designers,JamBoard,2.E.4.b,Graphics or photo imaging software,N,N,4,261212,Web Developer,85.0
15-1255.00,Web and Digital Interface Designers,Jekyll,2.E.7.h,Web platform development software,N,N,4,261212,Web Developer,85.0
15-1255.00,Web and Digital Interface Designers,JetBrains PhpStorm,2.E.7.h,Web platform development software,N,N,4,261212,Web Developer,85.0
15-1255.00,Web and Digital Interface Designers,Job control language JCL,2.E.13.c,Operating system software,N,N,4,261212,Web Developer,85.0
15-1255.00,Web and Digital Interface Designers,Jupyter Notebook,2.E.7.e,Object or component oriented development software,N,N,4,261212,Web Developer,85.0
15-1255.00,Web and Digital Interface Designers,Kapwing,2.E.4.c,Video creation and editing software,N,N,4,261212,Web Developer,85.0
15-1255.00,Web and Digital Interface Designers,KornShell,2.E.13.c,Operating system software,N,N,4,261212,Web Developer,85.0
15-1255.00,Web and Digital Interface Designers,LAMP Stack,2.E.7.h,Web platform development software,N,N,4,261212,Web Developer,85.0
15-1255.00,Web and Digital Interface Designers,MarkLogic,2.E.6.f,Data base user interface and query software,N,N,4,261212,Web Developer,85.0
15-1255.00,Web and Digital Interface Designers,MeteorJS,2.E.7.h,Web platform development software,N,N,4,261212,Web Developer,85.0
15-1255.00,Web and Digital Interface Designers,Microsoft ActiveX,2.E.7.e,Object or component oriented development software,N,N,4,261212,Web Developer,85.0
15-1255.00,Web and Digital Interface Designers,Microsoft ASP.NET Core MVC,2.E.7.h,Web platform development software,N,N,4,261212,Web Developer,85.0
15-1255.00,Web and Digital Interface Designers,Microsoft Commerce Server,2.E.7.h,Web platform development software,N,N,4,261212,Web Developer,85.0
15-1255.00,Web and Digital Interface Designers,Microsoft Dynamics,2.E.2.b,Enterprise resource planning ERP software,N,N,4,261212,Web Developer,85.0
15-1255.00,Web and Digital Interface Designers,Microsoft Internet Information Services (IIS),2.E.6.l,Transaction server software,N,N,4,261212,Web Developer,85.0
15-1255.00,Web and Digital Interface Designers,Microsoft Publisher,2.E.4.k,Desktop publishing software,N,N,4,261212,Web Developer,85.0
15-1255.00,Web and Digital Interface Designers,Microsoft Visual Basic Scripting Edition VBScript,2.E.7.b,Development environment software,N,N,4,261212,Web Developer,85.0
15-1255.00,Web and Digital Interface Designers,Microsoft Visual Basic.NET,2.E.7.e,Object or component oriented development software,N,N,4,261212,Web Developer,85.0
15-1255.00,Web and Digital Interface Designers,Microsoft Visual C# .NET,2.E.7.e,Object or component oriented development software,N,N,4,261212,Web Developer,85.0
15-1255.00,Web and Digital Interface Designers,Microsoft Visual InterDev,2.E.7.h,Web platform development software,N,N,4,261212,Web Developer,85.0
15-1255.00,Web and Digital Interface Designers,Microsoft Visual SourceSafe,2.E.7.b,Development environment software,N,N,4,261212,Web Developer,85.0
15-1255.00,Web and Digital Interface Designers,MicroStrategy,2.E.6.m,Business intelligence and data analysis software,N,N,4,261212,Web Developer,85.0
15-1255.00,Web and Digital Interface Designers,Moodle,2.E.8.b,Computer based training software,N,N,4,261212,Web Developer,85.0
15-1255.00,Web and Digital Interface Designers,Nagios,2.E.11.a,Network monitoring software,N,N,4,261212,Web Developer,85.0
15-1255.00,Web and Digital Interface Designers,Nearpod,2.E.8.e,Multi-media educational software,N,N,4,261212,Web Developer,85.0
15-1255.00,Web and Digital Interface Designers,NetSuite ERP,2.E.2.b,Enterprise resource planning ERP software,N,N,4,261212,Web Developer,85.0
15-1255.00,Web and Digital Interface Designers,NortonLifeLock cybersecurity software,2.E.14.d,Transaction security and virus protection software,N,N,4,261212,Web Developer,85.0
15-1255.00,Web and Digital Interface Designers,Nunjucks,2.E.7.h,Web platform development software,N,N,4,261212,Web Developer,85.0
15-1255.00,Web and Digital Interface Designers,Objective C,2.E.7.e,Object or component oriented development software,N,N,4,261212,Web Developer,85.0
15-1255.00,Web and Digital Interface Designers,Oracle Business Intelligence Enterprise Edition,2.E.6.m,Business intelligence and data analysis software,N,N,4,261212,Web Developer,85.0
15-1255.00,Web and Digital Interface Designers,Oracle Eloqua,2.E.6.c,Customer relationship management CRM software,N,N,4,261212,Web Developer,85.0
15-1255.00,Web and Digital Interface Designers,Oracle Fusion Applications,2.E.2.b,Enterprise resource planning ERP software,N,N,4,261212,Web Developer,85.0
15-1255.00,Web and Digital Interface Designers,Oracle Fusion Middleware,2.E.7.c,Enterprise application integration software,N,N,4,261212,Web Developer,85.0
15-1255.00,Web and Digital Interface Designers,Oracle Hyperion,2.E.2.b,Enterprise resource planning ERP software,N,N,4,261212,Web Developer,85.0
15-1255.00,Web and Digital Interface Designers,Oracle JavaServer Pages JSP,2.E.7.h,Web platform development software,N,N,4,261212,Web Developer,85.0
15-1255.00,Web and Digital Interface Designers,Oracle JD Edwards EnterpriseOne,2.E.2.b,Enterprise resource planning ERP software,N,N,4,261212,Web Developer,85.0
15-1255.00,Web and Digital Interface Designers,Oracle JDBC,2.E.6.f,Data base user interface and query software,N,N,4,261212,Web Developer,85.0
15-1255.00,Web and Digital Interface Designers,Oracle Solaris,2.E.13.c,Operating system software,N,N,4,261212,Web Developer,85.0
15-1255.00,Web and Digital Interface Designers,Oracle WebLogic Server,2.E.10.a,Application server software,N,N,4,261212,Web Developer,85.0
15-1255.00,Web and Digital Interface Designers,Perforce Helix software,2.E.7.a,Configuration management software,N,N,4,261212,Web Developer,85.0
15-1255.00,Web and Digital Interface Designers,PhantomJS,2.E.7.h,Web platform development software,N,N,4,261212,Web Developer,85.0
15-1255.00,Web and Digital Interface Designers,Qlik Tech QlikView,2.E.6.m,Business intelligence and data analysis software,N,N,4,261212,Web Developer,85.0
15-1255.00,Web and Digital Interface Designers,Quest Erwin Data Modeler,2.E.6.i,Metadata management software,N,N,4,261212,Web Developer,85.0
15-1255.00,Web and Digital Interface Designers,Red Hat WildFly,2.E.10.a,Application server software,N,N,4,261212,Web Developer,85.0
15-1255.00,Web and Digital Interface Designers,Relational database management software,2.E.6.d,Data base management system software,N,N,4,261212,Web Developer,85.0
15-1255.00,Web and Digital Interface Designers,RequireJS,2.E.7.h,Web platform development software,N,N,4,261212,Web Developer,85.0
15-1255.00,Web and Digital Interface Designers,Ruby on Rails,2.E.7.h,Web platform development software,N,N,4,261212,Web Developer,85.0
15-1255.00,Web and Digital Interface Designers,Salesforce Visualforce,2.E.7.d,Graphical user interface development software,N,N,4,261212,Web Developer,85.0
15-1255.00,Web and Digital Interface Designers,SAP Business Objects,2.E.2.b,Enterprise resource planning ERP software,N,N,4,261212,Web Developer,85.0
15-1255.00,Web and Digital Interface Designers,SAP Crystal Reports,2.E.6.e,Data base reporting software,N,N,4,261212,Web Developer,85.0
15-1255.00,Web and Digital Interface Designers,Screencast-O-Matic,2.E.4.c,Video creation and editing software,N,N,4,261212,Web Developer,85.0
15-1255.00,Web and Digital Interface Designers,Screencastify,2.E.4.c,Video creation and editing software,N,N,4,261212,Web Developer,85.0
15-1255.00,Web and Digital Interface Designers,Sitecore CMS,2.E.5.a,Content workflow software,N,N,4,261212,Web Developer,85.0
15-1255.00,Web and Digital Interface Designers,Skype,2.E.10.b,Desktop communications software,N,N,4,261212,Web Developer,85.0
15-1255.00,Web and Digital Interface Designers,SmugMug Flickr,2.E.4.b,Graphics or photo imaging software,N,N,4,261212,Web Developer,85.0
15-1255.00,Web and Digital Interface Designers,Social media sites,2.E.4.g,Web page creation and editing software,N,N,4,261212,Web Developer,85.0
15-1255.00,Web and Digital Interface Designers,Travis,2.E.7.f,Program testing software,N,N,4,261212,Web Developer,85.0
15-1255.00,Web and Digital Interface Designers,Ubuntu,2.E.13.c,Operating system software,N,N,4,261212,Web Developer,85.0
15-1255.00,Web and Digital Interface Designers,Unified modeling language UML,2.E.7.g,Requirements analysis and system architecture software,N,N,4,261212,Web Developer,85.0
15-1255.00,Web and Digital Interface Designers,UserZoom,2.E.7.f,Program testing software,N,N,4,261212,Web Developer,85.0
15-1255.00,Web and Digital Interface Designers,WeVideo,2.E.4.c,Video creation and editing software,N,N,4,261212,Web Developer,85.0
15-1255.00,Web and Digital Interface Designers,Wireshark,2.E.11.a,Network monitoring software,N,N,4,261212,Web Developer,85.0
15-1255.00,Web and Digital Interface Designers,YouTube,2.E.4.c,Video creation and editing software,N,N,4,261212,Web Developer,85.0
15-1255.00,Web and Digital Interface Designers,Zend Framework,2.E.7.h,Web platform development software,N,N,4,261212,Web Developer,85.0
15-1251.00,Computer Programmers,C#,2.E.7.e,Object or component oriented development software,Y,Y,1,261312,Developer Programmer,94.5
15-1251.00,Computer Programmers,C++,2.E.7.e,Object or component oriented development software,Y,Y,1,261312,Developer Programmer,94.5
15-1251.00,Computer Programmers,Cascading style sheets CSS,2.E.7.h,Web platform development software,Y,Y,1,261312,Developer Programmer,94.5
15-1251.00,Computer Programmers,Extensible markup language XML,2.E.7.c,Enterprise application integration software,Y,Y,1,261312,Developer Programmer,94.5
15-1251.00,Computer Programmers,Git,2.E.5.c,File versioning software,Y,Y,1,261312,Developer Programmer,94.5
15-1251.00,Computer Programmers,Hypertext markup language HTML,2.E.7.h,Web platform development software,Y,Y,1,261312,Developer Programmer,94.5
15-1251.00,Computer Programmers,JavaScript,2.E.7.h,Web platform development software,Y,Y,1,261312,Developer Programmer,94.5
15-1251.00,Computer Programmers,Linux,2.E.13.c,Operating system software,Y,Y,1,261312,Developer Programmer,94.5
15-1251.00,Computer Programmers,Microsoft Azure software,2.E.7.b,Development environment software,Y,Y,1,261312,Developer Programmer,94.5
15-1251.00,Computer Programmers,Microsoft Excel,2.E.4.i,Spreadsheet software,Y,Y,1,261312,Developer Programmer,94.5
15-1251.00,Computer Programmers,Microsoft Office software,2.E.1.k,Office suite software,Y,Y,1,261312,Developer Programmer,94.5
15-1251.00,Computer Programmers,Microsoft PowerPoint,2.E.4.f,Presentation software,Y,Y,1,261312,Developer Programmer,94.5
15-1251.00,Computer Programmers,Microsoft SQL Server,2.E.6.f,Data base user interface and query software,Y,Y,1,261312,Developer Programmer,94.5
15-1251.00,Computer Programmers,Microsoft Visual Studio,2.E.7.b,Development environment software,Y,Y,1,261312,Developer Programmer,94.5
15-1251.00,Computer Programmers,Oracle Java,2.E.7.e,Object or component oriented development software,Y,Y,1,261312,Developer Programmer,94.5
15-1251.00,Computer Programmers,Python,2.E.7.e,Object or component oriented development software,Y,Y,1,261312,Developer Programmer,94.5
15-1251.00,Computer Programmers,R,2.E.7.e,Object or component oriented development software,Y,Y,1,261312,Developer Programmer,94.5
15-1251.00,Computer Programmers,SAS,2.E.9.d,Analytical or scientific software,Y,Y,1,261312,Developer Programmer,94.5
15-1251.00,Computer Programmers,Structured query language SQL,2.E.6.f,Data base user interface and query software,Y,Y,1,261312,Developer Programmer,94.5
15-1251.00,Computer Programmers,Adobe Acrobat,2.E.5.b,Document management software,Y,N,3,261312,Developer Programmer,94.5
15-1251.00,Computer Programmers,Adobe Illustrator,2.E.4.b,Graphics or photo imaging software,Y,N,3,261312,Developer Programmer,94.5
15-1251.00,Computer Programmers,Adobe Photoshop,2.E.4.b,Graphics or photo imaging software,Y,N,3,261312,Developer Programmer,94.5
15-1251.00,Computer Programmers,AJAX,2.E.7.h,Web platform development software,Y,N,3,261312,Developer Programmer,94.5
15-1251.00,Computer Programmers,Amazon DynamoDB,2.E.6.d,Data base management system software,Y,N,3,261312,Developer Programmer,94.5
15-1251.00,Computer Programmers,Amazon Elastic Compute Cloud EC2,2.E.6.f,Data base user interface and query software,Y,N,3,261312,Developer Programmer,94.5
15-1251.00,Computer Programmers,Amazon Redshift,2.E.6.f,Data base user interface and query software,Y,N,3,261312,Developer Programmer,94.5
15-1251.00,Computer Programmers,Amazon Web Services AWS CloudFormation,2.E.11.e,Cloud-based management software,Y,N,3,261312,Developer Programmer,94.5
15-1251.00,Computer Programmers,Amazon Web Services AWS software,2.E.6.f,Data base user interface and query software,Y,N,3,261312,Developer Programmer,94.5
15-1251.00,Computer Programmers,Ansible software,2.E.1.i,Expert system software,Y,N,3,261312,Developer Programmer,94.5
15-1251.00,Computer Programmers,Apache Cassandra,2.E.6.d,Data base management system software,Y,N,3,261312,Developer Programmer,94.5
15-1251.00,Computer Programmers,Apache Hadoop,2.E.6.d,Data base management system software,Y,N,3,261312,Developer Programmer,94.5
15-1251.00,Computer Programmers,Apache Hive,2.E.6.f,Data base user interface and query software,Y,N,3,261312,Developer Programmer,94.5
15-1251.00,Computer Programmers,Apache Kafka,2.E.7.b,Development environment software,Y,N,3,261312,Developer Programmer,94.5
15-1251.00,Computer Programmers,Apache Maven,2.E.7.b,Development environment software,Y,N,3,261312,Developer Programmer,94.5
15-1251.00,Computer Programmers,Apache Spark,2.E.7.e,Object or component oriented development software,Y,N,3,261312,Developer Programmer,94.5
15-1251.00,Computer Programmers,Apache Subversion SVN,2.E.5.c,File versioning software,Y,N,3,261312,Developer Programmer,94.5
15-1251.00,Computer Programmers,Apache Tomcat,2.E.7.h,Web platform development software,Y,N,3,261312,Developer Programmer,94.5
15-1251.00,Computer Programmers,Atlassian Confluence,2.E.1.e,Project management software,Y,N,3,261312,Developer Programmer,94.5
15-1251.00,Computer Programmers,Atlassian JIRA,2.E.5.a,Content workflow software,Y,N,3,261312,Developer Programmer,94.5
15-1251.00,Computer Programmers,Bash,2.E.13.c,Operating system software,Y,N,3,261312,Developer Programmer,94.5
15-1251.00,Computer Programmers,Bentley MicroStation,2.E.9.c,Computer aided design CAD software,Y,N,3,261312,Developer Programmer,94.5
15-1251.00,Computer Programmers,C,2.E.7.b,Development environment software,Y,N,3,261312,Developer Programmer,94.5
15-1251.00,Computer Programmers,Chef,2.E.7.a,Configuration management software,Y,N,3,261312,Developer Programmer,94.5
15-1251.00,Computer Programmers,Django,2.E.7.h,Web platform development software,Y,N,3,261312,Developer Programmer,94.5
15-1251.00,Computer Programmers,Docker,2.E.10.a,Application server software,Y,N,3,261312,Developer Programmer,94.5
15-1251.00,Computer Programmers,Eclipse IDE,2.E.7.b,Development environment software,Y,N,3,261312,Developer Programmer,94.5
15-1251.00,Computer Programmers,Elasticsearch,2.E.6.d,Data base management system software,Y,N,3,261312,Developer Programmer,94.5
15-1251.00,Computer Programmers,Epic Systems,2.E.9.i,Medical software,Y,N,3,261312,Developer Programmer,94.5
15-1251.00,Computer Programmers,ESRI ArcGIS software,2.E.8.h,Geographic information system,Y,N,3,261312,Developer Programmer,94.5
15-1251.00,Computer Programmers,GitHub,2.E.10.a,Application server software,Y,N,3,261312,Developer Programmer,94.5
15-1251.00,Computer Programmers,Go,2.E.7.b,Development environment software,Y,N,3,261312,Developer Programmer,94.5
15-1251.00,Computer Programmers,Google Analytics,2.E.6.g,Data mining software,Y,N,3,261312,Developer Programmer,94.5
15-1251.00,Computer Programmers,Google Angular,2.E.7.h,Web platform development software,Y,N,3,261312,Developer Programmer,94.5
15-1251.00,Computer Programmers,Hibernate ORM,2.E.6.j,Object oriented data base management software,Y,N,3,261312,Developer Programmer,94.5
15-1251.00,Computer Programmers,IBM DB2,2.E.6.f,Data base user interface and query software,Y,N,3,261312,Developer Programmer,94.5
15-1251.00,Computer Programmers,IBM SPSS Statistics,2.E.9.d,Analytical or scientific software,Y,N,3,261312,Developer Programmer,94.5
15-1251.00,Computer Programmers,JavaScript Object Notation JSON,2.E.7.h,Web platform development software,Y,N,3,261312,Developer Programmer,94.5
15-1251.00,Computer Programmers,jQuery,2.E.7.e,Object or component oriented development software,Y,N,3,261312,Developer Programmer,94.5
15-1251.00,Computer Programmers,JUnit,2.E.7.f,Program testing software,Y,N,3,261312,Developer Programmer,94.5
15-1251.00,Computer Programmers,Microsoft .NET Framework,2.E.7.b,Development environment software,Y,N,3,261312,Developer Programmer,94.5
15-1251.00,Computer Programmers,Microsoft Access,2.E.6.f,Data base user interface and query software,Y,N,3,261312,Developer Programmer,94.5
15-1251.00,Computer Programmers,Microsoft Active Server Pages ASP,2.E.7.h,Web platform development software,Y,N,3,261312,Developer Programmer,94.5
15-1251.00,Computer Programmers,Microsoft ASP.NET,2.E.7.h,Web platform development software,Y,N,3,261312,Developer Programmer,94.5
15-1251.00,Computer Programmers,Microsoft PowerShell,2.E.7.b,Development environment software,Y,N,3,261312,Developer Programmer,94.5
15-1251.00,Computer Programmers,Microsoft Project,2.E.1.e,Project management software,Y,N,3,261312,Developer Programmer,94.5
15-1251.00,Computer Programmers,Microsoft SharePoint,2.E.5.b,Document management software,Y,N,3,261312,Developer Programmer,94.5
15-1251.00,Computer Programmers,Microsoft SQL Server Integration Services SSIS,2.E.7.c,Enterprise application integration software,Y,N,3,261312,Developer Programmer,94.5
15-1251.00,Computer Programmers,Microsoft SQL Server Reporting Services SSRS,2.E.6.e,Data base reporting software,Y,N,3,261312,Developer Programmer,94.5
15-1251.00,Computer Programmers,Microsoft Visio,2.E.1.p,Process mapping and design software,Y,N,3,261312,Developer Programmer,94.5
15-1251.00,Computer Programmers,Microsoft Visual Basic,2.E.7.b,Development environment software,Y,N,3,261312,Developer Programmer,94.5
15-1251.00,Computer Programmers,Microsoft Visual Basic for Applications VBA,2.E.7.b,Development environment software,Y,N,3,261312,Developer Programmer,94.5
15-1251.00,Computer Programmers,Microsoft Windows,2.E.13.c,Operating system software,Y,N,3,261312,Developer Programmer,94.5
15-1251.00,Computer Programmers,Microsoft Windows Server,2.E.13.c,Operating system software,Y,N,3,261312,Developer Programmer,94.5
15-1251.00,Computer Programmers,Microsoft Word,2.E.4.d,Word processing software,Y,N,3,261312,Developer Programmer,94.5
15-1251.00,Computer Programmers,MongoDB,2.E.6.d,Data base management system software,Y,N,3,261312,Developer Programmer,94.5
15-1251.00,Computer Programmers,MySQL,2.E.6.d,Data base management system software,Y,N,3,261312,Developer Programmer,94.5
15-1251.00,Computer Programmers,Node.js,2.E.7.h,Web platform development software,Y,N,3,261312,Developer Programmer,94.5
15-1251.00,Computer Programmers,NoSQL,2.E.6.d,Data base management system software,Y,N,3,261312,Developer Programmer,94.5
15-1251.00,Computer Programmers,Oracle Database,2.E.6.f,Data base user interface and query software,Y,N,3,261312,Developer Programmer,94.5
15-1251.00,Computer Programmers,Oracle PeopleSoft,2.E.2.b,Enterprise resource planning ERP software,Y,N,3,261312,Developer Programmer,94.5
15-1251.00,Computer Programmers,Oracle PL/SQL,2.E.6.d,Data base management system software,Y,N,3,261312,Developer Programmer,94.5
15-1251.00,Computer Programmers,Perl,2.E.7.e,Object or component oriented development software,Y,N,3,261312,Developer Programmer,94.5
15-1251.00,Computer Programmers,PHP,2.E.7.h,Web platform development software,Y,N,3,261312,Developer Programmer,94.5
15-1251.00,Computer Programmers,PostgreSQL,2.E.6.j,Object oriented data base management software,Y,N,3,261312,Developer Programmer,94.5
15-1251.00,Computer Programmers,Puppet,2.E.7.a,Configuration management software,Y,N,3,261312,Developer Programmer,94.5
15-1251.00,Computer Programmers,React,2.E.7.h,Web platform development software,Y,N,3,261312,Developer Programmer,94.5
15-1251.00,Computer Programmers,Red Hat Enterprise Linux,2.E.13.c,Operating system software,Y,N,3,261312,Developer Programmer,94.5
15-1251.00,Computer Programmers,Red Hat OpenShift,2.E.10.a,Application server software,Y,N,3,261312,Developer Programmer,94.5
15-1251.00,Computer Programmers,Ruby,2.E.7.b,Development environment software,Y,N,3,261312,Developer Programmer,94.5
15-1251.00,Computer Programmers,SAP software,2.E.2.b,Enterprise resource planning ERP software,Y,N,3,261312,Developer Programmer,94.5
15-1251.00,Computer Programmers,Scala,2.E.7.e,Object or component oriented development software,Y,N,3,261312,Developer Programmer,94.5
15-1251.00,Computer Programmers,Selenium,2.E.7.f,Program testing software,Y,N,3,261312,Developer Programmer,94.5
15-1251.00,Computer Programmers,Shell script,2.E.13.c,Operating system software,Y,N,3,261312,Developer Programmer,94.5
15-1251.00,Computer Programmers,Splunk Enterprise,2.E.11.e,Cloud-based management software,Y,N,3,261312,Developer Programmer,94.5
15-1251.00,Computer Programmers,Spring Boot,2.E.10.a,Application server software,Y,N,3,261312,Developer Programmer,94.5
15-1251.00,Computer Programmers,Spring Framework,2.E.7.h,Web platform development software,Y,N,3,261312,Developer Programmer,94.5
15-1251.00,Computer Programmers,Swift,2.E.7.e,Object or component oriented development software,Y,N,3,261312,Developer Programmer,94.5
15-1251.00,Computer Programmers,Tableau,2.E.6.m,Business intelligence and data analysis software,Y,N,3,261312,Developer Programmer,94.5
15-1251.00,Computer Programmers,Teradata Database,2.E.6.d,Data base management system software,Y,N,3,261312,Developer Programmer,94.5
15-1251.00,Computer Programmers,The MathWorks MATLAB,2.E.9.d,Analytical or scientific software,Y,N,3,261312,Developer Programmer,94.5
15-1251.00,Computer Programmers,Transact-SQL,2.E.6.f,Data base user interface and query software,Y,N,3,261312,Developer Programmer,94.5
15-1251.00,Computer Programmers,UNIX,2.E.13.c,Operating system software,Y,N,3,261312,Developer Programmer,94.5
15-1251.00,Computer Programmers,UNIX Shell,2.E.13.c,Operating system software,Y,N,3,261312,Developer Programmer,94.5
15-1251.00,Computer Programmers,A programming language APL,2.E.7.b,Development environment software,N,N,4,261312,Developer Programmer,94.5
15-1251.00,Computer Programmers,ABC Compiler,2.E.7.b,Development environment software,N,N,4,261312,Developer Programmer,94.5
15-1251.00,Computer Programmers,ABC: the AspectBench Compiler for AspectJ,2.E.7.e,Object or component oriented development software,N,N,4,261312,Developer Programmer,94.5
15-1251.00,Computer Programmers,Ada,2.E.7.b,Development environment software,N,N,4,261312,Developer Programmer,94.5
15-1251.00,Computer Programmers,Adobe ActionScript,2.E.7.b,Development environment software,N,N,4,261312,Developer Programmer,94.5
15-1251.00,Computer Programmers,Adobe ColdFusion,2.E.7.h,Web platform development software,N,N,4,261312,Developer Programmer,94.5
15-1251.00,Computer Programmers,Adobe Dreamweaver,2.E.4.g,Web page creation and editing software,N,N,4,261312,Developer Programmer,94.5
15-1251.00,Computer Programmers,Adobe Flex,2.E.7.h,Web platform development software,N,N,4,261312,Developer Programmer,94.5
15-1251.00,Computer Programmers,Adobe PostScript,2.E.7.b,Development environment software,N,N,4,261312,Developer Programmer,94.5
15-1251.00,Computer Programmers,Advanced business application programming ABAP,2.E.7.e,Object or component oriented development software,N,N,4,261312,Developer Programmer,94.5
15-1251.00,Computer Programmers,Algorithmic language ALGOL,2.E.7.b,Development environment software,N,N,4,261312,Developer Programmer,94.5
15-1251.00,Computer Programmers,Amazon Kinesis,2.E.6.d,Data base management system software,N,N,4,261312,Developer Programmer,94.5
15-1251.00,Computer Programmers,Amazon Simple Storage Service S3,2.E.12.f,Storage networking software,N,N,4,261312,Developer Programmer,94.5
15-1251.00,Computer Programmers,American National Standards Institute ANSI C,2.E.7.b,Development environment software,N,N,4,261312,Developer Programmer,94.5
15-1251.00,Computer Programmers,Apache Ant,2.E.7.b,Development environment software,N,N,4,261312,Developer Programmer,94.5
15-1251.00,Computer Programmers,Apache Groovy,2.E.7.e,Object or component oriented development software,N,N,4,261312,Developer Programmer,94.5
15-1251.00,Computer Programmers,Apache HTTP Server,2.E.6.k,Portal server software,N,N,4,261312,Developer Programmer,94.5
15-1251.00,Computer Programmers,Apache Pig,2.E.6.d,Data base management system software,N,N,4,261312,Developer Programmer,94.5
15-1251.00,Computer Programmers,Apache Solr,2.E.6.d,Data base management system software,N,N,4,261312,Developer Programmer,94.5
15-1251.00,Computer Programmers,Apache Struts,2.E.7.h,Web platform development software,N,N,4,261312,Developer Programmer,94.5
15-1251.00,Computer Programmers,Atlassian Bamboo,2.E.7.c,Enterprise application integration software,N,N,4,261312,Developer Programmer,94.5
15-1251.00,Computer Programmers,AWK,2.E.7.b,Development environment software,N,N,4,261312,Developer Programmer,94.5
15-1251.00,Computer Programmers,B-Method,2.E.7.b,Development environment software,N,N,4,261312,Developer Programmer,94.5
15-1251.00,Computer Programmers,Backbone.js,2.E.7.h,Web platform development software,N,N,4,261312,Developer Programmer,94.5
15-1251.00,Computer Programmers,Basis BBx VisualPRO/5,2.E.7.d,Graphical user interface development software,N,N,4,261312,Developer Programmer,94.5
15-1251.00,Computer Programmers,Beginner's all-purpose symbolic instruction code BASIC,2.E.7.b,Development environment software,N,N,4,261312,Developer Programmer,94.5
15-1251.00,Computer Programmers,Bigloo Scheme,2.E.7.b,Development environment software,N,N,4,261312,Developer Programmer,94.5
15-1251.00,Computer Programmers,Bourne Shell,2.E.13.c,Operating system software,N,N,4,261312,Developer Programmer,94.5
15-1251.00,Computer Programmers,Call-processing language CPL,2.E.7.b,Development environment software,N,N,4,261312,Developer Programmer,94.5
15-1251.00,Computer Programmers,Canu,2.E.7.b,Development environment software,N,N,4,261312,Developer Programmer,94.5
15-1251.00,Computer Programmers,CAST SQL Builder,2.E.6.d,Data base management system software,N,N,4,261312,Developer Programmer,94.5
15-1251.00,Computer Programmers,Citrix cloud computing software,2.E.12.a,Access software,N,N,4,261312,Developer Programmer,94.5
15-1251.00,Computer Programmers,Clipper,2.E.7.b,Development environment software,N,N,4,261312,Developer Programmer,94.5
15-1251.00,Computer Programmers,Code generator software,2.E.7.i,Compiler and decompiler software,N,N,4,261312,Developer Programmer,94.5
15-1251.00,Computer Programmers,Code munger software,2.E.7.b,Development environment software,N,N,4,261312,Developer Programmer,94.5
15-1251.00,Computer Programmers,CoffeeCup The HTML Editor,2.E.4.g,Web page creation and editing software,N,N,4,261312,Developer Programmer,94.5
15-1251.00,Computer Programmers,Collaborative Application Markup Language CAML,2.E.7.e,Object or component oriented development software,N,N,4,261312,Developer Programmer,94.5
15-1251.00,Computer Programmers,Command interpreters,2.E.7.i,Compiler and decompiler software,N,N,4,261312,Developer Programmer,94.5
15-1251.00,Computer Programmers,Common business oriented language COBOL,2.E.7.b,Development environment software,N,N,4,261312,Developer Programmer,94.5
15-1251.00,Computer Programmers,Common Lisp Object System CLOS,2.E.7.e,Object or component oriented development software,N,N,4,261312,Developer Programmer,94.5
15-1251.00,Computer Programmers,Compilers,2.E.7.i,Compiler and decompiler software,N,N,4,261312,Developer Programmer,94.5
15-1251.00,Computer Programmers,Computer aided design and drafting CADD software,2.E.9.c,Computer aided design CAD software,N,N,4,261312,Developer Programmer,94.5
15-1251.00,Computer Programmers,Computer Associates integrated data management system CA-IDMS,2.E.6.d,Data base management system software,N,N,4,261312,Developer Programmer,94.5
15-1251.00,Computer Programmers,Computer On-line Real-time Applications Language CORAL 66,2.E.7.b,Development environment software,N,N,4,261312,Developer Programmer,94.5
15-1251.00,Computer Programmers,Corel CorelDraw Graphics Suite,2.E.4.b,Graphics or photo imaging software,N,N,4,261312,Developer Programmer,94.5
15-1251.00,Computer Programmers,Customer information control system CICS,2.E.6.l,Transaction server software,N,N,4,261312,Developer Programmer,94.5
15-1251.00,Computer Programmers,Dassault Systemes CATIA,2.E.9.c,Computer aided design CAD software,N,N,4,261312,Developer Programmer,94.5
15-1251.00,Computer Programmers,Data definition language DDL,2.E.6.d,Data base management system software,N,N,4,261312,Developer Programmer,94.5
15-1251.00,Computer Programmers,Data manipulation language DML,2.E.6.d,Data base management system software,N,N,4,261312,Developer Programmer,94.5
15-1251.00,Computer Programmers,dBASE Plus,2.E.6.f,Data base user interface and query software,N,N,4,261312,Developer Programmer,94.5
15-1251.00,Computer Programmers,Debugging software,2.E.7.f,Program testing software,N,N,4,261312,Developer Programmer,94.5
15-1251.00,Computer Programmers,Decompilers,2.E.7.i,Compiler and decompiler software,N,N,4,261312,Developer Programmer,94.5
15-1251.00,Computer Programmers,Delphi Technology,2.E.2.d,Financial analysis software,N,N,4,261312,Developer Programmer,94.5
15-1251.00,Computer Programmers,Drupal,2.E.7.h,Web platform development software,N,N,4,261312,Developer Programmer,94.5
15-1251.00,Computer Programmers,Dynamic hypertext markup language DHTML,2.E.7.h,Web platform development software,N,N,4,261312,Developer Programmer,94.5
15-1251.00,Computer Programmers,E++ pattern language,2.E.7.e,Object or component oriented development software,N,N,4,261312,Developer Programmer,94.5
15-1251.00,Computer Programmers,Eiffel,2.E.7.e,Object or component oriented development software,N,N,4,261312,Developer Programmer,94.5
15-1251.00,Computer Programmers,Embarcadero Delphi,2.E.7.e,Object or component oriented development software,N,N,4,261312,Developer Programmer,94.5
15-1251.00,Computer Programmers,Emerald Software Group Emerald Green Office,2.E.5.a,Content workflow software,N,N,4,261312,Developer Programmer,94.5
15-1251.00,Computer Programmers,Enterprise JavaBeans,2.E.7.h,Web platform development software,N,N,4,261312,Developer Programmer,94.5
15-1251.00,Computer Programmers,Event-driven State-machines Programming,2.E.7.b,Development environment software,N,N,4,261312,Developer Programmer,94.5
15-1251.00,Computer Programmers,Ext JS,2.E.7.h,Web platform development software,N,N,4,261312,Developer Programmer,94.5
15-1251.00,Computer Programmers,Extensible hypertext markup language XHTML,2.E.7.h,Web platform development software,N,N,4,261312,Developer Programmer,94.5
15-1251.00,Computer Programmers,Extensible stylesheet language XSL,2.E.7.c,Enterprise application integration software,N,N,4,261312,Developer Programmer,94.5
15-1251.00,Computer Programmers,FileMaker Pro,2.E.6.f,Data base user interface and query software,N,N,4,261312,Developer Programmer,94.5
15-1251.00,Computer Programmers,Formula translation/translator FORTRAN,2.E.7.b,Development environment software,N,N,4,261312,Developer Programmer,94.5
15-1251.00,Computer Programmers,Forth,2.E.7.b,Development environment software,N,N,4,261312,Developer Programmer,94.5
15-1251.00,Computer Programmers,Gambit Scheme,2.E.7.b,Development environment software,N,N,4,261312,Developer Programmer,94.5
15-1251.00,Computer Programmers,Geographic information system GIS software,2.E.8.h,Geographic information system,N,N,4,261312,Developer Programmer,94.5
15-1251.00,Computer Programmers,Graphical user interface GUI design software,2.E.7.d,Graphical user interface development software,N,N,4,261312,Developer Programmer,94.5
15-1251.00,Computer Programmers,Greatis Object Inspector,2.E.7.e,Object or component oriented development software,N,N,4,261312,Developer Programmer,94.5
15-1251.00,Computer Programmers,Haskell,2.E.7.b,Development environment software,N,N,4,261312,Developer Programmer,94.5
15-1251.00,Computer Programmers,Hewlett Packard HP-UX,2.E.13.c,Operating system software,N,N,4,261312,Developer Programmer,94.5
15-1251.00,Computer Programmers,Hewlett Packard LoadRunner,2.E.7.f,Program testing software,N,N,4,261312,Developer Programmer,94.5
15-1251.00,Computer Programmers,Human resource management software HRMS,2.E.1.c,Human resources software,N,N,4,261312,Developer Programmer,94.5
15-1251.00,Computer Programmers,IBM Cognos Impromptu,2.E.6.m,Business intelligence and data analysis software,N,N,4,261312,Developer Programmer,94.5
15-1251.00,Computer Programmers,IBM Domino,2.E.12.b,Communications server software,N,N,4,261312,Developer Programmer,94.5
15-1251.00,Computer Programmers,IBM InfoSphere DataStage,2.E.7.c,Enterprise application integration software,N,N,4,261312,Developer Programmer,94.5
15-1251.00,Computer Programmers,IBM Notes,2.E.16.a,Electronic mail software,N,N,4,261312,Developer Programmer,94.5
15-1251.00,Computer Programmers,IBM Power Systems software,2.E.17.a,Enterprise system management software,N,N,4,261312,Developer Programmer,94.5
15-1251.00,Computer Programmers,IBM Rational ClearCase,2.E.7.a,Configuration management software,N,N,4,261312,Developer Programmer,94.5
15-1251.00,Computer Programmers,IBM WebSphere,2.E.11.e,Cloud-based management software,N,N,4,261312,Developer Programmer,94.5
15-1251.00,Computer Programmers,ICON programming language,2.E.7.b,Development environment software,N,N,4,261312,Developer Programmer,94.5
15-1251.00,Computer Programmers,IEA Software Emerald,2.E.6.f,Data base user interface and query software,N,N,4,261312,Developer Programmer,94.5
15-1251.00,Computer Programmers,Incremental compiler software,2.E.7.i,Compiler and decompiler software,N,N,4,261312,Developer Programmer,94.5
15-1251.00,Computer Programmers,Inline code expander software,2.E.7.i,Compiler and decompiler software,N,N,4,261312,Developer Programmer,94.5
15-1251.00,Computer Programmers,Integrated development environment IDE software,2.E.7.b,Development environment software,N,N,4,261312,Developer Programmer,94.5
15-1251.00,Computer Programmers,Interface definition language IDL,2.E.7.b,Development environment software,N,N,4,261312,Developer Programmer,94.5
15-1251.00,Computer Programmers,Interpreter software,2.E.7.i,Compiler and decompiler software,N,N,4,261312,Developer Programmer,94.5
15-1251.00,Computer Programmers,Interstate connection ICON,2.E.7.b,Development environment software,N,N,4,261312,Developer Programmer,94.5
15-1251.00,Computer Programmers,J,2.E.7.b,Development environment software,N,N,4,261312,Developer Programmer,94.5
15-1251.00,Computer Programmers,Job control language JCL,2.E.13.c,Operating system software,N,N,4,261312,Developer Programmer,94.5
15-1251.00,Computer Programmers,Jupyter Notebook,2.E.7.e,Object or component oriented development software,N,N,4,261312,Developer Programmer,94.5
15-1251.00,Computer Programmers,Just-in-time compiler,2.E.7.i,Compiler and decompiler software,N,N,4,261312,Developer Programmer,94.5
15-1251.00,Computer Programmers,KornShell,2.E.13.c,Operating system software,N,N,4,261312,Developer Programmer,94.5
15-1251.00,Computer Programmers,LAMP Stack,2.E.7.h,Web platform development software,N,N,4,261312,Developer Programmer,94.5
15-1251.00,Computer Programmers,List processing language LISP,2.E.7.b,Development environment software,N,N,4,261312,Developer Programmer,94.5
15-1251.00,Computer Programmers,Logo design software,2.E.7.b,Development environment software,N,N,4,261312,Developer Programmer,94.5
15-1251.00,Computer Programmers,Low-level debugger software,2.E.7.f,Program testing software,N,N,4,261312,Developer Programmer,94.5
15-1251.00,Computer Programmers,McAfee,2.E.14.d,Transaction security and virus protection software,N,N,4,261312,Developer Programmer,94.5
15-1251.00,Computer Programmers,Microsoft ActiveX,2.E.7.e,Object or component oriented development software,N,N,4,261312,Developer Programmer,94.5
15-1251.00,Computer Programmers,Microsoft ASP.NET Core MVC,2.E.7.h,Web platform development software,N,N,4,261312,Developer Programmer,94.5
15-1251.00,Computer Programmers,Microsoft Dynamics,2.E.2.b,Enterprise resource planning ERP software,N,N,4,261312,Developer Programmer,94.5
15-1251.00,Computer Programmers,Microsoft Dynamics GP,2.E.2.b,Enterprise resource planning ERP software,N,N,4,261312,Developer Programmer,94.5
15-1251.00,Computer Programmers,Microsoft ESP SDK,2.E.7.b,Development environment software,N,N,4,261312,Developer Programmer,94.5
15-1251.00,Computer Programmers,Microsoft Exchange,2.E.16.a,Electronic mail software,N,N,4,261312,Developer Programmer,94.5
15-1251.00,Computer Programmers,Microsoft Extensible Application Markup Language (XAML),2.E.7.b,Development environment software,N,N,4,261312,Developer Programmer,94.5
15-1251.00,Computer Programmers,Microsoft FrontPage,2.E.4.g,Web page creation and editing software,N,N,4,261312,Developer Programmer,94.5
15-1251.00,Computer Programmers,Microsoft Publisher,2.E.4.k,Desktop publishing software,N,N,4,261312,Developer Programmer,94.5
15-1251.00,Computer Programmers,Microsoft Silverlight,2.E.7.h,Web platform development software,N,N,4,261312,Developer Programmer,94.5
15-1251.00,Computer Programmers,Microsoft Systems Management Server,2.E.17.a,Enterprise system management software,N,N,4,261312,Developer Programmer,94.5
15-1251.00,Computer Programmers,Microsoft Visual Basic Scripting Edition VBScript,2.E.7.b,Development environment software,N,N,4,261312,Developer Programmer,94.5
15-1251.00,Computer Programmers,Microsoft Visual Basic.NET,2.E.7.e,Object or component oriented development software,N,N,4,261312,Developer Programmer,94.5
15-1251.00,Computer Programmers,Microsoft Visual C# .NET,2.E.7.e,Object or component oriented development software,N,N,4,261312,Developer Programmer,94.5
15-1251.00,Computer Programmers,Microsoft Visual FoxPro,2.E.6.j,Object oriented data base management software,N,N,4,261312,Developer Programmer,94.5
15-1251.00,Computer Programmers,MicroStrategy,2.E.6.m,Business intelligence and data analysis software,N,N,4,261312,Developer Programmer,94.5
15-1251.00,Computer Programmers,Minitab,2.E.9.d,Analytical or scientific software,N,N,4,261312,Developer Programmer,94.5
15-1251.00,Computer Programmers,Mixed code generator,2.E.7.i,Compiler and decompiler software,N,N,4,261312,Developer Programmer,94.5
15-1251.00,Computer Programmers,Modula,2.E.7.e,Object or component oriented development software,N,N,4,261312,Developer Programmer,94.5
15-1251.00,Computer Programmers,MUMPS M,2.E.7.b,Development environment software,N,N,4,261312,Developer Programmer,94.5
15-1251.00,Computer Programmers,Nagios,2.E.11.a,Network monitoring software,N,N,4,261312,Developer Programmer,94.5
15-1251.00,Computer Programmers,National Instruments LabVIEW,2.E.7.b,Development environment software,N,N,4,261312,Developer Programmer,94.5
15-1251.00,Computer Programmers,NetSuite ERP,2.E.2.b,Enterprise resource planning ERP software,N,N,4,261312,Developer Programmer,94.5
15-1251.00,Computer Programmers,Network intrusion prevention systems NIPS,2.E.11.a,Network monitoring software,N,N,4,261312,Developer Programmer,94.5
15-1251.00,Computer Programmers,Oberon,2.E.7.e,Object or component oriented development software,N,N,4,261312,Developer Programmer,94.5
15-1251.00,Computer Programmers,Objective C,2.E.7.e,Object or component oriented development software,N,N,4,261312,Developer Programmer,94.5
15-1251.00,Computer Programmers,Objective Caml,2.E.7.e,Object or component oriented development software,N,N,4,261312,Developer Programmer,94.5
15-1251.00,Computer Programmers,One pass compiler software,2.E.7.i,Compiler and decompiler software,N,N,4,261312,Developer Programmer,94.5
15-1251.00,Computer Programmers,OpenAI ChatGPT,2.E.7.b,Development environment software,N,N,4,261312,Developer Programmer,94.5
15-1251.00,Computer Programmers,Oracle Business Intelligence Enterprise Edition,2.E.6.m,Business intelligence and data analysis software,N,N,4,261312,Developer Programmer,94.5
15-1251.00,Computer Programmers,Oracle E-Business Suite Financials,2.E.2.d,Financial analysis software,N,N,4,261312,Developer Programmer,94.5
15-1251.00,Computer Programmers,Oracle Fusion Applications,2.E.2.b,Enterprise resource planning ERP software,N,N,4,261312,Developer Programmer,94.5
15-1251.00,Computer Programmers,Oracle Fusion Middleware,2.E.7.c,Enterprise application integration software,N,N,4,261312,Developer Programmer,94.5
15-1251.00,Computer Programmers,Oracle Hyperion,2.E.2.b,Enterprise resource planning ERP software,N,N,4,261312,Developer Programmer,94.5
15-1251.00,Computer Programmers,Oracle JavaServer Pages JSP,2.E.7.h,Web platform development software,N,N,4,261312,Developer Programmer,94.5
15-1251.00,Computer Programmers,Oracle JD Edwards EnterpriseOne,2.E.2.b,Enterprise resource planning ERP software,N,N,4,261312,Developer Programmer,94.5
15-1251.00,Computer Programmers,Oracle JDBC,2.E.6.f,Data base user interface and query software,N,N,4,261312,Developer Programmer,94.5
15-1251.00,Computer Programmers,Oracle PeopleSoft Financials,2.E.2.b,Enterprise resource planning ERP software,N,N,4,261312,Developer Programmer,94.5
15-1251.00,Computer Programmers,Oracle Solaris,2.E.13.c,Operating system software,N,N,4,261312,Developer Programmer,94.5
15-1251.00,Computer Programmers,Oracle WebLogic Server,2.E.10.a,Application server software,N,N,4,261312,Developer Programmer,94.5
15-1251.00,Computer Programmers,Partial class generator software,2.E.7.i,Compiler and decompiler software,N,N,4,261312,Developer Programmer,94.5
15-1251.00,Computer Programmers,Pascal,2.E.7.b,Development environment software,N,N,4,261312,Developer Programmer,94.5
15-1251.00,Computer Programmers,Perforce Helix software,2.E.7.a,Configuration management software,N,N,4,261312,Developer Programmer,94.5
15-1251.00,Computer Programmers,PowerSoft PowerBuilder,2.E.7.e,Object or component oriented development software,N,N,4,261312,Developer Programmer,94.5
15-1251.00,Computer Programmers,Programming language one PL/I,2.E.7.b,Development environment software,N,N,4,261312,Developer Programmer,94.5
15-1251.00,Computer Programmers,Progress OpenEdge ABL,2.E.7.b,Development environment software,N,N,4,261312,Developer Programmer,94.5
15-1251.00,Computer Programmers,Progress Sonic ESB,2.E.7.c,Enterprise application integration software,N,N,4,261312,Developer Programmer,94.5
15-1251.00,Computer Programmers,Progress WebSpeed Workshop,2.E.7.h,Web platform development software,N,N,4,261312,Developer Programmer,94.5
15-1251.00,Computer Programmers,Prolog,2.E.7.b,Development environment software,N,N,4,261312,Developer Programmer,94.5
15-1251.00,Computer Programmers,Qlik Tech QlikView,2.E.6.m,Business intelligence and data analysis software,N,N,4,261312,Developer Programmer,94.5
15-1251.00,Computer Programmers,Quest Erwin Data Modeler,2.E.6.i,Metadata management software,N,N,4,261312,Developer Programmer,94.5
15-1251.00,Computer Programmers,ReCrystallize Crystal Reports,2.E.6.e,Data base reporting software,N,N,4,261312,Developer Programmer,94.5
15-1251.00,Computer Programmers,Red Hat WildFly,2.E.10.a,Application server software,N,N,4,261312,Developer Programmer,94.5
15-1251.00,Computer Programmers,Relational database management software,2.E.6.d,Data base management system software,N,N,4,261312,Developer Programmer,94.5
15-1251.00,Computer Programmers,Restructured extended executor REXX,2.E.7.b,Development environment software,N,N,4,261312,Developer Programmer,94.5
15-1251.00,Computer Programmers,Retargetable compiler,2.E.7.i,Compiler and decompiler software,N,N,4,261312,Developer Programmer,94.5
15-1251.00,Computer Programmers,Revision control software,2.E.7.a,Configuration management software,N,N,4,261312,Developer Programmer,94.5
15-1251.00,Computer Programmers,Ruby on Rails,2.E.7.h,Web platform development software,N,N,4,261312,Developer Programmer,94.5
15-1251.00,Computer Programmers,Salesforce Visualforce,2.E.7.d,Graphical user interface development software,N,N,4,261312,Developer Programmer,94.5
15-1251.00,Computer Programmers,SAP Adaptive Server Enterprise,2.E.6.d,Data base management system software,N,N,4,261312,Developer Programmer,94.5
15-1251.00,Computer Programmers,SAP Business Objects,2.E.2.b,Enterprise resource planning ERP software,N,N,4,261312,Developer Programmer,94.5
15-1251.00,Computer Programmers,SAP BusinessObjects Data Integrator,2.E.7.c,Enterprise application integration software,N,N,4,261312,Developer Programmer,94.5
15-1251.00,Computer Programmers,SAP Crystal Reports,2.E.6.e,Data base reporting software,N,N,4,261312,Developer Programmer,94.5
15-1251.00,Computer Programmers,SAP NetWeaver BW,2.E.7.c,Enterprise application integration software,N,N,4,261312,Developer Programmer,94.5
15-1251.00,Computer Programmers,Scheme,2.E.7.b,Development environment software,N,N,4,261312,Developer Programmer,94.5
15-1251.00,Computer Programmers,Simulation program with integrated circuit emphasis SPICE,2.E.9.d,Analytical or scientific software,N,N,4,261312,Developer Programmer,94.5
15-1251.00,Computer Programmers,Smalltalk,2.E.7.e,Object or component oriented development software,N,N,4,261312,Developer Programmer,94.5
15-1251.00,Computer Programmers,Snort,2.E.11.a,Network monitoring software,N,N,4,261312,Developer Programmer,94.5
15-1251.00,Computer Programmers,Source code editor software,2.E.7.f,Program testing software,N,N,4,261312,Developer Programmer,94.5
15-1251.00,Computer Programmers,Source code migration software,2.E.7.b,Development environment software,N,N,4,261312,Developer Programmer,94.5
15-1251.00,Computer Programmers,StataCorp Stata,2.E.9.d,Analytical or scientific software,N,N,4,261312,Developer Programmer,94.5
15-1251.00,Computer Programmers,String oriented symbolic language SNOBOL,2.E.7.b,Development environment software,N,N,4,261312,Developer Programmer,94.5
15-1251.00,Computer Programmers,Structured Query Report SQR,2.E.6.d,Data base management system software,N,N,4,261312,Developer Programmer,94.5
15-1251.00,Computer Programmers,Supervisory control and data acquisition SCADA software,2.E.9.g,Industrial control software,N,N,4,261312,Developer Programmer,94.5
15-1251.00,Computer Programmers,Symantec Visual Cafe,2.E.7.b,Development environment software,N,N,4,261312,Developer Programmer,94.5
15-1251.00,Computer Programmers,Symbolic debugger software,2.E.7.f,Program testing software,N,N,4,261312,Developer Programmer,94.5
15-1251.00,Computer Programmers,Tax software,2.E.2.a,Accounting software,N,N,4,261312,Developer Programmer,94.5
15-1251.00,Computer Programmers,Threaded code compiler,2.E.7.i,Compiler and decompiler software,N,N,4,261312,Developer Programmer,94.5
15-1251.00,Computer Programmers,Tier generator software,2.E.7.b,Development environment software,N,N,4,261312,Developer Programmer,94.5
15-1251.00,Computer Programmers,Ubuntu,2.E.13.c,Operating system software,N,N,4,261312,Developer Programmer,94.5
15-1251.00,Computer Programmers,Unified modeling language UML,2.E.7.g,Requirements analysis and system architecture software,N,N,4,261312,Developer Programmer,94.5
15-1251.00,Computer Programmers,Verilog,2.E.7.b,Development environment software,N,N,4,261312,Developer Programmer,94.5
15-1251.00,Computer Programmers,Veritas NetBackup,2.E.15.f,Backup or archival software,N,N,4,261312,Developer Programmer,94.5
15-1251.00,Computer Programmers,Virage VS Archive,2.E.5.b,Document management software,N,N,4,261312,Developer Programmer,94.5
15-1251.00,Computer Programmers,Virtual private networking VPN software,2.E.14.c,Network security and virtual private network VPN equipment software,N,N,4,261312,Developer Programmer,94.5
15-1251.00,Computer Programmers,VMware,2.E.6.b,Clustering software,N,N,4,261312,Developer Programmer,94.5
15-1251.00,Computer Programmers,Web service definition language WDSL,2.E.7.b,Development environment software,N,N,4,261312,Developer Programmer,94.5
15-1251.00,Computer Programmers,Wireshark,2.E.11.a,Network monitoring software,N,N,4,261312,Developer Programmer,94.5
15-1251.00,Computer Programmers,Workflow software,2.E.5.a,Content workflow software,N,N,4,261312,Developer Programmer,94.5
15-1251.00,Computer Programmers,Xerces2 Java Parser,2.E.7.b,Development environment software,N,N,4,261312,Developer Programmer,94.5
15-1252.00,Software Developers,Amazon Web Services AWS software,2.E.6.f,Data base user interface and query software,Y,Y,1,261313,Software Engineer,96.0
15-1252.00,Software Developers,Apache Kafka,2.E.7.b,Development environment software,Y,Y,1,261313,Software Engineer,96.0
15-1252.00,Software Developers,Atlassian JIRA,2.E.5.a,Content workflow software,Y,Y,1,261313,Software Engineer,96.0
15-1252.00,Software Developers,C,2.E.7.b,Development environment software,Y,Y,1,261313,Software Engineer,96.0
15-1252.00,Software Developers,C#,2.E.7.e,Object or component oriented development software,Y,Y,1,261313,Software Engineer,96.0
15-1252.00,Software Developers,C++,2.E.7.e,Object or component oriented development software,Y,Y,1,261313,Software Engineer,96.0
15-1252.00,Software Developers,Cascading style sheets CSS,2.E.7.h,Web platform development software,Y,Y,1,261313,Software Engineer,96.0
15-1252.00,Software Developers,Docker,2.E.10.a,Application server software,Y,Y,1,261313,Software Engineer,96.0
15-1252.00,Software Developers,Git,2.E.5.c,File versioning software,Y,Y,1,261313,Software Engineer,96.0
15-1252.00,Software Developers,GitHub,2.E.10.a,Application server software,Y,Y,1,261313,Software Engineer,96.0
15-1252.00,Software Developers,Go,2.E.7.b,Development environment software,Y,Y,1,261313,Software Engineer,96.0
15-1252.00,Software Developers,Google Angular,2.E.7.h,Web platform development software,Y,Y,1,261313,Software Engineer,96.0
15-1252.00,Software Developers,Hypertext markup language HTML,2.E.7.h,Web platform development software,Y,Y,1,261313,Software Engineer,96.0
15-1252.00,Software Developers,IBM Terraform,2.E.7.a,Configuration management software,Y,Y,1,261313,Software Engineer,96.0
15-1252.00,Software Developers,JavaScript,2.E.7.h,Web platform development software,Y,Y,1,261313,Software Engineer,96.0
15-1252.00,Software Developers,Jenkins CI,2.E.7.c,Enterprise application integration software,Y,Y,1,261313,Software Engineer,96.0
15-1252.00,Software Developers,Kubernetes,2.E.10.a,Application server software,Y,Y,1,261313,Software Engineer,96.0
15-1252.00,Software Developers,Linux,2.E.13.c,Operating system software,Y,Y,1,261313,Software Engineer,96.0
15-1252.00,Software Developers,Microsoft Azure software,2.E.7.b,Development environment software,Y,Y,1,261313,Software Engineer,96.0
15-1252.00,Software Developers,Node.js,2.E.7.h,Web platform development software,Y,Y,1,261313,Software Engineer,96.0
15-1252.00,Software Developers,NoSQL,2.E.6.d,Data base management system software,Y,Y,1,261313,Software Engineer,96.0
15-1252.00,Software Developers,Oracle Java,2.E.7.e,Object or component oriented development software,Y,Y,1,261313,Software Engineer,96.0
15-1252.00,Software Developers,PostgreSQL,2.E.6.j,Object oriented data base management software,Y,Y,1,261313,Software Engineer,96.0
15-1252.00,Software Developers,Python,2.E.7.e,Object or component oriented development software,Y,Y,1,261313,Software Engineer,96.0
15-1252.00,Software Developers,React,2.E.7.h,Web platform development software,Y,Y,1,261313,Software Engineer,96.0
15-1252.00,Software Developers,Spring Boot,2.E.10.a,Application server software,Y,Y,1,261313,Software Engineer,96.0
15-1252.00,Software Developers,Spring Framework,2.E.7.h,Web platform development software,Y,Y,1,261313,Software Engineer,96.0
15-1252.00,Software Developers,Structured query language SQL,2.E.6.f,Data base user interface and query software,Y,Y,1,261313,Software Engineer,96.0
15-1252.00,Software Developers,TypeScript,2.E.7.e,Object or component oriented development software,Y,Y,1,261313,Software Engineer,96.0
15-1252.00,Software Developers,RESTful API,2.E.7.h,Web platform development software,N,Y,2,261313,Software Engineer,96.0
15-1252.00,Software Developers,Adobe Acrobat,2.E.5.b,Document management software,Y,N,3,261313,Software Engineer,96.0
15-1252.00,Software Developers,Adobe After Effects,2.E.4.c,Video creation and editing software,Y,N,3,261313,Software Engineer,96.0
15-1252.00,Software Developers,Adobe Creative Cloud software,2.E.4.b,Graphics or photo imaging software,Y,N,3,261313,Software Engineer,96.0
15-1252.00,Software Developers,Adobe Illustrator,2.E.4.b,Graphics or photo imaging software,Y,N,3,261313,Software Engineer,96.0
15-1252.00,Software Developers,Adobe InDesign,2.E.4.k,Desktop publishing software,Y,N,3,261313,Software Engineer,96.0
15-1252.00,Software Developers,Adobe Photoshop,2.E.4.b,Graphics or photo imaging software,Y,N,3,261313,Software Engineer,96.0
15-1252.00,Software Developers,AJAX,2.E.7.h,Web platform development software,Y,N,3,261313,Software Engineer,96.0
15-1252.00,Software Developers,Alteryx software,2.E.6.m,Business intelligence and data analysis software,Y,N,3,261313,Software Engineer,96.0
15-1252.00,Software Developers,Amazon DynamoDB,2.E.6.d,Data base management system software,Y,N,3,261313,Software Engineer,96.0
15-1252.00,Software Developers,Amazon Elastic Compute Cloud EC2,2.E.6.f,Data base user interface and query software,Y,N,3,261313,Software Engineer,96.0
15-1252.00,Software Developers,Amazon Redshift,2.E.6.f,Data base user interface and query software,Y,N,3,261313,Software Engineer,96.0
15-1252.00,Software Developers,Amazon Web Services AWS CloudFormation,2.E.11.e,Cloud-based management software,Y,N,3,261313,Software Engineer,96.0
15-1252.00,Software Developers,Ansible software,2.E.1.i,Expert system software,Y,N,3,261313,Software Engineer,96.0
15-1252.00,Software Developers,Apache Airflow,2.E.1.o,Procedure management software,Y,N,3,261313,Software Engineer,96.0
15-1252.00,Software Developers,Apache Cassandra,2.E.6.d,Data base management system software,Y,N,3,261313,Software Engineer,96.0
15-1252.00,Software Developers,Apache Hadoop,2.E.6.d,Data base management system software,Y,N,3,261313,Software Engineer,96.0
15-1252.00,Software Developers,Apache Hive,2.E.6.f,Data base user interface and query software,Y,N,3,261313,Software Engineer,96.0
15-1252.00,Software Developers,Apache Maven,2.E.7.b,Development environment software,Y,N,3,261313,Software Engineer,96.0
15-1252.00,Software Developers,Apache Spark,2.E.7.e,Object or component oriented development software,Y,N,3,261313,Software Engineer,96.0
15-1252.00,Software Developers,Apache Subversion SVN,2.E.5.c,File versioning software,Y,N,3,261313,Software Engineer,96.0
15-1252.00,Software Developers,Apache Tomcat,2.E.7.h,Web platform development software,Y,N,3,261313,Software Engineer,96.0
15-1252.00,Software Developers,Apple iOS,2.E.13.c,Operating system software,Y,N,3,261313,Software Engineer,96.0
15-1252.00,Software Developers,Apple macOS,2.E.13.c,Operating system software,Y,N,3,261313,Software Engineer,96.0
15-1252.00,Software Developers,Atlassian Bitbucket,2.E.10.a,Application server software,Y,N,3,261313,Software Engineer,96.0
15-1252.00,Software Developers,Atlassian Confluence,2.E.1.e,Project management software,Y,N,3,261313,Software Engineer,96.0
15-1252.00,Software Developers,Bash,2.E.13.c,Operating system software,Y,N,3,261313,Software Engineer,96.0
15-1252.00,Software Developers,Bootstrap,2.E.7.h,Web platform development software,Y,N,3,261313,Software Engineer,96.0
15-1252.00,Software Developers,Border Gateway Protocol BGP,2.E.12.g,Switch or router software,Y,N,3,261313,Software Engineer,96.0
15-1252.00,Software Developers,Chef,2.E.7.a,Configuration management software,Y,N,3,261313,Software Engineer,96.0
15-1252.00,Software Developers,Cisco Webex,2.E.16.b,Video conferencing software,Y,N,3,261313,Software Engineer,96.0
15-1252.00,Software Developers,Django,2.E.7.h,Web platform development software,Y,N,3,261313,Software Engineer,96.0
15-1252.00,Software Developers,Eclipse IDE,2.E.7.b,Development environment software,Y,N,3,261313,Software Engineer,96.0
15-1252.00,Software Developers,Elasticsearch,2.E.6.d,Data base management system software,Y,N,3,261313,Software Engineer,96.0
15-1252.00,Software Developers,ESRI ArcGIS software,2.E.16.e,Map creation software,Y,N,3,261313,Software Engineer,96.0
15-1252.00,Software Developers,Extensible markup language XML,2.E.7.c,Enterprise application integration software,Y,N,3,261313,Software Engineer,96.0
15-1252.00,Software Developers,Figma,2.E.7.d,Graphical user interface development software,Y,N,3,261313,Software Engineer,96.0
15-1252.00,Software Developers,GitLab,2.E.10.a,Application server software,Y,N,3,261313,Software Engineer,96.0
15-1252.00,Software Developers,Google Analytics,2.E.6.g,Data mining software,Y,N,3,261313,Software Engineer,96.0
15-1252.00,Software Developers,Google Android,2.E.13.c,Operating system software,Y,N,3,261313,Software Engineer,96.0
15-1252.00,Software Developers,Google Docs,2.E.4.d,Word processing software,Y,N,3,261313,Software Engineer,96.0
15-1252.00,Software Developers,Google Looker Analytics,2.E.6.m,Business intelligence and data analysis software,Y,N,3,261313,Software Engineer,96.0
15-1252.00,Software Developers,Google Sheets,2.E.4.i,Spreadsheet software,Y,N,3,261313,Software Engineer,96.0
15-1252.00,Software Developers,Grafana Labs Grafana Cloud,2.E.7.d,Graphical user interface development software,Y,N,3,261313,Software Engineer,96.0
15-1252.00,Software Developers,GraphQL,2.E.6.f,Data base user interface and query software,Y,N,3,261313,Software Engineer,96.0
15-1252.00,Software Developers,Hibernate ORM,2.E.6.j,Object oriented data base management software,Y,N,3,261313,Software Engineer,96.0
15-1252.00,Software Developers,IBM DB2,2.E.6.f,Data base user interface and query software,Y,N,3,261313,Software Engineer,96.0
15-1252.00,Software Developers,IBM SPSS Statistics,2.E.9.d,Analytical or scientific software,Y,N,3,261313,Software Engineer,96.0
15-1252.00,Software Developers,IBM WebSphere MQ,2.E.11.e,Cloud-based management software,Y,N,3,261313,Software Engineer,96.0
15-1252.00,Software Developers,Informatica software,2.E.6.i,Metadata management software,Y,N,3,261313,Software Engineer,96.0
15-1252.00,Software Developers,JavaScript Object Notation JSON,2.E.7.h,Web platform development software,Y,N,3,261313,Software Engineer,96.0
15-1252.00,Software Developers,jQuery,2.E.7.e,Object or component oriented development software,Y,N,3,261313,Software Engineer,96.0
15-1252.00,Software Developers,JUnit,2.E.7.f,Program testing software,Y,N,3,261313,Software Engineer,96.0
15-1252.00,Software Developers,Marketo Marketing Automation,2.E.1.l,Sales and marketing software,Y,N,3,261313,Software Engineer,96.0
15-1252.00,Software Developers,Microsoft .NET Framework,2.E.7.b,Development environment software,Y,N,3,261313,Software Engineer,96.0
15-1252.00,Software Developers,Microsoft Access,2.E.6.f,Data base user interface and query software,Y,N,3,261313,Software Engineer,96.0
15-1252.00,Software Developers,Microsoft Active Directory,2.E.10.d,Internet directory services software,Y,N,3,261313,Software Engineer,96.0
15-1252.00,Software Developers,Microsoft Active Server Pages ASP,2.E.7.h,Web platform development software,Y,N,3,261313,Software Engineer,96.0
15-1252.00,Software Developers,Microsoft ASP.NET,2.E.7.h,Web platform development software,Y,N,3,261313,Software Engineer,96.0
15-1252.00,Software Developers,Microsoft Excel,2.E.4.i,Spreadsheet software,Y,N,3,261313,Software Engineer,96.0
15-1252.00,Software Developers,Microsoft Office software,2.E.1.k,Office suite software,Y,N,3,261313,Software Engineer,96.0
15-1252.00,Software Developers,Microsoft Outlook,2.E.16.a,Electronic mail software,Y,N,3,261313,Software Engineer,96.0
15-1252.00,Software Developers,Microsoft Power Automate,2.E.7.c,Enterprise application integration software,Y,N,3,261313,Software Engineer,96.0
15-1252.00,Software Developers,Microsoft Power BI,2.E.6.m,Business intelligence and data analysis software,Y,N,3,261313,Software Engineer,96.0
15-1252.00,Software Developers,Microsoft Power Platform software,2.E.7.c,Enterprise application integration software,Y,N,3,261313,Software Engineer,96.0
15-1252.00,Software Developers,Microsoft PowerPoint,2.E.4.f,Presentation software,Y,N,3,261313,Software Engineer,96.0
15-1252.00,Software Developers,Microsoft PowerShell,2.E.7.b,Development environment software,Y,N,3,261313,Software Engineer,96.0
15-1252.00,Software Developers,Microsoft Project,2.E.1.e,Project management software,Y,N,3,261313,Software Engineer,96.0
15-1252.00,Software Developers,Microsoft SharePoint,2.E.5.b,Document management software,Y,N,3,261313,Software Engineer,96.0
15-1252.00,Software Developers,Microsoft SQL Server,2.E.6.f,Data base user interface and query software,Y,N,3,261313,Software Engineer,96.0
15-1252.00,Software Developers,Microsoft SQL Server Integration Services SSIS,2.E.7.c,Enterprise application integration software,Y,N,3,261313,Software Engineer,96.0
15-1252.00,Software Developers,Microsoft SQL Server Reporting Services SSRS,2.E.6.e,Data base reporting software,Y,N,3,261313,Software Engineer,96.0
15-1252.00,Software Developers,Microsoft Team Foundation Server,2.E.1.e,Project management software,Y,N,3,261313,Software Engineer,96.0
15-1252.00,Software Developers,Microsoft Teams,2.E.1.e,Project management software,Y,N,3,261313,Software Engineer,96.0
15-1252.00,Software Developers,Microsoft Visio,2.E.1.p,Process mapping and design software,Y,N,3,261313,Software Engineer,96.0
15-1252.00,Software Developers,Microsoft Visual Basic,2.E.7.b,Development environment software,Y,N,3,261313,Software Engineer,96.0
15-1252.00,Software Developers,Microsoft Visual Basic for Applications VBA,2.E.7.b,Development environment software,Y,N,3,261313,Software Engineer,96.0
15-1252.00,Software Developers,Microsoft Visual Studio,2.E.7.b,Development environment software,Y,N,3,261313,Software Engineer,96.0
15-1252.00,Software Developers,Microsoft Windows,2.E.13.c,Operating system software,Y,N,3,261313,Software Engineer,96.0
15-1252.00,Software Developers,Microsoft Windows Server,2.E.13.c,Operating system software,Y,N,3,261313,Software Engineer,96.0
15-1252.00,Software Developers,Microsoft Word,2.E.4.d,Word processing software,Y,N,3,261313,Software Engineer,96.0
15-1252.00,Software Developers,MongoDB,2.E.6.d,Data base management system software,Y,N,3,261313,Software Engineer,96.0
15-1252.00,Software Developers,MySQL,2.E.6.f,Data base user interface and query software,Y,N,3,261313,Software Engineer,96.0
15-1252.00,Software Developers,Oracle Cloud software,2.E.11.e,Cloud-based management software,Y,N,3,261313,Software Engineer,96.0
15-1252.00,Software Developers,Oracle Database,2.E.6.d,Data base management system software,Y,N,3,261313,Software Engineer,96.0
15-1252.00,Software Developers,Oracle Java 2 Platform Enterprise Edition J2EE,2.E.7.b,Development environment software,Y,N,3,261313,Software Engineer,96.0
15-1252.00,Software Developers,Oracle PeopleSoft,2.E.2.b,Enterprise resource planning ERP software,Y,N,3,261313,Software Engineer,96.0
15-1252.00,Software Developers,Oracle PL/SQL,2.E.6.d,Data base management system software,Y,N,3,261313,Software Engineer,96.0
15-1252.00,Software Developers,Oracle Primavera Enterprise Project Portfolio Management,2.E.1.e,Project management software,Y,N,3,261313,Software Engineer,96.0
15-1252.00,Software Developers,Oracle SQL Developer,2.E.7.b,Development environment software,Y,N,3,261313,Software Engineer,96.0
15-1252.00,Software Developers,Perl,2.E.7.e,Object or component oriented development software,Y,N,3,261313,Software Engineer,96.0
15-1252.00,Software Developers,PHP,2.E.7.h,Web platform development software,Y,N,3,261313,Software Engineer,96.0
15-1252.00,Software Developers,Prometheus,2.E.6.f,Data base user interface and query software,Y,N,3,261313,Software Engineer,96.0
15-1252.00,Software Developers,Puppet,2.E.7.a,Configuration management software,Y,N,3,261313,Software Engineer,96.0
15-1252.00,Software Developers,PyTorch,2.E.6.f,Data base user interface and query software,Y,N,3,261313,Software Engineer,96.0
15-1252.00,Software Developers,R,2.E.7.e,Object or component oriented development software,Y,N,3,261313,Software Engineer,96.0
15-1252.00,Software Developers,Red Hat Enterprise Linux,2.E.13.c,Operating system software,Y,N,3,261313,Software Engineer,96.0
15-1252.00,Software Developers,Red Hat OpenShift,2.E.10.a,Application server software,Y,N,3,261313,Software Engineer,96.0
15-1252.00,Software Developers,Redis,2.E.6.d,Data base management system software,Y,N,3,261313,Software Engineer,96.0
15-1252.00,Software Developers,Ruby,2.E.7.b,Development environment software,Y,N,3,261313,Software Engineer,96.0
15-1252.00,Software Developers,Salesforce software,2.E.6.c,Customer relationship management CRM software,Y,N,3,261313,Software Engineer,96.0
15-1252.00,Software Developers,SAP ERP,2.E.2.b,Enterprise resource planning ERP software,Y,N,3,261313,Software Engineer,96.0
15-1252.00,Software Developers,SAP software,2.E.2.b,Enterprise resource planning ERP software,Y,N,3,261313,Software Engineer,96.0
15-1252.00,Software Developers,SAS,2.E.9.d,Analytical or scientific software,Y,N,3,261313,Software Engineer,96.0
15-1252.00,Software Developers,Scala,2.E.7.e,Object or component oriented development software,Y,N,3,261313,Software Engineer,96.0
15-1252.00,Software Developers,Selenium,2.E.7.f,Program testing software,Y,N,3,261313,Software Engineer,96.0
15-1252.00,Software Developers,ServiceNow,2.E.6.f,Data base user interface and query software,Y,N,3,261313,Software Engineer,96.0
15-1252.00,Software Developers,Shell script,2.E.13.c,Operating system software,Y,N,3,261313,Software Engineer,96.0
15-1252.00,Software Developers,Slack,2.E.16.i,Cloud-based data access and sharing software,Y,N,3,261313,Software Engineer,96.0
15-1252.00,Software Developers,Snowflake,2.E.6.g,Data mining software,Y,N,3,261313,Software Engineer,96.0
15-1252.00,Software Developers,Splunk Enterprise,2.E.11.e,Cloud-based management software,Y,N,3,261313,Software Engineer,96.0
15-1252.00,Software Developers,Swift,2.E.7.e,Object or component oriented development software,Y,N,3,261313,Software Engineer,96.0
15-1252.00,Software Developers,Tableau,2.E.6.m,Business intelligence and data analysis software,Y,N,3,261313,Software Engineer,96.0
15-1252.00,Software Developers,TensorFlow,2.E.9.d,Analytical or scientific software,Y,N,3,261313,Software Engineer,96.0
15-1252.00,Software Developers,Teradata Database,2.E.6.d,Data base management system software,Y,N,3,261313,Software Engineer,96.0
15-1252.00,Software Developers,The MathWorks MATLAB,2.E.9.d,Analytical or scientific software,Y,N,3,261313,Software Engineer,96.0
15-1252.00,Software Developers,Transact-SQL,2.E.6.f,Data base user interface and query software,Y,N,3,261313,Software Engineer,96.0
15-1252.00,Software Developers,Trimble SketchUp Pro,2.E.4.b,Graphics or photo imaging software,Y,N,3,261313,Software Engineer,96.0
15-1252.00,Software Developers,UNIX,2.E.13.c,Operating system software,Y,N,3,261313,Software Engineer,96.0
15-1252.00,Software Developers,UNIX Shell,2.E.13.c,Operating system software,Y,N,3,261313,Software Engineer,96.0
15-1252.00,Software Developers,Vue.js,2.E.7.h,Web platform development software,Y,N,3,261313,Software Engineer,96.0
15-1252.00,Software Developers,WordPress,2.E.4.g,Web page creation and editing software,Y,N,3,261313,Software Engineer,96.0
15-1252.00,Software Developers,Workday software,2.E.2.b,Enterprise resource planning ERP software,Y,N,3,261313,Software Engineer,96.0
15-1252.00,Software Developers,Zoom,2.E.16.b,Video conferencing software,Y,N,3,261313,Software Engineer,96.0
15-1252.00,Software Developers,3M Post-it App,2.E.4.d,Word processing software,N,N,4,261313,Software Engineer,96.0
15-1252.00,Software Developers,A programming language APL,2.E.7.b,Development environment software,N,N,4,261313,Software Engineer,96.0
15-1252.00,Software Developers,ABC Compiler,2.E.7.b,Development environment software,N,N,4,261313,Software Engineer,96.0
15-1252.00,Software Developers,ABC: the AspectBench Compiler for AspectJ,2.E.7.e,Object or component oriented development software,N,N,4,261313,Software Engineer,96.0
15-1252.00,Software Developers,Ada,2.E.7.b,Development environment software,N,N,4,261313,Software Engineer,96.0
15-1252.00,Software Developers,ADO.NET,2.E.6.f,Data base user interface and query software,N,N,4,261313,Software Engineer,96.0
15-1252.00,Software Developers,Adobe ActionScript,2.E.7.b,Development environment software,N,N,4,261313,Software Engineer,96.0
15-1252.00,Software Developers,Adobe Dreamweaver,2.E.4.g,Web page creation and editing software,N,N,4,261313,Software Engineer,96.0
15-1252.00,Software Developers,Adobe Flex,2.E.7.h,Web platform development software,N,N,4,261313,Software Engineer,96.0
15-1252.00,Software Developers,Advanced business application programming ABAP,2.E.7.e,Object or component oriented development software,N,N,4,261313,Software Engineer,96.0
15-1252.00,Software Developers,Airtable,2.E.6.f,Data base user interface and query software,N,N,4,261313,Software Engineer,96.0
15-1252.00,Software Developers,Algorithmic language ALGOL,2.E.7.b,Development environment software,N,N,4,261313,Software Engineer,96.0
15-1252.00,Software Developers,Allaire ColdFusion,2.E.7.h,Web platform development software,N,N,4,261313,Software Engineer,96.0
15-1252.00,Software Developers,Amazon Kinesis,2.E.6.d,Data base management system software,N,N,4,261313,Software Engineer,96.0
15-1252.00,Software Developers,Amazon Simple Storage Service S3,2.E.12.f,Storage networking software,N,N,4,261313,Software Engineer,96.0
15-1252.00,Software Developers,American National Standards Institute ANSI C,2.E.7.b,Development environment software,N,N,4,261313,Software Engineer,96.0
15-1252.00,Software Developers,Apache Ant,2.E.7.b,Development environment software,N,N,4,261313,Software Engineer,96.0
15-1252.00,Software Developers,Apache Avro,2.E.6.h,Information retrieval or search software,N,N,4,261313,Software Engineer,96.0
15-1252.00,Software Developers,Apache Flume,2.E.6.d,Data base management system software,N,N,4,261313,Software Engineer,96.0
15-1252.00,Software Developers,Apache Groovy,2.E.7.e,Object or component oriented development software,N,N,4,261313,Software Engineer,96.0
15-1252.00,Software Developers,Apache HBase,2.E.6.d,Data base management system software,N,N,4,261313,Software Engineer,96.0
15-1252.00,Software Developers,Apache HTTP Server,2.E.6.k,Portal server software,N,N,4,261313,Software Engineer,96.0
15-1252.00,Software Developers,Apache Oozie,2.E.6.d,Data base management system software,N,N,4,261313,Software Engineer,96.0
15-1252.00,Software Developers,Apache Pig,2.E.6.d,Data base management system software,N,N,4,261313,Software Engineer,96.0
15-1252.00,Software Developers,Apache Solr,2.E.6.d,Data base management system software,N,N,4,261313,Software Engineer,96.0
15-1252.00,Software Developers,Apache Struts,2.E.7.h,Web platform development software,N,N,4,261313,Software Engineer,96.0
15-1252.00,Software Developers,Atlassian Bamboo,2.E.7.c,Enterprise application integration software,N,N,4,261313,Software Engineer,96.0
15-1252.00,Software Developers,Automated installation software,2.E.7.a,Configuration management software,N,N,4,261313,Software Engineer,96.0
15-1252.00,Software Developers,AWK,2.E.7.b,Development environment software,N,N,4,261313,Software Engineer,96.0
15-1252.00,Software Developers,B-Method,2.E.7.b,Development environment software,N,N,4,261313,Software Engineer,96.0
15-1252.00,Software Developers,Backbone.js,2.E.7.h,Web platform development software,N,N,4,261313,Software Engineer,96.0
15-1252.00,Software Developers,Backup and archival software,2.E.15.f,Backup or archival software,N,N,4,261313,Software Engineer,96.0
15-1252.00,Software Developers,Beginner's all-purpose symbolic instruction code BASIC,2.E.7.b,Development environment software,N,N,4,261313,Software Engineer,96.0
15-1252.00,Software Developers,Bigloo Scheme,2.E.7.b,Development environment software,N,N,4,261313,Software Engineer,96.0
15-1252.00,Software Developers,Blackbaud The Raiser's Edge,2.E.6.c,Customer relationship management CRM software,N,N,4,261313,Software Engineer,96.0
15-1252.00,Software Developers,Blackboard software,2.E.6.f,Data base user interface and query software,N,N,4,261313,Software Engineer,96.0
15-1252.00,Software Developers,Blink,2.E.16.d,Instant messaging software,N,N,4,261313,Software Engineer,96.0
15-1252.00,Software Developers,Call-processing language CPL,2.E.7.b,Development environment software,N,N,4,261313,Software Engineer,96.0
15-1252.00,Software Developers,Canu,2.E.7.b,Development environment software,N,N,4,261313,Software Engineer,96.0
15-1252.00,Software Developers,Cisco IOS,2.E.13.c,Operating system software,N,N,4,261313,Software Engineer,96.0
15-1252.00,Software Developers,Citrix cloud computing software,2.E.12.a,Access software,N,N,4,261313,Software Engineer,96.0
15-1252.00,Software Developers,Collaborative Application Markup Language CAML,2.E.7.e,Object or component oriented development software,N,N,4,261313,Software Engineer,96.0
15-1252.00,Software Developers,Common business oriented language COBOL,2.E.7.b,Development environment software,N,N,4,261313,Software Engineer,96.0
15-1252.00,Software Developers,Common Lisp Object System CLOS,2.E.7.e,Object or component oriented development software,N,N,4,261313,Software Engineer,96.0
15-1252.00,Software Developers,Component object model COM software,2.E.7.e,Object or component oriented development software,N,N,4,261313,Software Engineer,96.0
15-1252.00,Software Developers,Component-based Scalable Logical Architecture CSLA,2.E.7.e,Object or component oriented development software,N,N,4,261313,Software Engineer,96.0
15-1252.00,Software Developers,Computer Associates integrated data management system CA-IDMS,2.E.6.d,Data base management system software,N,N,4,261313,Software Engineer,96.0
15-1252.00,Software Developers,Computer On-line Real-time Applications Language CORAL 66,2.E.7.b,Development environment software,N,N,4,261313,Software Engineer,96.0
15-1252.00,Software Developers,Customer information control system CICS,2.E.6.l,Transaction server software,N,N,4,261313,Software Engineer,96.0
15-1252.00,Software Developers,Data analysis software,2.E.9.d,Analytical or scientific software,N,N,4,261313,Software Engineer,96.0
15-1252.00,Software Developers,Data definition language DDL,2.E.6.d,Data base management system software,N,N,4,261313,Software Engineer,96.0
15-1252.00,Software Developers,Data manipulation language DML,2.E.6.d,Data base management system software,N,N,4,261313,Software Engineer,96.0
15-1252.00,Software Developers,DataVision,2.E.6.e,Data base reporting software,N,N,4,261313,Software Engineer,96.0
15-1252.00,Software Developers,Defect tracking software,2.E.7.f,Program testing software,N,N,4,261313,Software Engineer,96.0
15-1252.00,Software Developers,Delphi Technology,2.E.2.d,Financial analysis software,N,N,4,261313,Software Engineer,96.0
15-1252.00,Software Developers,Deployment software,2.E.7.a,Configuration management software,N,N,4,261313,Software Engineer,96.0
15-1252.00,Software Developers,Disk operating system DOS,2.E.13.c,Operating system software,N,N,4,261313,Software Engineer,96.0
15-1252.00,Software Developers,Distributed component object model DCOM software,2.E.7.e,Object or component oriented development software,N,N,4,261313,Software Engineer,96.0
15-1252.00,Software Developers,Distributed database management software,2.E.6.d,Data base management system software,N,N,4,261313,Software Engineer,96.0
15-1252.00,Software Developers,Document management system software,2.E.5.b,Document management software,N,N,4,261313,Software Engineer,96.0
15-1252.00,Software Developers,Document Object Model DOM Scripting,2.E.7.e,Object or component oriented development software,N,N,4,261313,Software Engineer,96.0
15-1252.00,Software Developers,Dropbox,2.E.16.i,Cloud-based data access and sharing software,N,N,4,261313,Software Engineer,96.0
15-1252.00,Software Developers,Drupal,2.E.7.h,Web platform development software,N,N,4,261313,Software Engineer,96.0
15-1252.00,Software Developers,Dynamic analysis software,2.E.7.f,Program testing software,N,N,4,261313,Software Engineer,96.0
15-1252.00,Software Developers,Dynamic hypertext markup language DHTML,2.E.7.h,Web platform development software,N,N,4,261313,Software Engineer,96.0
15-1252.00,Software Developers,Dynamic modeling software,2.E.9.d,Analytical or scientific software,N,N,4,261313,Software Engineer,96.0
15-1252.00,Software Developers,E++ pattern language,2.E.7.e,Object or component oriented development software,N,N,4,261313,Software Engineer,96.0
15-1252.00,Software Developers,Eclipse Jersey,2.E.7.h,Web platform development software,N,N,4,261313,Software Engineer,96.0
15-1252.00,Software Developers,Eiffel,2.E.7.e,Object or component oriented development software,N,N,4,261313,Software Engineer,96.0
15-1252.00,Software Developers,Embarcadero Delphi,2.E.7.e,Object or component oriented development software,N,N,4,261313,Software Engineer,96.0
15-1252.00,Software Developers,Embarcadero JBuilder,2.E.7.b,Development environment software,N,N,4,261313,Software Engineer,96.0
15-1252.00,Software Developers,Embedded systems development software,2.E.7.b,Development environment software,N,N,4,261313,Software Engineer,96.0
15-1252.00,Software Developers,Emerald Software Group Emerald Green Office,2.E.5.a,Content workflow software,N,N,4,261313,Software Engineer,96.0
15-1252.00,Software Developers,Encryption software,2.E.14.d,Transaction security and virus protection software,N,N,4,261313,Software Engineer,96.0
15-1252.00,Software Developers,Enterprise application integration EAI software,2.E.7.c,Enterprise application integration software,N,N,4,261313,Software Engineer,96.0
15-1252.00,Software Developers,Enterprise JavaBeans,2.E.7.h,Web platform development software,N,N,4,261313,Software Engineer,96.0
15-1252.00,Software Developers,Event-driven State-machines Programming,2.E.7.b,Development environment software,N,N,4,261313,Software Engineer,96.0
15-1252.00,Software Developers,Evernote,2.E.4.d,Word processing software,N,N,4,261313,Software Engineer,96.0
15-1252.00,Software Developers,Ext JS,2.E.7.h,Web platform development software,N,N,4,261313,Software Engineer,96.0
15-1252.00,Software Developers,Extensible hypertext markup language XHTML,2.E.7.h,Web platform development software,N,N,4,261313,Software Engineer,96.0
15-1252.00,Software Developers,Extensible stylesheet language transformations XSLT,2.E.7.h,Web platform development software,N,N,4,261313,Software Engineer,96.0
15-1252.00,Software Developers,FaceTime,2.E.16.b,Video conferencing software,N,N,4,261313,Software Engineer,96.0
15-1252.00,Software Developers,Fault testing software,2.E.7.f,Program testing software,N,N,4,261313,Software Engineer,96.0
15-1252.00,Software Developers,File server software,2.E.13.a,Filesystem software,N,N,4,261313,Software Engineer,96.0
15-1252.00,Software Developers,FileMaker Pro,2.E.6.f,Data base user interface and query software,N,N,4,261313,Software Engineer,96.0
15-1252.00,Software Developers,Firewall software,2.E.14.c,Network security and virtual private network VPN equipment software,N,N,4,261313,Software Engineer,96.0
15-1252.00,Software Developers,Flipgrid,2.E.4.c,Video creation and editing software,N,N,4,261313,Software Engineer,96.0
15-1252.00,Software Developers,Formula translation/translator FORTRAN,2.E.7.b,Development environment software,N,N,4,261313,Software Engineer,96.0
15-1252.00,Software Developers,Forth,2.E.7.b,Development environment software,N,N,4,261313,Software Engineer,96.0
15-1252.00,Software Developers,Functional testing software,2.E.7.f,Program testing software,N,N,4,261313,Software Engineer,96.0
15-1252.00,Software Developers,Gambit Scheme,2.E.7.b,Development environment software,N,N,4,261313,Software Engineer,96.0
15-1252.00,Software Developers,GNU Image Manipulation Program GIMP,2.E.4.b,Graphics or photo imaging software,N,N,4,261313,Software Engineer,96.0
15-1252.00,Software Developers,Google Cloud software,2.E.11.e,Cloud-based management software,N,N,4,261313,Software Engineer,96.0
15-1252.00,Software Developers,Google Drive,2.E.16.i,Cloud-based data access and sharing software,N,N,4,261313,Software Engineer,96.0
15-1252.00,Software Developers,Google Gmail,2.E.16.a,Electronic mail software,N,N,4,261313,Software Engineer,96.0
15-1252.00,Software Developers,Google Meet,2.E.16.b,Video conferencing software,N,N,4,261313,Software Engineer,96.0
15-1252.00,Software Developers,Google Sites,2.E.4.g,Web page creation and editing software,N,N,4,261313,Software Engineer,96.0
15-1252.00,Software Developers,Google Slides,2.E.4.f,Presentation software,N,N,4,261313,Software Engineer,96.0
15-1252.00,Software Developers,Gradle,2.E.7.e,Object or component oriented development software,N,N,4,261313,Software Engineer,96.0
15-1252.00,Software Developers,Graphical user interface GUI builder software,2.E.7.d,Graphical user interface development software,N,N,4,261313,Software Engineer,96.0
15-1252.00,Software Developers,Graphical user interface GUI design software,2.E.7.d,Graphical user interface development software,N,N,4,261313,Software Engineer,96.0
15-1252.00,Software Developers,GroupMe,2.E.16.d,Instant messaging software,N,N,4,261313,Software Engineer,96.0
15-1252.00,Software Developers,Haskell,2.E.7.b,Development environment software,N,N,4,261313,Software Engineer,96.0
15-1252.00,Software Developers,Hewlett Packard HP-UX,2.E.13.c,Operating system software,N,N,4,261313,Software Engineer,96.0
15-1252.00,Software Developers,Hewlett Packard LoadRunner,2.E.7.f,Program testing software,N,N,4,261313,Software Engineer,96.0
15-1252.00,Software Developers,IBM AIX,2.E.13.c,Operating system software,N,N,4,261313,Software Engineer,96.0
15-1252.00,Software Developers,IBM Cognos Impromptu,2.E.6.m,Business intelligence and data analysis software,N,N,4,261313,Software Engineer,96.0
15-1252.00,Software Developers,IBM Domino,2.E.12.b,Communications server software,N,N,4,261313,Software Engineer,96.0
15-1252.00,Software Developers,IBM InfoSphere DataStage,2.E.7.c,Enterprise application integration software,N,N,4,261313,Software Engineer,96.0
15-1252.00,Software Developers,IBM Middleware,2.E.6.l,Transaction server software,N,N,4,261313,Software Engineer,96.0
15-1252.00,Software Developers,IBM Notes,2.E.16.a,Electronic mail software,N,N,4,261313,Software Engineer,96.0
15-1252.00,Software Developers,IBM Power Systems software,2.E.17.a,Enterprise system management software,N,N,4,261313,Software Engineer,96.0
15-1252.00,Software Developers,IBM Rational ClearCase,2.E.7.a,Configuration management software,N,N,4,261313,Software Engineer,96.0
15-1252.00,Software Developers,IBM Rational ClearQuest,2.E.7.b,Development environment software,N,N,4,261313,Software Engineer,96.0
15-1252.00,Software Developers,IBM Rational PurifyPlus,2.E.7.f,Program testing software,N,N,4,261313,Software Engineer,96.0
15-1252.00,Software Developers,IBM Rational RequisitePro,2.E.7.g,Requirements analysis and system architecture software,N,N,4,261313,Software Engineer,96.0
15-1252.00,Software Developers,IBM Rational Rose XDE,2.E.7.b,Development environment software,N,N,4,261313,Software Engineer,96.0
15-1252.00,Software Developers,IBM WebSphere,2.E.11.e,Cloud-based management software,N,N,4,261313,Software Engineer,96.0
15-1252.00,Software Developers,IBM z/OS operating systems,2.E.13.b,Network operation system software,N,N,4,261313,Software Engineer,96.0
15-1252.00,Software Developers,ICON programming language,2.E.7.b,Development environment software,N,N,4,261313,Software Engineer,96.0
15-1252.00,Software Developers,IEA Software Emerald,2.E.6.f,Data base user interface and query software,N,N,4,261313,Software Engineer,96.0
15-1252.00,Software Developers,Integrated development environment IDE software,2.E.7.b,Development environment software,N,N,4,261313,Software Engineer,96.0
15-1252.00,Software Developers,Integration testing software,2.E.7.f,Program testing software,N,N,4,261313,Software Engineer,96.0
15-1252.00,Software Developers,Interface definition language IDL,2.E.7.b,Development environment software,N,N,4,261313,Software Engineer,96.0
15-1252.00,Software Developers,Interoperability testing software,2.E.7.f,Program testing software,N,N,4,261313,Software Engineer,96.0
15-1252.00,Software Developers,Interstate connection ICON,2.E.7.b,Development environment software,N,N,4,261313,Software Engineer,96.0
15-1252.00,Software Developers,J,2.E.7.b,Development environment software,N,N,4,261313,Software Engineer,96.0
15-1252.00,Software Developers,JamBoard,2.E.4.b,Graphics or photo imaging software,N,N,4,261313,Software Engineer,96.0
15-1252.00,Software Developers,JavaScript framework software,2.E.7.h,Web platform development software,N,N,4,261313,Software Engineer,96.0
15-1252.00,Software Developers,JFrog Artifactory,2.E.7.b,Development environment software,N,N,4,261313,Software Engineer,96.0
15-1252.00,Software Developers,Job control language JCL,2.E.13.c,Operating system software,N,N,4,261313,Software Engineer,96.0
15-1252.00,Software Developers,Jupyter Notebook,2.E.7.e,Object or component oriented development software,N,N,4,261313,Software Engineer,96.0
15-1252.00,Software Developers,KornShell,2.E.13.c,Operating system software,N,N,4,261313,Software Engineer,96.0
15-1252.00,Software Developers,Kotlin,2.E.7.b,Development environment software,N,N,4,261313,Software Engineer,96.0
15-1252.00,Software Developers,LAMP Stack,2.E.7.h,Web platform development software,N,N,4,261313,Software Engineer,96.0
15-1252.00,Software Developers,LexisNexis,2.E.6.h,Information retrieval or search software,N,N,4,261313,Software Engineer,96.0
15-1252.00,Software Developers,LibreOffice,2.E.1.k,Office suite software,N,N,4,261313,Software Engineer,96.0
15-1252.00,Software Developers,LinkedIn,2.E.4.g,Web page creation and editing software,N,N,4,261313,Software Engineer,96.0
15-1252.00,Software Developers,List processing language LISP,2.E.7.b,Development environment software,N,N,4,261313,Software Engineer,96.0
15-1252.00,Software Developers,Load testing software,2.E.7.f,Program testing software,N,N,4,261313,Software Engineer,96.0
15-1252.00,Software Developers,LogMeIn GoToMeeting,2.E.16.b,Video conferencing software,N,N,4,261313,Software Engineer,96.0
15-1252.00,Software Developers,LogMeIn GoToWebinar,2.E.16.c,Network conferencing software,N,N,4,261313,Software Engineer,96.0
15-1252.00,Software Developers,Loom,2.E.4.c,Video creation and editing software,N,N,4,261313,Software Engineer,96.0
15-1252.00,Software Developers,Magellan Firmware,2.E.13.c,Operating system software,N,N,4,261313,Software Engineer,96.0
15-1252.00,Software Developers,Management information systems MIS,2.E.2.b,Enterprise resource planning ERP software,N,N,4,261313,Software Engineer,96.0
15-1252.00,Software Developers,MathWorks Simulink,2.E.9.d,Analytical or scientific software,N,N,4,261313,Software Engineer,96.0
15-1252.00,Software Developers,McAfee,2.E.14.d,Transaction security and virus protection software,N,N,4,261313,Software Engineer,96.0
15-1252.00,Software Developers,Microservices Architecture,2.E.10.a,Application server software,N,N,4,261313,Software Engineer,96.0
15-1252.00,Software Developers,Microsoft ActiveX,2.E.7.e,Object or component oriented development software,N,N,4,261313,Software Engineer,96.0
15-1252.00,Software Developers,Microsoft ASP.NET Core MVC,2.E.7.h,Web platform development software,N,N,4,261313,Software Engineer,96.0
15-1252.00,Software Developers,Microsoft Azure DevOps Services,2.E.7.b,Development environment software,N,N,4,261313,Software Engineer,96.0
15-1252.00,Software Developers,Microsoft DirectX,2.E.15.c,Device drivers or system software,N,N,4,261313,Software Engineer,96.0
15-1252.00,Software Developers,Microsoft Dynamics,2.E.2.b,Enterprise resource planning ERP software,N,N,4,261313,Software Engineer,96.0
15-1252.00,Software Developers,Microsoft Dynamics GP,2.E.2.b,Enterprise resource planning ERP software,N,N,4,261313,Software Engineer,96.0
15-1252.00,Software Developers,Microsoft ESP SDK,2.E.7.b,Development environment software,N,N,4,261313,Software Engineer,96.0
15-1252.00,Software Developers,Microsoft Exchange,2.E.16.a,Electronic mail software,N,N,4,261313,Software Engineer,96.0
15-1252.00,Software Developers,Microsoft Internet Information Services (IIS),2.E.6.l,Transaction server software,N,N,4,261313,Software Engineer,96.0
15-1252.00,Software Developers,Microsoft OneNote,2.E.4.d,Word processing software,N,N,4,261313,Software Engineer,96.0
15-1252.00,Software Developers,Microsoft Publisher,2.E.4.k,Desktop publishing software,N,N,4,261313,Software Engineer,96.0
15-1252.00,Software Developers,Microsoft transact-structural query language T-SQL,2.E.6.d,Data base management system software,N,N,4,261313,Software Engineer,96.0
15-1252.00,Software Developers,Microsoft Visual Basic Scripting Edition VBScript,2.E.7.b,Development environment software,N,N,4,261313,Software Engineer,96.0
15-1252.00,Software Developers,Microsoft Visual Basic.NET,2.E.7.e,Object or component oriented development software,N,N,4,261313,Software Engineer,96.0
15-1252.00,Software Developers,Microsoft Visual C# .NET,2.E.7.e,Object or component oriented development software,N,N,4,261313,Software Engineer,96.0
15-1252.00,Software Developers,MicroStrategy,2.E.6.m,Business intelligence and data analysis software,N,N,4,261313,Software Engineer,96.0
15-1252.00,Software Developers,Migration software,2.E.12.m,Platform interconnectivity software,N,N,4,261313,Software Engineer,96.0
15-1252.00,Software Developers,Migration testing software,2.E.7.f,Program testing software,N,N,4,261313,Software Engineer,96.0
15-1252.00,Software Developers,Minitab,2.E.9.d,Analytical or scientific software,N,N,4,261313,Software Engineer,96.0
15-1252.00,Software Developers,Modula,2.E.7.e,Object or component oriented development software,N,N,4,261313,Software Engineer,96.0
15-1252.00,Software Developers,Moodle,2.E.8.b,Computer based training software,N,N,4,261313,Software Engineer,96.0
15-1252.00,Software Developers,MuleSoft software,2.E.7.c,Enterprise application integration software,N,N,4,261313,Software Engineer,96.0
15-1252.00,Software Developers,MUMPS M,2.E.7.b,Development environment software,N,N,4,261313,Software Engineer,96.0
15-1252.00,Software Developers,Mutation testing software,2.E.7.f,Program testing software,N,N,4,261313,Software Engineer,96.0
15-1252.00,Software Developers,Nagios,2.E.11.a,Network monitoring software,N,N,4,261313,Software Engineer,96.0
15-1252.00,Software Developers,National Instruments LabVIEW,2.E.7.b,Development environment software,N,N,4,261313,Software Engineer,96.0
15-1252.00,Software Developers,NetSuite ERP,2.E.2.b,Enterprise resource planning ERP software,N,N,4,261313,Software Engineer,96.0
15-1252.00,Software Developers,NortonLifeLock cybersecurity software,2.E.14.d,Transaction security and virus protection software,N,N,4,261313,Software Engineer,96.0
15-1252.00,Software Developers,Oberon,2.E.7.e,Object or component oriented development software,N,N,4,261313,Software Engineer,96.0
15-1252.00,Software Developers,Object Management Group Object Request Broker,2.E.6.l,Transaction server software,N,N,4,261313,Software Engineer,96.0
15-1252.00,Software Developers,Objective C,2.E.7.e,Object or component oriented development software,N,N,4,261313,Software Engineer,96.0
15-1252.00,Software Developers,Objective Caml,2.E.7.e,Object or component oriented development software,N,N,4,261313,Software Engineer,96.0
15-1252.00,Software Developers,Open Graphics Library OpenGL,2.E.4.b,Graphics or photo imaging software,N,N,4,261313,Software Engineer,96.0
15-1252.00,Software Developers,OpenAI ChatGPT,2.E.7.b,Development environment software,N,N,4,261313,Software Engineer,96.0
15-1252.00,Software Developers,Operating system shells,2.E.13.c,Operating system software,N,N,4,261313,Software Engineer,96.0
15-1252.00,Software Developers,Oracle Application Server,2.E.10.a,Application server software,N,N,4,261313,Software Engineer,96.0
15-1252.00,Software Developers,Oracle Business Intelligence Discoverer,2.E.6.e,Data base reporting software,N,N,4,261313,Software Engineer,96.0
15-1252.00,Software Developers,Oracle Business Intelligence Enterprise Edition,2.E.6.m,Business intelligence and data analysis software,N,N,4,261313,Software Engineer,96.0
15-1252.00,Software Developers,Oracle Business Intelligence Suite,2.E.6.e,Data base reporting software,N,N,4,261313,Software Engineer,96.0
15-1252.00,Software Developers,Oracle E-Business Suite Financials,2.E.2.d,Financial analysis software,N,N,4,261313,Software Engineer,96.0
15-1252.00,Software Developers,Oracle Eloqua,2.E.6.c,Customer relationship management CRM software,N,N,4,261313,Software Engineer,96.0
15-1252.00,Software Developers,Oracle Fusion Applications,2.E.2.b,Enterprise resource planning ERP software,N,N,4,261313,Software Engineer,96.0
15-1252.00,Software Developers,Oracle Fusion Middleware,2.E.7.c,Enterprise application integration software,N,N,4,261313,Software Engineer,96.0
15-1252.00,Software Developers,Oracle Hyperion,2.E.2.b,Enterprise resource planning ERP software,N,N,4,261313,Software Engineer,96.0
15-1252.00,Software Developers,Oracle Java Message Service JMS,2.E.7.e,Object or component oriented development software,N,N,4,261313,Software Engineer,96.0
15-1252.00,Software Developers,Oracle JavaServer Pages JSP,2.E.7.h,Web platform development software,N,N,4,261313,Software Engineer,96.0
15-1252.00,Software Developers,Oracle JD Edwards EnterpriseOne,2.E.2.b,Enterprise resource planning ERP software,N,N,4,261313,Software Engineer,96.0
15-1252.00,Software Developers,Oracle JDBC,2.E.6.f,Data base user interface and query software,N,N,4,261313,Software Engineer,96.0
15-1252.00,Software Developers,Oracle PeopleSoft Financials,2.E.2.b,Enterprise resource planning ERP software,N,N,4,261313,Software Engineer,96.0
15-1252.00,Software Developers,Oracle Reports,2.E.6.e,Data base reporting software,N,N,4,261313,Software Engineer,96.0
15-1252.00,Software Developers,Oracle Solaris,2.E.13.c,Operating system software,N,N,4,261313,Software Engineer,96.0
15-1252.00,Software Developers,Oracle WebLogic Server,2.E.10.a,Application server software,N,N,4,261313,Software Engineer,96.0
15-1252.00,Software Developers,Pascal,2.E.7.b,Development environment software,N,N,4,261313,Software Engineer,96.0
15-1252.00,Software Developers,Patch management software,2.E.7.a,Configuration management software,N,N,4,261313,Software Engineer,96.0
15-1252.00,Software Developers,Perforce Helix software,2.E.7.a,Configuration management software,N,N,4,261313,Software Engineer,96.0
15-1252.00,Software Developers,Platform as a service PaaS,2.E.16.i,Cloud-based data access and sharing software,N,N,4,261313,Software Engineer,96.0
15-1252.00,Software Developers,Programming language one PL/I,2.E.7.b,Development environment software,N,N,4,261313,Software Engineer,96.0
15-1252.00,Software Developers,Prolog,2.E.7.b,Development environment software,N,N,4,261313,Software Engineer,96.0
15-1252.00,Software Developers,PuTTY,2.E.12.a,Access software,N,N,4,261313,Software Engineer,96.0
15-1252.00,Software Developers,Qlik Tech QlikView,2.E.6.m,Business intelligence and data analysis software,N,N,4,261313,Software Engineer,96.0
15-1252.00,Software Developers,QNX,2.E.13.c,Operating system software,N,N,4,261313,Software Engineer,96.0
15-1252.00,Software Developers,Quest Erwin Data Modeler,2.E.6.i,Metadata management software,N,N,4,261313,Software Engineer,96.0
15-1252.00,Software Developers,RabbitMQ,2.E.7.e,Object or component oriented development software,N,N,4,261313,Software Engineer,96.0
15-1252.00,Software Developers,React Native,2.E.7.h,Web platform development software,N,N,4,261313,Software Engineer,96.0
15-1252.00,Software Developers,React Redux,2.E.7.h,Web platform development software,N,N,4,261313,Software Engineer,96.0
15-1252.00,Software Developers,Real time operating system RTOS software,2.E.13.c,Operating system software,N,N,4,261313,Software Engineer,96.0
15-1252.00,Software Developers,Recovery testing software,2.E.7.f,Program testing software,N,N,4,261313,Software Engineer,96.0
15-1252.00,Software Developers,Red Hat Ansible Engine,2.E.7.a,Configuration management software,N,N,4,261313,Software Engineer,96.0
15-1252.00,Software Developers,Red Hat WildFly,2.E.10.a,Application server software,N,N,4,261313,Software Engineer,96.0
15-1252.00,Software Developers,Regression testing software,2.E.7.f,Program testing software,N,N,4,261313,Software Engineer,96.0
15-1252.00,Software Developers,Relational database management software,2.E.6.d,Data base management system software,N,N,4,261313,Software Engineer,96.0
15-1252.00,Software Developers,Requirements management software,2.E.7.g,Requirements analysis and system architecture software,N,N,4,261313,Software Engineer,96.0
15-1252.00,Software Developers,Restructured extended executor REXX,2.E.7.b,Development environment software,N,N,4,261313,Software Engineer,96.0
15-1252.00,Software Developers,Ruby on Rails,2.E.7.h,Web platform development software,N,N,4,261313,Software Engineer,96.0
15-1252.00,Software Developers,Salesforce Visualforce,2.E.7.d,Graphical user interface development software,N,N,4,261313,Software Engineer,96.0
15-1252.00,Software Developers,SAP Adaptive Server Enterprise,2.E.6.d,Data base management system software,N,N,4,261313,Software Engineer,96.0
15-1252.00,Software Developers,SAP Business Intelligence,2.E.6.e,Data base reporting software,N,N,4,261313,Software Engineer,96.0
15-1252.00,Software Developers,SAP Business Objects,2.E.2.b,Enterprise resource planning ERP software,N,N,4,261313,Software Engineer,96.0
15-1252.00,Software Developers,SAP Crystal Reports,2.E.6.e,Data base reporting software,N,N,4,261313,Software Engineer,96.0
15-1252.00,Software Developers,SAP NetWeaver,2.E.7.c,Enterprise application integration software,N,N,4,261313,Software Engineer,96.0
15-1252.00,Software Developers,SAP PowerBuilder,2.E.7.e,Object or component oriented development software,N,N,4,261313,Software Engineer,96.0
15-1252.00,Software Developers,Scheme,2.E.7.b,Development environment software,N,N,4,261313,Software Engineer,96.0
15-1252.00,Software Developers,Screencastify,2.E.4.c,Video creation and editing software,N,N,4,261313,Software Engineer,96.0
15-1252.00,Software Developers,Security testing software,2.E.7.f,Program testing software,N,N,4,261313,Software Engineer,96.0
15-1252.00,Software Developers,Simple API for XML SAX,2.E.7.e,Object or component oriented development software,N,N,4,261313,Software Engineer,96.0
15-1252.00,Software Developers,Simulation program with integrated circuit emphasis SPICE,2.E.9.d,Analytical or scientific software,N,N,4,261313,Software Engineer,96.0
15-1252.00,Software Developers,Single sign-on SSO,2.E.14.a,Authentication server software,N,N,4,261313,Software Engineer,96.0
15-1252.00,Software Developers,Skype,2.E.10.b,Desktop communications software,N,N,4,261313,Software Engineer,96.0
15-1252.00,Software Developers,Smalltalk,2.E.7.e,Object or component oriented development software,N,N,4,261313,Software Engineer,96.0
15-1252.00,Software Developers,SmugMug Flickr,2.E.4.b,Graphics or photo imaging software,N,N,4,261313,Software Engineer,96.0
15-1252.00,Software Developers,Social media sites,2.E.4.g,Web page creation and editing software,N,N,4,261313,Software Engineer,96.0
15-1252.00,Software Developers,Software development tools,2.E.7.b,Development environment software,N,N,4,261313,Software Engineer,96.0
15-1252.00,Software Developers,Software distribution management software,2.E.11.c,Administration software,N,N,4,261313,Software Engineer,96.0
15-1252.00,Software Developers,Software libraries,2.E.7.b,Development environment software,N,N,4,261313,Software Engineer,96.0
15-1252.00,Software Developers,SonarQube,2.E.7.f,Program testing software,N,N,4,261313,Software Engineer,96.0
15-1252.00,Software Developers,Source code editor software,2.E.7.f,Program testing software,N,N,4,261313,Software Engineer,96.0
15-1252.00,Software Developers,StataCorp Stata,2.E.9.d,Analytical or scientific software,N,N,4,261313,Software Engineer,96.0
15-1252.00,Software Developers,Static analysis software,2.E.7.f,Program testing software,N,N,4,261313,Software Engineer,96.0
15-1252.00,Software Developers,Storage area network SAN software,2.E.12.f,Storage networking software,N,N,4,261313,Software Engineer,96.0
15-1252.00,Software Developers,Stress testing software,2.E.7.f,Program testing software,N,N,4,261313,Software Engineer,96.0
15-1252.00,Software Developers,String oriented symbolic language SNOBOL,2.E.7.b,Development environment software,N,N,4,261313,Software Engineer,96.0
15-1252.00,Software Developers,Structured Query Report SQR,2.E.6.d,Data base management system software,N,N,4,261313,Software Engineer,96.0
15-1252.00,Software Developers,Sun Microsystems Java Persistence API,2.E.7.e,Object or component oriented development software,N,N,4,261313,Software Engineer,96.0
15-1252.00,Software Developers,Symantec Visual Cafe,2.E.7.b,Development environment software,N,N,4,261313,Software Engineer,96.0
15-1252.00,Software Developers,System testing software,2.E.7.f,Program testing software,N,N,4,261313,Software Engineer,96.0
15-1252.00,Software Developers,Talend Big Data Integration,2.E.6.d,Data base management system software,N,N,4,261313,Software Engineer,96.0
15-1252.00,Software Developers,Talend Data Fabric,2.E.6.i,Metadata management software,N,N,4,261313,Software Engineer,96.0
15-1252.00,Software Developers,Test design software,2.E.7.f,Program testing software,N,N,4,261313,Software Engineer,96.0
15-1252.00,Software Developers,Test implementation software,2.E.7.f,Program testing software,N,N,4,261313,Software Engineer,96.0
15-1252.00,Software Developers,Ubuntu,2.E.13.c,Operating system software,N,N,4,261313,Software Engineer,96.0
15-1252.00,Software Developers,Unified modeling language UML,2.E.7.g,Requirements analysis and system architecture software,N,N,4,261313,Software Engineer,96.0
15-1252.00,Software Developers,Unit testing software,2.E.7.f,Program testing software,N,N,4,261313,Software Engineer,96.0
15-1252.00,Software Developers,Usability testing software,2.E.7.f,Program testing software,N,N,4,261313,Software Engineer,96.0
15-1252.00,Software Developers,Verilog,2.E.7.b,Development environment software,N,N,4,261313,Software Engineer,96.0
15-1252.00,Software Developers,Veritas NetBackup,2.E.15.f,Backup or archival software,N,N,4,261313,Software Engineer,96.0
15-1252.00,Software Developers,Version control software,2.E.5.c,File versioning software,N,N,4,261313,Software Engineer,96.0
15-1252.00,Software Developers,Virtual private networking VPN software,2.E.14.c,Network security and virtual private network VPN equipment software,N,N,4,261313,Software Engineer,96.0
15-1252.00,Software Developers,Visible Razor,2.E.7.a,Configuration management software,N,N,4,261313,Software Engineer,96.0
15-1252.00,Software Developers,VMware,2.E.6.b,Clustering software,N,N,4,261313,Software Engineer,96.0
15-1252.00,Software Developers,Voice over internet protocol VoIP system software,2.E.11.d,Internet protocol IP multimedia subsystem software,N,N,4,261313,Software Engineer,96.0
15-1252.00,Software Developers,Web application software,2.E.7.b,Development environment software,N,N,4,261313,Software Engineer,96.0
15-1252.00,Software Developers,Web server software,2.E.6.l,Transaction server software,N,N,4,261313,Software Engineer,96.0
15-1252.00,Software Developers,Web service definition language WDSL,2.E.7.b,Development environment software,N,N,4,261313,Software Engineer,96.0
15-1252.00,Software Developers,Win CE,2.E.13.c,Operating system software,N,N,4,261313,Software Engineer,96.0
15-1252.00,Software Developers,Wind River VxWorks,2.E.13.c,Operating system software,N,N,4,261313,Software Engineer,96.0
15-1252.00,Software Developers,Wireshark,2.E.11.a,Network monitoring software,N,N,4,261313,Software Engineer,96.0
15-1252.00,Software Developers,Xcode,2.E.7.b,Development environment software,N,N,4,261313,Software Engineer,96.0
15-1252.00,Software Developers,XML Path Language XPATH,2.E.7.b,Development environment software,N,N,4,261313,Software Engineer,96.0
15-1252.00,Software Developers,YouTube,2.E.4.c,Video creation and editing software,N,N,4,261313,Software Engineer,96.0
15-1253.00,Software Quality Assurance Analysts and Testers,Amazon Web Services AWS software,2.E.6.f,Data base user interface and query software,Y,Y,1,261314,Software Tester,96.0
15-1253.00,Software Quality Assurance Analysts and Testers,Atlassian JIRA,2.E.1.e,Project management software,Y,Y,1,261314,Software Tester,96.0
15-1253.00,Software Quality Assurance Analysts and Testers,C#,2.E.7.e,Object or component oriented development software,Y,Y,1,261314,Software Tester,96.0
15-1253.00,Software Quality Assurance Analysts and Testers,C++,2.E.7.e,Object or component oriented development software,Y,Y,1,261314,Software Tester,96.0
15-1253.00,Software Quality Assurance Analysts and Testers,Git,2.E.5.c,File versioning software,Y,Y,1,261314,Software Tester,96.0
15-1253.00,Software Quality Assurance Analysts and Testers,GitHub,2.E.10.a,Application server software,Y,Y,1,261314,Software Tester,96.0
15-1253.00,Software Quality Assurance Analysts and Testers,JavaScript,2.E.7.h,Web platform development software,Y,Y,1,261314,Software Tester,96.0
15-1253.00,Software Quality Assurance Analysts and Testers,Jenkins CI,2.E.7.c,Enterprise application integration software,Y,Y,1,261314,Software Tester,96.0
15-1253.00,Software Quality Assurance Analysts and Testers,Linux,2.E.13.c,Operating system software,Y,Y,1,261314,Software Tester,96.0
15-1253.00,Software Quality Assurance Analysts and Testers,Microsoft Azure software,2.E.7.b,Development environment software,Y,Y,1,261314,Software Tester,96.0
15-1253.00,Software Quality Assurance Analysts and Testers,Microsoft Excel,2.E.4.i,Spreadsheet software,Y,Y,1,261314,Software Tester,96.0
15-1253.00,Software Quality Assurance Analysts and Testers,Microsoft Office software,2.E.1.k,Office suite software,Y,Y,1,261314,Software Tester,96.0
15-1253.00,Software Quality Assurance Analysts and Testers,Oracle Java,2.E.7.e,Object or component oriented development software,Y,Y,1,261314,Software Tester,96.0
15-1253.00,Software Quality Assurance Analysts and Testers,Python,2.E.7.e,Object or component oriented development software,Y,Y,1,261314,Software Tester,96.0
15-1253.00,Software Quality Assurance Analysts and Testers,Selenium,2.E.7.f,Program testing software,Y,Y,1,261314,Software Tester,96.0
15-1253.00,Software Quality Assurance Analysts and Testers,Structured query language SQL,2.E.6.f,Data base user interface and query software,Y,Y,1,261314,Software Tester,96.0
15-1253.00,Software Quality Assurance Analysts and Testers,Apache JMeter,2.E.7.e,Object or component oriented development software,N,Y,2,261314,Software Tester,96.0
15-1253.00,Software Quality Assurance Analysts and Testers,Appium,2.E.7.f,Program testing software,N,Y,2,261314,Software Tester,96.0
15-1253.00,Software Quality Assurance Analysts and Testers,Microsoft Azure DevOps Services,2.E.7.b,Development environment software,N,Y,2,261314,Software Tester,96.0
15-1253.00,Software Quality Assurance Analysts and Testers,Microsoft Playwright,2.E.7.f,Program testing software,N,Y,2,261314,Software Tester,96.0
15-1253.00,Software Quality Assurance Analysts and Testers,Postman,2.E.13.c,Operating system software,N,Y,2,261314,Software Tester,96.0
15-1253.00,Software Quality Assurance Analysts and Testers,REST Assured,2.E.7.f,Program testing software,N,Y,2,261314,Software Tester,96.0
15-1253.00,Software Quality Assurance Analysts and Testers,RESTful API,2.E.7.h,Web platform development software,N,Y,2,261314,Software Tester,96.0
15-1253.00,Software Quality Assurance Analysts and Testers,TestNG,2.E.7.f,Program testing software,N,Y,2,261314,Software Tester,96.0
15-1253.00,Software Quality Assurance Analysts and Testers,Adobe Acrobat,2.E.5.b,Document management software,Y,N,3,261314,Software Tester,96.0
15-1253.00,Software Quality Assurance Analysts and Testers,Adobe After Effects,2.E.4.c,Video creation and editing software,Y,N,3,261314,Software Tester,96.0
15-1253.00,Software Quality Assurance Analysts and Testers,Adobe Creative Cloud software,2.E.4.b,Graphics or photo imaging software,Y,N,3,261314,Software Tester,96.0
15-1253.00,Software Quality Assurance Analysts and Testers,Adobe Illustrator,2.E.4.b,Graphics or photo imaging software,Y,N,3,261314,Software Tester,96.0
15-1253.00,Software Quality Assurance Analysts and Testers,Adobe InDesign,2.E.4.k,Desktop publishing software,Y,N,3,261314,Software Tester,96.0
15-1253.00,Software Quality Assurance Analysts and Testers,Adobe Photoshop,2.E.4.b,Graphics or photo imaging software,Y,N,3,261314,Software Tester,96.0
15-1253.00,Software Quality Assurance Analysts and Testers,AJAX,2.E.7.h,Web platform development software,Y,N,3,261314,Software Tester,96.0
15-1253.00,Software Quality Assurance Analysts and Testers,Amazon DynamoDB,2.E.6.d,Data base management system software,Y,N,3,261314,Software Tester,96.0
15-1253.00,Software Quality Assurance Analysts and Testers,Amazon Elastic Compute Cloud EC2,2.E.6.f,Data base user interface and query software,Y,N,3,261314,Software Tester,96.0
15-1253.00,Software Quality Assurance Analysts and Testers,Amazon Redshift,2.E.6.f,Data base user interface and query software,Y,N,3,261314,Software Tester,96.0
15-1253.00,Software Quality Assurance Analysts and Testers,Amazon Web Services AWS CloudFormation,2.E.11.e,Cloud-based management software,Y,N,3,261314,Software Tester,96.0
15-1253.00,Software Quality Assurance Analysts and Testers,Ansible software,2.E.1.i,Expert system software,Y,N,3,261314,Software Tester,96.0
15-1253.00,Software Quality Assurance Analysts and Testers,Apache Cassandra,2.E.6.d,Data base management system software,Y,N,3,261314,Software Tester,96.0
15-1253.00,Software Quality Assurance Analysts and Testers,Apache Hadoop,2.E.6.d,Data base management system software,Y,N,3,261314,Software Tester,96.0
15-1253.00,Software Quality Assurance Analysts and Testers,Apache Hive,2.E.6.f,Data base user interface and query software,Y,N,3,261314,Software Tester,96.0
15-1253.00,Software Quality Assurance Analysts and Testers,Apache Kafka,2.E.7.b,Development environment software,Y,N,3,261314,Software Tester,96.0
15-1253.00,Software Quality Assurance Analysts and Testers,Apache Maven,2.E.7.b,Development environment software,Y,N,3,261314,Software Tester,96.0
15-1253.00,Software Quality Assurance Analysts and Testers,Apache Spark,2.E.7.e,Object or component oriented development software,Y,N,3,261314,Software Tester,96.0
15-1253.00,Software Quality Assurance Analysts and Testers,Apache Subversion SVN,2.E.7.b,Development environment software,Y,N,3,261314,Software Tester,96.0
15-1253.00,Software Quality Assurance Analysts and Testers,Apache Tomcat,2.E.7.h,Web platform development software,Y,N,3,261314,Software Tester,96.0
15-1253.00,Software Quality Assurance Analysts and Testers,Apple macOS,2.E.13.c,Operating system software,Y,N,3,261314,Software Tester,96.0
15-1253.00,Software Quality Assurance Analysts and Testers,Apple Safari,2.E.10.e,Internet browser software,Y,N,3,261314,Software Tester,96.0
15-1253.00,Software Quality Assurance Analysts and Testers,Atlassian Bitbucket,2.E.10.a,Application server software,Y,N,3,261314,Software Tester,96.0
15-1253.00,Software Quality Assurance Analysts and Testers,Atlassian Confluence,2.E.1.e,Project management software,Y,N,3,261314,Software Tester,96.0
15-1253.00,Software Quality Assurance Analysts and Testers,Autodesk AutoCAD,2.E.9.c,Computer aided design CAD software,Y,N,3,261314,Software Tester,96.0
15-1253.00,Software Quality Assurance Analysts and Testers,Bash,2.E.13.c,Operating system software,Y,N,3,261314,Software Tester,96.0
15-1253.00,Software Quality Assurance Analysts and Testers,Bentley MicroStation,2.E.9.c,Computer aided design CAD software,Y,N,3,261314,Software Tester,96.0
15-1253.00,Software Quality Assurance Analysts and Testers,C,2.E.7.b,Development environment software,Y,N,3,261314,Software Tester,96.0
15-1253.00,Software Quality Assurance Analysts and Testers,Cascading style sheets CSS,2.E.7.h,Web platform development software,Y,N,3,261314,Software Tester,96.0
15-1253.00,Software Quality Assurance Analysts and Testers,Chef,2.E.7.a,Configuration management software,Y,N,3,261314,Software Tester,96.0
15-1253.00,Software Quality Assurance Analysts and Testers,Cisco Webex,2.E.16.b,Video conferencing software,Y,N,3,261314,Software Tester,96.0
15-1253.00,Software Quality Assurance Analysts and Testers,Django,2.E.7.h,Web platform development software,Y,N,3,261314,Software Tester,96.0
15-1253.00,Software Quality Assurance Analysts and Testers,Docker,2.E.10.a,Application server software,Y,N,3,261314,Software Tester,96.0
15-1253.00,Software Quality Assurance Analysts and Testers,Eclipse IDE,2.E.7.b,Development environment software,Y,N,3,261314,Software Tester,96.0
15-1253.00,Software Quality Assurance Analysts and Testers,Elasticsearch,2.E.6.d,Data base management system software,Y,N,3,261314,Software Tester,96.0
15-1253.00,Software Quality Assurance Analysts and Testers,Epic Systems,2.E.9.i,Medical software,Y,N,3,261314,Software Tester,96.0
15-1253.00,Software Quality Assurance Analysts and Testers,ESRI ArcGIS software,2.E.8.h,Geographic information system,Y,N,3,261314,Software Tester,96.0
15-1253.00,Software Quality Assurance Analysts and Testers,Extensible markup language XML,2.E.7.c,Enterprise application integration software,Y,N,3,261314,Software Tester,96.0
15-1253.00,Software Quality Assurance Analysts and Testers,GitLab,2.E.10.a,Application server software,Y,N,3,261314,Software Tester,96.0
15-1253.00,Software Quality Assurance Analysts and Testers,Go,2.E.7.b,Development environment software,Y,N,3,261314,Software Tester,96.0
15-1253.00,Software Quality Assurance Analysts and Testers,Google Analytics,2.E.6.g,Data mining software,Y,N,3,261314,Software Tester,96.0
15-1253.00,Software Quality Assurance Analysts and Testers,Google Android,2.E.13.c,Operating system software,Y,N,3,261314,Software Tester,96.0
15-1253.00,Software Quality Assurance Analysts and Testers,Google Angular,2.E.7.h,Web platform development software,Y,N,3,261314,Software Tester,96.0
15-1253.00,Software Quality Assurance Analysts and Testers,Google Docs,2.E.4.d,Word processing software,Y,N,3,261314,Software Tester,96.0
15-1253.00,Software Quality Assurance Analysts and Testers,Google Sheets,2.E.4.i,Spreadsheet software,Y,N,3,261314,Software Tester,96.0
15-1253.00,Software Quality Assurance Analysts and Testers,Hibernate ORM,2.E.6.j,Object oriented data base management software,Y,N,3,261314,Software Tester,96.0
15-1253.00,Software Quality Assurance Analysts and Testers,Hypertext markup language HTML,2.E.7.h,Web platform development software,Y,N,3,261314,Software Tester,96.0
15-1253.00,Software Quality Assurance Analysts and Testers,IBM DB2,2.E.6.f,Data base user interface and query software,Y,N,3,261314,Software Tester,96.0
15-1253.00,Software Quality Assurance Analysts and Testers,IBM SPSS Statistics,2.E.9.d,Analytical or scientific software,Y,N,3,261314,Software Tester,96.0
15-1253.00,Software Quality Assurance Analysts and Testers,JavaScript Object Notation JSON,2.E.7.h,Web platform development software,Y,N,3,261314,Software Tester,96.0
15-1253.00,Software Quality Assurance Analysts and Testers,jQuery,2.E.7.e,Object or component oriented development software,Y,N,3,261314,Software Tester,96.0
15-1253.00,Software Quality Assurance Analysts and Testers,JUnit,2.E.7.f,Program testing software,Y,N,3,261314,Software Tester,96.0
15-1253.00,Software Quality Assurance Analysts and Testers,Microsoft .NET Framework,2.E.7.b,Development environment software,Y,N,3,261314,Software Tester,96.0
15-1253.00,Software Quality Assurance Analysts and Testers,Microsoft Access,2.E.6.f,Data base user interface and query software,Y,N,3,261314,Software Tester,96.0
15-1253.00,Software Quality Assurance Analysts and Testers,Microsoft Active Server Pages ASP,2.E.7.h,Web platform development software,Y,N,3,261314,Software Tester,96.0
15-1253.00,Software Quality Assurance Analysts and Testers,Microsoft ASP.NET,2.E.7.h,Web platform development software,Y,N,3,261314,Software Tester,96.0
15-1253.00,Software Quality Assurance Analysts and Testers,Microsoft Outlook,2.E.16.a,Electronic mail software,Y,N,3,261314,Software Tester,96.0
15-1253.00,Software Quality Assurance Analysts and Testers,Microsoft PowerPoint,2.E.4.f,Presentation software,Y,N,3,261314,Software Tester,96.0
15-1253.00,Software Quality Assurance Analysts and Testers,Microsoft PowerShell,2.E.7.b,Development environment software,Y,N,3,261314,Software Tester,96.0
15-1253.00,Software Quality Assurance Analysts and Testers,Microsoft Project,2.E.1.e,Project management software,Y,N,3,261314,Software Tester,96.0
15-1253.00,Software Quality Assurance Analysts and Testers,Microsoft SharePoint,2.E.5.b,Document management software,Y,N,3,261314,Software Tester,96.0
15-1253.00,Software Quality Assurance Analysts and Testers,Microsoft SQL Server,2.E.6.f,Data base user interface and query software,Y,N,3,261314,Software Tester,96.0
15-1253.00,Software Quality Assurance Analysts and Testers,Microsoft SQL Server Integration Services SSIS,2.E.7.c,Enterprise application integration software,Y,N,3,261314,Software Tester,96.0
15-1253.00,Software Quality Assurance Analysts and Testers,Microsoft SQL Server Reporting Services SSRS,2.E.6.e,Data base reporting software,Y,N,3,261314,Software Tester,96.0
15-1253.00,Software Quality Assurance Analysts and Testers,Microsoft Team Foundation Server,2.E.1.e,Project management software,Y,N,3,261314,Software Tester,96.0
15-1253.00,Software Quality Assurance Analysts and Testers,Microsoft Teams,2.E.1.e,Project management software,Y,N,3,261314,Software Tester,96.0
15-1253.00,Software Quality Assurance Analysts and Testers,Microsoft Visio,2.E.1.p,Process mapping and design software,Y,N,3,261314,Software Tester,96.0
15-1253.00,Software Quality Assurance Analysts and Testers,Microsoft Visual Basic,2.E.7.b,Development environment software,Y,N,3,261314,Software Tester,96.0
15-1253.00,Software Quality Assurance Analysts and Testers,Microsoft Visual Basic for Applications VBA,2.E.7.b,Development environment software,Y,N,3,261314,Software Tester,96.0
15-1253.00,Software Quality Assurance Analysts and Testers,Microsoft Visual Studio,2.E.7.b,Development environment software,Y,N,3,261314,Software Tester,96.0
15-1253.00,Software Quality Assurance Analysts and Testers,Microsoft Windows,2.E.13.c,Operating system software,Y,N,3,261314,Software Tester,96.0
15-1253.00,Software Quality Assurance Analysts and Testers,Microsoft Windows Server,2.E.13.c,Operating system software,Y,N,3,261314,Software Tester,96.0
15-1253.00,Software Quality Assurance Analysts and Testers,Microsoft Word,2.E.4.d,Word processing software,Y,N,3,261314,Software Tester,96.0
15-1253.00,Software Quality Assurance Analysts and Testers,MongoDB,2.E.6.d,Data base management system software,Y,N,3,261314,Software Tester,96.0
15-1253.00,Software Quality Assurance Analysts and Testers,Mozilla Firefox,2.E.10.e,Internet browser software,Y,N,3,261314,Software Tester,96.0
15-1253.00,Software Quality Assurance Analysts and Testers,MySQL,2.E.6.d,Data base management system software,Y,N,3,261314,Software Tester,96.0
15-1253.00,Software Quality Assurance Analysts and Testers,Node.js,2.E.7.h,Web platform development software,Y,N,3,261314,Software Tester,96.0
15-1253.00,Software Quality Assurance Analysts and Testers,NoSQL,2.E.6.d,Data base management system software,Y,N,3,261314,Software Tester,96.0
15-1253.00,Software Quality Assurance Analysts and Testers,Oracle Database,2.E.6.f,Data base user interface and query software,Y,N,3,261314,Software Tester,96.0
15-1253.00,Software Quality Assurance Analysts and Testers,Oracle Java 2 Platform Enterprise Edition J2EE,2.E.7.b,Development environment software,Y,N,3,261314,Software Tester,96.0
15-1253.00,Software Quality Assurance Analysts and Testers,Oracle PeopleSoft,2.E.2.b,Enterprise resource planning ERP software,Y,N,3,261314,Software Tester,96.0
15-1253.00,Software Quality Assurance Analysts and Testers,Oracle PL/SQL,2.E.6.d,Data base management system software,Y,N,3,261314,Software Tester,96.0
15-1253.00,Software Quality Assurance Analysts and Testers,Oracle Primavera Enterprise Project Portfolio Management,2.E.1.e,Project management software,Y,N,3,261314,Software Tester,96.0
15-1253.00,Software Quality Assurance Analysts and Testers,Perl,2.E.7.e,Object or component oriented development software,Y,N,3,261314,Software Tester,96.0
15-1253.00,Software Quality Assurance Analysts and Testers,PHP,2.E.7.h,Web platform development software,Y,N,3,261314,Software Tester,96.0
15-1253.00,Software Quality Assurance Analysts and Testers,PostgreSQL,2.E.6.j,Object oriented data base management software,Y,N,3,261314,Software Tester,96.0
15-1253.00,Software Quality Assurance Analysts and Testers,Puppet,2.E.7.a,Configuration management software,Y,N,3,261314,Software Tester,96.0
15-1253.00,Software Quality Assurance Analysts and Testers,R,2.E.7.e,Object or component oriented development software,Y,N,3,261314,Software Tester,96.0
15-1253.00,Software Quality Assurance Analysts and Testers,React,2.E.7.h,Web platform development software,Y,N,3,261314,Software Tester,96.0
15-1253.00,Software Quality Assurance Analysts and Testers,Red Hat Enterprise Linux,2.E.13.c,Operating system software,Y,N,3,261314,Software Tester,96.0
15-1253.00,Software Quality Assurance Analysts and Testers,Red Hat OpenShift,2.E.10.a,Application server software,Y,N,3,261314,Software Tester,96.0
15-1253.00,Software Quality Assurance Analysts and Testers,Ruby,2.E.7.b,Development environment software,Y,N,3,261314,Software Tester,96.0
15-1253.00,Software Quality Assurance Analysts and Testers,Salesforce software,2.E.6.c,Customer relationship management CRM software,Y,N,3,261314,Software Tester,96.0
15-1253.00,Software Quality Assurance Analysts and Testers,SAP software,2.E.2.b,Enterprise resource planning ERP software,Y,N,3,261314,Software Tester,96.0
15-1253.00,Software Quality Assurance Analysts and Testers,SAS,2.E.9.d,Analytical or scientific software,Y,N,3,261314,Software Tester,96.0
15-1253.00,Software Quality Assurance Analysts and Testers,Scala,2.E.7.e,Object or component oriented development software,Y,N,3,261314,Software Tester,96.0
15-1253.00,Software Quality Assurance Analysts and Testers,Shell script,2.E.13.c,Operating system software,Y,N,3,261314,Software Tester,96.0
15-1253.00,Software Quality Assurance Analysts and Testers,Slack,2.E.16.i,Cloud-based data access and sharing software,Y,N,3,261314,Software Tester,96.0
15-1253.00,Software Quality Assurance Analysts and Testers,Splunk Enterprise,2.E.11.e,Cloud-based management software,Y,N,3,261314,Software Tester,96.0
15-1253.00,Software Quality Assurance Analysts and Testers,Spring Boot,2.E.10.a,Application server software,Y,N,3,261314,Software Tester,96.0
15-1253.00,Software Quality Assurance Analysts and Testers,Spring Framework,2.E.7.h,Web platform development software,Y,N,3,261314,Software Tester,96.0
15-1253.00,Software Quality Assurance Analysts and Testers,Swift,2.E.7.e,Object or component oriented development software,Y,N,3,261314,Software Tester,96.0
15-1253.00,Software Quality Assurance Analysts and Testers,Tableau,2.E.6.m,Business intelligence and data analysis software,Y,N,3,261314,Software Tester,96.0
15-1253.00,Software Quality Assurance Analysts and Testers,Teradata Database,2.E.6.d,Data base management system software,Y,N,3,261314,Software Tester,96.0
15-1253.00,Software Quality Assurance Analysts and Testers,The MathWorks MATLAB,2.E.9.d,Analytical or scientific software,Y,N,3,261314,Software Tester,96.0
15-1253.00,Software Quality Assurance Analysts and Testers,Transact-SQL,2.E.6.f,Data base user interface and query software,Y,N,3,261314,Software Tester,96.0
15-1253.00,Software Quality Assurance Analysts and Testers,Trimble SketchUp Pro,2.E.4.b,Graphics or photo imaging software,Y,N,3,261314,Software Tester,96.0
15-1253.00,Software Quality Assurance Analysts and Testers,UNIX,2.E.13.c,Operating system software,Y,N,3,261314,Software Tester,96.0
15-1253.00,Software Quality Assurance Analysts and Testers,UNIX Shell,2.E.13.c,Operating system software,Y,N,3,261314,Software Tester,96.0
15-1253.00,Software Quality Assurance Analysts and Testers,Zoom,2.E.16.b,Video conferencing software,Y,N,3,261314,Software Tester,96.0
15-1253.00,Software Quality Assurance Analysts and Testers,3M Post-it App,2.E.4.d,Word processing software,N,N,4,261314,Software Tester,96.0
15-1253.00,Software Quality Assurance Analysts and Testers,A programming language APL,2.E.7.b,Development environment software,N,N,4,261314,Software Tester,96.0
15-1253.00,Software Quality Assurance Analysts and Testers,ABC Compiler,2.E.7.b,Development environment software,N,N,4,261314,Software Tester,96.0
15-1253.00,Software Quality Assurance Analysts and Testers,ABC: the AspectBench Compiler for AspectJ,2.E.7.e,Object or component oriented development software,N,N,4,261314,Software Tester,96.0
15-1253.00,Software Quality Assurance Analysts and Testers,Acresso InstallAnywhere,2.E.7.e,Object or component oriented development software,N,N,4,261314,Software Tester,96.0
15-1253.00,Software Quality Assurance Analysts and Testers,Ada,2.E.7.b,Development environment software,N,N,4,261314,Software Tester,96.0
15-1253.00,Software Quality Assurance Analysts and Testers,ADO.NET,2.E.6.f,Data base user interface and query software,N,N,4,261314,Software Tester,96.0
15-1253.00,Software Quality Assurance Analysts and Testers,Adobe ActionScript,2.E.7.b,Development environment software,N,N,4,261314,Software Tester,96.0
15-1253.00,Software Quality Assurance Analysts and Testers,Adobe Dreamweaver,2.E.4.g,Web page creation and editing software,N,N,4,261314,Software Tester,96.0
15-1253.00,Software Quality Assurance Analysts and Testers,Adobe Flex,2.E.7.h,Web platform development software,N,N,4,261314,Software Tester,96.0
15-1253.00,Software Quality Assurance Analysts and Testers,Advanced business application programming ABAP,2.E.7.e,Object or component oriented development software,N,N,4,261314,Software Tester,96.0
15-1253.00,Software Quality Assurance Analysts and Testers,Airtable,2.E.6.f,Data base user interface and query software,N,N,4,261314,Software Tester,96.0
15-1253.00,Software Quality Assurance Analysts and Testers,Algorithmic language ALGOL,2.E.7.b,Development environment software,N,N,4,261314,Software Tester,96.0
15-1253.00,Software Quality Assurance Analysts and Testers,Allaire ColdFusion,2.E.7.h,Web platform development software,N,N,4,261314,Software Tester,96.0
15-1253.00,Software Quality Assurance Analysts and Testers,Amazon Data Pipeline,2.E.6.d,Data base management system software,N,N,4,261314,Software Tester,96.0
15-1253.00,Software Quality Assurance Analysts and Testers,Amazon Kinesis,2.E.6.d,Data base management system software,N,N,4,261314,Software Tester,96.0
15-1253.00,Software Quality Assurance Analysts and Testers,Amazon Simple Storage Service S3,2.E.12.f,Storage networking software,N,N,4,261314,Software Tester,96.0
15-1253.00,Software Quality Assurance Analysts and Testers,American National Standards Institute ANSI C,2.E.7.b,Development environment software,N,N,4,261314,Software Tester,96.0
15-1253.00,Software Quality Assurance Analysts and Testers,Anti-spyware software,2.E.14.d,Transaction security and virus protection software,N,N,4,261314,Software Tester,96.0
15-1253.00,Software Quality Assurance Analysts and Testers,Antivirus software,2.E.14.d,Transaction security and virus protection software,N,N,4,261314,Software Tester,96.0
15-1253.00,Software Quality Assurance Analysts and Testers,Apache Ant,2.E.7.b,Development environment software,N,N,4,261314,Software Tester,96.0
15-1253.00,Software Quality Assurance Analysts and Testers,Apache Avro,2.E.6.h,Information retrieval or search software,N,N,4,261314,Software Tester,96.0
15-1253.00,Software Quality Assurance Analysts and Testers,Apache Flume,2.E.6.d,Data base management system software,N,N,4,261314,Software Tester,96.0
15-1253.00,Software Quality Assurance Analysts and Testers,Apache Groovy,2.E.7.e,Object or component oriented development software,N,N,4,261314,Software Tester,96.0
15-1253.00,Software Quality Assurance Analysts and Testers,Apache HBase,2.E.6.d,Data base management system software,N,N,4,261314,Software Tester,96.0
15-1253.00,Software Quality Assurance Analysts and Testers,Apache HTTP Server,2.E.6.k,Portal server software,N,N,4,261314,Software Tester,96.0
15-1253.00,Software Quality Assurance Analysts and Testers,Apache Oozie,2.E.6.d,Data base management system software,N,N,4,261314,Software Tester,96.0
15-1253.00,Software Quality Assurance Analysts and Testers,Apache Pig,2.E.6.d,Data base management system software,N,N,4,261314,Software Tester,96.0
15-1253.00,Software Quality Assurance Analysts and Testers,Apache Solr,2.E.6.d,Data base management system software,N,N,4,261314,Software Tester,96.0
15-1253.00,Software Quality Assurance Analysts and Testers,Apache Sqoop,2.E.6.d,Data base management system software,N,N,4,261314,Software Tester,96.0
15-1253.00,Software Quality Assurance Analysts and Testers,Apache Struts,2.E.7.h,Web platform development software,N,N,4,261314,Software Tester,96.0
15-1253.00,Software Quality Assurance Analysts and Testers,Apple Cocoa,2.E.7.e,Object or component oriented development software,N,N,4,261314,Software Tester,96.0
15-1253.00,Software Quality Assurance Analysts and Testers,Atlassian Bamboo,2.E.7.c,Enterprise application integration software,N,N,4,261314,Software Tester,96.0
15-1253.00,Software Quality Assurance Analysts and Testers,Automated installation software,2.E.7.a,Configuration management software,N,N,4,261314,Software Tester,96.0
15-1253.00,Software Quality Assurance Analysts and Testers,AWK,2.E.7.b,Development environment software,N,N,4,261314,Software Tester,96.0
15-1253.00,Software Quality Assurance Analysts and Testers,B-Method,2.E.7.b,Development environment software,N,N,4,261314,Software Tester,96.0
15-1253.00,Software Quality Assurance Analysts and Testers,Backbone.js,2.E.7.h,Web platform development software,N,N,4,261314,Software Tester,96.0
15-1253.00,Software Quality Assurance Analysts and Testers,Backup and archival software,2.E.15.f,Backup or archival software,N,N,4,261314,Software Tester,96.0
15-1253.00,Software Quality Assurance Analysts and Testers,Beginner's all-purpose symbolic instruction code BASIC,2.E.7.b,Development environment software,N,N,4,261314,Software Tester,96.0
15-1253.00,Software Quality Assurance Analysts and Testers,Bigloo Scheme,2.E.7.b,Development environment software,N,N,4,261314,Software Tester,96.0
15-1253.00,Software Quality Assurance Analysts and Testers,Blackbaud The Raiser's Edge,2.E.6.c,Customer relationship management CRM software,N,N,4,261314,Software Tester,96.0
15-1253.00,Software Quality Assurance Analysts and Testers,Blackboard software,2.E.6.f,Data base user interface and query software,N,N,4,261314,Software Tester,96.0
15-1253.00,Software Quality Assurance Analysts and Testers,Blink,2.E.16.d,Instant messaging software,N,N,4,261314,Software Tester,96.0
15-1253.00,Software Quality Assurance Analysts and Testers,Borland SilkTest,2.E.7.f,Program testing software,N,N,4,261314,Software Tester,96.0
15-1253.00,Software Quality Assurance Analysts and Testers,Bugzilla,2.E.7.f,Program testing software,N,N,4,261314,Software Tester,96.0
15-1253.00,Software Quality Assurance Analysts and Testers,Call-processing language CPL,2.E.7.b,Development environment software,N,N,4,261314,Software Tester,96.0
15-1253.00,Software Quality Assurance Analysts and Testers,Canu,2.E.7.b,Development environment software,N,N,4,261314,Software Tester,96.0
15-1253.00,Software Quality Assurance Analysts and Testers,Cisco IOS,2.E.13.c,Operating system software,N,N,4,261314,Software Tester,96.0
15-1253.00,Software Quality Assurance Analysts and Testers,Citrix cloud computing software,2.E.12.a,Access software,N,N,4,261314,Software Tester,96.0
15-1253.00,Software Quality Assurance Analysts and Testers,Collaborative Application Markup Language CAML,2.E.7.e,Object or component oriented development software,N,N,4,261314,Software Tester,96.0
15-1253.00,Software Quality Assurance Analysts and Testers,Common business oriented language COBOL,2.E.7.b,Development environment software,N,N,4,261314,Software Tester,96.0
15-1253.00,Software Quality Assurance Analysts and Testers,Common Lisp Object System CLOS,2.E.7.e,Object or component oriented development software,N,N,4,261314,Software Tester,96.0
15-1253.00,Software Quality Assurance Analysts and Testers,Component object model COM software,2.E.7.e,Object or component oriented development software,N,N,4,261314,Software Tester,96.0
15-1253.00,Software Quality Assurance Analysts and Testers,Component-based Scalable Logical Architecture CSLA,2.E.7.e,Object or component oriented development software,N,N,4,261314,Software Tester,96.0
15-1253.00,Software Quality Assurance Analysts and Testers,Computer Associates integrated data management system CA-IDMS,2.E.6.d,Data base management system software,N,N,4,261314,Software Tester,96.0
15-1253.00,Software Quality Assurance Analysts and Testers,Computer On-line Real-time Applications Language CORAL 66,2.E.7.b,Development environment software,N,N,4,261314,Software Tester,96.0
15-1253.00,Software Quality Assurance Analysts and Testers,CruiseControl,2.E.7.b,Development environment software,N,N,4,261314,Software Tester,96.0
15-1253.00,Software Quality Assurance Analysts and Testers,Customer information control system CICS,2.E.6.l,Transaction server software,N,N,4,261314,Software Tester,96.0
15-1253.00,Software Quality Assurance Analysts and Testers,Dassault Systemes CATIA,2.E.9.c,Computer aided design CAD software,N,N,4,261314,Software Tester,96.0
15-1253.00,Software Quality Assurance Analysts and Testers,Data analysis software,2.E.9.d,Analytical or scientific software,N,N,4,261314,Software Tester,96.0
15-1253.00,Software Quality Assurance Analysts and Testers,Data definition language DDL,2.E.6.d,Data base management system software,N,N,4,261314,Software Tester,96.0
15-1253.00,Software Quality Assurance Analysts and Testers,Data manipulation language DML,2.E.6.d,Data base management system software,N,N,4,261314,Software Tester,96.0
15-1253.00,Software Quality Assurance Analysts and Testers,DataVision,2.E.6.e,Data base reporting software,N,N,4,261314,Software Tester,96.0
15-1253.00,Software Quality Assurance Analysts and Testers,Debugview,2.E.7.f,Program testing software,N,N,4,261314,Software Tester,96.0
15-1253.00,Software Quality Assurance Analysts and Testers,Defect tracking software,2.E.7.f,Program testing software,N,N,4,261314,Software Tester,96.0
15-1253.00,Software Quality Assurance Analysts and Testers,Delphi Technology,2.E.2.d,Financial analysis software,N,N,4,261314,Software Tester,96.0
15-1253.00,Software Quality Assurance Analysts and Testers,Deployment software,2.E.7.a,Configuration management software,N,N,4,261314,Software Tester,96.0
15-1253.00,Software Quality Assurance Analysts and Testers,Disk operating system DOS,2.E.13.c,Operating system software,N,N,4,261314,Software Tester,96.0
15-1253.00,Software Quality Assurance Analysts and Testers,Distributed component object model DCOM software,2.E.7.e,Object or component oriented development software,N,N,4,261314,Software Tester,96.0
15-1253.00,Software Quality Assurance Analysts and Testers,Distributed database management software,2.E.6.d,Data base management system software,N,N,4,261314,Software Tester,96.0
15-1253.00,Software Quality Assurance Analysts and Testers,Document management system software,2.E.5.b,Document management software,N,N,4,261314,Software Tester,96.0
15-1253.00,Software Quality Assurance Analysts and Testers,Document Object Model DOM Scripting,2.E.7.e,Object or component oriented development software,N,N,4,261314,Software Tester,96.0
15-1253.00,Software Quality Assurance Analysts and Testers,Dropbox,2.E.16.i,Cloud-based data access and sharing software,N,N,4,261314,Software Tester,96.0
15-1253.00,Software Quality Assurance Analysts and Testers,Drupal,2.E.7.h,Web platform development software,N,N,4,261314,Software Tester,96.0
15-1253.00,Software Quality Assurance Analysts and Testers,Dynamic analysis software,2.E.7.f,Program testing software,N,N,4,261314,Software Tester,96.0
15-1253.00,Software Quality Assurance Analysts and Testers,Dynamic hypertext markup language DHTML,2.E.7.h,Web platform development software,N,N,4,261314,Software Tester,96.0
15-1253.00,Software Quality Assurance Analysts and Testers,Dynamic modeling software,2.E.9.d,Analytical or scientific software,N,N,4,261314,Software Tester,96.0
15-1253.00,Software Quality Assurance Analysts and Testers,E++ pattern language,2.E.7.e,Object or component oriented development software,N,N,4,261314,Software Tester,96.0
15-1253.00,Software Quality Assurance Analysts and Testers,Eiffel,2.E.7.e,Object or component oriented development software,N,N,4,261314,Software Tester,96.0
15-1253.00,Software Quality Assurance Analysts and Testers,ej-technologies JProfiler,2.E.7.f,Program testing software,N,N,4,261314,Software Tester,96.0
15-1253.00,Software Quality Assurance Analysts and Testers,Embarcadero Delphi,2.E.7.e,Object or component oriented development software,N,N,4,261314,Software Tester,96.0
15-1253.00,Software Quality Assurance Analysts and Testers,Embarcadero JBuilder,2.E.7.b,Development environment software,N,N,4,261314,Software Tester,96.0
15-1253.00,Software Quality Assurance Analysts and Testers,Embedded systems development software,2.E.7.b,Development environment software,N,N,4,261314,Software Tester,96.0
15-1253.00,Software Quality Assurance Analysts and Testers,Emerald Software Group Emerald Green Office,2.E.5.a,Content workflow software,N,N,4,261314,Software Tester,96.0
15-1253.00,Software Quality Assurance Analysts and Testers,Encryption software,2.E.14.d,Transaction security and virus protection software,N,N,4,261314,Software Tester,96.0
15-1253.00,Software Quality Assurance Analysts and Testers,Enterprise application integration EAI software,2.E.7.c,Enterprise application integration software,N,N,4,261314,Software Tester,96.0
15-1253.00,Software Quality Assurance Analysts and Testers,Enterprise JavaBeans,2.E.7.h,Web platform development software,N,N,4,261314,Software Tester,96.0
15-1253.00,Software Quality Assurance Analysts and Testers,Event-driven State-machines Programming,2.E.7.b,Development environment software,N,N,4,261314,Software Tester,96.0
15-1253.00,Software Quality Assurance Analysts and Testers,Evernote,2.E.4.d,Word processing software,N,N,4,261314,Software Tester,96.0
15-1253.00,Software Quality Assurance Analysts and Testers,Ext JS,2.E.7.h,Web platform development software,N,N,4,261314,Software Tester,96.0
15-1253.00,Software Quality Assurance Analysts and Testers,Extensible hypertext markup language XHTML,2.E.7.h,Web platform development software,N,N,4,261314,Software Tester,96.0
15-1253.00,Software Quality Assurance Analysts and Testers,Extensible stylesheet language transformations XSLT,2.E.7.h,Web platform development software,N,N,4,261314,Software Tester,96.0
15-1253.00,Software Quality Assurance Analysts and Testers,FaceTime,2.E.16.b,Video conferencing software,N,N,4,261314,Software Tester,96.0
15-1253.00,Software Quality Assurance Analysts and Testers,Fault testing software,2.E.7.f,Program testing software,N,N,4,261314,Software Tester,96.0
15-1253.00,Software Quality Assurance Analysts and Testers,File server software,2.E.13.a,Filesystem software,N,N,4,261314,Software Tester,96.0
15-1253.00,Software Quality Assurance Analysts and Testers,FileMaker Pro,2.E.6.f,Data base user interface and query software,N,N,4,261314,Software Tester,96.0
15-1253.00,Software Quality Assurance Analysts and Testers,FileMon,2.E.7.f,Program testing software,N,N,4,261314,Software Tester,96.0
15-1253.00,Software Quality Assurance Analysts and Testers,Firewall software,2.E.14.c,Network security and virtual private network VPN equipment software,N,N,4,261314,Software Tester,96.0
15-1253.00,Software Quality Assurance Analysts and Testers,FitNesse,2.E.7.f,Program testing software,N,N,4,261314,Software Tester,96.0
15-1253.00,Software Quality Assurance Analysts and Testers,Flipgrid,2.E.4.c,Video creation and editing software,N,N,4,261314,Software Tester,96.0
15-1253.00,Software Quality Assurance Analysts and Testers,Formula translation/translator FORTRAN,2.E.7.b,Development environment software,N,N,4,261314,Software Tester,96.0
15-1253.00,Software Quality Assurance Analysts and Testers,Forth,2.E.7.b,Development environment software,N,N,4,261314,Software Tester,96.0
15-1253.00,Software Quality Assurance Analysts and Testers,Functional testing software,2.E.7.f,Program testing software,N,N,4,261314,Software Tester,96.0
15-1253.00,Software Quality Assurance Analysts and Testers,Gambit Scheme,2.E.7.b,Development environment software,N,N,4,261314,Software Tester,96.0
15-1253.00,Software Quality Assurance Analysts and Testers,Geographic information system GIS software,2.E.8.h,Geographic information system,N,N,4,261314,Software Tester,96.0
15-1253.00,Software Quality Assurance Analysts and Testers,GNU Image Manipulation Program GIMP,2.E.4.b,Graphics or photo imaging software,N,N,4,261314,Software Tester,96.0
15-1253.00,Software Quality Assurance Analysts and Testers,Google Drive,2.E.16.i,Cloud-based data access and sharing software,N,N,4,261314,Software Tester,96.0
15-1253.00,Software Quality Assurance Analysts and Testers,Google Gmail,2.E.16.a,Electronic mail software,N,N,4,261314,Software Tester,96.0
15-1253.00,Software Quality Assurance Analysts and Testers,Google Meet,2.E.16.b,Video conferencing software,N,N,4,261314,Software Tester,96.0
15-1253.00,Software Quality Assurance Analysts and Testers,Google Sites,2.E.4.g,Web page creation and editing software,N,N,4,261314,Software Tester,96.0
15-1253.00,Software Quality Assurance Analysts and Testers,Google Slides,2.E.4.f,Presentation software,N,N,4,261314,Software Tester,96.0
15-1253.00,Software Quality Assurance Analysts and Testers,Graphical user interface GUI builder software,2.E.7.d,Graphical user interface development software,N,N,4,261314,Software Tester,96.0
15-1253.00,Software Quality Assurance Analysts and Testers,Graphical user interface GUI design software,2.E.7.d,Graphical user interface development software,N,N,4,261314,Software Tester,96.0
15-1253.00,Software Quality Assurance Analysts and Testers,GroupMe,2.E.16.d,Instant messaging software,N,N,4,261314,Software Tester,96.0
15-1253.00,Software Quality Assurance Analysts and Testers,Haskell,2.E.7.b,Development environment software,N,N,4,261314,Software Tester,96.0
15-1253.00,Software Quality Assurance Analysts and Testers,Hewlett Packard HP-UX,2.E.13.c,Operating system software,N,N,4,261314,Software Tester,96.0
15-1253.00,Software Quality Assurance Analysts and Testers,Hewlett Packard LoadRunner,2.E.7.f,Program testing software,N,N,4,261314,Software Tester,96.0
15-1253.00,Software Quality Assurance Analysts and Testers,Hewlett-Packard HP QuickTest Professional,2.E.7.f,Program testing software,N,N,4,261314,Software Tester,96.0
15-1253.00,Software Quality Assurance Analysts and Testers,Hewlett-Packard HP TestDirector for Quality Center,2.E.7.f,Program testing software,N,N,4,261314,Software Tester,96.0
15-1253.00,Software Quality Assurance Analysts and Testers,Hewlett-Packard HP WinRunner,2.E.7.f,Program testing software,N,N,4,261314,Software Tester,96.0
15-1253.00,Software Quality Assurance Analysts and Testers,Human resource management software HRMS,2.E.1.c,Human resources software,N,N,4,261314,Software Tester,96.0
15-1253.00,Software Quality Assurance Analysts and Testers,IBM AIX,2.E.13.c,Operating system software,N,N,4,261314,Software Tester,96.0
15-1253.00,Software Quality Assurance Analysts and Testers,IBM Cognos Impromptu,2.E.6.m,Business intelligence and data analysis software,N,N,4,261314,Software Tester,96.0
15-1253.00,Software Quality Assurance Analysts and Testers,IBM Domino,2.E.12.b,Communications server software,N,N,4,261314,Software Tester,96.0
15-1253.00,Software Quality Assurance Analysts and Testers,IBM InfoSphere DataStage,2.E.7.c,Enterprise application integration software,N,N,4,261314,Software Tester,96.0
15-1253.00,Software Quality Assurance Analysts and Testers,IBM Middleware,2.E.6.l,Transaction server software,N,N,4,261314,Software Tester,96.0
15-1253.00,Software Quality Assurance Analysts and Testers,IBM Notes,2.E.16.a,Electronic mail software,N,N,4,261314,Software Tester,96.0
15-1253.00,Software Quality Assurance Analysts and Testers,IBM Power Systems software,2.E.17.a,Enterprise system management software,N,N,4,261314,Software Tester,96.0
15-1253.00,Software Quality Assurance Analysts and Testers,IBM Rational ClearCase,2.E.7.a,Configuration management software,N,N,4,261314,Software Tester,96.0
15-1253.00,Software Quality Assurance Analysts and Testers,IBM Rational ClearQuest,2.E.7.b,Development environment software,N,N,4,261314,Software Tester,96.0
15-1253.00,Software Quality Assurance Analysts and Testers,IBM Rational PurifyPlus,2.E.7.f,Program testing software,N,N,4,261314,Software Tester,96.0
15-1253.00,Software Quality Assurance Analysts and Testers,IBM Rational RequisitePro,2.E.7.g,Requirements analysis and system architecture software,N,N,4,261314,Software Tester,96.0
15-1253.00,Software Quality Assurance Analysts and Testers,IBM Rational Robot,2.E.7.f,Program testing software,N,N,4,261314,Software Tester,96.0
15-1253.00,Software Quality Assurance Analysts and Testers,IBM Rational Rose XDE,2.E.7.b,Development environment software,N,N,4,261314,Software Tester,96.0
15-1253.00,Software Quality Assurance Analysts and Testers,IBM WebSphere,2.E.11.e,Cloud-based management software,N,N,4,261314,Software Tester,96.0
15-1253.00,Software Quality Assurance Analysts and Testers,IBM z/OS operating systems,2.E.13.b,Network operation system software,N,N,4,261314,Software Tester,96.0
15-1253.00,Software Quality Assurance Analysts and Testers,ICON programming language,2.E.7.b,Development environment software,N,N,4,261314,Software Tester,96.0
15-1253.00,Software Quality Assurance Analysts and Testers,IEA Software Emerald,2.E.6.f,Data base user interface and query software,N,N,4,261314,Software Tester,96.0
15-1253.00,Software Quality Assurance Analysts and Testers,Integrated development environment IDE software,2.E.7.b,Development environment software,N,N,4,261314,Software Tester,96.0
15-1253.00,Software Quality Assurance Analysts and Testers,Integration testing software,2.E.7.f,Program testing software,N,N,4,261314,Software Tester,96.0
15-1253.00,Software Quality Assurance Analysts and Testers,Interface definition language IDL,2.E.7.b,Development environment software,N,N,4,261314,Software Tester,96.0
15-1253.00,Software Quality Assurance Analysts and Testers,Interoperability testing software,2.E.7.f,Program testing software,N,N,4,261314,Software Tester,96.0
15-1253.00,Software Quality Assurance Analysts and Testers,Interstate connection ICON,2.E.7.b,Development environment software,N,N,4,261314,Software Tester,96.0
15-1253.00,Software Quality Assurance Analysts and Testers,J,2.E.7.b,Development environment software,N,N,4,261314,Software Tester,96.0
15-1253.00,Software Quality Assurance Analysts and Testers,JamBoard,2.E.4.b,Graphics or photo imaging software,N,N,4,261314,Software Tester,96.0
15-1253.00,Software Quality Assurance Analysts and Testers,JetBrains IntelliJ IDEA,2.E.7.b,Development environment software,N,N,4,261314,Software Tester,96.0
15-1253.00,Software Quality Assurance Analysts and Testers,Job control language JCL,2.E.13.c,Operating system software,N,N,4,261314,Software Tester,96.0
15-1253.00,Software Quality Assurance Analysts and Testers,Jupyter Notebook,2.E.7.e,Object or component oriented development software,N,N,4,261314,Software Tester,96.0
15-1253.00,Software Quality Assurance Analysts and Testers,KornShell,2.E.13.c,Operating system software,N,N,4,261314,Software Tester,96.0
15-1253.00,Software Quality Assurance Analysts and Testers,LAMP Stack,2.E.7.h,Web platform development software,N,N,4,261314,Software Tester,96.0
15-1253.00,Software Quality Assurance Analysts and Testers,LexisNexis,2.E.6.h,Information retrieval or search software,N,N,4,261314,Software Tester,96.0
15-1253.00,Software Quality Assurance Analysts and Testers,LibreOffice,2.E.1.k,Office suite software,N,N,4,261314,Software Tester,96.0
15-1253.00,Software Quality Assurance Analysts and Testers,LinkedIn,2.E.4.g,Web page creation and editing software,N,N,4,261314,Software Tester,96.0
15-1253.00,Software Quality Assurance Analysts and Testers,List processing language LISP,2.E.7.b,Development environment software,N,N,4,261314,Software Tester,96.0
15-1253.00,Software Quality Assurance Analysts and Testers,Load testing software,2.E.7.f,Program testing software,N,N,4,261314,Software Tester,96.0
15-1253.00,Software Quality Assurance Analysts and Testers,LogMeIn GoToMeeting,2.E.16.b,Video conferencing software,N,N,4,261314,Software Tester,96.0
15-1253.00,Software Quality Assurance Analysts and Testers,LogMeIn GoToWebinar,2.E.16.c,Network conferencing software,N,N,4,261314,Software Tester,96.0
15-1253.00,Software Quality Assurance Analysts and Testers,Loom,2.E.4.c,Video creation and editing software,N,N,4,261314,Software Tester,96.0
15-1253.00,Software Quality Assurance Analysts and Testers,Magellan Firmware,2.E.13.c,Operating system software,N,N,4,261314,Software Tester,96.0
15-1253.00,Software Quality Assurance Analysts and Testers,MathWorks Simulink,2.E.9.d,Analytical or scientific software,N,N,4,261314,Software Tester,96.0
15-1253.00,Software Quality Assurance Analysts and Testers,McAfee,2.E.14.d,Transaction security and virus protection software,N,N,4,261314,Software Tester,96.0
15-1253.00,Software Quality Assurance Analysts and Testers,Microsoft ActiveX,2.E.7.e,Object or component oriented development software,N,N,4,261314,Software Tester,96.0
15-1253.00,Software Quality Assurance Analysts and Testers,Microsoft ASP.NET Core MVC,2.E.7.h,Web platform development software,N,N,4,261314,Software Tester,96.0
15-1253.00,Software Quality Assurance Analysts and Testers,Microsoft DirectX,2.E.15.c,Device drivers or system software,N,N,4,261314,Software Tester,96.0
15-1253.00,Software Quality Assurance Analysts and Testers,Microsoft Dynamics,2.E.2.b,Enterprise resource planning ERP software,N,N,4,261314,Software Tester,96.0
15-1253.00,Software Quality Assurance Analysts and Testers,Microsoft Dynamics GP,2.E.2.b,Enterprise resource planning ERP software,N,N,4,261314,Software Tester,96.0
15-1253.00,Software Quality Assurance Analysts and Testers,Microsoft ESP SDK,2.E.7.b,Development environment software,N,N,4,261314,Software Tester,96.0
15-1253.00,Software Quality Assurance Analysts and Testers,Microsoft Exchange,2.E.16.a,Electronic mail software,N,N,4,261314,Software Tester,96.0
15-1253.00,Software Quality Assurance Analysts and Testers,Microsoft Internet Explorer,2.E.10.e,Internet browser software,N,N,4,261314,Software Tester,96.0
15-1253.00,Software Quality Assurance Analysts and Testers,Microsoft Internet Information Services (IIS),2.E.6.l,Transaction server software,N,N,4,261314,Software Tester,96.0
15-1253.00,Software Quality Assurance Analysts and Testers,Microsoft OneNote,2.E.4.d,Word processing software,N,N,4,261314,Software Tester,96.0
15-1253.00,Software Quality Assurance Analysts and Testers,Microsoft Publisher,2.E.4.k,Desktop publishing software,N,N,4,261314,Software Tester,96.0
15-1253.00,Software Quality Assurance Analysts and Testers,Microsoft transact-structural query language T-SQL,2.E.6.d,Data base management system software,N,N,4,261314,Software Tester,96.0
15-1253.00,Software Quality Assurance Analysts and Testers,Microsoft Visual Basic Scripting Edition VBScript,2.E.7.b,Development environment software,N,N,4,261314,Software Tester,96.0
15-1253.00,Software Quality Assurance Analysts and Testers,Microsoft Visual Basic.NET,2.E.7.e,Object or component oriented development software,N,N,4,261314,Software Tester,96.0
15-1253.00,Software Quality Assurance Analysts and Testers,Microsoft Visual C# .NET,2.E.7.e,Object or component oriented development software,N,N,4,261314,Software Tester,96.0
15-1253.00,Software Quality Assurance Analysts and Testers,Microsoft Visual SourceSafe,2.E.7.b,Development environment software,N,N,4,261314,Software Tester,96.0
15-1253.00,Software Quality Assurance Analysts and Testers,Microsoft Windows SDK,2.E.7.b,Development environment software,N,N,4,261314,Software Tester,96.0
15-1253.00,Software Quality Assurance Analysts and Testers,MicroStrategy,2.E.6.m,Business intelligence and data analysis software,N,N,4,261314,Software Tester,96.0
15-1253.00,Software Quality Assurance Analysts and Testers,Migration software,2.E.12.m,Platform interconnectivity software,N,N,4,261314,Software Tester,96.0
15-1253.00,Software Quality Assurance Analysts and Testers,Migration testing software,2.E.7.f,Program testing software,N,N,4,261314,Software Tester,96.0
15-1253.00,Software Quality Assurance Analysts and Testers,Minitab,2.E.9.d,Analytical or scientific software,N,N,4,261314,Software Tester,96.0
15-1253.00,Software Quality Assurance Analysts and Testers,Modula,2.E.7.e,Object or component oriented development software,N,N,4,261314,Software Tester,96.0
15-1253.00,Software Quality Assurance Analysts and Testers,Moodle,2.E.8.b,Computer based training software,N,N,4,261314,Software Tester,96.0
15-1253.00,Software Quality Assurance Analysts and Testers,MUMPS M,2.E.7.b,Development environment software,N,N,4,261314,Software Tester,96.0
15-1253.00,Software Quality Assurance Analysts and Testers,Mutation testing software,2.E.7.f,Program testing software,N,N,4,261314,Software Tester,96.0
15-1253.00,Software Quality Assurance Analysts and Testers,Nagios,2.E.11.a,Network monitoring software,N,N,4,261314,Software Tester,96.0
15-1253.00,Software Quality Assurance Analysts and Testers,National Instruments LabVIEW,2.E.7.b,Development environment software,N,N,4,261314,Software Tester,96.0
15-1253.00,Software Quality Assurance Analysts and Testers,NetSuite ERP,2.E.2.b,Enterprise resource planning ERP software,N,N,4,261314,Software Tester,96.0
15-1253.00,Software Quality Assurance Analysts and Testers,Network intrusion detection software,2.E.14.c,Network security and virtual private network VPN equipment software,N,N,4,261314,Software Tester,96.0
15-1253.00,Software Quality Assurance Analysts and Testers,NortonLifeLock cybersecurity software,2.E.14.d,Transaction security and virus protection software,N,N,4,261314,Software Tester,96.0
15-1253.00,Software Quality Assurance Analysts and Testers,NUnit,2.E.7.f,Program testing software,N,N,4,261314,Software Tester,96.0
15-1253.00,Software Quality Assurance Analysts and Testers,Oberon,2.E.7.e,Object or component oriented development software,N,N,4,261314,Software Tester,96.0
15-1253.00,Software Quality Assurance Analysts and Testers,Object Management Group Object Request Broker,2.E.6.l,Transaction server software,N,N,4,261314,Software Tester,96.0
15-1253.00,Software Quality Assurance Analysts and Testers,Objective C,2.E.7.e,Object or component oriented development software,N,N,4,261314,Software Tester,96.0
15-1253.00,Software Quality Assurance Analysts and Testers,Objective Caml,2.E.7.e,Object or component oriented development software,N,N,4,261314,Software Tester,96.0
15-1253.00,Software Quality Assurance Analysts and Testers,Open Graphics Library OpenGL,2.E.4.b,Graphics or photo imaging software,N,N,4,261314,Software Tester,96.0
15-1253.00,Software Quality Assurance Analysts and Testers,Operating system shells,2.E.13.c,Operating system software,N,N,4,261314,Software Tester,96.0
15-1253.00,Software Quality Assurance Analysts and Testers,Oracle Application Server,2.E.10.a,Application server software,N,N,4,261314,Software Tester,96.0
15-1253.00,Software Quality Assurance Analysts and Testers,Oracle Business Intelligence Discoverer,2.E.6.e,Data base reporting software,N,N,4,261314,Software Tester,96.0
15-1253.00,Software Quality Assurance Analysts and Testers,Oracle Business Intelligence Enterprise Edition,2.E.6.m,Business intelligence and data analysis software,N,N,4,261314,Software Tester,96.0
15-1253.00,Software Quality Assurance Analysts and Testers,Oracle Business Intelligence Suite,2.E.6.e,Data base reporting software,N,N,4,261314,Software Tester,96.0
15-1253.00,Software Quality Assurance Analysts and Testers,Oracle E-Business Suite Financials,2.E.2.d,Financial analysis software,N,N,4,261314,Software Tester,96.0
15-1253.00,Software Quality Assurance Analysts and Testers,Oracle Eloqua,2.E.6.c,Customer relationship management CRM software,N,N,4,261314,Software Tester,96.0
15-1253.00,Software Quality Assurance Analysts and Testers,Oracle Fusion Applications,2.E.2.b,Enterprise resource planning ERP software,N,N,4,261314,Software Tester,96.0
15-1253.00,Software Quality Assurance Analysts and Testers,Oracle Fusion Middleware,2.E.7.c,Enterprise application integration software,N,N,4,261314,Software Tester,96.0
15-1253.00,Software Quality Assurance Analysts and Testers,Oracle Hyperion,2.E.2.b,Enterprise resource planning ERP software,N,N,4,261314,Software Tester,96.0
15-1253.00,Software Quality Assurance Analysts and Testers,Oracle JavaServer Pages JSP,2.E.7.h,Web platform development software,N,N,4,261314,Software Tester,96.0
15-1253.00,Software Quality Assurance Analysts and Testers,Oracle JD Edwards EnterpriseOne,2.E.2.b,Enterprise resource planning ERP software,N,N,4,261314,Software Tester,96.0
15-1253.00,Software Quality Assurance Analysts and Testers,Oracle JDBC,2.E.6.f,Data base user interface and query software,N,N,4,261314,Software Tester,96.0
15-1253.00,Software Quality Assurance Analysts and Testers,Oracle PeopleSoft Financials,2.E.2.b,Enterprise resource planning ERP software,N,N,4,261314,Software Tester,96.0
15-1253.00,Software Quality Assurance Analysts and Testers,Oracle Reports,2.E.6.e,Data base reporting software,N,N,4,261314,Software Tester,96.0
15-1253.00,Software Quality Assurance Analysts and Testers,Oracle Solaris,2.E.13.c,Operating system software,N,N,4,261314,Software Tester,96.0
15-1253.00,Software Quality Assurance Analysts and Testers,Oracle WebLogic Server,2.E.10.a,Application server software,N,N,4,261314,Software Tester,96.0
15-1253.00,Software Quality Assurance Analysts and Testers,Pascal,2.E.7.b,Development environment software,N,N,4,261314,Software Tester,96.0
15-1253.00,Software Quality Assurance Analysts and Testers,Patch management software,2.E.7.a,Configuration management software,N,N,4,261314,Software Tester,96.0
15-1253.00,Software Quality Assurance Analysts and Testers,Perforce Helix software,2.E.7.a,Configuration management software,N,N,4,261314,Software Tester,96.0
15-1253.00,Software Quality Assurance Analysts and Testers,Programming language one PL/I,2.E.7.b,Development environment software,N,N,4,261314,Software Tester,96.0
15-1253.00,Software Quality Assurance Analysts and Testers,Prolog,2.E.7.b,Development environment software,N,N,4,261314,Software Tester,96.0
15-1253.00,Software Quality Assurance Analysts and Testers,PuTTY,2.E.12.a,Access software,N,N,4,261314,Software Tester,96.0
15-1253.00,Software Quality Assurance Analysts and Testers,Qlik Tech QlikView,2.E.6.m,Business intelligence and data analysis software,N,N,4,261314,Software Tester,96.0
15-1253.00,Software Quality Assurance Analysts and Testers,QNX,2.E.13.c,Operating system software,N,N,4,261314,Software Tester,96.0
15-1253.00,Software Quality Assurance Analysts and Testers,Quest Erwin Data Modeler,2.E.6.i,Metadata management software,N,N,4,261314,Software Tester,96.0
15-1253.00,Software Quality Assurance Analysts and Testers,Real time operating system RTOS software,2.E.13.c,Operating system software,N,N,4,261314,Software Tester,96.0
15-1253.00,Software Quality Assurance Analysts and Testers,Recovery testing software,2.E.7.f,Program testing software,N,N,4,261314,Software Tester,96.0
15-1253.00,Software Quality Assurance Analysts and Testers,Red Hat Ansible Engine,2.E.7.a,Configuration management software,N,N,4,261314,Software Tester,96.0
15-1253.00,Software Quality Assurance Analysts and Testers,Red Hat WildFly,2.E.10.a,Application server software,N,N,4,261314,Software Tester,96.0
15-1253.00,Software Quality Assurance Analysts and Testers,RegMon,2.E.7.f,Program testing software,N,N,4,261314,Software Tester,96.0
15-1253.00,Software Quality Assurance Analysts and Testers,Regression testing software,2.E.7.f,Program testing software,N,N,4,261314,Software Tester,96.0
15-1253.00,Software Quality Assurance Analysts and Testers,Relational database management software,2.E.6.d,Data base management system software,N,N,4,261314,Software Tester,96.0
15-1253.00,Software Quality Assurance Analysts and Testers,Requirements management software,2.E.7.g,Requirements analysis and system architecture software,N,N,4,261314,Software Tester,96.0
15-1253.00,Software Quality Assurance Analysts and Testers,Restructured extended executor REXX,2.E.7.b,Development environment software,N,N,4,261314,Software Tester,96.0
15-1253.00,Software Quality Assurance Analysts and Testers,Revision control software,2.E.7.a,Configuration management software,N,N,4,261314,Software Tester,96.0
15-1253.00,Software Quality Assurance Analysts and Testers,Ruby on Rails,2.E.7.h,Web platform development software,N,N,4,261314,Software Tester,96.0
15-1253.00,Software Quality Assurance Analysts and Testers,Salesforce Visualforce,2.E.7.d,Graphical user interface development software,N,N,4,261314,Software Tester,96.0
15-1253.00,Software Quality Assurance Analysts and Testers,SAP Adaptive Server Enterprise,2.E.6.d,Data base management system software,N,N,4,261314,Software Tester,96.0
15-1253.00,Software Quality Assurance Analysts and Testers,SAP Business Intelligence,2.E.6.e,Data base reporting software,N,N,4,261314,Software Tester,96.0
15-1253.00,Software Quality Assurance Analysts and Testers,SAP Business Objects,2.E.2.b,Enterprise resource planning ERP software,N,N,4,261314,Software Tester,96.0
15-1253.00,Software Quality Assurance Analysts and Testers,SAP Crystal Reports,2.E.6.e,Data base reporting software,N,N,4,261314,Software Tester,96.0
15-1253.00,Software Quality Assurance Analysts and Testers,SAP NetWeaver,2.E.7.c,Enterprise application integration software,N,N,4,261314,Software Tester,96.0
15-1253.00,Software Quality Assurance Analysts and Testers,SAP PowerBuilder,2.E.7.e,Object or component oriented development software,N,N,4,261314,Software Tester,96.0
15-1253.00,Software Quality Assurance Analysts and Testers,Scheme,2.E.7.b,Development environment software,N,N,4,261314,Software Tester,96.0
15-1253.00,Software Quality Assurance Analysts and Testers,Screencastify,2.E.4.c,Video creation and editing software,N,N,4,261314,Software Tester,96.0
15-1253.00,Software Quality Assurance Analysts and Testers,Security testing software,2.E.7.f,Program testing software,N,N,4,261314,Software Tester,96.0
15-1253.00,Software Quality Assurance Analysts and Testers,Simple API for XML SAX,2.E.7.e,Object or component oriented development software,N,N,4,261314,Software Tester,96.0
15-1253.00,Software Quality Assurance Analysts and Testers,Simulation program with integrated circuit emphasis SPICE,2.E.9.d,Analytical or scientific software,N,N,4,261314,Software Tester,96.0
15-1253.00,Software Quality Assurance Analysts and Testers,Skype,2.E.10.b,Desktop communications software,N,N,4,261314,Software Tester,96.0
15-1253.00,Software Quality Assurance Analysts and Testers,Smalltalk,2.E.7.e,Object or component oriented development software,N,N,4,261314,Software Tester,96.0
15-1253.00,Software Quality Assurance Analysts and Testers,SmartBear Software AutomatedQA TestComplete,2.E.7.f,Program testing software,N,N,4,261314,Software Tester,96.0
15-1253.00,Software Quality Assurance Analysts and Testers,SmugMug Flickr,2.E.4.b,Graphics or photo imaging software,N,N,4,261314,Software Tester,96.0
15-1253.00,Software Quality Assurance Analysts and Testers,Social media sites,2.E.4.g,Web page creation and editing software,N,N,4,261314,Software Tester,96.0
15-1253.00,Software Quality Assurance Analysts and Testers,Software distribution management software,2.E.11.c,Administration software,N,N,4,261314,Software Tester,96.0
15-1253.00,Software Quality Assurance Analysts and Testers,Source code editor software,2.E.7.f,Program testing software,N,N,4,261314,Software Tester,96.0
15-1253.00,Software Quality Assurance Analysts and Testers,StataCorp Stata,2.E.9.d,Analytical or scientific software,N,N,4,261314,Software Tester,96.0
15-1253.00,Software Quality Assurance Analysts and Testers,Static analysis software,2.E.7.f,Program testing software,N,N,4,261314,Software Tester,96.0
15-1253.00,Software Quality Assurance Analysts and Testers,Storage area network SAN software,2.E.12.f,Storage networking software,N,N,4,261314,Software Tester,96.0
15-1253.00,Software Quality Assurance Analysts and Testers,Stress testing software,2.E.7.f,Program testing software,N,N,4,261314,Software Tester,96.0
15-1253.00,Software Quality Assurance Analysts and Testers,String oriented symbolic language SNOBOL,2.E.7.b,Development environment software,N,N,4,261314,Software Tester,96.0
15-1253.00,Software Quality Assurance Analysts and Testers,Structured Query Report SQR,2.E.6.d,Data base management system software,N,N,4,261314,Software Tester,96.0
15-1253.00,Software Quality Assurance Analysts and Testers,Supervisory control and data acquisition SCADA software,2.E.9.g,Industrial control software,N,N,4,261314,Software Tester,96.0
15-1253.00,Software Quality Assurance Analysts and Testers,Symantec Visual Cafe,2.E.7.b,Development environment software,N,N,4,261314,Software Tester,96.0
15-1253.00,Software Quality Assurance Analysts and Testers,System testing software,2.E.7.f,Program testing software,N,N,4,261314,Software Tester,96.0
15-1253.00,Software Quality Assurance Analysts and Testers,Talend Big Data Integration,2.E.6.d,Data base management system software,N,N,4,261314,Software Tester,96.0
15-1253.00,Software Quality Assurance Analysts and Testers,Talend Data Fabric,2.E.6.i,Metadata management software,N,N,4,261314,Software Tester,96.0
15-1253.00,Software Quality Assurance Analysts and Testers,Tax software,2.E.2.a,Accounting software,N,N,4,261314,Software Tester,96.0
15-1253.00,Software Quality Assurance Analysts and Testers,Test design software,2.E.7.f,Program testing software,N,N,4,261314,Software Tester,96.0
15-1253.00,Software Quality Assurance Analysts and Testers,Test implementation software,2.E.7.f,Program testing software,N,N,4,261314,Software Tester,96.0
15-1253.00,Software Quality Assurance Analysts and Testers,Twiki,2.E.5.a,Content workflow software,N,N,4,261314,Software Tester,96.0
15-1253.00,Software Quality Assurance Analysts and Testers,Ubuntu,2.E.13.c,Operating system software,N,N,4,261314,Software Tester,96.0
15-1253.00,Software Quality Assurance Analysts and Testers,Unified modeling language UML,2.E.7.g,Requirements analysis and system architecture software,N,N,4,261314,Software Tester,96.0
15-1253.00,Software Quality Assurance Analysts and Testers,Unit testing software,2.E.7.f,Program testing software,N,N,4,261314,Software Tester,96.0
15-1253.00,Software Quality Assurance Analysts and Testers,Usability testing software,2.E.7.f,Program testing software,N,N,4,261314,Software Tester,96.0
15-1253.00,Software Quality Assurance Analysts and Testers,Verilog,2.E.7.b,Development environment software,N,N,4,261314,Software Tester,96.0
15-1253.00,Software Quality Assurance Analysts and Testers,Veritas NetBackup,2.E.15.f,Backup or archival software,N,N,4,261314,Software Tester,96.0
15-1253.00,Software Quality Assurance Analysts and Testers,Version control software,2.E.5.c,File versioning software,N,N,4,261314,Software Tester,96.0
15-1253.00,Software Quality Assurance Analysts and Testers,Virtual private networking VPN software,2.E.14.c,Network security and virtual private network VPN equipment software,N,N,4,261314,Software Tester,96.0
15-1253.00,Software Quality Assurance Analysts and Testers,Visible Razor,2.E.7.a,Configuration management software,N,N,4,261314,Software Tester,96.0
15-1253.00,Software Quality Assurance Analysts and Testers,VMware,2.E.6.b,Clustering software,N,N,4,261314,Software Tester,96.0
15-1253.00,Software Quality Assurance Analysts and Testers,VMWare ESX Server,2.E.10.a,Application server software,N,N,4,261314,Software Tester,96.0
15-1253.00,Software Quality Assurance Analysts and Testers,VMWare Workstation,2.E.13.c,Operating system software,N,N,4,261314,Software Tester,96.0
15-1253.00,Software Quality Assurance Analysts and Testers,Voice over internet protocol VoIP system software,2.E.11.d,Internet protocol IP multimedia subsystem software,N,N,4,261314,Software Tester,96.0
15-1253.00,Software Quality Assurance Analysts and Testers,Watir,2.E.7.f,Program testing software,N,N,4,261314,Software Tester,96.0
15-1253.00,Software Quality Assurance Analysts and Testers,Web application software,2.E.7.b,Development environment software,N,N,4,261314,Software Tester,96.0
15-1253.00,Software Quality Assurance Analysts and Testers,Web browser software,2.E.10.e,Internet browser software,N,N,4,261314,Software Tester,96.0
15-1253.00,Software Quality Assurance Analysts and Testers,Web server software,2.E.6.l,Transaction server software,N,N,4,261314,Software Tester,96.0
15-1253.00,Software Quality Assurance Analysts and Testers,Web service definition language WDSL,2.E.7.b,Development environment software,N,N,4,261314,Software Tester,96.0
15-1253.00,Software Quality Assurance Analysts and Testers,Win CE,2.E.13.c,Operating system software,N,N,4,261314,Software Tester,96.0
15-1253.00,Software Quality Assurance Analysts and Testers,Wind River Systems VxWorks,2.E.13.c,Operating system software,N,N,4,261314,Software Tester,96.0
15-1253.00,Software Quality Assurance Analysts and Testers,Wind River VxWorks,2.E.13.c,Operating system software,N,N,4,261314,Software Tester,96.0
15-1253.00,Software Quality Assurance Analysts and Testers,Wireshark,2.E.11.a,Network monitoring software,N,N,4,261314,Software Tester,96.0
15-1253.00,Software Quality Assurance Analysts and Testers,Workflow software,2.E.5.a,Content workflow software,N,N,4,261314,Software Tester,96.0
15-1253.00,Software Quality Assurance Analysts and Testers,Xcode,2.E.7.b,Development environment software,N,N,4,261314,Software Tester,96.0
15-1253.00,Software Quality Assurance Analysts and Testers,XML Path Language XPATH,2.E.7.b,Development environment software,N,N,4,261314,Software Tester,96.0
15-1253.00,Software Quality Assurance Analysts and Testers,YourKit Java Profiler,2.E.7.f,Program testing software,N,N,4,261314,Software Tester,96.0
15-1253.00,Software Quality Assurance Analysts and Testers,YouTube,2.E.4.c,Video creation and editing software,N,N,4,261314,Software Tester,96.0
15-1242.00,Database Administrators,Amazon Redshift,2.E.6.f,Data base user interface and query software,Y,Y,1,262111,Database Administrator,96.5
15-1242.00,Database Administrators,Amazon Web Services AWS software,2.E.6.f,Data base user interface and query software,Y,Y,1,262111,Database Administrator,96.5
15-1242.00,Database Administrators,Apache Airflow,2.E.1.o,Procedure management software,Y,Y,1,262111,Database Administrator,96.5
15-1242.00,Database Administrators,Apache Hadoop,2.E.6.d,Data base management system software,Y,Y,1,262111,Database Administrator,96.5
15-1242.00,Database Administrators,Apache Kafka,2.E.7.b,Development environment software,Y,Y,1,262111,Database Administrator,96.5
15-1242.00,Database Administrators,Apache Spark,2.E.6.m,Business intelligence and data analysis software,Y,Y,1,262111,Database Administrator,96.5
15-1242.00,Database Administrators,Atlassian JIRA,2.E.5.a,Content workflow software,Y,Y,1,262111,Database Administrator,96.5
15-1242.00,Database Administrators,Git,2.E.5.c,File versioning software,Y,Y,1,262111,Database Administrator,96.5
15-1242.00,Database Administrators,GitHub,2.E.10.a,Application server software,Y,Y,1,262111,Database Administrator,96.5
15-1242.00,Database Administrators,IBM Terraform,2.E.7.a,Configuration management software,Y,Y,1,262111,Database Administrator,96.5
15-1242.00,Database Administrators,Informatica software,2.E.6.i,Metadata management software,Y,Y,1,262111,Database Administrator,96.5
15-1242.00,Database Administrators,Kubernetes,2.E.10.a,Application server software,Y,Y,1,262111,Database Administrator,96.5
15-1242.00,Database Administrators,Linux,2.E.13.c,Operating system software,Y,Y,1,262111,Database Administrator,96.5
15-1242.00,Database Administrators,Microsoft Access,2.E.6.f,Data base user interface and query software,Y,Y,1,262111,Database Administrator,96.5
15-1242.00,Database Administrators,Microsoft Azure software,2.E.7.b,Development environment software,Y,Y,1,262111,Database Administrator,96.5
15-1242.00,Database Administrators,Microsoft Power BI,2.E.6.m,Business intelligence and data analysis software,Y,Y,1,262111,Database Administrator,96.5
15-1242.00,Database Administrators,Microsoft PowerShell,2.E.7.b,Development environment software,Y,Y,1,262111,Database Administrator,96.5
15-1242.00,Database Administrators,Microsoft SQL Server,2.E.6.f,Data base user interface and query software,Y,Y,1,262111,Database Administrator,96.5
15-1242.00,Database Administrators,Microsoft SQL Server Integration Services SSIS,2.E.7.c,Enterprise application integration software,Y,Y,1,262111,Database Administrator,96.5
15-1242.00,Database Administrators,MongoDB,2.E.6.d,Data base management system software,Y,Y,1,262111,Database Administrator,96.5
15-1242.00,Database Administrators,MySQL,2.E.6.f,Data base user interface and query software,Y,Y,1,262111,Database Administrator,96.5
15-1242.00,Database Administrators,NoSQL,2.E.6.d,Data base management system software,Y,Y,1,262111,Database Administrator,96.5
15-1242.00,Database Administrators,Oracle Database,2.E.6.f,Data base user interface and query software,Y,Y,1,262111,Database Administrator,96.5
15-1242.00,Database Administrators,Oracle Java,2.E.7.e,Object or component oriented development software,Y,Y,1,262111,Database Administrator,96.5
15-1242.00,Database Administrators,Oracle PL/SQL,2.E.6.d,Data base management system software,Y,Y,1,262111,Database Administrator,96.5
15-1242.00,Database Administrators,PostgreSQL,2.E.6.j,Object oriented data base management software,Y,Y,1,262111,Database Administrator,96.5
15-1242.00,Database Administrators,Python,2.E.7.e,Object or component oriented development software,Y,Y,1,262111,Database Administrator,96.5
15-1242.00,Database Administrators,Salesforce software,2.E.6.c,Customer relationship management CRM software,Y,Y,1,262111,Database Administrator,96.5
15-1242.00,Database Administrators,Scala,2.E.7.e,Object or component oriented development software,Y,Y,1,262111,Database Administrator,96.5
15-1242.00,Database Administrators,Shell script,2.E.13.c,Operating system software,Y,Y,1,262111,Database Administrator,96.5
15-1242.00,Database Administrators,Snowflake,2.E.6.g,Data mining software,Y,Y,1,262111,Database Administrator,96.5
15-1242.00,Database Administrators,Structured query language SQL,2.E.6.f,Data base user interface and query software,Y,Y,1,262111,Database Administrator,96.5
15-1242.00,Database Administrators,Tableau,2.E.6.m,Business intelligence and data analysis software,Y,Y,1,262111,Database Administrator,96.5
15-1242.00,Database Administrators,Transact-SQL,2.E.6.j,Object oriented data base management software,Y,Y,1,262111,Database Administrator,96.5
15-1242.00,Database Administrators,UNIX,2.E.13.c,Operating system software,Y,Y,1,262111,Database Administrator,96.5
15-1243.00,Database Architects,Amazon Web Services AWS software,2.E.6.f,Data base user interface and query software,Y,Y,1,262111,Database Administrator,84.0
15-1243.00,Database Architects,Apache Kafka,2.E.7.b,Development environment software,Y,Y,1,262111,Database Administrator,84.0
15-1243.00,Database Architects,Apache Spark,2.E.7.e,Object or component oriented development software,Y,Y,1,262111,Database Administrator,84.0
15-1243.00,Database Architects,Microsoft Azure software,2.E.7.b,Development environment software,Y,Y,1,262111,Database Administrator,84.0
15-1243.00,Database Architects,Microsoft Excel,2.E.4.i,Spreadsheet software,Y,Y,1,262111,Database Administrator,84.0
15-1243.00,Database Architects,Microsoft Office software,2.E.1.k,Office suite software,Y,Y,1,262111,Database Administrator,84.0
15-1243.00,Database Architects,Microsoft Power BI,2.E.6.m,Business intelligence and data analysis software,Y,Y,1,262111,Database Administrator,84.0
15-1243.00,Database Architects,Microsoft PowerPoint,2.E.4.f,Presentation software,Y,Y,1,262111,Database Administrator,84.0
15-1243.00,Database Architects,Oracle Java,2.E.7.e,Object or component oriented development software,Y,Y,1,262111,Database Administrator,84.0
15-1243.00,Database Architects,Python,2.E.7.e,Object or component oriented development software,Y,Y,1,262111,Database Administrator,84.0
15-1243.00,Database Architects,Snowflake,2.E.6.g,Data mining software,Y,Y,1,262111,Database Administrator,84.0
15-1243.00,Database Architects,Structured query language SQL,2.E.6.f,Data base user interface and query software,Y,Y,1,262111,Database Administrator,84.0
15-1243.00,Database Architects,Tableau,2.E.6.m,Business intelligence and data analysis software,Y,Y,1,262111,Database Administrator,84.0
15-1242.00,Database Administrators,Microsoft Azure Data Factory,2.E.11.e,Cloud-based management software,N,Y,2,262111,Database Administrator,96.5
15-1242.00,Database Administrators,PySpark,2.E.6.f,Data base user interface and query software,N,Y,2,262111,Database Administrator,96.5
15-1242.00,Database Administrators,Relational database management system software,2.E.6.d,Data base management system software,N,Y,2,262111,Database Administrator,96.5
15-1242.00,Database Administrators,AJAX,2.E.7.h,Web platform development software,Y,N,3,262111,Database Administrator,96.5
15-1242.00,Database Administrators,Amazon DynamoDB,2.E.6.d,Data base management system software,Y,N,3,262111,Database Administrator,96.5
15-1242.00,Database Administrators,Amazon Elastic Compute Cloud EC2,2.E.6.f,Data base user interface and query software,Y,N,3,262111,Database Administrator,96.5
15-1242.00,Database Administrators,Amazon Web Services AWS CloudFormation,2.E.11.e,Cloud-based management software,Y,N,3,262111,Database Administrator,96.5
15-1242.00,Database Administrators,Ansible software,2.E.1.i,Expert system software,Y,N,3,262111,Database Administrator,96.5
15-1242.00,Database Administrators,Apache Cassandra,2.E.6.d,Data base management system software,Y,N,3,262111,Database Administrator,96.5
15-1242.00,Database Administrators,Apache Hive,2.E.6.f,Data base user interface and query software,Y,N,3,262111,Database Administrator,96.5
15-1242.00,Database Administrators,Apache Maven,2.E.7.b,Development environment software,Y,N,3,262111,Database Administrator,96.5
15-1242.00,Database Administrators,Apache Subversion SVN,2.E.5.c,File versioning software,Y,N,3,262111,Database Administrator,96.5
15-1242.00,Database Administrators,Apache Tomcat,2.E.7.h,Web platform development software,Y,N,3,262111,Database Administrator,96.5
15-1242.00,Database Administrators,Apple macOS,2.E.13.c,Operating system software,Y,N,3,262111,Database Administrator,96.5
15-1242.00,Database Administrators,Atlassian Confluence,2.E.1.e,Project management software,Y,N,3,262111,Database Administrator,96.5
15-1242.00,Database Administrators,Autodesk Revit,2.E.9.c,Computer aided design CAD software,Y,N,3,262111,Database Administrator,96.5
15-1242.00,Database Administrators,Bash,2.E.13.c,Operating system software,Y,N,3,262111,Database Administrator,96.5
15-1242.00,Database Administrators,C,2.E.7.b,Development environment software,Y,N,3,262111,Database Administrator,96.5
15-1242.00,Database Administrators,C#,2.E.7.e,Object or component oriented development software,Y,N,3,262111,Database Administrator,96.5
15-1242.00,Database Administrators,C++,2.E.7.e,Object or component oriented development software,Y,N,3,262111,Database Administrator,96.5
15-1242.00,Database Administrators,Cascading style sheets CSS,2.E.7.h,Web platform development software,Y,N,3,262111,Database Administrator,96.5
15-1242.00,Database Administrators,Chef,2.E.7.a,Configuration management software,Y,N,3,262111,Database Administrator,96.5
15-1242.00,Database Administrators,Cisco Webex,2.E.16.b,Video conferencing software,Y,N,3,262111,Database Administrator,96.5
15-1242.00,Database Administrators,Django,2.E.7.h,Web platform development software,Y,N,3,262111,Database Administrator,96.5
15-1242.00,Database Administrators,Docker,2.E.10.a,Application server software,Y,N,3,262111,Database Administrator,96.5
15-1242.00,Database Administrators,Eclipse IDE,2.E.7.b,Development environment software,Y,N,3,262111,Database Administrator,96.5
15-1242.00,Database Administrators,Elasticsearch,2.E.6.d,Data base management system software,Y,N,3,262111,Database Administrator,96.5
15-1242.00,Database Administrators,Epic Systems,2.E.9.i,Medical software,Y,N,3,262111,Database Administrator,96.5
15-1242.00,Database Administrators,ESRI ArcGIS software,2.E.8.h,Geographic information system,Y,N,3,262111,Database Administrator,96.5
15-1242.00,Database Administrators,Extensible markup language XML,2.E.7.c,Enterprise application integration software,Y,N,3,262111,Database Administrator,96.5
15-1242.00,Database Administrators,Go,2.E.7.b,Development environment software,Y,N,3,262111,Database Administrator,96.5
15-1242.00,Database Administrators,Google Analytics,2.E.6.g,Data mining software,Y,N,3,262111,Database Administrator,96.5
15-1242.00,Database Administrators,Google Angular,2.E.7.h,Web platform development software,Y,N,3,262111,Database Administrator,96.5
15-1242.00,Database Administrators,Hibernate ORM,2.E.6.j,Object oriented data base management software,Y,N,3,262111,Database Administrator,96.5
15-1242.00,Database Administrators,Hypertext markup language HTML,2.E.7.h,Web platform development software,Y,N,3,262111,Database Administrator,96.5
15-1242.00,Database Administrators,IBM DB2,2.E.6.f,Data base user interface and query software,Y,N,3,262111,Database Administrator,96.5
15-1242.00,Database Administrators,IBM SPSS Statistics,2.E.9.d,Analytical or scientific software,Y,N,3,262111,Database Administrator,96.5
15-1242.00,Database Administrators,JavaScript,2.E.7.h,Web platform development software,Y,N,3,262111,Database Administrator,96.5
15-1242.00,Database Administrators,JavaScript Object Notation JSON,2.E.7.h,Web platform development software,Y,N,3,262111,Database Administrator,96.5
15-1242.00,Database Administrators,jQuery,2.E.7.e,Object or component oriented development software,Y,N,3,262111,Database Administrator,96.5
15-1242.00,Database Administrators,JUnit,2.E.7.f,Program testing software,Y,N,3,262111,Database Administrator,96.5
15-1242.00,Database Administrators,Marketo Marketing Automation,2.E.1.l,Sales and marketing software,Y,N,3,262111,Database Administrator,96.5
15-1242.00,Database Administrators,Microsoft .NET Framework,2.E.7.b,Development environment software,Y,N,3,262111,Database Administrator,96.5
15-1242.00,Database Administrators,Microsoft Active Server Pages ASP,2.E.7.h,Web platform development software,Y,N,3,262111,Database Administrator,96.5
15-1242.00,Database Administrators,Microsoft ASP.NET,2.E.7.h,Web platform development software,Y,N,3,262111,Database Administrator,96.5
15-1242.00,Database Administrators,Microsoft Excel,2.E.4.i,Spreadsheet software,Y,N,3,262111,Database Administrator,96.5
15-1242.00,Database Administrators,Microsoft Office software,2.E.1.k,Office suite software,Y,N,3,262111,Database Administrator,96.5
15-1242.00,Database Administrators,Microsoft Outlook,2.E.16.a,Electronic mail software,Y,N,3,262111,Database Administrator,96.5
15-1242.00,Database Administrators,Microsoft PowerPoint,2.E.4.f,Presentation software,Y,N,3,262111,Database Administrator,96.5
15-1242.00,Database Administrators,Microsoft Project,2.E.1.e,Project management software,Y,N,3,262111,Database Administrator,96.5
15-1242.00,Database Administrators,Microsoft SharePoint,2.E.5.b,Document management software,Y,N,3,262111,Database Administrator,96.5
15-1242.00,Database Administrators,Microsoft SQL Server Reporting Services SSRS,2.E.6.e,Data base reporting software,Y,N,3,262111,Database Administrator,96.5
15-1242.00,Database Administrators,Microsoft Visio,2.E.1.p,Process mapping and design software,Y,N,3,262111,Database Administrator,96.5
15-1242.00,Database Administrators,Microsoft Visual Basic,2.E.7.b,Development environment software,Y,N,3,262111,Database Administrator,96.5
15-1242.00,Database Administrators,Microsoft Visual Basic for Applications VBA,2.E.7.b,Development environment software,Y,N,3,262111,Database Administrator,96.5
15-1242.00,Database Administrators,Microsoft Visual Studio,2.E.7.b,Development environment software,Y,N,3,262111,Database Administrator,96.5
15-1242.00,Database Administrators,Microsoft Windows,2.E.13.c,Operating system software,Y,N,3,262111,Database Administrator,96.5
15-1242.00,Database Administrators,Microsoft Windows Server,2.E.13.c,Operating system software,Y,N,3,262111,Database Administrator,96.5
15-1242.00,Database Administrators,Microsoft Word,2.E.4.d,Word processing software,Y,N,3,262111,Database Administrator,96.5
15-1242.00,Database Administrators,Node.js,2.E.7.h,Web platform development software,Y,N,3,262111,Database Administrator,96.5
15-1242.00,Database Administrators,Oracle PeopleSoft,2.E.2.b,Enterprise resource planning ERP software,Y,N,3,262111,Database Administrator,96.5
15-1242.00,Database Administrators,Oracle Primavera Enterprise Project Portfolio Management,2.E.1.e,Project management software,Y,N,3,262111,Database Administrator,96.5
15-1242.00,Database Administrators,Oracle SQL Developer,2.E.7.b,Development environment software,Y,N,3,262111,Database Administrator,96.5
15-1242.00,Database Administrators,Perl,2.E.7.e,Object or component oriented development software,Y,N,3,262111,Database Administrator,96.5
15-1242.00,Database Administrators,PHP,2.E.7.h,Web platform development software,Y,N,3,262111,Database Administrator,96.5
15-1242.00,Database Administrators,Puppet,2.E.7.a,Configuration management software,Y,N,3,262111,Database Administrator,96.5
15-1242.00,Database Administrators,R,2.E.7.e,Object or component oriented development software,Y,N,3,262111,Database Administrator,96.5
15-1242.00,Database Administrators,Red Hat Enterprise Linux,2.E.13.c,Operating system software,Y,N,3,262111,Database Administrator,96.5
15-1242.00,Database Administrators,Red Hat OpenShift,2.E.10.a,Application server software,Y,N,3,262111,Database Administrator,96.5
15-1242.00,Database Administrators,Ruby,2.E.7.b,Development environment software,Y,N,3,262111,Database Administrator,96.5
15-1242.00,Database Administrators,SAP software,2.E.2.b,Enterprise resource planning ERP software,Y,N,3,262111,Database Administrator,96.5
15-1242.00,Database Administrators,SAS,2.E.9.d,Analytical or scientific software,Y,N,3,262111,Database Administrator,96.5
15-1242.00,Database Administrators,Selenium,2.E.7.f,Program testing software,Y,N,3,262111,Database Administrator,96.5
15-1242.00,Database Administrators,Splunk Enterprise,2.E.11.e,Cloud-based management software,Y,N,3,262111,Database Administrator,96.5
15-1242.00,Database Administrators,Spring Boot,2.E.10.a,Application server software,Y,N,3,262111,Database Administrator,96.5
15-1242.00,Database Administrators,Spring Framework,2.E.7.h,Web platform development software,Y,N,3,262111,Database Administrator,96.5
15-1242.00,Database Administrators,Swift,2.E.7.e,Object or component oriented development software,Y,N,3,262111,Database Administrator,96.5
15-1242.00,Database Administrators,Teradata Database,2.E.6.d,Data base management system software,Y,N,3,262111,Database Administrator,96.5
15-1242.00,Database Administrators,The MathWorks MATLAB,2.E.9.d,Analytical or scientific software,Y,N,3,262111,Database Administrator,96.5
15-1242.00,Database Administrators,UNIX Shell,2.E.13.c,Operating system software,Y,N,3,262111,Database Administrator,96.5
15-1243.00,Database Architects,Adobe Acrobat,2.E.5.b,Document management software,Y,N,3,262111,Database Administrator,84.0
15-1243.00,Database Architects,AJAX,2.E.7.h,Web platform development software,Y,N,3,262111,Database Administrator,84.0
15-1243.00,Database Architects,Amazon DynamoDB,2.E.6.d,Data base management system software,Y,N,3,262111,Database Administrator,84.0
15-1243.00,Database Architects,Amazon Elastic Compute Cloud EC2,2.E.6.f,Data base user interface and query software,Y,N,3,262111,Database Administrator,84.0
15-1243.00,Database Architects,Amazon Redshift,2.E.6.f,Data base user interface and query software,Y,N,3,262111,Database Administrator,84.0
15-1243.00,Database Architects,Amazon Web Services AWS CloudFormation,2.E.11.e,Cloud-based management software,Y,N,3,262111,Database Administrator,84.0
15-1243.00,Database Architects,Ansible software,2.E.1.i,Expert system software,Y,N,3,262111,Database Administrator,84.0
15-1243.00,Database Architects,Apache Airflow,2.E.1.o,Procedure management software,Y,N,3,262111,Database Administrator,84.0
15-1243.00,Database Architects,Apache Cassandra,2.E.6.d,Data base management system software,Y,N,3,262111,Database Administrator,84.0
15-1243.00,Database Architects,Apache Hadoop,2.E.6.d,Data base management system software,Y,N,3,262111,Database Administrator,84.0
15-1243.00,Database Architects,Apache Hive,2.E.6.f,Data base user interface and query software,Y,N,3,262111,Database Administrator,84.0
15-1243.00,Database Architects,Apache Maven,2.E.7.b,Development environment software,Y,N,3,262111,Database Administrator,84.0
15-1243.00,Database Architects,Apache Subversion SVN,2.E.5.c,File versioning software,Y,N,3,262111,Database Administrator,84.0
15-1243.00,Database Architects,Apache Tomcat,2.E.7.h,Web platform development software,Y,N,3,262111,Database Administrator,84.0
15-1243.00,Database Architects,Apple macOS,2.E.13.c,Operating system software,Y,N,3,262111,Database Administrator,84.0
15-1243.00,Database Architects,Atlassian Confluence,2.E.1.e,Project management software,Y,N,3,262111,Database Administrator,84.0
15-1243.00,Database Architects,Atlassian JIRA,2.E.5.a,Content workflow software,Y,N,3,262111,Database Administrator,84.0
15-1243.00,Database Architects,Autodesk Revit,2.E.9.c,Computer aided design CAD software,Y,N,3,262111,Database Administrator,84.0
15-1243.00,Database Architects,Bash,2.E.13.c,Operating system software,Y,N,3,262111,Database Administrator,84.0
15-1243.00,Database Architects,C,2.E.7.b,Development environment software,Y,N,3,262111,Database Administrator,84.0
15-1243.00,Database Architects,C#,2.E.7.e,Object or component oriented development software,Y,N,3,262111,Database Administrator,84.0
15-1243.00,Database Architects,C++,2.E.7.e,Object or component oriented development software,Y,N,3,262111,Database Administrator,84.0
15-1243.00,Database Architects,Cascading style sheets CSS,2.E.7.h,Web platform development software,Y,N,3,262111,Database Administrator,84.0
15-1243.00,Database Architects,Chef,2.E.7.a,Configuration management software,Y,N,3,262111,Database Administrator,84.0
15-1243.00,Database Architects,Cisco Webex,2.E.16.b,Video conferencing software,Y,N,3,262111,Database Administrator,84.0
15-1243.00,Database Architects,Django,2.E.7.h,Web platform development software,Y,N,3,262111,Database Administrator,84.0
15-1243.00,Database Architects,Docker,2.E.10.a,Application server software,Y,N,3,262111,Database Administrator,84.0
15-1243.00,Database Architects,Eclipse IDE,2.E.7.b,Development environment software,Y,N,3,262111,Database Administrator,84.0
15-1243.00,Database Architects,Elasticsearch,2.E.6.d,Data base management system software,Y,N,3,262111,Database Administrator,84.0
15-1243.00,Database Architects,Epic Systems,2.E.9.i,Medical software,Y,N,3,262111,Database Administrator,84.0
15-1243.00,Database Architects,ESRI ArcGIS software,2.E.8.h,Geographic information system,Y,N,3,262111,Database Administrator,84.0
15-1243.00,Database Architects,Extensible markup language XML,2.E.7.c,Enterprise application integration software,Y,N,3,262111,Database Administrator,84.0
15-1243.00,Database Architects,Git,2.E.5.c,File versioning software,Y,N,3,262111,Database Administrator,84.0
15-1243.00,Database Architects,GitHub,2.E.10.a,Application server software,Y,N,3,262111,Database Administrator,84.0
15-1243.00,Database Architects,Go,2.E.7.b,Development environment software,Y,N,3,262111,Database Administrator,84.0
15-1243.00,Database Architects,Google Analytics,2.E.6.g,Data mining software,Y,N,3,262111,Database Administrator,84.0
15-1243.00,Database Architects,Google Angular,2.E.7.h,Web platform development software,Y,N,3,262111,Database Administrator,84.0
15-1243.00,Database Architects,Google Docs,2.E.4.d,Word processing software,Y,N,3,262111,Database Administrator,84.0
15-1243.00,Database Architects,Hibernate ORM,2.E.6.j,Object oriented data base management software,Y,N,3,262111,Database Administrator,84.0
15-1243.00,Database Architects,Hypertext markup language HTML,2.E.7.h,Web platform development software,Y,N,3,262111,Database Administrator,84.0
15-1243.00,Database Architects,IBM DB2,2.E.6.f,Data base user interface and query software,Y,N,3,262111,Database Administrator,84.0
15-1243.00,Database Architects,IBM SPSS Statistics,2.E.9.d,Analytical or scientific software,Y,N,3,262111,Database Administrator,84.0
15-1243.00,Database Architects,Informatica software,2.E.6.i,Metadata management software,Y,N,3,262111,Database Administrator,84.0
15-1243.00,Database Architects,JavaScript,2.E.7.h,Web platform development software,Y,N,3,262111,Database Administrator,84.0
15-1243.00,Database Architects,JavaScript Object Notation JSON,2.E.7.h,Web platform development software,Y,N,3,262111,Database Administrator,84.0
15-1243.00,Database Architects,jQuery,2.E.7.e,Object or component oriented development software,Y,N,3,262111,Database Administrator,84.0
15-1243.00,Database Architects,JUnit,2.E.7.f,Program testing software,Y,N,3,262111,Database Administrator,84.0
15-1243.00,Database Architects,Linux,2.E.13.c,Operating system software,Y,N,3,262111,Database Administrator,84.0
15-1243.00,Database Architects,Microsoft .NET Framework,2.E.7.b,Development environment software,Y,N,3,262111,Database Administrator,84.0
15-1243.00,Database Architects,Microsoft Access,2.E.6.f,Data base user interface and query software,Y,N,3,262111,Database Administrator,84.0
15-1243.00,Database Architects,Microsoft Active Server Pages ASP,2.E.7.h,Web platform development software,Y,N,3,262111,Database Administrator,84.0
15-1243.00,Database Architects,Microsoft ASP.NET,2.E.7.h,Web platform development software,Y,N,3,262111,Database Administrator,84.0
15-1243.00,Database Architects,Microsoft Outlook,2.E.16.a,Electronic mail software,Y,N,3,262111,Database Administrator,84.0
15-1243.00,Database Architects,Microsoft PowerShell,2.E.7.b,Development environment software,Y,N,3,262111,Database Administrator,84.0
15-1243.00,Database Architects,Microsoft Project,2.E.1.e,Project management software,Y,N,3,262111,Database Administrator,84.0
15-1243.00,Database Architects,Microsoft SharePoint,2.E.5.b,Document management software,Y,N,3,262111,Database Administrator,84.0
15-1243.00,Database Architects,Microsoft SQL Server,2.E.6.f,Data base user interface and query software,Y,N,3,262111,Database Administrator,84.0
15-1243.00,Database Architects,Microsoft SQL Server Integration Services SSIS,2.E.7.c,Enterprise application integration software,Y,N,3,262111,Database Administrator,84.0
15-1243.00,Database Architects,Microsoft SQL Server Reporting Services SSRS,2.E.6.e,Data base reporting software,Y,N,3,262111,Database Administrator,84.0
15-1243.00,Database Architects,Microsoft Visio,2.E.1.p,Process mapping and design software,Y,N,3,262111,Database Administrator,84.0
15-1243.00,Database Architects,Microsoft Visual Basic,2.E.7.b,Development environment software,Y,N,3,262111,Database Administrator,84.0
15-1243.00,Database Architects,Microsoft Visual Basic for Applications VBA,2.E.7.b,Development environment software,Y,N,3,262111,Database Administrator,84.0
15-1243.00,Database Architects,Microsoft Visual Studio,2.E.7.b,Development environment software,Y,N,3,262111,Database Administrator,84.0
15-1243.00,Database Architects,Microsoft Windows,2.E.13.c,Operating system software,Y,N,3,262111,Database Administrator,84.0
15-1243.00,Database Architects,Microsoft Windows Server,2.E.13.c,Operating system software,Y,N,3,262111,Database Administrator,84.0
15-1243.00,Database Architects,Microsoft Word,2.E.4.d,Word processing software,Y,N,3,262111,Database Administrator,84.0
15-1243.00,Database Architects,MongoDB,2.E.6.d,Data base management system software,Y,N,3,262111,Database Administrator,84.0
15-1243.00,Database Architects,MySQL,2.E.6.d,Data base management system software,Y,N,3,262111,Database Administrator,84.0
15-1243.00,Database Architects,Node.js,2.E.7.h,Web platform development software,Y,N,3,262111,Database Administrator,84.0
15-1243.00,Database Architects,NoSQL,2.E.6.d,Data base management system software,Y,N,3,262111,Database Administrator,84.0
15-1243.00,Database Architects,Oracle Database,2.E.6.f,Data base user interface and query software,Y,N,3,262111,Database Administrator,84.0
15-1243.00,Database Architects,Oracle PeopleSoft,2.E.2.b,Enterprise resource planning ERP software,Y,N,3,262111,Database Administrator,84.0
15-1243.00,Database Architects,Oracle PL/SQL,2.E.6.d,Data base management system software,Y,N,3,262111,Database Administrator,84.0
15-1243.00,Database Architects,Oracle Primavera Enterprise Project Portfolio Management,2.E.1.e,Project management software,Y,N,3,262111,Database Administrator,84.0
15-1243.00,Database Architects,Oracle SQL Developer,2.E.7.b,Development environment software,Y,N,3,262111,Database Administrator,84.0
15-1243.00,Database Architects,Perl,2.E.7.e,Object or component oriented development software,Y,N,3,262111,Database Administrator,84.0
15-1243.00,Database Architects,PHP,2.E.7.h,Web platform development software,Y,N,3,262111,Database Administrator,84.0
15-1243.00,Database Architects,PostgreSQL,2.E.6.j,Object oriented data base management software,Y,N,3,262111,Database Administrator,84.0
15-1243.00,Database Architects,Puppet,2.E.7.a,Configuration management software,Y,N,3,262111,Database Administrator,84.0
15-1243.00,Database Architects,R,2.E.7.e,Object or component oriented development software,Y,N,3,262111,Database Administrator,84.0
15-1243.00,Database Architects,React,2.E.7.h,Web platform development software,Y,N,3,262111,Database Administrator,84.0
15-1243.00,Database Architects,Red Hat Enterprise Linux,2.E.13.c,Operating system software,Y,N,3,262111,Database Administrator,84.0
15-1243.00,Database Architects,Red Hat OpenShift,2.E.10.a,Application server software,Y,N,3,262111,Database Administrator,84.0
15-1243.00,Database Architects,Ruby,2.E.7.b,Development environment software,Y,N,3,262111,Database Administrator,84.0
15-1243.00,Database Architects,Salesforce software,2.E.6.c,Customer relationship management CRM software,Y,N,3,262111,Database Administrator,84.0
15-1243.00,Database Architects,SAP software,2.E.2.b,Enterprise resource planning ERP software,Y,N,3,262111,Database Administrator,84.0
15-1243.00,Database Architects,SAS,2.E.9.d,Analytical or scientific software,Y,N,3,262111,Database Administrator,84.0
15-1243.00,Database Architects,Scala,2.E.7.e,Object or component oriented development software,Y,N,3,262111,Database Administrator,84.0
15-1243.00,Database Architects,Selenium,2.E.7.f,Program testing software,Y,N,3,262111,Database Administrator,84.0
15-1243.00,Database Architects,Shell script,2.E.13.c,Operating system software,Y,N,3,262111,Database Administrator,84.0
15-1243.00,Database Architects,Splunk Enterprise,2.E.11.e,Cloud-based management software,Y,N,3,262111,Database Administrator,84.0
15-1243.00,Database Architects,Spring Boot,2.E.10.a,Application server software,Y,N,3,262111,Database Administrator,84.0
15-1243.00,Database Architects,Spring Framework,2.E.7.h,Web platform development software,Y,N,3,262111,Database Administrator,84.0
15-1243.00,Database Architects,Swift,2.E.7.e,Object or component oriented development software,Y,N,3,262111,Database Administrator,84.0
15-1243.00,Database Architects,Teradata Database,2.E.6.d,Data base management system software,Y,N,3,262111,Database Administrator,84.0
15-1243.00,Database Architects,The MathWorks MATLAB,2.E.9.d,Analytical or scientific software,Y,N,3,262111,Database Administrator,84.0
15-1243.00,Database Architects,Transact-SQL,2.E.6.f,Data base user interface and query software,Y,N,3,262111,Database Administrator,84.0
15-1243.00,Database Architects,UNIX,2.E.13.c,Operating system software,Y,N,3,262111,Database Administrator,84.0
15-1243.00,Database Architects,UNIX Shell,2.E.13.c,Operating system software,Y,N,3,262111,Database Administrator,84.0
15-1242.00,Database Administrators,Ab Initio,2.E.2.b,Enterprise resource planning ERP software,N,N,4,262111,Database Administrator,96.5
15-1242.00,Database Administrators,Access management software,2.E.12.a,Access software,N,N,4,262111,Database Administrator,96.5
15-1242.00,Database Administrators,Acronis Recovery Expert,2.E.15.f,Backup or archival software,N,N,4,262111,Database Administrator,96.5
15-1242.00,Database Administrators,ADO.NET,2.E.6.d,Data base management system software,N,N,4,262111,Database Administrator,96.5
15-1242.00,Database Administrators,Adobe Dreamweaver,2.E.4.g,Web page creation and editing software,N,N,4,262111,Database Administrator,96.5
15-1242.00,Database Administrators,Advanced business application programming ABAP,2.E.7.e,Object or component oriented development software,N,N,4,262111,Database Administrator,96.5
15-1242.00,Database Administrators,Amazon Data Pipeline,2.E.6.d,Data base management system software,N,N,4,262111,Database Administrator,96.5
15-1242.00,Database Administrators,Amazon Simple Storage Service S3,2.E.12.f,Storage networking software,N,N,4,262111,Database Administrator,96.5
15-1242.00,Database Administrators,Apache Ant,2.E.7.b,Development environment software,N,N,4,262111,Database Administrator,96.5
15-1242.00,Database Administrators,Apache Groovy,2.E.7.e,Object or component oriented development software,N,N,4,262111,Database Administrator,96.5
15-1242.00,Database Administrators,Apache HTTP Server,2.E.6.k,Portal server software,N,N,4,262111,Database Administrator,96.5
15-1242.00,Database Administrators,Apache Mahout,2.E.1.i,Expert system software,N,N,4,262111,Database Administrator,96.5
15-1242.00,Database Administrators,Apache Pig,2.E.6.d,Data base management system software,N,N,4,262111,Database Administrator,96.5
15-1242.00,Database Administrators,Apache Solr,2.E.6.d,Data base management system software,N,N,4,262111,Database Administrator,96.5
15-1242.00,Database Administrators,Apache Sqoop,2.E.6.d,Data base management system software,N,N,4,262111,Database Administrator,96.5
15-1242.00,Database Administrators,Apache Struts,2.E.7.h,Web platform development software,N,N,4,262111,Database Administrator,96.5
15-1242.00,Database Administrators,ASG Technologies ASG-Zeke,2.E.6.e,Data base reporting software,N,N,4,262111,Database Administrator,96.5
15-1242.00,Database Administrators,Atlassian Bamboo,2.E.7.c,Enterprise application integration software,N,N,4,262111,Database Administrator,96.5
15-1242.00,Database Administrators,Backbone.js,2.E.7.h,Web platform development software,N,N,4,262111,Database Administrator,96.5
15-1242.00,Database Administrators,Blackbaud The Raiser's Edge,2.E.6.c,Customer relationship management CRM software,N,N,4,262111,Database Administrator,96.5
15-1242.00,Database Administrators,Blackboard software,2.E.6.f,Data base user interface and query software,N,N,4,262111,Database Administrator,96.5
15-1242.00,Database Administrators,BMC Software Change Manager,2.E.6.d,Data base management system software,N,N,4,262111,Database Administrator,96.5
15-1242.00,Database Administrators,BMC Software Control-M,2.E.7.c,Enterprise application integration software,N,N,4,262111,Database Administrator,96.5
15-1242.00,Database Administrators,BMC Software Recovery Manager RMAN,2.E.15.f,Backup or archival software,N,N,4,262111,Database Administrator,96.5
15-1242.00,Database Administrators,CA Easytrieve Report Generator,2.E.9.l,Manufacturing execution system MES software,N,N,4,262111,Database Administrator,96.5
15-1242.00,Database Administrators,CA IDMS,2.E.6.d,Data base management system software,N,N,4,262111,Database Administrator,96.5
15-1242.00,Database Administrators,Catalog navigation software,2.E.6.d,Data base management system software,N,N,4,262111,Database Administrator,96.5
15-1242.00,Database Administrators,Citrix cloud computing software,2.E.12.a,Access software,N,N,4,262111,Database Administrator,96.5
15-1242.00,Database Administrators,Cluster server software,2.E.6.b,Clustering software,N,N,4,262111,Database Administrator,96.5
15-1242.00,Database Administrators,Common business oriented language COBOL,2.E.7.b,Development environment software,N,N,4,262111,Database Administrator,96.5
15-1242.00,Database Administrators,Computer Associates Log Analyzer,2.E.7.f,Program testing software,N,N,4,262111,Database Administrator,96.5
15-1242.00,Database Administrators,Concurrency control software,2.E.6.d,Data base management system software,N,N,4,262111,Database Administrator,96.5
15-1242.00,Database Administrators,Couchbase Server,2.E.6.d,Data base management system software,N,N,4,262111,Database Administrator,96.5
15-1242.00,Database Administrators,Customer information control system CICS,2.E.6.l,Transaction server software,N,N,4,262111,Database Administrator,96.5
15-1242.00,Database Administrators,Dassault Systemes CATIA,2.E.9.c,Computer aided design CAD software,N,N,4,262111,Database Administrator,96.5
15-1242.00,Database Administrators,Data definition language DDL,2.E.6.d,Data base management system software,N,N,4,262111,Database Administrator,96.5
15-1242.00,Database Administrators,Data dictionary software,2.E.6.i,Metadata management software,N,N,4,262111,Database Administrator,96.5
15-1242.00,Database Administrators,Data manipulation language DML,2.E.6.d,Data base management system software,N,N,4,262111,Database Administrator,96.5
15-1242.00,Database Administrators,Data mapping software,2.E.6.i,Metadata management software,N,N,4,262111,Database Administrator,96.5
15-1242.00,Database Administrators,Data modeling software,2.E.6.i,Metadata management software,N,N,4,262111,Database Administrator,96.5
15-1242.00,Database Administrators,Data transformation services DTS software,2.E.6.d,Data base management system software,N,N,4,262111,Database Administrator,96.5
15-1242.00,Database Administrators,Data validation software,2.E.6.h,Information retrieval or search software,N,N,4,262111,Database Administrator,96.5
15-1242.00,Database Administrators,Database capacity planning software,2.E.7.g,Requirements analysis and system architecture software,N,N,4,262111,Database Administrator,96.5
15-1242.00,Database Administrators,Database cloning software,2.E.15.f,Backup or archival software,N,N,4,262111,Database Administrator,96.5
15-1242.00,Database Administrators,Database design software,2.E.6.d,Data base management system software,N,N,4,262111,Database Administrator,96.5
15-1242.00,Database Administrators,Database security software,2.E.14.b,Network security or virtual private network VPN management software,N,N,4,262111,Database Administrator,96.5
15-1242.00,Database Administrators,Database software,2.E.6.f,Data base user interface and query software,N,N,4,262111,Database Administrator,96.5
15-1242.00,Database Administrators,Database testing software,2.E.7.f,Program testing software,N,N,4,262111,Database Administrator,96.5
15-1242.00,Database Administrators,Delphi Technology,2.E.2.d,Financial analysis software,N,N,4,262111,Database Administrator,96.5
15-1242.00,Database Administrators,Deployment software,2.E.7.a,Configuration management software,N,N,4,262111,Database Administrator,96.5
15-1242.00,Database Administrators,DOS shell script,2.E.13.c,Operating system software,N,N,4,262111,Database Administrator,96.5
15-1242.00,Database Administrators,Drupal,2.E.7.h,Web platform development software,N,N,4,262111,Database Administrator,96.5
15-1242.00,Database Administrators,Dynamic hypertext markup language DHTML,2.E.7.h,Web platform development software,N,N,4,262111,Database Administrator,96.5
15-1242.00,Database Administrators,Ellucian Banner ERP,2.E.2.b,Enterprise resource planning ERP software,N,N,4,262111,Database Administrator,96.5
15-1242.00,Database Administrators,Embarcadero Technologies DBArtisan,2.E.6.d,Data base management system software,N,N,4,262111,Database Administrator,96.5
15-1242.00,Database Administrators,EMC NetWorker,2.E.15.f,Backup or archival software,N,N,4,262111,Database Administrator,96.5
15-1242.00,Database Administrators,Encryption software,2.E.14.d,Transaction security and virus protection software,N,N,4,262111,Database Administrator,96.5
15-1242.00,Database Administrators,Enterprise JavaBeans,2.E.7.h,Web platform development software,N,N,4,262111,Database Administrator,96.5
15-1242.00,Database Administrators,Ext JS,2.E.7.h,Web platform development software,N,N,4,262111,Database Administrator,96.5
15-1242.00,Database Administrators,Extensible hypertext markup language XHTML,2.E.7.h,Web platform development software,N,N,4,262111,Database Administrator,96.5
15-1242.00,Database Administrators,FileMaker Pro,2.E.6.f,Data base user interface and query software,N,N,4,262111,Database Administrator,96.5
15-1242.00,Database Administrators,Fund accounting software,2.E.2.a,Accounting software,N,N,4,262111,Database Administrator,96.5
15-1242.00,Database Administrators,Geographic information system GIS software,2.E.8.h,Geographic information system,N,N,4,262111,Database Administrator,96.5
15-1242.00,Database Administrators,Google Meet,2.E.16.b,Video conferencing software,N,N,4,262111,Database Administrator,96.5
15-1242.00,Database Administrators,Greenplum Database,2.E.6.d,Data base management system software,N,N,4,262111,Database Administrator,96.5
15-1242.00,Database Administrators,Hewlett Packard HP-UX,2.E.13.c,Operating system software,N,N,4,262111,Database Administrator,96.5
15-1242.00,Database Administrators,Hewlett Packard LoadRunner,2.E.7.f,Program testing software,N,N,4,262111,Database Administrator,96.5
15-1242.00,Database Administrators,HP DataProtector,2.E.15.f,Backup or archival software,N,N,4,262111,Database Administrator,96.5
15-1242.00,Database Administrators,Human resource management software HRMS,2.E.1.c,Human resources software,N,N,4,262111,Database Administrator,96.5
15-1242.00,Database Administrators,IBM ADSTAR,2.E.15.f,Backup or archival software,N,N,4,262111,Database Administrator,96.5
15-1242.00,Database Administrators,IBM Cognos Impromptu,2.E.6.m,Business intelligence and data analysis software,N,N,4,262111,Database Administrator,96.5
15-1242.00,Database Administrators,IBM Domino,2.E.12.b,Communications server software,N,N,4,262111,Database Administrator,96.5
15-1242.00,Database Administrators,IBM Informix,2.E.6.j,Object oriented data base management software,N,N,4,262111,Database Administrator,96.5
15-1242.00,Database Administrators,IBM InfoSphere DataStage,2.E.7.c,Enterprise application integration software,N,N,4,262111,Database Administrator,96.5
15-1242.00,Database Administrators,IBM Interactive System Productivity Facility ISPF,2.E.6.d,Data base management system software,N,N,4,262111,Database Administrator,96.5
15-1242.00,Database Administrators,IBM Notes,2.E.16.a,Electronic mail software,N,N,4,262111,Database Administrator,96.5
15-1242.00,Database Administrators,IBM Power Systems software,2.E.17.a,Enterprise system management software,N,N,4,262111,Database Administrator,96.5
15-1242.00,Database Administrators,IBM Rational Data Architect,2.E.6.i,Metadata management software,N,N,4,262111,Database Administrator,96.5
15-1242.00,Database Administrators,IBM WebSphere,2.E.11.e,Cloud-based management software,N,N,4,262111,Database Administrator,96.5
15-1242.00,Database Administrators,Index tuning software,2.E.6.d,Data base management system software,N,N,4,262111,Database Administrator,96.5
15-1242.00,Database Administrators,Informatica Big Data,2.E.6.d,Data base management system software,N,N,4,262111,Database Administrator,96.5
15-1242.00,Database Administrators,Informatica Corporation PowerCenter,2.E.2.b,Enterprise resource planning ERP software,N,N,4,262111,Database Administrator,96.5
15-1242.00,Database Administrators,Integrated development environment IDE software,2.E.7.b,Development environment software,N,N,4,262111,Database Administrator,96.5
15-1242.00,Database Administrators,Job control language JCL,2.E.13.c,Operating system software,N,N,4,262111,Database Administrator,96.5
15-1242.00,Database Administrators,Jupyter Notebook,2.E.7.e,Object or component oriented development software,N,N,4,262111,Database Administrator,96.5
15-1242.00,Database Administrators,KornShell,2.E.13.c,Operating system software,N,N,4,262111,Database Administrator,96.5
15-1242.00,Database Administrators,LAMP Stack,2.E.7.h,Web platform development software,N,N,4,262111,Database Administrator,96.5
15-1242.00,Database Administrators,LexisNexis,2.E.6.h,Information retrieval or search software,N,N,4,262111,Database Administrator,96.5
15-1242.00,Database Administrators,LogMeIn GoToMeeting,2.E.16.b,Video conferencing software,N,N,4,262111,Database Administrator,96.5
15-1242.00,Database Administrators,LogMeIn GoToWebinar,2.E.16.c,Network conferencing software,N,N,4,262111,Database Administrator,96.5
15-1242.00,Database Administrators,MapR Converged Data Platform,2.E.6.d,Data base management system software,N,N,4,262111,Database Administrator,96.5
15-1242.00,Database Administrators,MariaDB,2.E.6.d,Data base management system software,N,N,4,262111,Database Administrator,96.5
15-1242.00,Database Administrators,McAfee,2.E.14.d,Transaction security and virus protection software,N,N,4,262111,Database Administrator,96.5
15-1242.00,Database Administrators,Micosoft SQL Server Analysis Services SSAS,2.E.6.m,Business intelligence and data analysis software,N,N,4,262111,Database Administrator,96.5
15-1242.00,Database Administrators,Microsoft ActiveX,2.E.7.e,Object or component oriented development software,N,N,4,262111,Database Administrator,96.5
15-1242.00,Database Administrators,Microsoft ASP.NET Core MVC,2.E.7.h,Web platform development software,N,N,4,262111,Database Administrator,96.5
15-1242.00,Database Administrators,Microsoft Dynamics,2.E.2.b,Enterprise resource planning ERP software,N,N,4,262111,Database Administrator,96.5
15-1242.00,Database Administrators,Microsoft Dynamics GP,2.E.2.b,Enterprise resource planning ERP software,N,N,4,262111,Database Administrator,96.5
15-1242.00,Database Administrators,Microsoft Exchange,2.E.16.a,Electronic mail software,N,N,4,262111,Database Administrator,96.5
15-1242.00,Database Administrators,Microsoft Publisher,2.E.4.k,Desktop publishing software,N,N,4,262111,Database Administrator,96.5
15-1242.00,Database Administrators,Microsoft Visual Basic Scripting Edition VBScript,2.E.7.b,Development environment software,N,N,4,262111,Database Administrator,96.5
15-1242.00,Database Administrators,Microsoft Visual Basic.NET,2.E.7.e,Object or component oriented development software,N,N,4,262111,Database Administrator,96.5
15-1242.00,Database Administrators,Microsoft Visual C# .NET,2.E.7.e,Object or component oriented development software,N,N,4,262111,Database Administrator,96.5
15-1242.00,Database Administrators,MicroStrategy,2.E.6.m,Business intelligence and data analysis software,N,N,4,262111,Database Administrator,96.5
15-1242.00,Database Administrators,Minitab,2.E.9.d,Analytical or scientific software,N,N,4,262111,Database Administrator,96.5
15-1242.00,Database Administrators,Nagios,2.E.11.a,Network monitoring software,N,N,4,262111,Database Administrator,96.5
15-1242.00,Database Administrators,Nearpod,2.E.8.e,Multi-media educational software,N,N,4,262111,Database Administrator,96.5
15-1242.00,Database Administrators,NetSuite ERP,2.E.2.b,Enterprise resource planning ERP software,N,N,4,262111,Database Administrator,96.5
15-1242.00,Database Administrators,NortonLifeLock cybersecurity software,2.E.14.d,Transaction security and virus protection software,N,N,4,262111,Database Administrator,96.5
15-1242.00,Database Administrators,Object database management system ODBMS,2.E.6.j,Object oriented data base management software,N,N,4,262111,Database Administrator,96.5
15-1242.00,Database Administrators,Oracle Application Express APEX,2.E.7.h,Web platform development software,N,N,4,262111,Database Administrator,96.5
15-1242.00,Database Administrators,Oracle Business Intelligence Enterprise Edition,2.E.6.m,Business intelligence and data analysis software,N,N,4,262111,Database Administrator,96.5
15-1242.00,Database Administrators,Oracle Data Guard,2.E.15.f,Backup or archival software,N,N,4,262111,Database Administrator,96.5
15-1242.00,Database Administrators,Oracle Designer,2.E.7.h,Web platform development software,N,N,4,262111,Database Administrator,96.5
15-1242.00,Database Administrators,Oracle E-Business Suite Financials,2.E.2.d,Financial analysis software,N,N,4,262111,Database Administrator,96.5
15-1242.00,Database Administrators,Oracle Eloqua,2.E.6.c,Customer relationship management CRM software,N,N,4,262111,Database Administrator,96.5
15-1242.00,Database Administrators,Oracle Enterprise Manager,2.E.6.d,Data base management system software,N,N,4,262111,Database Administrator,96.5
15-1242.00,Database Administrators,Oracle Enterprise Manager Cloud Control,2.E.6.d,Data base management system software,N,N,4,262111,Database Administrator,96.5
15-1242.00,Database Administrators,Oracle Fusion Applications,2.E.2.b,Enterprise resource planning ERP software,N,N,4,262111,Database Administrator,96.5
15-1242.00,Database Administrators,Oracle Fusion Middleware,2.E.7.c,Enterprise application integration software,N,N,4,262111,Database Administrator,96.5
15-1242.00,Database Administrators,Oracle Golden Gate,2.E.6.d,Data base management system software,N,N,4,262111,Database Administrator,96.5
15-1242.00,Database Administrators,Oracle Hyperion,2.E.2.b,Enterprise resource planning ERP software,N,N,4,262111,Database Administrator,96.5
15-1242.00,Database Administrators,Oracle JavaServer Pages JSP,2.E.7.h,Web platform development software,N,N,4,262111,Database Administrator,96.5
15-1242.00,Database Administrators,Oracle JD Edwards EnterpriseOne,2.E.2.b,Enterprise resource planning ERP software,N,N,4,262111,Database Administrator,96.5
15-1242.00,Database Administrators,Oracle JDBC,2.E.6.f,Data base user interface and query software,N,N,4,262111,Database Administrator,96.5
15-1242.00,Database Administrators,Oracle Learning Management,2.E.1.c,Human resources software,N,N,4,262111,Database Administrator,96.5
15-1242.00,Database Administrators,Oracle PeopleSoft Financials,2.E.2.b,Enterprise resource planning ERP software,N,N,4,262111,Database Administrator,96.5
15-1242.00,Database Administrators,Oracle Real Application Cluster RAC,2.E.6.b,Clustering software,N,N,4,262111,Database Administrator,96.5
15-1242.00,Database Administrators,Oracle Reports,2.E.6.e,Data base reporting software,N,N,4,262111,Database Administrator,96.5
15-1242.00,Database Administrators,Oracle Solaris,2.E.13.c,Operating system software,N,N,4,262111,Database Administrator,96.5
15-1242.00,Database Administrators,Oracle SQL Loader,2.E.6.e,Data base reporting software,N,N,4,262111,Database Administrator,96.5
15-1242.00,Database Administrators,Oracle SQL Plus,2.E.6.e,Data base reporting software,N,N,4,262111,Database Administrator,96.5
15-1242.00,Database Administrators,Oracle Taleo,2.E.1.c,Human resources software,N,N,4,262111,Database Administrator,96.5
15-1242.00,Database Administrators,Oracle WebLogic Server,2.E.10.a,Application server software,N,N,4,262111,Database Administrator,96.5
15-1242.00,Database Administrators,Pentaho Kettle,2.E.6.i,Metadata management software,N,N,4,262111,Database Administrator,96.5
15-1242.00,Database Administrators,Perforce Helix software,2.E.7.a,Configuration management software,N,N,4,262111,Database Administrator,96.5
15-1242.00,Database Administrators,Prolog,2.E.7.b,Development environment software,N,N,4,262111,Database Administrator,96.5
15-1242.00,Database Administrators,Qlik Tech QlikView,2.E.6.m,Business intelligence and data analysis software,N,N,4,262111,Database Administrator,96.5
15-1242.00,Database Administrators,Quest Central,2.E.6.d,Data base management system software,N,N,4,262111,Database Administrator,96.5
15-1242.00,Database Administrators,Quest Erwin Data Modeler,2.E.6.i,Metadata management software,N,N,4,262111,Database Administrator,96.5
15-1242.00,Database Administrators,Quest SharePlex,2.E.6.d,Data base management system software,N,N,4,262111,Database Administrator,96.5
15-1242.00,Database Administrators,ReCrystallize Crystal Reports,2.E.6.e,Data base reporting software,N,N,4,262111,Database Administrator,96.5
15-1242.00,Database Administrators,Red Hat Ansible Engine,2.E.7.a,Configuration management software,N,N,4,262111,Database Administrator,96.5
15-1242.00,Database Administrators,Red Hat WildFly,2.E.10.a,Application server software,N,N,4,262111,Database Administrator,96.5
15-1242.00,Database Administrators,Redgate SQL Server,2.E.11.c,Administration software,N,N,4,262111,Database Administrator,96.5
15-1242.00,Database Administrators,Relational database management software,2.E.6.d,Data base management system software,N,N,4,262111,Database Administrator,96.5
15-1242.00,Database Administrators,Restructured extended executor REXX,2.E.7.b,Development environment software,N,N,4,262111,Database Administrator,96.5
15-1242.00,Database Administrators,Ruby on Rails,2.E.7.h,Web platform development software,N,N,4,262111,Database Administrator,96.5
15-1242.00,Database Administrators,Safe Software FME,2.E.9.d,Analytical or scientific software,N,N,4,262111,Database Administrator,96.5
15-1242.00,Database Administrators,Salesforce Visualforce,2.E.7.d,Graphical user interface development software,N,N,4,262111,Database Administrator,96.5
15-1242.00,Database Administrators,SAP Adaptive Server Enterprise,2.E.6.d,Data base management system software,N,N,4,262111,Database Administrator,96.5
15-1242.00,Database Administrators,SAP Business Objects,2.E.2.b,Enterprise resource planning ERP software,N,N,4,262111,Database Administrator,96.5
15-1242.00,Database Administrators,SAP Crystal Reports,2.E.6.e,Data base reporting software,N,N,4,262111,Database Administrator,96.5
15-1242.00,Database Administrators,SAP PowerBuilder,2.E.7.e,Object or component oriented development software,N,N,4,262111,Database Administrator,96.5
15-1242.00,Database Administrators,SAP Replication Server,2.E.6.d,Data base management system software,N,N,4,262111,Database Administrator,96.5
15-1242.00,Database Administrators,SentryOne SQL Sentry,2.E.6.d,Data base management system software,N,N,4,262111,Database Administrator,96.5
15-1242.00,Database Administrators,Skype,2.E.10.b,Desktop communications software,N,N,4,262111,Database Administrator,96.5
15-1242.00,Database Administrators,SolarWinds,2.E.14.e,Cloud-based protection or security software,N,N,4,262111,Database Administrator,96.5
15-1242.00,Database Administrators,StataCorp Stata,2.E.9.d,Analytical or scientific software,N,N,4,262111,Database Administrator,96.5
15-1242.00,Database Administrators,Storage area network SAN software,2.E.12.f,Storage networking software,N,N,4,262111,Database Administrator,96.5
15-1242.00,Database Administrators,Storage management software,2.E.15.f,Backup or archival software,N,N,4,262111,Database Administrator,96.5
15-1242.00,Database Administrators,Supervisory control and data acquisition SCADA software,2.E.9.g,Industrial control software,N,N,4,262111,Database Administrator,96.5
15-1242.00,Database Administrators,Systems and data disaster recovery software,2.E.15.f,Backup or archival software,N,N,4,262111,Database Administrator,96.5
15-1242.00,Database Administrators,Teradata Active Enterprise Data Warehouse,2.E.6.f,Data base user interface and query software,N,N,4,262111,Database Administrator,96.5
15-1242.00,Database Administrators,Test data generator software,2.E.9.d,Analytical or scientific software,N,N,4,262111,Database Administrator,96.5
15-1242.00,Database Administrators,Ubuntu,2.E.13.c,Operating system software,N,N,4,262111,Database Administrator,96.5
15-1242.00,Database Administrators,Unified modeling language UML,2.E.7.g,Requirements analysis and system architecture software,N,N,4,262111,Database Administrator,96.5
15-1242.00,Database Administrators,Veritas NetBackup,2.E.15.f,Backup or archival software,N,N,4,262111,Database Administrator,96.5
15-1242.00,Database Administrators,Virtual private networking VPN software,2.E.14.c,Network security and virtual private network VPN equipment software,N,N,4,262111,Database Administrator,96.5
15-1242.00,Database Administrators,Visual Paradigm DB Visual ARCHITECT,2.E.1.p,Process mapping and design software,N,N,4,262111,Database Administrator,96.5
15-1242.00,Database Administrators,VMware,2.E.6.b,Clustering software,N,N,4,262111,Database Administrator,96.5
15-1242.00,Database Administrators,Wireshark,2.E.11.a,Network monitoring software,N,N,4,262111,Database Administrator,96.5
15-1242.00,Database Administrators,Zabbix,2.E.11.a,Network monitoring software,N,N,4,262111,Database Administrator,96.5
15-1243.00,Database Architects,3M Post-it App,2.E.4.d,Word processing software,N,N,4,262111,Database Administrator,84.0
15-1243.00,Database Architects,Ab Initio,2.E.2.b,Enterprise resource planning ERP software,N,N,4,262111,Database Administrator,84.0
15-1243.00,Database Architects,Access management software,2.E.12.a,Access software,N,N,4,262111,Database Administrator,84.0
15-1243.00,Database Architects,Acronis Recovery Expert,2.E.15.f,Backup or archival software,N,N,4,262111,Database Administrator,84.0
15-1243.00,Database Architects,Adeptia ETL Suite,2.E.7.b,Development environment software,N,N,4,262111,Database Administrator,84.0
15-1243.00,Database Architects,ADO.NET,2.E.6.d,Data base management system software,N,N,4,262111,Database Administrator,84.0
15-1243.00,Database Architects,Adobe Dreamweaver,2.E.4.g,Web page creation and editing software,N,N,4,262111,Database Administrator,84.0
15-1243.00,Database Architects,Advanced business application programming ABAP,2.E.7.e,Object or component oriented development software,N,N,4,262111,Database Administrator,84.0
15-1243.00,Database Architects,Altova MapForce,2.E.6.i,Metadata management software,N,N,4,262111,Database Administrator,84.0
15-1243.00,Database Architects,Amazon Kinesis,2.E.6.d,Data base management system software,N,N,4,262111,Database Administrator,84.0
15-1243.00,Database Architects,Amazon Simple Storage Service S3,2.E.12.f,Storage networking software,N,N,4,262111,Database Administrator,84.0
15-1243.00,Database Architects,Apache Ant,2.E.7.b,Development environment software,N,N,4,262111,Database Administrator,84.0
15-1243.00,Database Architects,Apache Avro,2.E.6.h,Information retrieval or search software,N,N,4,262111,Database Administrator,84.0
15-1243.00,Database Architects,Apache Flume,2.E.6.d,Data base management system software,N,N,4,262111,Database Administrator,84.0
15-1243.00,Database Architects,Apache Groovy,2.E.7.e,Object or component oriented development software,N,N,4,262111,Database Administrator,84.0
15-1243.00,Database Architects,Apache HBase,2.E.6.d,Data base management system software,N,N,4,262111,Database Administrator,84.0
15-1243.00,Database Architects,Apache HTTP Server,2.E.6.k,Portal server software,N,N,4,262111,Database Administrator,84.0
15-1243.00,Database Architects,Apache Mahout,2.E.1.i,Expert system software,N,N,4,262111,Database Administrator,84.0
15-1243.00,Database Architects,Apache Oozie,2.E.6.d,Data base management system software,N,N,4,262111,Database Administrator,84.0
15-1243.00,Database Architects,Apache Pig,2.E.6.d,Data base management system software,N,N,4,262111,Database Administrator,84.0
15-1243.00,Database Architects,Apache Solr,2.E.6.d,Data base management system software,N,N,4,262111,Database Administrator,84.0
15-1243.00,Database Architects,Apache Sqoop,2.E.6.d,Data base management system software,N,N,4,262111,Database Administrator,84.0
15-1243.00,Database Architects,Apache Struts,2.E.7.h,Web platform development software,N,N,4,262111,Database Administrator,84.0
15-1243.00,Database Architects,Apatar,2.E.6.i,Metadata management software,N,N,4,262111,Database Administrator,84.0
15-1243.00,Database Architects,ASG Technologies ASG-Zeke,2.E.6.e,Data base reporting software,N,N,4,262111,Database Administrator,84.0
15-1243.00,Database Architects,Atlassian Bamboo,2.E.7.c,Enterprise application integration software,N,N,4,262111,Database Administrator,84.0
15-1243.00,Database Architects,Backbone.js,2.E.7.h,Web platform development software,N,N,4,262111,Database Administrator,84.0
15-1243.00,Database Architects,Blackbaud The Raiser's Edge,2.E.6.c,Customer relationship management CRM software,N,N,4,262111,Database Administrator,84.0
15-1243.00,Database Architects,Blackboard software,2.E.6.f,Data base user interface and query software,N,N,4,262111,Database Administrator,84.0
15-1243.00,Database Architects,BMC Software Change Manager,2.E.6.d,Data base management system software,N,N,4,262111,Database Administrator,84.0
15-1243.00,Database Architects,BMC Software Control-M,2.E.7.c,Enterprise application integration software,N,N,4,262111,Database Administrator,84.0
15-1243.00,Database Architects,BMC Software Recovery Manager RMAN,2.E.15.f,Backup or archival software,N,N,4,262111,Database Administrator,84.0
15-1243.00,Database Architects,C shell,2.E.13.c,Operating system software,N,N,4,262111,Database Administrator,84.0
15-1243.00,Database Architects,CA Easytrieve Report Generator,2.E.9.l,Manufacturing execution system MES software,N,N,4,262111,Database Administrator,84.0
15-1243.00,Database Architects,CA IDMS,2.E.6.d,Data base management system software,N,N,4,262111,Database Administrator,84.0
15-1243.00,Database Architects,CA Technologies ERWin Data Modeler,2.E.6.i,Metadata management software,N,N,4,262111,Database Administrator,84.0
15-1243.00,Database Architects,Catalog navigation software,2.E.6.d,Data base management system software,N,N,4,262111,Database Administrator,84.0
15-1243.00,Database Architects,Cisco IOS,2.E.13.c,Operating system software,N,N,4,262111,Database Administrator,84.0
15-1243.00,Database Architects,Citrix cloud computing software,2.E.12.a,Access software,N,N,4,262111,Database Administrator,84.0
15-1243.00,Database Architects,Cloudera Impala,2.E.6.f,Data base user interface and query software,N,N,4,262111,Database Administrator,84.0
15-1243.00,Database Architects,CloverETL,2.E.7.b,Development environment software,N,N,4,262111,Database Administrator,84.0
15-1243.00,Database Architects,Cluster server software,2.E.6.b,Clustering software,N,N,4,262111,Database Administrator,84.0
15-1243.00,Database Architects,Coglin Mill RODIN,2.E.6.i,Metadata management software,N,N,4,262111,Database Administrator,84.0
15-1243.00,Database Architects,Common business oriented language COBOL,2.E.7.b,Development environment software,N,N,4,262111,Database Administrator,84.0
15-1243.00,Database Architects,Computer Associates Log Analyzer,2.E.7.f,Program testing software,N,N,4,262111,Database Administrator,84.0
15-1243.00,Database Architects,Concurrency control software,2.E.6.d,Data base management system software,N,N,4,262111,Database Administrator,84.0
15-1243.00,Database Architects,Couchbase Server,2.E.6.d,Data base management system software,N,N,4,262111,Database Administrator,84.0
15-1243.00,Database Architects,Customer information control system CICS,2.E.6.l,Transaction server software,N,N,4,262111,Database Administrator,84.0
15-1243.00,Database Architects,Data definition language DDL,2.E.6.d,Data base management system software,N,N,4,262111,Database Administrator,84.0
15-1243.00,Database Architects,Data dictionary software,2.E.6.i,Metadata management software,N,N,4,262111,Database Administrator,84.0
15-1243.00,Database Architects,Data manipulation language DML,2.E.6.d,Data base management system software,N,N,4,262111,Database Administrator,84.0
15-1243.00,Database Architects,Data mapping software,2.E.6.i,Metadata management software,N,N,4,262111,Database Administrator,84.0
15-1243.00,Database Architects,Data modeling software,2.E.6.i,Metadata management software,N,N,4,262111,Database Administrator,84.0
15-1243.00,Database Architects,Data Recovery Software SQL Server Data Recovery,2.E.15.f,Backup or archival software,N,N,4,262111,Database Administrator,84.0
15-1243.00,Database Architects,Data transformation services DTS software,2.E.6.d,Data base management system software,N,N,4,262111,Database Administrator,84.0
15-1243.00,Database Architects,Data validation software,2.E.6.h,Information retrieval or search software,N,N,4,262111,Database Administrator,84.0
15-1243.00,Database Architects,Database capacity planning software,2.E.7.g,Requirements analysis and system architecture software,N,N,4,262111,Database Administrator,84.0
15-1243.00,Database Architects,Database cloning software,2.E.15.f,Backup or archival software,N,N,4,262111,Database Administrator,84.0
15-1243.00,Database Architects,Database design software,2.E.6.d,Data base management system software,N,N,4,262111,Database Administrator,84.0
15-1243.00,Database Architects,Database management systems,2.E.6.d,Data base management system software,N,N,4,262111,Database Administrator,84.0
15-1243.00,Database Architects,Database security software,2.E.14.b,Network security or virtual private network VPN management software,N,N,4,262111,Database Administrator,84.0
15-1243.00,Database Architects,Database testing software,2.E.7.f,Program testing software,N,N,4,262111,Database Administrator,84.0
15-1243.00,Database Architects,Deployment software,2.E.7.a,Configuration management software,N,N,4,262111,Database Administrator,84.0
15-1243.00,Database Architects,DOS shell script,2.E.13.c,Operating system software,N,N,4,262111,Database Administrator,84.0
15-1243.00,Database Architects,Drupal,2.E.7.h,Web platform development software,N,N,4,262111,Database Administrator,84.0
15-1243.00,Database Architects,Dynamic hypertext markup language DHTML,2.E.7.h,Web platform development software,N,N,4,262111,Database Administrator,84.0
15-1243.00,Database Architects,Ellucian Banner ERP,2.E.2.b,Enterprise resource planning ERP software,N,N,4,262111,Database Administrator,84.0
15-1243.00,Database Architects,Embarcadero Technologies DBArtisan,2.E.6.d,Data base management system software,N,N,4,262111,Database Administrator,84.0
15-1243.00,Database Architects,EMC NetWorker,2.E.15.f,Backup or archival software,N,N,4,262111,Database Administrator,84.0
15-1243.00,Database Architects,Encryption software,2.E.14.d,Transaction security and virus protection software,N,N,4,262111,Database Administrator,84.0
15-1243.00,Database Architects,Enterprise JavaBeans,2.E.7.h,Web platform development software,N,N,4,262111,Database Administrator,84.0
15-1243.00,Database Architects,Ext JS,2.E.7.h,Web platform development software,N,N,4,262111,Database Administrator,84.0
15-1243.00,Database Architects,Extensible hypertext markup language XHTML,2.E.7.h,Web platform development software,N,N,4,262111,Database Administrator,84.0
15-1243.00,Database Architects,FileMaker Pro,2.E.6.f,Data base user interface and query software,N,N,4,262111,Database Administrator,84.0
15-1243.00,Database Architects,Flat File Checker,2.E.6.i,Metadata management software,N,N,4,262111,Database Administrator,84.0
15-1243.00,Database Architects,Geographic information system GIS software,2.E.8.h,Geographic information system,N,N,4,262111,Database Administrator,84.0
15-1243.00,Database Architects,Google Drive,2.E.16.i,Cloud-based data access and sharing software,N,N,4,262111,Database Administrator,84.0
15-1243.00,Database Architects,Google Meet,2.E.16.b,Video conferencing software,N,N,4,262111,Database Administrator,84.0
15-1243.00,Database Architects,Google Sites,2.E.4.g,Web page creation and editing software,N,N,4,262111,Database Administrator,84.0
15-1243.00,Database Architects,Greenplum Database,2.E.6.d,Data base management system software,N,N,4,262111,Database Administrator,84.0
15-1243.00,Database Architects,Hewlett Packard HP-UX,2.E.13.c,Operating system software,N,N,4,262111,Database Administrator,84.0
15-1243.00,Database Architects,Hewlett Packard LoadRunner,2.E.7.f,Program testing software,N,N,4,262111,Database Administrator,84.0
15-1243.00,Database Architects,HiT Software Allora,2.E.6.i,Metadata management software,N,N,4,262111,Database Administrator,84.0
15-1243.00,Database Architects,HP DataProtector,2.E.15.f,Backup or archival software,N,N,4,262111,Database Administrator,84.0
15-1243.00,Database Architects,IBM ADSTAR,2.E.15.f,Backup or archival software,N,N,4,262111,Database Administrator,84.0
15-1243.00,Database Architects,IBM AIX,2.E.13.c,Operating system software,N,N,4,262111,Database Administrator,84.0
15-1243.00,Database Architects,IBM Cognos Impromptu,2.E.6.m,Business intelligence and data analysis software,N,N,4,262111,Database Administrator,84.0
15-1243.00,Database Architects,IBM Content Manager,2.E.5.b,Document management software,N,N,4,262111,Database Administrator,84.0
15-1243.00,Database Architects,IBM Domino,2.E.12.b,Communications server software,N,N,4,262111,Database Administrator,84.0
15-1243.00,Database Architects,IBM Informix,2.E.6.j,Object oriented data base management software,N,N,4,262111,Database Administrator,84.0
15-1243.00,Database Architects,IBM InfoSphere DataStage,2.E.7.c,Enterprise application integration software,N,N,4,262111,Database Administrator,84.0
15-1243.00,Database Architects,IBM InfoSphere Warehouse,2.E.6.g,Data mining software,N,N,4,262111,Database Administrator,84.0
15-1243.00,Database Architects,IBM Interactive System Productivity Facility ISPF,2.E.6.d,Data base management system software,N,N,4,262111,Database Administrator,84.0
15-1243.00,Database Architects,IBM Notes,2.E.16.a,Electronic mail software,N,N,4,262111,Database Administrator,84.0
15-1243.00,Database Architects,IBM Power Systems software,2.E.17.a,Enterprise system management software,N,N,4,262111,Database Administrator,84.0
15-1243.00,Database Architects,IBM Rational Data Architect,2.E.6.i,Metadata management software,N,N,4,262111,Database Administrator,84.0
15-1243.00,Database Architects,IBM Rational System Architect,2.E.6.i,Metadata management software,N,N,4,262111,Database Administrator,84.0
15-1243.00,Database Architects,IBM WebSphere,2.E.11.e,Cloud-based management software,N,N,4,262111,Database Administrator,84.0
15-1243.00,Database Architects,Index tuning software,2.E.6.d,Data base management system software,N,N,4,262111,Database Administrator,84.0
15-1243.00,Database Architects,Infobright Community Edition ICE,2.E.9.d,Analytical or scientific software,N,N,4,262111,Database Administrator,84.0
15-1243.00,Database Architects,Informatica Big Data,2.E.6.d,Data base management system software,N,N,4,262111,Database Administrator,84.0
15-1243.00,Database Architects,Informatica Corporation PowerCenter,2.E.2.b,Enterprise resource planning ERP software,N,N,4,262111,Database Administrator,84.0
15-1243.00,Database Architects,Informatica PowerCenter,2.E.6.i,Metadata management software,N,N,4,262111,Database Administrator,84.0
15-1243.00,Database Architects,Integrated development environment IDE software,2.E.7.b,Development environment software,N,N,4,262111,Database Administrator,84.0
15-1243.00,Database Architects,Intel Data Migration Software,2.E.15.e,Storage media loading software,N,N,4,262111,Database Administrator,84.0
15-1243.00,Database Architects,Interface Computers Data Loader,2.E.6.i,Metadata management software,N,N,4,262111,Database Administrator,84.0
15-1243.00,Database Architects,Jitterbit,2.E.11.e,Cloud-based management software,N,N,4,262111,Database Administrator,84.0
15-1243.00,Database Architects,Job control language JCL,2.E.13.c,Operating system software,N,N,4,262111,Database Administrator,84.0
15-1243.00,Database Architects,Jupyter Notebook,2.E.7.e,Object or component oriented development software,N,N,4,262111,Database Administrator,84.0
15-1243.00,Database Architects,KornShell,2.E.13.c,Operating system software,N,N,4,262111,Database Administrator,84.0
15-1243.00,Database Architects,LAMP Stack,2.E.7.h,Web platform development software,N,N,4,262111,Database Administrator,84.0
15-1243.00,Database Architects,LexisNexis,2.E.6.h,Information retrieval or search software,N,N,4,262111,Database Administrator,84.0
15-1243.00,Database Architects,LogMeIn GoToMeeting,2.E.16.b,Video conferencing software,N,N,4,262111,Database Administrator,84.0
15-1243.00,Database Architects,LogMeIn GoToWebinar,2.E.16.c,Network conferencing software,N,N,4,262111,Database Administrator,84.0
15-1243.00,Database Architects,MapR Converged Data Platform,2.E.6.d,Data base management system software,N,N,4,262111,Database Administrator,84.0
15-1243.00,Database Architects,MariaDB,2.E.6.d,Data base management system software,N,N,4,262111,Database Administrator,84.0
15-1243.00,Database Architects,McAfee,2.E.14.d,Transaction security and virus protection software,N,N,4,262111,Database Administrator,84.0
15-1243.00,Database Architects,Micosoft SQL Server Analysis Services SSAS,2.E.6.m,Business intelligence and data analysis software,N,N,4,262111,Database Administrator,84.0
15-1243.00,Database Architects,Microsoft ActiveX,2.E.7.e,Object or component oriented development software,N,N,4,262111,Database Administrator,84.0
15-1243.00,Database Architects,Microsoft ASP.NET Core MVC,2.E.7.h,Web platform development software,N,N,4,262111,Database Administrator,84.0
15-1243.00,Database Architects,Microsoft Dynamics,2.E.2.b,Enterprise resource planning ERP software,N,N,4,262111,Database Administrator,84.0
15-1243.00,Database Architects,Microsoft Dynamics GP,2.E.2.b,Enterprise resource planning ERP software,N,N,4,262111,Database Administrator,84.0
15-1243.00,Database Architects,Microsoft Exchange,2.E.16.a,Electronic mail software,N,N,4,262111,Database Administrator,84.0
15-1243.00,Database Architects,Microsoft Publisher,2.E.4.k,Desktop publishing software,N,N,4,262111,Database Administrator,84.0
15-1243.00,Database Architects,Microsoft Visual Basic Scripting Edition VBScript,2.E.7.b,Development environment software,N,N,4,262111,Database Administrator,84.0
15-1243.00,Database Architects,Microsoft Visual Basic.NET,2.E.7.e,Object or component oriented development software,N,N,4,262111,Database Administrator,84.0
15-1243.00,Database Architects,Microsoft Visual C# .NET,2.E.7.e,Object or component oriented development software,N,N,4,262111,Database Administrator,84.0
15-1243.00,Database Architects,MicroStrategy,2.E.6.m,Business intelligence and data analysis software,N,N,4,262111,Database Administrator,84.0
15-1243.00,Database Architects,Minitab,2.E.9.d,Analytical or scientific software,N,N,4,262111,Database Administrator,84.0
15-1243.00,Database Architects,Multidimensional Expressions MDX,2.E.6.d,Data base management system software,N,N,4,262111,Database Administrator,84.0
15-1243.00,Database Architects,Nagios,2.E.11.a,Network monitoring software,N,N,4,262111,Database Administrator,84.0
15-1243.00,Database Architects,Nearpod,2.E.8.e,Multi-media educational software,N,N,4,262111,Database Administrator,84.0
15-1243.00,Database Architects,NetSuite ERP,2.E.2.b,Enterprise resource planning ERP software,N,N,4,262111,Database Administrator,84.0
15-1243.00,Database Architects,NortonLifeLock cybersecurity software,2.E.14.d,Transaction security and virus protection software,N,N,4,262111,Database Administrator,84.0
15-1243.00,Database Architects,Object database management system ODBMS,2.E.6.j,Object oriented data base management software,N,N,4,262111,Database Administrator,84.0
15-1243.00,Database Architects,Oracle Application Express APEX,2.E.7.h,Web platform development software,N,N,4,262111,Database Administrator,84.0
15-1243.00,Database Architects,Oracle Application Server,2.E.10.a,Application server software,N,N,4,262111,Database Administrator,84.0
15-1243.00,Database Architects,Oracle Business Intelligence Enterprise Edition,2.E.6.m,Business intelligence and data analysis software,N,N,4,262111,Database Administrator,84.0
15-1243.00,Database Architects,Oracle Data Guard,2.E.15.f,Backup or archival software,N,N,4,262111,Database Administrator,84.0
15-1243.00,Database Architects,Oracle Data Integrator,2.E.7.c,Enterprise application integration software,N,N,4,262111,Database Administrator,84.0
15-1243.00,Database Architects,Oracle Designer,2.E.7.h,Web platform development software,N,N,4,262111,Database Administrator,84.0
15-1243.00,Database Architects,Oracle Eloqua,2.E.6.c,Customer relationship management CRM software,N,N,4,262111,Database Administrator,84.0
15-1243.00,Database Architects,Oracle Enterprise Manager,2.E.6.d,Data base management system software,N,N,4,262111,Database Administrator,84.0
15-1243.00,Database Architects,Oracle Enterprise Manager Cloud Control,2.E.6.d,Data base management system software,N,N,4,262111,Database Administrator,84.0
15-1243.00,Database Architects,Oracle Fusion Applications,2.E.2.b,Enterprise resource planning ERP software,N,N,4,262111,Database Administrator,84.0
15-1243.00,Database Architects,Oracle Fusion Middleware,2.E.7.c,Enterprise application integration software,N,N,4,262111,Database Administrator,84.0
15-1243.00,Database Architects,Oracle Golden Gate,2.E.6.d,Data base management system software,N,N,4,262111,Database Administrator,84.0
15-1243.00,Database Architects,Oracle Hyperion,2.E.2.b,Enterprise resource planning ERP software,N,N,4,262111,Database Administrator,84.0
15-1243.00,Database Architects,Oracle JavaServer Pages JSP,2.E.7.h,Web platform development software,N,N,4,262111,Database Administrator,84.0
15-1243.00,Database Architects,Oracle JD Edwards EnterpriseOne,2.E.2.b,Enterprise resource planning ERP software,N,N,4,262111,Database Administrator,84.0
15-1243.00,Database Architects,Oracle JDBC,2.E.6.f,Data base user interface and query software,N,N,4,262111,Database Administrator,84.0
15-1243.00,Database Architects,Oracle Jdeveloper,2.E.7.b,Development environment software,N,N,4,262111,Database Administrator,84.0
15-1243.00,Database Architects,Oracle Migration Workbench,2.E.6.d,Data base management system software,N,N,4,262111,Database Administrator,84.0
15-1243.00,Database Architects,Oracle PeopleSoft Financials,2.E.2.b,Enterprise resource planning ERP software,N,N,4,262111,Database Administrator,84.0
15-1243.00,Database Architects,Oracle Real Application Cluster RAC,2.E.6.b,Clustering software,N,N,4,262111,Database Administrator,84.0
15-1243.00,Database Architects,Oracle Recovery Manager,2.E.15.f,Backup or archival software,N,N,4,262111,Database Administrator,84.0
15-1243.00,Database Architects,Oracle Reports,2.E.6.e,Data base reporting software,N,N,4,262111,Database Administrator,84.0
15-1243.00,Database Architects,Oracle Solaris,2.E.13.c,Operating system software,N,N,4,262111,Database Administrator,84.0
15-1243.00,Database Architects,Oracle SQL Loader,2.E.6.e,Data base reporting software,N,N,4,262111,Database Administrator,84.0
15-1243.00,Database Architects,Oracle SQL Plus,2.E.6.e,Data base reporting software,N,N,4,262111,Database Administrator,84.0
15-1243.00,Database Architects,Oracle WebLogic Server,2.E.10.a,Application server software,N,N,4,262111,Database Administrator,84.0
15-1243.00,Database Architects,Pentaho Kettle,2.E.6.i,Metadata management software,N,N,4,262111,Database Administrator,84.0
15-1243.00,Database Architects,Perforce Helix software,2.E.7.a,Configuration management software,N,N,4,262111,Database Administrator,84.0
15-1243.00,Database Architects,Perl shell,2.E.13.c,Operating system software,N,N,4,262111,Database Administrator,84.0
15-1243.00,Database Architects,Prolog,2.E.7.b,Development environment software,N,N,4,262111,Database Administrator,84.0
15-1243.00,Database Architects,Qlik Tech QlikView,2.E.6.m,Business intelligence and data analysis software,N,N,4,262111,Database Administrator,84.0
15-1243.00,Database Architects,Quest Central,2.E.6.d,Data base management system software,N,N,4,262111,Database Administrator,84.0
15-1243.00,Database Architects,Quest Erwin Data Modeler,2.E.6.i,Metadata management software,N,N,4,262111,Database Administrator,84.0
15-1243.00,Database Architects,Quest SharePlex,2.E.6.d,Data base management system software,N,N,4,262111,Database Administrator,84.0
15-1243.00,Database Architects,Quest SQL Optimizer for Oracle,2.E.7.b,Development environment software,N,N,4,262111,Database Administrator,84.0
15-1243.00,Database Architects,Rapid-I RapidMiner,2.E.6.g,Data mining software,N,N,4,262111,Database Administrator,84.0
15-1243.00,Database Architects,ReCrystallize Crystal Reports,2.E.6.e,Data base reporting software,N,N,4,262111,Database Administrator,84.0
15-1243.00,Database Architects,Red Hat Ansible Engine,2.E.7.a,Configuration management software,N,N,4,262111,Database Administrator,84.0
15-1243.00,Database Architects,Red Hat WildFly,2.E.10.a,Application server software,N,N,4,262111,Database Administrator,84.0
15-1243.00,Database Architects,Redgate SQL Server,2.E.11.c,Administration software,N,N,4,262111,Database Administrator,84.0
15-1243.00,Database Architects,Relational database management software,2.E.6.d,Data base management system software,N,N,4,262111,Database Administrator,84.0
15-1243.00,Database Architects,Relational database management system software,2.E.6.d,Data base management system software,N,N,4,262111,Database Administrator,84.0
15-1243.00,Database Architects,Restructured extended executor REXX,2.E.7.b,Development environment software,N,N,4,262111,Database Administrator,84.0
15-1243.00,Database Architects,Ruby on Rails,2.E.7.h,Web platform development software,N,N,4,262111,Database Administrator,84.0
15-1243.00,Database Architects,Safe Software FME,2.E.9.d,Analytical or scientific software,N,N,4,262111,Database Administrator,84.0
15-1243.00,Database Architects,SAP Adaptive Server Enterprise,2.E.6.d,Data base management system software,N,N,4,262111,Database Administrator,84.0
15-1243.00,Database Architects,SAP Business Objects,2.E.2.b,Enterprise resource planning ERP software,N,N,4,262111,Database Administrator,84.0
15-1243.00,Database Architects,SAP Crystal Reports,2.E.6.e,Data base reporting software,N,N,4,262111,Database Administrator,84.0
15-1243.00,Database Architects,SAP PowerBuilder,2.E.7.e,Object or component oriented development software,N,N,4,262111,Database Administrator,84.0
15-1243.00,Database Architects,SAP PowerDesigner,2.E.6.i,Metadata management software,N,N,4,262111,Database Administrator,84.0
15-1243.00,Database Architects,SAP Replication Server,2.E.6.d,Data base management system software,N,N,4,262111,Database Administrator,84.0
15-1243.00,Database Architects,SAS Data Integration Studio,2.E.7.c,Enterprise application integration software,N,N,4,262111,Database Administrator,84.0
15-1243.00,Database Architects,Scriptella,2.E.6.i,Metadata management software,N,N,4,262111,Database Administrator,84.0
15-1243.00,Database Architects,SentryOne SQL Sentry,2.E.6.d,Data base management system software,N,N,4,262111,Database Administrator,84.0
15-1243.00,Database Architects,Skype,2.E.10.b,Desktop communications software,N,N,4,262111,Database Administrator,84.0
15-1243.00,Database Architects,SMSi Twister Data Integrator,2.E.7.c,Enterprise application integration software,N,N,4,262111,Database Administrator,84.0
15-1243.00,Database Architects,SolarWinds,2.E.14.e,Cloud-based protection or security software,N,N,4,262111,Database Administrator,84.0
15-1243.00,Database Architects,StataCorp Stata,2.E.9.d,Analytical or scientific software,N,N,4,262111,Database Administrator,84.0
15-1243.00,Database Architects,Storage area network SAN software,2.E.12.f,Storage networking software,N,N,4,262111,Database Administrator,84.0
15-1243.00,Database Architects,Storage management software,2.E.15.f,Backup or archival software,N,N,4,262111,Database Administrator,84.0
15-1243.00,Database Architects,Systems and data disaster recovery software,2.E.15.f,Backup or archival software,N,N,4,262111,Database Administrator,84.0
15-1243.00,Database Architects,Talend Big Data Integration,2.E.6.d,Data base management system software,N,N,4,262111,Database Administrator,84.0
15-1243.00,Database Architects,Talend Data Fabric,2.E.6.i,Metadata management software,N,N,4,262111,Database Administrator,84.0
15-1243.00,Database Architects,Talend Open Studio,2.E.7.c,Enterprise application integration software,N,N,4,262111,Database Administrator,84.0
15-1243.00,Database Architects,Teradata Active Enterprise Data Warehouse,2.E.6.f,Data base user interface and query software,N,N,4,262111,Database Administrator,84.0
15-1243.00,Database Architects,Test data generator software,2.E.9.d,Analytical or scientific software,N,N,4,262111,Database Administrator,84.0
15-1243.00,Database Architects,Ubuntu,2.E.13.c,Operating system software,N,N,4,262111,Database Administrator,84.0
15-1243.00,Database Architects,Unified modeling language UML,2.E.7.g,Requirements analysis and system architecture software,N,N,4,262111,Database Administrator,84.0
15-1243.00,Database Architects,Veritas NetBackup,2.E.15.f,Backup or archival software,N,N,4,262111,Database Administrator,84.0
15-1243.00,Database Architects,Virtual private networking VPN software,2.E.14.c,Network security and virtual private network VPN equipment software,N,N,4,262111,Database Administrator,84.0
15-1243.00,Database Architects,Visual Paradigm DB Visual ARCHITECT,2.E.1.p,Process mapping and design software,N,N,4,262111,Database Administrator,84.0
15-1243.00,Database Architects,VMware,2.E.6.b,Clustering software,N,N,4,262111,Database Administrator,84.0
15-1243.00,Database Architects,Wireshark,2.E.11.a,Network monitoring software,N,N,4,262111,Database Administrator,84.0
15-1243.00,Database Architects,WisdomForce DatabaseSync System,2.E.6.i,Metadata management software,N,N,4,262111,Database Administrator,84.0
15-1243.00,Database Architects,Zabbix,2.E.11.a,Network monitoring software,N,N,4,262111,Database Administrator,84.0
15-1212.00,Information Security Analysts,Amazon Web Services AWS software,2.E.6.f,Data base user interface and query software,Y,Y,1,262112,ICT Security Specialist,96.0
15-1212.00,Information Security Analysts,Linux,2.E.13.c,Operating system software,Y,Y,1,262112,ICT Security Specialist,96.0
15-1212.00,Information Security Analysts,Microsoft Azure software,2.E.7.b,Development environment software,Y,Y,1,262112,ICT Security Specialist,96.0
15-1212.00,Information Security Analysts,Microsoft Excel,2.E.4.i,Spreadsheet software,Y,Y,1,262112,ICT Security Specialist,96.0
15-1212.00,Information Security Analysts,Microsoft Office software,2.E.1.k,Office suite software,Y,Y,1,262112,ICT Security Specialist,96.0
15-1212.00,Information Security Analysts,Microsoft PowerPoint,2.E.4.f,Presentation software,Y,Y,1,262112,ICT Security Specialist,96.0
15-1212.00,Information Security Analysts,Microsoft PowerShell,2.E.7.b,Development environment software,Y,Y,1,262112,ICT Security Specialist,96.0
15-1212.00,Information Security Analysts,Python,2.E.7.e,Object or component oriented development software,Y,Y,1,262112,ICT Security Specialist,96.0
15-1212.00,Information Security Analysts,Splunk Enterprise,2.E.11.e,Cloud-based management software,Y,Y,1,262112,ICT Security Specialist,96.0
15-1212.00,Information Security Analysts,UNIX,2.E.13.c,Operating system software,Y,Y,1,262112,ICT Security Specialist,96.0
15-1299.04,Penetration Testers,Amazon Web Services AWS software,2.E.6.f,Data base user interface and query software,Y,Y,1,262112,ICT Security Specialist,87.5
15-1299.04,Penetration Testers,Bash,2.E.13.c,Operating system software,Y,Y,1,262112,ICT Security Specialist,87.5
15-1299.04,Penetration Testers,C,2.E.7.b,Development environment software,Y,Y,1,262112,ICT Security Specialist,87.5
15-1299.04,Penetration Testers,C#,2.E.7.e,Object or component oriented development software,Y,Y,1,262112,ICT Security Specialist,87.5
15-1299.04,Penetration Testers,C++,2.E.7.e,Object or component oriented development software,Y,Y,1,262112,ICT Security Specialist,87.5
15-1299.04,Penetration Testers,JavaScript,2.E.7.h,Web platform development software,Y,Y,1,262112,ICT Security Specialist,87.5
15-1299.04,Penetration Testers,Linux,2.E.13.c,Operating system software,Y,Y,1,262112,ICT Security Specialist,87.5
15-1299.04,Penetration Testers,Microsoft Active Directory,2.E.10.d,Internet directory services software,Y,Y,1,262112,ICT Security Specialist,87.5
15-1299.04,Penetration Testers,Microsoft Azure software,2.E.7.b,Development environment software,Y,Y,1,262112,ICT Security Specialist,87.5
15-1299.04,Penetration Testers,Microsoft PowerShell,2.E.7.b,Development environment software,Y,Y,1,262112,ICT Security Specialist,87.5
15-1299.04,Penetration Testers,Oracle Java,2.E.7.e,Object or component oriented development software,Y,Y,1,262112,ICT Security Specialist,87.5
15-1299.04,Penetration Testers,Python,2.E.7.e,Object or component oriented development software,Y,Y,1,262112,ICT Security Specialist,87.5
15-1299.04,Penetration Testers,Splunk Enterprise,2.E.17.a,Enterprise system management software,Y,Y,1,262112,ICT Security Specialist,87.5
15-1299.04,Penetration Testers,UNIX,2.E.13.c,Operating system software,Y,Y,1,262112,ICT Security Specialist,87.5
15-1212.00,Information Security Analysts,eMASS,2.E.9.o,Risk management data and analysis software,N,Y,2,262112,ICT Security Specialist,96.0
15-1212.00,Information Security Analysts,Firewall software,2.E.14.c,Network security and virtual private network VPN equipment software,N,Y,2,262112,ICT Security Specialist,96.0
15-1212.00,Information Security Analysts,MITRE ATT&CK software,2.E.7.f,Program testing software,N,Y,2,262112,ICT Security Specialist,96.0
15-1212.00,Information Security Analysts,Tenable Nessus,2.E.14.d,Transaction security and virus protection software,N,Y,2,262112,ICT Security Specialist,96.0
15-1299.04,Penetration Testers,Firewall software,2.E.14.c,Network security and virtual private network VPN equipment software,N,Y,2,262112,ICT Security Specialist,87.5
15-1299.04,Penetration Testers,Kali Linux,2.E.7.f,Program testing software,N,Y,2,262112,ICT Security Specialist,87.5
15-1299.04,Penetration Testers,Metasploit,2.E.14.d,Transaction security and virus protection software,N,Y,2,262112,ICT Security Specialist,87.5
15-1299.04,Penetration Testers,MITRE ATT&CK software,2.E.7.f,Program testing software,N,Y,2,262112,ICT Security Specialist,87.5
15-1299.04,Penetration Testers,Nmap,2.E.14.d,Transaction security and virus protection software,N,Y,2,262112,ICT Security Specialist,87.5
15-1299.04,Penetration Testers,Portswigger BurP Suite,2.E.14.d,Transaction security and virus protection software,N,Y,2,262112,ICT Security Specialist,87.5
15-1299.04,Penetration Testers,Qualys Cloud Platform,2.E.14.e,Cloud-based protection or security software,N,Y,2,262112,ICT Security Specialist,87.5
15-1299.04,Penetration Testers,Tenable Nessus,2.E.14.d,Transaction security and virus protection software,N,Y,2,262112,ICT Security Specialist,87.5
15-1212.00,Information Security Analysts,AJAX,2.E.7.h,Web platform development software,Y,N,3,262112,ICT Security Specialist,96.0
15-1212.00,Information Security Analysts,Amazon DynamoDB,2.E.6.d,Data base management system software,Y,N,3,262112,ICT Security Specialist,96.0
15-1212.00,Information Security Analysts,Amazon Elastic Compute Cloud EC2,2.E.6.f,Data base user interface and query software,Y,N,3,262112,ICT Security Specialist,96.0
15-1212.00,Information Security Analysts,Amazon Redshift,2.E.6.f,Data base user interface and query software,Y,N,3,262112,ICT Security Specialist,96.0
15-1212.00,Information Security Analysts,Amazon Web Services AWS CloudFormation,2.E.11.e,Cloud-based management software,Y,N,3,262112,ICT Security Specialist,96.0
15-1212.00,Information Security Analysts,Ansible software,2.E.1.i,Expert system software,Y,N,3,262112,ICT Security Specialist,96.0
15-1212.00,Information Security Analysts,Apache Cassandra,2.E.6.d,Data base management system software,Y,N,3,262112,ICT Security Specialist,96.0
15-1212.00,Information Security Analysts,Apache Hadoop,2.E.6.d,Data base management system software,Y,N,3,262112,ICT Security Specialist,96.0
15-1212.00,Information Security Analysts,Apache Hive,2.E.6.d,Data base management system software,Y,N,3,262112,ICT Security Specialist,96.0
15-1212.00,Information Security Analysts,Apache Kafka,2.E.7.b,Development environment software,Y,N,3,262112,ICT Security Specialist,96.0
15-1212.00,Information Security Analysts,Apache Maven,2.E.7.b,Development environment software,Y,N,3,262112,ICT Security Specialist,96.0
15-1212.00,Information Security Analysts,Apache Spark,2.E.6.m,Business intelligence and data analysis software,Y,N,3,262112,ICT Security Specialist,96.0
15-1212.00,Information Security Analysts,Apache Subversion SVN,2.E.5.c,File versioning software,Y,N,3,262112,ICT Security Specialist,96.0
15-1212.00,Information Security Analysts,Apache Tomcat,2.E.7.h,Web platform development software,Y,N,3,262112,ICT Security Specialist,96.0
15-1212.00,Information Security Analysts,Apple macOS,2.E.13.c,Operating system software,Y,N,3,262112,ICT Security Specialist,96.0
15-1212.00,Information Security Analysts,Atlassian Confluence,2.E.1.e,Project management software,Y,N,3,262112,ICT Security Specialist,96.0
15-1212.00,Information Security Analysts,Atlassian JIRA,2.E.5.a,Content workflow software,Y,N,3,262112,ICT Security Specialist,96.0
15-1212.00,Information Security Analysts,Bash,2.E.13.c,Operating system software,Y,N,3,262112,ICT Security Specialist,96.0
15-1212.00,Information Security Analysts,Border Gateway Protocol BGP,2.E.12.g,Switch or router software,Y,N,3,262112,ICT Security Specialist,96.0
15-1212.00,Information Security Analysts,C,2.E.7.b,Development environment software,Y,N,3,262112,ICT Security Specialist,96.0
15-1212.00,Information Security Analysts,C#,2.E.7.e,Object or component oriented development software,Y,N,3,262112,ICT Security Specialist,96.0
15-1212.00,Information Security Analysts,C++,2.E.7.e,Object or component oriented development software,Y,N,3,262112,ICT Security Specialist,96.0
15-1212.00,Information Security Analysts,Chef,2.E.7.a,Configuration management software,Y,N,3,262112,ICT Security Specialist,96.0
15-1212.00,Information Security Analysts,Django,2.E.7.h,Web platform development software,Y,N,3,262112,ICT Security Specialist,96.0
15-1212.00,Information Security Analysts,Docker,2.E.10.a,Application server software,Y,N,3,262112,ICT Security Specialist,96.0
15-1212.00,Information Security Analysts,Eclipse IDE,2.E.7.b,Development environment software,Y,N,3,262112,ICT Security Specialist,96.0
15-1212.00,Information Security Analysts,Elasticsearch,2.E.6.d,Data base management system software,Y,N,3,262112,ICT Security Specialist,96.0
15-1212.00,Information Security Analysts,Epic Systems,2.E.9.i,Medical software,Y,N,3,262112,ICT Security Specialist,96.0
15-1212.00,Information Security Analysts,ESRI ArcGIS software,2.E.8.h,Geographic information system,Y,N,3,262112,ICT Security Specialist,96.0
15-1212.00,Information Security Analysts,Extensible markup language XML,2.E.7.c,Enterprise application integration software,Y,N,3,262112,ICT Security Specialist,96.0
15-1212.00,Information Security Analysts,Git,2.E.5.c,File versioning software,Y,N,3,262112,ICT Security Specialist,96.0
15-1212.00,Information Security Analysts,GitHub,2.E.10.a,Application server software,Y,N,3,262112,ICT Security Specialist,96.0
15-1212.00,Information Security Analysts,Go,2.E.7.b,Development environment software,Y,N,3,262112,ICT Security Specialist,96.0
15-1212.00,Information Security Analysts,Google Angular,2.E.7.h,Web platform development software,Y,N,3,262112,ICT Security Specialist,96.0
15-1212.00,Information Security Analysts,Hypertext markup language HTML,2.E.7.h,Web platform development software,Y,N,3,262112,ICT Security Specialist,96.0
15-1212.00,Information Security Analysts,JavaScript,2.E.7.h,Web platform development software,Y,N,3,262112,ICT Security Specialist,96.0
15-1212.00,Information Security Analysts,JavaScript Object Notation JSON,2.E.7.h,Web platform development software,Y,N,3,262112,ICT Security Specialist,96.0
15-1212.00,Information Security Analysts,Microsoft .NET Framework,2.E.7.b,Development environment software,Y,N,3,262112,ICT Security Specialist,96.0
15-1212.00,Information Security Analysts,Microsoft Access,2.E.6.f,Data base user interface and query software,Y,N,3,262112,ICT Security Specialist,96.0
15-1212.00,Information Security Analysts,Microsoft Active Directory,2.E.10.d,Internet directory services software,Y,N,3,262112,ICT Security Specialist,96.0
15-1212.00,Information Security Analysts,Microsoft Active Server Pages ASP,2.E.7.h,Web platform development software,Y,N,3,262112,ICT Security Specialist,96.0
15-1212.00,Information Security Analysts,Microsoft ASP.NET,2.E.7.h,Web platform development software,Y,N,3,262112,ICT Security Specialist,96.0
15-1212.00,Information Security Analysts,Microsoft Project,2.E.1.e,Project management software,Y,N,3,262112,ICT Security Specialist,96.0
15-1212.00,Information Security Analysts,Microsoft SharePoint,2.E.5.b,Document management software,Y,N,3,262112,ICT Security Specialist,96.0
15-1212.00,Information Security Analysts,Microsoft SQL Server,2.E.6.f,Data base user interface and query software,Y,N,3,262112,ICT Security Specialist,96.0
15-1212.00,Information Security Analysts,Microsoft SQL Server Integration Services SSIS,2.E.7.c,Enterprise application integration software,Y,N,3,262112,ICT Security Specialist,96.0
15-1212.00,Information Security Analysts,Microsoft SQL Server Reporting Services SSRS,2.E.6.e,Data base reporting software,Y,N,3,262112,ICT Security Specialist,96.0
15-1212.00,Information Security Analysts,Microsoft Teams,2.E.1.e,Project management software,Y,N,3,262112,ICT Security Specialist,96.0
15-1212.00,Information Security Analysts,Microsoft Visio,2.E.1.p,Process mapping and design software,Y,N,3,262112,ICT Security Specialist,96.0
15-1212.00,Information Security Analysts,Microsoft Visual Basic,2.E.7.b,Development environment software,Y,N,3,262112,ICT Security Specialist,96.0
15-1212.00,Information Security Analysts,Microsoft Visual Basic for Applications VBA,2.E.7.b,Development environment software,Y,N,3,262112,ICT Security Specialist,96.0
15-1212.00,Information Security Analysts,Microsoft Visual Studio,2.E.7.b,Development environment software,Y,N,3,262112,ICT Security Specialist,96.0
15-1212.00,Information Security Analysts,Microsoft Windows,2.E.13.c,Operating system software,Y,N,3,262112,ICT Security Specialist,96.0
15-1212.00,Information Security Analysts,Microsoft Windows Server,2.E.13.c,Operating system software,Y,N,3,262112,ICT Security Specialist,96.0
15-1212.00,Information Security Analysts,Microsoft Word,2.E.4.d,Word processing software,Y,N,3,262112,ICT Security Specialist,96.0
15-1212.00,Information Security Analysts,MongoDB,2.E.6.d,Data base management system software,Y,N,3,262112,ICT Security Specialist,96.0
15-1212.00,Information Security Analysts,MySQL,2.E.6.d,Data base management system software,Y,N,3,262112,ICT Security Specialist,96.0
15-1212.00,Information Security Analysts,Node.js,2.E.7.h,Web platform development software,Y,N,3,262112,ICT Security Specialist,96.0
15-1212.00,Information Security Analysts,NoSQL,2.E.6.d,Data base management system software,Y,N,3,262112,ICT Security Specialist,96.0
15-1212.00,Information Security Analysts,Oracle Database,2.E.6.f,Data base user interface and query software,Y,N,3,262112,ICT Security Specialist,96.0
15-1212.00,Information Security Analysts,Oracle Java,2.E.7.e,Object or component oriented development software,Y,N,3,262112,ICT Security Specialist,96.0
15-1212.00,Information Security Analysts,Oracle PeopleSoft,2.E.2.b,Enterprise resource planning ERP software,Y,N,3,262112,ICT Security Specialist,96.0
15-1212.00,Information Security Analysts,Oracle PL/SQL,2.E.6.d,Data base management system software,Y,N,3,262112,ICT Security Specialist,96.0
15-1212.00,Information Security Analysts,Perl,2.E.7.e,Object or component oriented development software,Y,N,3,262112,ICT Security Specialist,96.0
15-1212.00,Information Security Analysts,PHP,2.E.7.h,Web platform development software,Y,N,3,262112,ICT Security Specialist,96.0
15-1212.00,Information Security Analysts,PostgreSQL,2.E.6.j,Object oriented data base management software,Y,N,3,262112,ICT Security Specialist,96.0
15-1212.00,Information Security Analysts,Puppet,2.E.7.a,Configuration management software,Y,N,3,262112,ICT Security Specialist,96.0
15-1212.00,Information Security Analysts,Red Hat Enterprise Linux,2.E.13.c,Operating system software,Y,N,3,262112,ICT Security Specialist,96.0
15-1212.00,Information Security Analysts,Red Hat OpenShift,2.E.10.a,Application server software,Y,N,3,262112,ICT Security Specialist,96.0
15-1212.00,Information Security Analysts,Ruby,2.E.7.b,Development environment software,Y,N,3,262112,ICT Security Specialist,96.0
15-1212.00,Information Security Analysts,Salesforce software,2.E.6.c,Customer relationship management CRM software,Y,N,3,262112,ICT Security Specialist,96.0
15-1212.00,Information Security Analysts,SAP software,2.E.2.b,Enterprise resource planning ERP software,Y,N,3,262112,ICT Security Specialist,96.0
15-1212.00,Information Security Analysts,SAS,2.E.9.d,Analytical or scientific software,Y,N,3,262112,ICT Security Specialist,96.0
15-1212.00,Information Security Analysts,Scala,2.E.7.e,Object or component oriented development software,Y,N,3,262112,ICT Security Specialist,96.0
15-1212.00,Information Security Analysts,Selenium,2.E.7.f,Program testing software,Y,N,3,262112,ICT Security Specialist,96.0
15-1212.00,Information Security Analysts,Shell script,2.E.13.c,Operating system software,Y,N,3,262112,ICT Security Specialist,96.0
15-1212.00,Information Security Analysts,Spring Framework,2.E.7.h,Web platform development software,Y,N,3,262112,ICT Security Specialist,96.0
15-1212.00,Information Security Analysts,Structured query language SQL,2.E.6.f,Data base user interface and query software,Y,N,3,262112,ICT Security Specialist,96.0
15-1212.00,Information Security Analysts,Swift,2.E.7.e,Object or component oriented development software,Y,N,3,262112,ICT Security Specialist,96.0
15-1212.00,Information Security Analysts,Tableau,2.E.6.m,Business intelligence and data analysis software,Y,N,3,262112,ICT Security Specialist,96.0
15-1212.00,Information Security Analysts,Teradata Database,2.E.6.d,Data base management system software,Y,N,3,262112,ICT Security Specialist,96.0
15-1212.00,Information Security Analysts,The MathWorks MATLAB,2.E.9.d,Analytical or scientific software,Y,N,3,262112,ICT Security Specialist,96.0
15-1212.00,Information Security Analysts,UNIX Shell,2.E.13.c,Operating system software,Y,N,3,262112,ICT Security Specialist,96.0
15-1299.04,Penetration Testers,Ansible software,2.E.1.i,Expert system software,Y,N,3,262112,ICT Security Specialist,87.5
15-1299.04,Penetration Testers,Apple iOS,2.E.13.c,Operating system software,Y,N,3,262112,ICT Security Specialist,87.5
15-1299.04,Penetration Testers,Apple macOS,2.E.13.c,Operating system software,Y,N,3,262112,ICT Security Specialist,87.5
15-1299.04,Penetration Testers,Docker,2.E.10.a,Application server software,Y,N,3,262112,ICT Security Specialist,87.5
15-1299.04,Penetration Testers,GitHub,2.E.10.a,Application server software,Y,N,3,262112,ICT Security Specialist,87.5
15-1299.04,Penetration Testers,Go,2.E.7.b,Development environment software,Y,N,3,262112,ICT Security Specialist,87.5
15-1299.04,Penetration Testers,Google Android,2.E.13.c,Operating system software,Y,N,3,262112,ICT Security Specialist,87.5
15-1299.04,Penetration Testers,IBM Terraform,2.E.7.a,Configuration management software,Y,N,3,262112,ICT Security Specialist,87.5
15-1299.04,Penetration Testers,Kubernetes,2.E.10.a,Application server software,Y,N,3,262112,ICT Security Specialist,87.5
15-1299.04,Penetration Testers,Microsoft Active Server Pages ASP,2.E.7.h,Web platform development software,Y,N,3,262112,ICT Security Specialist,87.5
15-1299.04,Penetration Testers,Microsoft Excel,2.E.4.i,Spreadsheet software,Y,N,3,262112,ICT Security Specialist,87.5
15-1299.04,Penetration Testers,Microsoft Office software,2.E.1.k,Office suite software,Y,N,3,262112,ICT Security Specialist,87.5
15-1299.04,Penetration Testers,Microsoft SQL Server,2.E.6.f,Data base user interface and query software,Y,N,3,262112,ICT Security Specialist,87.5
15-1299.04,Penetration Testers,Oracle Java 2 Platform Enterprise Edition J2EE,2.E.7.b,Development environment software,Y,N,3,262112,ICT Security Specialist,87.5
15-1299.04,Penetration Testers,Perl,2.E.7.e,Object or component oriented development software,Y,N,3,262112,ICT Security Specialist,87.5
15-1299.04,Penetration Testers,PHP,2.E.7.h,Web platform development software,Y,N,3,262112,ICT Security Specialist,87.5
15-1299.04,Penetration Testers,Ruby,2.E.7.b,Development environment software,Y,N,3,262112,ICT Security Specialist,87.5
15-1299.04,Penetration Testers,ServiceNow,2.E.6.f,Data base user interface and query software,Y,N,3,262112,ICT Security Specialist,87.5
15-1299.04,Penetration Testers,Shell script,2.E.13.c,Operating system software,Y,N,3,262112,ICT Security Specialist,87.5
15-1299.04,Penetration Testers,Structured query language SQL,2.E.6.f,Data base user interface and query software,Y,N,3,262112,ICT Security Specialist,87.5
15-1212.00,Information Security Analysts,3M Post-it App,2.E.4.d,Word processing software,N,N,4,262112,ICT Security Specialist,96.0
15-1212.00,Information Security Analysts,Access management software,2.E.12.a,Access software,N,N,4,262112,ICT Security Specialist,96.0
15-1212.00,Information Security Analysts,AccessData FTK,2.E.11.a,Network monitoring software,N,N,4,262112,ICT Security Specialist,96.0
15-1212.00,Information Security Analysts,Active directory software,2.E.10.d,Internet directory services software,N,N,4,262112,ICT Security Specialist,96.0
15-1212.00,Information Security Analysts,Adobe ActionScript,2.E.7.b,Development environment software,N,N,4,262112,ICT Security Specialist,96.0
15-1212.00,Information Security Analysts,Advanced business application programming ABAP,2.E.7.e,Object or component oriented development software,N,N,4,262112,ICT Security Specialist,96.0
15-1212.00,Information Security Analysts,Amazon Simple Storage Service S3,2.E.12.f,Storage networking software,N,N,4,262112,ICT Security Specialist,96.0
15-1212.00,Information Security Analysts,Anti-phishing software,2.E.14.d,Transaction security and virus protection software,N,N,4,262112,ICT Security Specialist,96.0
15-1212.00,Information Security Analysts,Anti-spyware software,2.E.14.d,Transaction security and virus protection software,N,N,4,262112,ICT Security Specialist,96.0
15-1212.00,Information Security Analysts,Anti-Trojan software,2.E.14.d,Transaction security and virus protection software,N,N,4,262112,ICT Security Specialist,96.0
15-1212.00,Information Security Analysts,Apache Ant,2.E.7.b,Development environment software,N,N,4,262112,ICT Security Specialist,96.0
15-1212.00,Information Security Analysts,Apache Groovy,2.E.7.e,Object or component oriented development software,N,N,4,262112,ICT Security Specialist,96.0
15-1212.00,Information Security Analysts,Apache HTTP Server,2.E.6.k,Portal server software,N,N,4,262112,ICT Security Specialist,96.0
15-1212.00,Information Security Analysts,Apache Pig,2.E.6.d,Data base management system software,N,N,4,262112,ICT Security Specialist,96.0
15-1212.00,Information Security Analysts,Apache Solr,2.E.6.d,Data base management system software,N,N,4,262112,ICT Security Specialist,96.0
15-1212.00,Information Security Analysts,Apache Struts,2.E.7.h,Web platform development software,N,N,4,262112,ICT Security Specialist,96.0
15-1212.00,Information Security Analysts,ArcSight Enterprise Threat and Risk Management,2.E.9.o,Risk management data and analysis software,N,N,4,262112,ICT Security Specialist,96.0
15-1212.00,Information Security Analysts,Atlassian Bamboo,2.E.7.c,Enterprise application integration software,N,N,4,262112,ICT Security Specialist,96.0
15-1212.00,Information Security Analysts,Automated audit trail analysis software,2.E.11.a,Network monitoring software,N,N,4,262112,ICT Security Specialist,96.0
15-1212.00,Information Security Analysts,Automated installation software,2.E.7.a,Configuration management software,N,N,4,262112,ICT Security Specialist,96.0
15-1212.00,Information Security Analysts,Automated media tracking software,2.E.11.a,Network monitoring software,N,N,4,262112,ICT Security Specialist,96.0
15-1212.00,Information Security Analysts,Backup and archival software,2.E.15.f,Backup or archival software,N,N,4,262112,ICT Security Specialist,96.0
15-1212.00,Information Security Analysts,Berkeley Internet Domain Name BIND,2.E.10.d,Internet directory services software,N,N,4,262112,ICT Security Specialist,96.0
15-1212.00,Information Security Analysts,Blackboard software,2.E.6.f,Data base user interface and query software,N,N,4,262112,ICT Security Specialist,96.0
15-1212.00,Information Security Analysts,Blink,2.E.16.d,Instant messaging software,N,N,4,262112,ICT Security Specialist,96.0
15-1212.00,Information Security Analysts,Check Point Next Generation Secure Web Gateway,2.E.14.d,Transaction security and virus protection software,N,N,4,262112,ICT Security Specialist,96.0
15-1212.00,Information Security Analysts,Cisco Systems CiscoWorks,2.E.11.c,Administration software,N,N,4,262112,ICT Security Specialist,96.0
15-1212.00,Information Security Analysts,Citrix cloud computing software,2.E.12.a,Access software,N,N,4,262112,ICT Security Specialist,96.0
15-1212.00,Information Security Analysts,Common business oriented language COBOL,2.E.7.b,Development environment software,N,N,4,262112,ICT Security Specialist,96.0
15-1212.00,Information Security Analysts,Computer forensic software,2.E.13.a,Filesystem software,N,N,4,262112,ICT Security Specialist,96.0
15-1212.00,Information Security Analysts,Conformance and validation testing software,2.E.7.f,Program testing software,N,N,4,262112,ICT Security Specialist,96.0
15-1212.00,Information Security Analysts,Cryptographic key management software,2.E.14.c,Network security and virtual private network VPN equipment software,N,N,4,262112,ICT Security Specialist,96.0
15-1212.00,Information Security Analysts,Customer information control system CICS,2.E.6.l,Transaction server software,N,N,4,262112,ICT Security Specialist,96.0
15-1212.00,Information Security Analysts,Delphi Technology,2.E.2.d,Financial analysis software,N,N,4,262112,ICT Security Specialist,96.0
15-1212.00,Information Security Analysts,Diameter,2.E.14.a,Authentication server software,N,N,4,262112,ICT Security Specialist,96.0
15-1212.00,Information Security Analysts,Domain name system DNS,2.E.10.d,Internet directory services software,N,N,4,262112,ICT Security Specialist,96.0
15-1212.00,Information Security Analysts,Drupal,2.E.7.h,Web platform development software,N,N,4,262112,ICT Security Specialist,96.0
15-1212.00,Information Security Analysts,End-to-end encryption software,2.E.14.d,Transaction security and virus protection software,N,N,4,262112,ICT Security Specialist,96.0
15-1212.00,Information Security Analysts,Enterprise JavaBeans,2.E.7.h,Web platform development software,N,N,4,262112,ICT Security Specialist,96.0
15-1212.00,Information Security Analysts,Ethereal,2.E.11.a,Network monitoring software,N,N,4,262112,ICT Security Specialist,96.0
15-1212.00,Information Security Analysts,Extensible hypertext markup language XHTML,2.E.7.h,Web platform development software,N,N,4,262112,ICT Security Specialist,96.0
15-1212.00,Information Security Analysts,Geographic information system GIS software,2.E.8.h,Geographic information system,N,N,4,262112,ICT Security Specialist,96.0
15-1212.00,Information Security Analysts,Google Sites,2.E.4.g,Web page creation and editing software,N,N,4,262112,ICT Security Specialist,96.0
15-1212.00,Information Security Analysts,Guidance Software EnCase Forensic,2.E.11.a,Network monitoring software,N,N,4,262112,ICT Security Specialist,96.0
15-1212.00,Information Security Analysts,Hewlett Packard HP-UX,2.E.13.c,Operating system software,N,N,4,262112,ICT Security Specialist,96.0
15-1212.00,Information Security Analysts,Honeypot,2.E.14.d,Transaction security and virus protection software,N,N,4,262112,ICT Security Specialist,96.0
15-1212.00,Information Security Analysts,HP Fortify,2.E.14.b,Network security or virtual private network VPN management software,N,N,4,262112,ICT Security Specialist,96.0
15-1212.00,Information Security Analysts,HP WebInspect,2.E.14.d,Transaction security and virus protection software,N,N,4,262112,ICT Security Specialist,96.0
15-1212.00,Information Security Analysts,Human resource management software HRMS,2.E.1.c,Human resources software,N,N,4,262112,ICT Security Specialist,96.0
15-1212.00,Information Security Analysts,IBM Cognos Impromptu,2.E.6.m,Business intelligence and data analysis software,N,N,4,262112,ICT Security Specialist,96.0
15-1212.00,Information Security Analysts,IBM Domino,2.E.12.b,Communications server software,N,N,4,262112,ICT Security Specialist,96.0
15-1212.00,Information Security Analysts,IBM Notes,2.E.16.a,Electronic mail software,N,N,4,262112,ICT Security Specialist,96.0
15-1212.00,Information Security Analysts,IBM Power Systems software,2.E.17.a,Enterprise system management software,N,N,4,262112,ICT Security Specialist,96.0
15-1212.00,Information Security Analysts,IBM QRadar SIEM,2.E.11.a,Network monitoring software,N,N,4,262112,ICT Security Specialist,96.0
15-1212.00,Information Security Analysts,IBM Tivoli Access Management TAM,2.E.12.a,Access software,N,N,4,262112,ICT Security Specialist,96.0
15-1212.00,Information Security Analysts,IBM Tivoli Identity Management TIM,2.E.14.a,Authentication server software,N,N,4,262112,ICT Security Specialist,96.0
15-1212.00,Information Security Analysts,IBM WebSphere,2.E.11.e,Cloud-based management software,N,N,4,262112,ICT Security Specialist,96.0
15-1212.00,Information Security Analysts,Imperva SecureSphere,2.E.14.c,Network security and virtual private network VPN equipment software,N,N,4,262112,ICT Security Specialist,96.0
15-1212.00,Information Security Analysts,Integrated development environment IDE software,2.E.7.b,Development environment software,N,N,4,262112,ICT Security Specialist,96.0
15-1212.00,Information Security Analysts,Integrity verification software,2.E.11.a,Network monitoring software,N,N,4,262112,ICT Security Specialist,96.0
15-1212.00,Information Security Analysts,Intrusion detection system IDS,2.E.14.b,Network security or virtual private network VPN management software,N,N,4,262112,ICT Security Specialist,96.0
15-1212.00,Information Security Analysts,Intrusion prevention system IPS,2.E.14.b,Network security or virtual private network VPN management software,N,N,4,262112,ICT Security Specialist,96.0
15-1212.00,Information Security Analysts,IpFilter,2.E.14.c,Network security and virtual private network VPN equipment software,N,N,4,262112,ICT Security Specialist,96.0
15-1212.00,Information Security Analysts,IpTables,2.E.14.c,Network security and virtual private network VPN equipment software,N,N,4,262112,ICT Security Specialist,96.0
15-1212.00,Information Security Analysts,ISS RealSecure,2.E.14.b,Network security or virtual private network VPN management software,N,N,4,262112,ICT Security Specialist,96.0
15-1212.00,Information Security Analysts,Job control language JCL,2.E.13.c,Operating system software,N,N,4,262112,ICT Security Specialist,96.0
15-1212.00,Information Security Analysts,Juniper Networks NetScreen-Security Manager,2.E.14.c,Network security and virtual private network VPN equipment software,N,N,4,262112,ICT Security Specialist,96.0
15-1212.00,Information Security Analysts,Kali Linux,2.E.7.f,Program testing software,N,N,4,262112,ICT Security Specialist,96.0
15-1212.00,Information Security Analysts,Keystroke monitoring software,2.E.11.a,Network monitoring software,N,N,4,262112,ICT Security Specialist,96.0
15-1212.00,Information Security Analysts,KornShell,2.E.13.c,Operating system software,N,N,4,262112,ICT Security Specialist,96.0
15-1212.00,Information Security Analysts,LAMP Stack,2.E.7.h,Web platform development software,N,N,4,262112,ICT Security Specialist,96.0
15-1212.00,Information Security Analysts,LexisNexis,2.E.6.h,Information retrieval or search software,N,N,4,262112,ICT Security Specialist,96.0
15-1212.00,Information Security Analysts,Link encryption software,2.E.14.d,Transaction security and virus protection software,N,N,4,262112,ICT Security Specialist,96.0
15-1212.00,Information Security Analysts,McAfee,2.E.14.d,Transaction security and virus protection software,N,N,4,262112,ICT Security Specialist,96.0
15-1212.00,Information Security Analysts,McAfee VirusScan,2.E.14.d,Transaction security and virus protection software,N,N,4,262112,ICT Security Specialist,96.0
15-1212.00,Information Security Analysts,Metasploit,2.E.14.d,Transaction security and virus protection software,N,N,4,262112,ICT Security Specialist,96.0
15-1212.00,Information Security Analysts,Micro Focus OpenView,2.E.11.a,Network monitoring software,N,N,4,262112,ICT Security Specialist,96.0
15-1212.00,Information Security Analysts,Microsoft Dynamics,2.E.2.b,Enterprise resource planning ERP software,N,N,4,262112,ICT Security Specialist,96.0
15-1212.00,Information Security Analysts,Microsoft Exchange,2.E.16.a,Electronic mail software,N,N,4,262112,ICT Security Specialist,96.0
15-1212.00,Information Security Analysts,Microsoft Hyper-V Server,2.E.13.c,Operating system software,N,N,4,262112,ICT Security Specialist,96.0
15-1212.00,Information Security Analysts,Microsoft Visual Basic Scripting Edition VBScript,2.E.7.b,Development environment software,N,N,4,262112,ICT Security Specialist,96.0
15-1212.00,Information Security Analysts,MicroStrategy,2.E.6.m,Business intelligence and data analysis software,N,N,4,262112,ICT Security Specialist,96.0
15-1212.00,Information Security Analysts,Nagios,2.E.11.a,Network monitoring software,N,N,4,262112,ICT Security Specialist,96.0
15-1212.00,Information Security Analysts,National Instruments LabVIEW,2.E.7.b,Development environment software,N,N,4,262112,ICT Security Specialist,96.0
15-1212.00,Information Security Analysts,Network and system vulnerability assessment software,2.E.14.b,Network security or virtual private network VPN management software,N,N,4,262112,ICT Security Specialist,96.0
15-1212.00,Information Security Analysts,Network directory services software,2.E.10.d,Internet directory services software,N,N,4,262112,ICT Security Specialist,96.0
15-1212.00,Information Security Analysts,Network intrusion prevention systems NIPS,2.E.11.a,Network monitoring software,N,N,4,262112,ICT Security Specialist,96.0
15-1212.00,Information Security Analysts,Network security auditing software,2.E.14.b,Network security or virtual private network VPN management software,N,N,4,262112,ICT Security Specialist,96.0
15-1212.00,Information Security Analysts,"Network, hardware, and software auditing software",2.E.11.a,Network monitoring software,N,N,4,262112,ICT Security Specialist,96.0
15-1212.00,Information Security Analysts,Norton AntiVirus,2.E.14.d,Transaction security and virus protection software,N,N,4,262112,ICT Security Specialist,96.0
15-1212.00,Information Security Analysts,NortonLifeLock cybersecurity software,2.E.14.d,Transaction security and virus protection software,N,N,4,262112,ICT Security Specialist,96.0
15-1212.00,Information Security Analysts,Objective C,2.E.7.e,Object or component oriented development software,N,N,4,262112,ICT Security Specialist,96.0
15-1212.00,Information Security Analysts,Oracle Business Intelligence Enterprise Edition,2.E.6.m,Business intelligence and data analysis software,N,N,4,262112,ICT Security Specialist,96.0
15-1212.00,Information Security Analysts,Oracle E-Business Suite Financials,2.E.2.d,Financial analysis software,N,N,4,262112,ICT Security Specialist,96.0
15-1212.00,Information Security Analysts,Oracle Fusion Applications,2.E.2.b,Enterprise resource planning ERP software,N,N,4,262112,ICT Security Specialist,96.0
15-1212.00,Information Security Analysts,Oracle Fusion Middleware,2.E.7.c,Enterprise application integration software,N,N,4,262112,ICT Security Specialist,96.0
15-1212.00,Information Security Analysts,Oracle Hyperion,2.E.2.b,Enterprise resource planning ERP software,N,N,4,262112,ICT Security Specialist,96.0
15-1212.00,Information Security Analysts,Oracle JavaServer Pages JSP,2.E.7.h,Web platform development software,N,N,4,262112,ICT Security Specialist,96.0
15-1212.00,Information Security Analysts,Oracle JD Edwards EnterpriseOne,2.E.2.b,Enterprise resource planning ERP software,N,N,4,262112,ICT Security Specialist,96.0
15-1212.00,Information Security Analysts,Oracle JDBC,2.E.6.f,Data base user interface and query software,N,N,4,262112,ICT Security Specialist,96.0
15-1212.00,Information Security Analysts,Oracle Net Manager,2.E.11.a,Network monitoring software,N,N,4,262112,ICT Security Specialist,96.0
15-1212.00,Information Security Analysts,Oracle PeopleSoft Financials,2.E.2.b,Enterprise resource planning ERP software,N,N,4,262112,ICT Security Specialist,96.0
15-1212.00,Information Security Analysts,Oracle Solaris,2.E.13.c,Operating system software,N,N,4,262112,ICT Security Specialist,96.0
15-1212.00,Information Security Analysts,Oracle WebLogic Server,2.E.10.a,Application server software,N,N,4,262112,ICT Security Specialist,96.0
15-1212.00,Information Security Analysts,Palo Alto Networks Next-Generation Security Platform,2.E.14.c,Network security and virtual private network VPN equipment software,N,N,4,262112,ICT Security Specialist,96.0
15-1212.00,Information Security Analysts,Password cracker software,2.E.14.d,Transaction security and virus protection software,N,N,4,262112,ICT Security Specialist,96.0
15-1212.00,Information Security Analysts,Password management software,2.E.14.a,Authentication server software,N,N,4,262112,ICT Security Specialist,96.0
15-1212.00,Information Security Analysts,Patch and update management software,2.E.7.a,Configuration management software,N,N,4,262112,ICT Security Specialist,96.0
15-1212.00,Information Security Analysts,Penetration testing software,2.E.14.d,Transaction security and virus protection software,N,N,4,262112,ICT Security Specialist,96.0
15-1212.00,Information Security Analysts,Perforce Helix software,2.E.7.a,Configuration management software,N,N,4,262112,ICT Security Specialist,96.0
15-1212.00,Information Security Analysts,Ping Identity,2.E.14.d,Transaction security and virus protection software,N,N,4,262112,ICT Security Specialist,96.0
15-1212.00,Information Security Analysts,Portswigger BurP Suite,2.E.14.d,Transaction security and virus protection software,N,N,4,262112,ICT Security Specialist,96.0
15-1212.00,Information Security Analysts,Program checksumming software,2.E.14.d,Transaction security and virus protection software,N,N,4,262112,ICT Security Specialist,96.0
15-1212.00,Information Security Analysts,Qlik Tech QlikView,2.E.6.m,Business intelligence and data analysis software,N,N,4,262112,ICT Security Specialist,96.0
15-1212.00,Information Security Analysts,Qualys Cloud Platform,2.E.14.e,Cloud-based protection or security software,N,N,4,262112,ICT Security Specialist,96.0
15-1212.00,Information Security Analysts,Quest BigBrother,2.E.11.a,Network monitoring software,N,N,4,262112,ICT Security Specialist,96.0
15-1212.00,Information Security Analysts,Rapid7 Nexpose,2.E.14.d,Transaction security and virus protection software,N,N,4,262112,ICT Security Specialist,96.0
15-1212.00,Information Security Analysts,Red Hat WildFly,2.E.10.a,Application server software,N,N,4,262112,ICT Security Specialist,96.0
15-1212.00,Information Security Analysts,Relational database management software,2.E.6.d,Data base management system software,N,N,4,262112,ICT Security Specialist,96.0
15-1212.00,Information Security Analysts,Remote authentication dial-in user service RADIUS software,2.E.14.a,Authentication server software,N,N,4,262112,ICT Security Specialist,96.0
15-1212.00,Information Security Analysts,Root kit detection software,2.E.14.d,Transaction security and virus protection software,N,N,4,262112,ICT Security Specialist,96.0
15-1212.00,Information Security Analysts,Ruby on Rails,2.E.7.h,Web platform development software,N,N,4,262112,ICT Security Specialist,96.0
15-1212.00,Information Security Analysts,SAP Crystal Reports,2.E.6.e,Data base reporting software,N,N,4,262112,ICT Security Specialist,96.0
15-1212.00,Information Security Analysts,Secure internet filtering software,2.E.14.d,Transaction security and virus protection software,N,N,4,262112,ICT Security Specialist,96.0
15-1212.00,Information Security Analysts,Secure shell SSH software,2.E.10.b,Desktop communications software,N,N,4,262112,ICT Security Specialist,96.0
15-1212.00,Information Security Analysts,Security incident management software,2.E.14.b,Network security or virtual private network VPN management software,N,N,4,262112,ICT Security Specialist,96.0
15-1212.00,Information Security Analysts,Security risk assessment software,2.E.14.d,Transaction security and virus protection software,N,N,4,262112,ICT Security Specialist,96.0
15-1212.00,Information Security Analysts,Smart card management software,2.E.9.j,Point of sale POS software,N,N,4,262112,ICT Security Specialist,96.0
15-1212.00,Information Security Analysts,Sniffer Investigator,2.E.11.a,Network monitoring software,N,N,4,262112,ICT Security Specialist,96.0
15-1212.00,Information Security Analysts,Snort,2.E.11.a,Network monitoring software,N,N,4,262112,ICT Security Specialist,96.0
15-1212.00,Information Security Analysts,Stack smashing protection SSP software,2.E.14.d,Transaction security and virus protection software,N,N,4,262112,ICT Security Specialist,96.0
15-1212.00,Information Security Analysts,Supervisory control and data acquisition SCADA software,2.E.9.g,Industrial control software,N,N,4,262112,ICT Security Specialist,96.0
15-1212.00,Information Security Analysts,Symantec Blue Coat Data Loss Prevention,2.E.11.a,Network monitoring software,N,N,4,262112,ICT Security Specialist,96.0
15-1212.00,Information Security Analysts,Symantec Endpoint Protection,2.E.14.d,Transaction security and virus protection software,N,N,4,262112,ICT Security Specialist,96.0
15-1212.00,Information Security Analysts,System and data disaster recovery software,2.E.15.f,Backup or archival software,N,N,4,262112,ICT Security Specialist,96.0
15-1212.00,Information Security Analysts,System testing software,2.E.7.f,Program testing software,N,N,4,262112,ICT Security Specialist,96.0
15-1212.00,Information Security Analysts,Tcpdump,2.E.11.a,Network monitoring software,N,N,4,262112,ICT Security Specialist,96.0
15-1212.00,Information Security Analysts,Trend Micro TippingPoint,2.E.14.c,Network security and virtual private network VPN equipment software,N,N,4,262112,ICT Security Specialist,96.0
15-1212.00,Information Security Analysts,Ubuntu,2.E.13.c,Operating system software,N,N,4,262112,ICT Security Specialist,96.0
15-1212.00,Information Security Analysts,Unified modeling language UML,2.E.7.g,Requirements analysis and system architecture software,N,N,4,262112,ICT Security Specialist,96.0
15-1212.00,Information Security Analysts,Veritas NetBackup,2.E.15.f,Backup or archival software,N,N,4,262112,ICT Security Specialist,96.0
15-1212.00,Information Security Analysts,Virtual private networking VPN software,2.E.14.c,Network security and virtual private network VPN equipment software,N,N,4,262112,ICT Security Specialist,96.0
15-1212.00,Information Security Analysts,Virus scanning software,2.E.14.d,Transaction security and virus protection software,N,N,4,262112,ICT Security Specialist,96.0
15-1212.00,Information Security Analysts,VMware,2.E.6.b,Clustering software,N,N,4,262112,ICT Security Specialist,96.0
15-1212.00,Information Security Analysts,Voice over internet protocol VoIP system software,2.E.11.d,Internet protocol IP multimedia subsystem software,N,N,4,262112,ICT Security Specialist,96.0
15-1212.00,Information Security Analysts,Websense Data Loss Prevention,2.E.14.b,Network security or virtual private network VPN management software,N,N,4,262112,ICT Security Specialist,96.0
15-1212.00,Information Security Analysts,WinMerge,2.E.5.c,File versioning software,N,N,4,262112,ICT Security Specialist,96.0
15-1212.00,Information Security Analysts,Wireshark,2.E.11.a,Network monitoring software,N,N,4,262112,ICT Security Specialist,96.0
15-1299.04,Penetration Testers,Database management systems,2.E.6.d,Data base management system software,N,N,4,262112,ICT Security Specialist,87.5
15-1299.04,Penetration Testers,Ghidra,2.E.9.c,Computer aided design CAD software,N,N,4,262112,ICT Security Specialist,87.5
15-1299.04,Penetration Testers,Google Cloud software,2.E.11.e,Cloud-based management software,N,N,4,262112,ICT Security Specialist,87.5
15-1299.04,Penetration Testers,Hex-Rays IDA Pro,2.E.7.i,Compiler and decompiler software,N,N,4,262112,ICT Security Specialist,87.5
15-1299.04,Penetration Testers,HP WebInspect,2.E.14.d,Transaction security and virus protection software,N,N,4,262112,ICT Security Specialist,87.5
15-1299.04,Penetration Testers,IBM Middleware,2.E.6.l,Transaction server software,N,N,4,262112,ICT Security Specialist,87.5
15-1299.04,Penetration Testers,IBM QRadar SIEM,2.E.11.a,Network monitoring software,N,N,4,262112,ICT Security Specialist,87.5
15-1299.04,Penetration Testers,Invicti Acunetix,2.E.14.d,Transaction security and virus protection software,N,N,4,262112,ICT Security Specialist,87.5
15-1299.04,Penetration Testers,Magellan Firmware,2.E.13.c,Operating system software,N,N,4,262112,ICT Security Specialist,87.5
15-1299.04,Penetration Testers,Management information systems MIS,2.E.2.b,Enterprise resource planning ERP software,N,N,4,262112,ICT Security Specialist,87.5
15-1299.04,Penetration Testers,Microsoft Azure DevOps Services,2.E.7.b,Development environment software,N,N,4,262112,ICT Security Specialist,87.5
15-1299.04,Penetration Testers,Microsoft Visual Basic Scripting Edition VBScript,2.E.7.b,Development environment software,N,N,4,262112,ICT Security Specialist,87.5
15-1299.04,Penetration Testers,Objective C,2.E.7.e,Object or component oriented development software,N,N,4,262112,ICT Security Specialist,87.5
15-1299.04,Penetration Testers,Rapid7 Nexpose,2.E.14.d,Transaction security and virus protection software,N,N,4,262112,ICT Security Specialist,87.5
15-1299.04,Penetration Testers,Rapid7 software,2.E.14.d,Transaction security and virus protection software,N,N,4,262112,ICT Security Specialist,87.5
15-1299.04,Penetration Testers,RESTful API,2.E.7.h,Web platform development software,N,N,4,262112,ICT Security Specialist,87.5
15-1299.04,Penetration Testers,Rust programming language,2.E.7.b,Development environment software,N,N,4,262112,ICT Security Specialist,87.5
15-1299.04,Penetration Testers,Security assertion markup language SAML,2.E.7.h,Web platform development software,N,N,4,262112,ICT Security Specialist,87.5
15-1299.04,Penetration Testers,Software development tools,2.E.7.b,Development environment software,N,N,4,262112,ICT Security Specialist,87.5
15-1299.04,Penetration Testers,Software libraries,2.E.7.b,Development environment software,N,N,4,262112,ICT Security Specialist,87.5
15-1299.04,Penetration Testers,System testing software,2.E.7.f,Program testing software,N,N,4,262112,ICT Security Specialist,87.5
15-1299.04,Penetration Testers,Vector 35 Binary Ninja,2.E.7.i,Compiler and decompiler software,N,N,4,262112,ICT Security Specialist,87.5
15-1299.04,Penetration Testers,Web application software,2.E.7.b,Development environment software,N,N,4,262112,ICT Security Specialist,87.5
15-1299.04,Penetration Testers,Web server software,2.E.6.l,Transaction server software,N,N,4,262112,ICT Security Specialist,87.5
15-1299.04,Penetration Testers,Wireshark,2.E.11.a,Network monitoring software,N,N,4,262112,ICT Security Specialist,87.5
15-1241.00,Computer Network Architects,Amazon Web Services AWS software,2.E.6.f,Data base user interface and query software,Y,Y,1,263111,Computer Network and Systems Engineer,86.0
15-1241.00,Computer Network Architects,Ansible software,2.E.1.i,Expert system software,Y,Y,1,263111,Computer Network and Systems Engineer,86.0
15-1241.00,Computer Network Architects,Border Gateway Protocol BGP,2.E.12.g,Switch or router software,Y,Y,1,263111,Computer Network and Systems Engineer,86.0
15-1241.00,Computer Network Architects,IBM Terraform,2.E.7.a,Configuration management software,Y,Y,1,263111,Computer Network and Systems Engineer,86.0
15-1241.00,Computer Network Architects,Linux,2.E.13.c,Operating system software,Y,Y,1,263111,Computer Network and Systems Engineer,86.0
15-1241.00,Computer Network Architects,Microsoft Azure software,2.E.7.b,Development environment software,Y,Y,1,263111,Computer Network and Systems Engineer,86.0
15-1241.00,Computer Network Architects,Microsoft Excel,2.E.4.i,Spreadsheet software,Y,Y,1,263111,Computer Network and Systems Engineer,86.0
15-1241.00,Computer Network Architects,Microsoft Office software,2.E.1.k,Office suite software,Y,Y,1,263111,Computer Network and Systems Engineer,86.0
15-1241.00,Computer Network Architects,Microsoft PowerShell,2.E.7.b,Development environment software,Y,Y,1,263111,Computer Network and Systems Engineer,86.0
15-1241.00,Computer Network Architects,Oracle Java,2.E.7.e,Object or component oriented development software,Y,Y,1,263111,Computer Network and Systems Engineer,86.0
15-1241.00,Computer Network Architects,Python,2.E.7.e,Object or component oriented development software,Y,Y,1,263111,Computer Network and Systems Engineer,86.0
15-1241.00,Computer Network Architects,Structured query language SQL,2.E.6.f,Data base user interface and query software,Y,Y,1,263111,Computer Network and Systems Engineer,86.0
15-1241.00,Computer Network Architects,Firewall software,2.E.14.c,Network security and virtual private network VPN equipment software,N,Y,2,263111,Computer Network and Systems Engineer,86.0
15-1241.00,Computer Network Architects,Adobe After Effects,2.E.4.c,Video creation and editing software,Y,N,3,263111,Computer Network and Systems Engineer,86.0
15-1241.00,Computer Network Architects,AJAX,2.E.7.h,Web platform development software,Y,N,3,263111,Computer Network and Systems Engineer,86.0
15-1241.00,Computer Network Architects,Amazon DynamoDB,2.E.6.d,Data base management system software,Y,N,3,263111,Computer Network and Systems Engineer,86.0
15-1241.00,Computer Network Architects,Amazon Elastic Compute Cloud EC2,2.E.6.f,Data base user interface and query software,Y,N,3,263111,Computer Network and Systems Engineer,86.0
15-1241.00,Computer Network Architects,Amazon Redshift,2.E.6.f,Data base user interface and query software,Y,N,3,263111,Computer Network and Systems Engineer,86.0
15-1241.00,Computer Network Architects,Amazon Web Services AWS CloudFormation,2.E.11.e,Cloud-based management software,Y,N,3,263111,Computer Network and Systems Engineer,86.0
15-1241.00,Computer Network Architects,Apache Cassandra,2.E.6.d,Data base management system software,Y,N,3,263111,Computer Network and Systems Engineer,86.0
15-1241.00,Computer Network Architects,Apache Hadoop,2.E.6.d,Data base management system software,Y,N,3,263111,Computer Network and Systems Engineer,86.0
15-1241.00,Computer Network Architects,Apache Hive,2.E.6.d,Data base management system software,Y,N,3,263111,Computer Network and Systems Engineer,86.0
15-1241.00,Computer Network Architects,Apache Kafka,2.E.7.b,Development environment software,Y,N,3,263111,Computer Network and Systems Engineer,86.0
15-1241.00,Computer Network Architects,Apache Maven,2.E.7.b,Development environment software,Y,N,3,263111,Computer Network and Systems Engineer,86.0
15-1241.00,Computer Network Architects,Apache Spark,2.E.6.m,Business intelligence and data analysis software,Y,N,3,263111,Computer Network and Systems Engineer,86.0
15-1241.00,Computer Network Architects,Apache Subversion SVN,2.E.5.c,File versioning software,Y,N,3,263111,Computer Network and Systems Engineer,86.0
15-1241.00,Computer Network Architects,Apache Tomcat,2.E.7.h,Web platform development software,Y,N,3,263111,Computer Network and Systems Engineer,86.0
15-1241.00,Computer Network Architects,Apple macOS,2.E.13.c,Operating system software,Y,N,3,263111,Computer Network and Systems Engineer,86.0
15-1241.00,Computer Network Architects,Atlassian Confluence,2.E.1.e,Project management software,Y,N,3,263111,Computer Network and Systems Engineer,86.0
15-1241.00,Computer Network Architects,Atlassian JIRA,2.E.5.a,Content workflow software,Y,N,3,263111,Computer Network and Systems Engineer,86.0
15-1241.00,Computer Network Architects,Autodesk AutoCAD,2.E.9.c,Computer aided design CAD software,Y,N,3,263111,Computer Network and Systems Engineer,86.0
15-1241.00,Computer Network Architects,Autodesk Revit,2.E.9.c,Computer aided design CAD software,Y,N,3,263111,Computer Network and Systems Engineer,86.0
15-1241.00,Computer Network Architects,Bash,2.E.13.c,Operating system software,Y,N,3,263111,Computer Network and Systems Engineer,86.0
15-1241.00,Computer Network Architects,C,2.E.7.b,Development environment software,Y,N,3,263111,Computer Network and Systems Engineer,86.0
15-1241.00,Computer Network Architects,C#,2.E.7.e,Object or component oriented development software,Y,N,3,263111,Computer Network and Systems Engineer,86.0
15-1241.00,Computer Network Architects,C++,2.E.7.e,Object or component oriented development software,Y,N,3,263111,Computer Network and Systems Engineer,86.0
15-1241.00,Computer Network Architects,Cascading style sheets CSS,2.E.7.h,Web platform development software,Y,N,3,263111,Computer Network and Systems Engineer,86.0
15-1241.00,Computer Network Architects,Chef,2.E.7.a,Configuration management software,Y,N,3,263111,Computer Network and Systems Engineer,86.0
15-1241.00,Computer Network Architects,Cisco Webex,2.E.16.b,Video conferencing software,Y,N,3,263111,Computer Network and Systems Engineer,86.0
15-1241.00,Computer Network Architects,Dassault Systemes SolidWorks,2.E.9.c,Computer aided design CAD software,Y,N,3,263111,Computer Network and Systems Engineer,86.0
15-1241.00,Computer Network Architects,Django,2.E.7.h,Web platform development software,Y,N,3,263111,Computer Network and Systems Engineer,86.0
15-1241.00,Computer Network Architects,Docker,2.E.10.a,Application server software,Y,N,3,263111,Computer Network and Systems Engineer,86.0
15-1241.00,Computer Network Architects,Eclipse IDE,2.E.7.b,Development environment software,Y,N,3,263111,Computer Network and Systems Engineer,86.0
15-1241.00,Computer Network Architects,Elasticsearch,2.E.6.d,Data base management system software,Y,N,3,263111,Computer Network and Systems Engineer,86.0
15-1241.00,Computer Network Architects,ESRI ArcGIS software,2.E.8.h,Geographic information system,Y,N,3,263111,Computer Network and Systems Engineer,86.0
15-1241.00,Computer Network Architects,Extensible markup language XML,2.E.7.c,Enterprise application integration software,Y,N,3,263111,Computer Network and Systems Engineer,86.0
15-1241.00,Computer Network Architects,Git,2.E.5.c,File versioning software,Y,N,3,263111,Computer Network and Systems Engineer,86.0
15-1241.00,Computer Network Architects,GitHub,2.E.10.a,Application server software,Y,N,3,263111,Computer Network and Systems Engineer,86.0
15-1241.00,Computer Network Architects,Go,2.E.7.b,Development environment software,Y,N,3,263111,Computer Network and Systems Engineer,86.0
15-1241.00,Computer Network Architects,Google Android,2.E.13.c,Operating system software,Y,N,3,263111,Computer Network and Systems Engineer,86.0
15-1241.00,Computer Network Architects,Google Angular,2.E.7.h,Web platform development software,Y,N,3,263111,Computer Network and Systems Engineer,86.0
15-1241.00,Computer Network Architects,Hibernate ORM,2.E.6.j,Object oriented data base management software,Y,N,3,263111,Computer Network and Systems Engineer,86.0
15-1241.00,Computer Network Architects,Hypertext markup language HTML,2.E.7.h,Web platform development software,Y,N,3,263111,Computer Network and Systems Engineer,86.0
15-1241.00,Computer Network Architects,IBM WebSphere MQ,2.E.11.e,Cloud-based management software,Y,N,3,263111,Computer Network and Systems Engineer,86.0
15-1241.00,Computer Network Architects,JavaScript,2.E.7.h,Web platform development software,Y,N,3,263111,Computer Network and Systems Engineer,86.0
15-1241.00,Computer Network Architects,JavaScript Object Notation JSON,2.E.7.h,Web platform development software,Y,N,3,263111,Computer Network and Systems Engineer,86.0
15-1241.00,Computer Network Architects,jQuery,2.E.7.e,Object or component oriented development software,Y,N,3,263111,Computer Network and Systems Engineer,86.0
15-1241.00,Computer Network Architects,JUnit,2.E.7.f,Program testing software,Y,N,3,263111,Computer Network and Systems Engineer,86.0
15-1241.00,Computer Network Architects,Microsoft .NET Framework,2.E.7.b,Development environment software,Y,N,3,263111,Computer Network and Systems Engineer,86.0
15-1241.00,Computer Network Architects,Microsoft Access,2.E.6.f,Data base user interface and query software,Y,N,3,263111,Computer Network and Systems Engineer,86.0
15-1241.00,Computer Network Architects,Microsoft Active Directory,2.E.10.d,Internet directory services software,Y,N,3,263111,Computer Network and Systems Engineer,86.0
15-1241.00,Computer Network Architects,Microsoft Active Server Pages ASP,2.E.7.h,Web platform development software,Y,N,3,263111,Computer Network and Systems Engineer,86.0
15-1241.00,Computer Network Architects,Microsoft ASP.NET,2.E.7.h,Web platform development software,Y,N,3,263111,Computer Network and Systems Engineer,86.0
15-1241.00,Computer Network Architects,Microsoft PowerPoint,2.E.4.f,Presentation software,Y,N,3,263111,Computer Network and Systems Engineer,86.0
15-1241.00,Computer Network Architects,Microsoft Project,2.E.1.e,Project management software,Y,N,3,263111,Computer Network and Systems Engineer,86.0
15-1241.00,Computer Network Architects,Microsoft SharePoint,2.E.5.b,Document management software,Y,N,3,263111,Computer Network and Systems Engineer,86.0
15-1241.00,Computer Network Architects,Microsoft SQL Server,2.E.6.f,Data base user interface and query software,Y,N,3,263111,Computer Network and Systems Engineer,86.0
15-1241.00,Computer Network Architects,Microsoft SQL Server Reporting Services SSRS,2.E.6.e,Data base reporting software,Y,N,3,263111,Computer Network and Systems Engineer,86.0
15-1241.00,Computer Network Architects,Microsoft Visio,2.E.1.p,Process mapping and design software,Y,N,3,263111,Computer Network and Systems Engineer,86.0
15-1241.00,Computer Network Architects,Microsoft Visual Basic,2.E.7.b,Development environment software,Y,N,3,263111,Computer Network and Systems Engineer,86.0
15-1241.00,Computer Network Architects,Microsoft Visual Studio,2.E.7.b,Development environment software,Y,N,3,263111,Computer Network and Systems Engineer,86.0
15-1241.00,Computer Network Architects,Microsoft Windows,2.E.13.c,Operating system software,Y,N,3,263111,Computer Network and Systems Engineer,86.0
15-1241.00,Computer Network Architects,Microsoft Windows Server,2.E.10.a,Application server software,Y,N,3,263111,Computer Network and Systems Engineer,86.0
15-1241.00,Computer Network Architects,Microsoft Word,2.E.4.d,Word processing software,Y,N,3,263111,Computer Network and Systems Engineer,86.0
15-1241.00,Computer Network Architects,MongoDB,2.E.6.d,Data base management system software,Y,N,3,263111,Computer Network and Systems Engineer,86.0
15-1241.00,Computer Network Architects,MySQL,2.E.6.d,Data base management system software,Y,N,3,263111,Computer Network and Systems Engineer,86.0
15-1241.00,Computer Network Architects,Node.js,2.E.7.h,Web platform development software,Y,N,3,263111,Computer Network and Systems Engineer,86.0
15-1241.00,Computer Network Architects,NoSQL,2.E.6.d,Data base management system software,Y,N,3,263111,Computer Network and Systems Engineer,86.0
15-1241.00,Computer Network Architects,Oracle Database,2.E.6.f,Data base user interface and query software,Y,N,3,263111,Computer Network and Systems Engineer,86.0
15-1241.00,Computer Network Architects,Oracle PL/SQL,2.E.6.d,Data base management system software,Y,N,3,263111,Computer Network and Systems Engineer,86.0
15-1241.00,Computer Network Architects,Perl,2.E.7.e,Object or component oriented development software,Y,N,3,263111,Computer Network and Systems Engineer,86.0
15-1241.00,Computer Network Architects,PHP,2.E.7.h,Web platform development software,Y,N,3,263111,Computer Network and Systems Engineer,86.0
15-1241.00,Computer Network Architects,PostgreSQL,2.E.6.j,Object oriented data base management software,Y,N,3,263111,Computer Network and Systems Engineer,86.0
15-1241.00,Computer Network Architects,Puppet,2.E.7.a,Configuration management software,Y,N,3,263111,Computer Network and Systems Engineer,86.0
15-1241.00,Computer Network Architects,Red Hat Enterprise Linux,2.E.13.c,Operating system software,Y,N,3,263111,Computer Network and Systems Engineer,86.0
15-1241.00,Computer Network Architects,Red Hat OpenShift,2.E.10.a,Application server software,Y,N,3,263111,Computer Network and Systems Engineer,86.0
15-1241.00,Computer Network Architects,Ruby,2.E.7.b,Development environment software,Y,N,3,263111,Computer Network and Systems Engineer,86.0
15-1241.00,Computer Network Architects,SAP software,2.E.2.b,Enterprise resource planning ERP software,Y,N,3,263111,Computer Network and Systems Engineer,86.0
15-1241.00,Computer Network Architects,Scala,2.E.7.e,Object or component oriented development software,Y,N,3,263111,Computer Network and Systems Engineer,86.0
15-1241.00,Computer Network Architects,Selenium,2.E.7.f,Program testing software,Y,N,3,263111,Computer Network and Systems Engineer,86.0
15-1241.00,Computer Network Architects,Shell script,2.E.13.c,Operating system software,Y,N,3,263111,Computer Network and Systems Engineer,86.0
15-1241.00,Computer Network Architects,Splunk Enterprise,2.E.11.e,Cloud-based management software,Y,N,3,263111,Computer Network and Systems Engineer,86.0
15-1241.00,Computer Network Architects,Spring Boot,2.E.10.a,Application server software,Y,N,3,263111,Computer Network and Systems Engineer,86.0
15-1241.00,Computer Network Architects,Spring Framework,2.E.7.h,Web platform development software,Y,N,3,263111,Computer Network and Systems Engineer,86.0
15-1241.00,Computer Network Architects,Swift,2.E.7.e,Object or component oriented development software,Y,N,3,263111,Computer Network and Systems Engineer,86.0
15-1241.00,Computer Network Architects,Tableau,2.E.6.m,Business intelligence and data analysis software,Y,N,3,263111,Computer Network and Systems Engineer,86.0
15-1241.00,Computer Network Architects,Teradata Database,2.E.6.d,Data base management system software,Y,N,3,263111,Computer Network and Systems Engineer,86.0
15-1241.00,Computer Network Architects,The MathWorks MATLAB,2.E.9.d,Analytical or scientific software,Y,N,3,263111,Computer Network and Systems Engineer,86.0
15-1241.00,Computer Network Architects,Transact-SQL,2.E.6.f,Data base user interface and query software,Y,N,3,263111,Computer Network and Systems Engineer,86.0
15-1241.00,Computer Network Architects,Trimble SketchUp Pro,2.E.4.b,Graphics or photo imaging software,Y,N,3,263111,Computer Network and Systems Engineer,86.0
15-1241.00,Computer Network Architects,UNIX,2.E.13.c,Operating system software,Y,N,3,263111,Computer Network and Systems Engineer,86.0
15-1241.00,Computer Network Architects,UNIX Shell,2.E.13.c,Operating system software,Y,N,3,263111,Computer Network and Systems Engineer,86.0
15-1241.00,Computer Network Architects,Access management software,2.E.12.a,Access software,N,N,4,263111,Computer Network and Systems Engineer,86.0
15-1241.00,Computer Network Architects,Adobe ActionScript,2.E.7.b,Development environment software,N,N,4,263111,Computer Network and Systems Engineer,86.0
15-1241.00,Computer Network Architects,Advanced business application programming ABAP,2.E.7.e,Object or component oriented development software,N,N,4,263111,Computer Network and Systems Engineer,86.0
15-1241.00,Computer Network Architects,AirMagnet Enterprise,2.E.11.a,Network monitoring software,N,N,4,263111,Computer Network and Systems Engineer,86.0
15-1241.00,Computer Network Architects,Amazon Simple Storage Service S3,2.E.12.f,Storage networking software,N,N,4,263111,Computer Network and Systems Engineer,86.0
15-1241.00,Computer Network Architects,Apache Ant,2.E.7.b,Development environment software,N,N,4,263111,Computer Network and Systems Engineer,86.0
15-1241.00,Computer Network Architects,Apache Groovy,2.E.7.e,Object or component oriented development software,N,N,4,263111,Computer Network and Systems Engineer,86.0
15-1241.00,Computer Network Architects,Apache HTTP Server,2.E.6.k,Portal server software,N,N,4,263111,Computer Network and Systems Engineer,86.0
15-1241.00,Computer Network Architects,Apache Pig,2.E.6.d,Data base management system software,N,N,4,263111,Computer Network and Systems Engineer,86.0
15-1241.00,Computer Network Architects,Apache Solr,2.E.6.d,Data base management system software,N,N,4,263111,Computer Network and Systems Engineer,86.0
15-1241.00,Computer Network Architects,Apache Struts,2.E.7.h,Web platform development software,N,N,4,263111,Computer Network and Systems Engineer,86.0
15-1241.00,Computer Network Architects,Application management software,2.E.7.a,Configuration management software,N,N,4,263111,Computer Network and Systems Engineer,86.0
15-1241.00,Computer Network Architects,Aruba Networks AirWave,2.E.11.c,Administration software,N,N,4,263111,Computer Network and Systems Engineer,86.0
15-1241.00,Computer Network Architects,Asset management administration software,2.E.11.c,Administration software,N,N,4,263111,Computer Network and Systems Engineer,86.0
15-1241.00,Computer Network Architects,Atlassian Bamboo,2.E.7.c,Enterprise application integration software,N,N,4,263111,Computer Network and Systems Engineer,86.0
15-1241.00,Computer Network Architects,Automated installation software,2.E.7.a,Configuration management software,N,N,4,263111,Computer Network and Systems Engineer,86.0
15-1241.00,Computer Network Architects,Blink,2.E.16.d,Instant messaging software,N,N,4,263111,Computer Network and Systems Engineer,86.0
15-1241.00,Computer Network Architects,BroadSoft BroadWorks,2.E.10.b,Desktop communications software,N,N,4,263111,Computer Network and Systems Engineer,86.0
15-1241.00,Computer Network Architects,CA eTrust,2.E.14.d,Transaction security and virus protection software,N,N,4,263111,Computer Network and Systems Engineer,86.0
15-1241.00,Computer Network Architects,Capacity planning software,2.E.7.g,Requirements analysis and system architecture software,N,N,4,263111,Computer Network and Systems Engineer,86.0
15-1241.00,Computer Network Architects,Cisco IOS,2.E.13.c,Operating system software,N,N,4,263111,Computer Network and Systems Engineer,86.0
15-1241.00,Computer Network Architects,Cisco Systems Cisco Web Cache Communication Protocol WCCP,2.E.12.g,Switch or router software,N,N,4,263111,Computer Network and Systems Engineer,86.0
15-1241.00,Computer Network Architects,Cisco Systems CiscoWorks,2.E.11.c,Administration software,N,N,4,263111,Computer Network and Systems Engineer,86.0
15-1241.00,Computer Network Architects,Cisco Systems CiscoWorks LAN Management Solution,2.E.11.c,Administration software,N,N,4,263111,Computer Network and Systems Engineer,86.0
15-1241.00,Computer Network Architects,Cisco Systems Gateway Load Balancing Protocol GLBP,2.E.12.g,Switch or router software,N,N,4,263111,Computer Network and Systems Engineer,86.0
15-1241.00,Computer Network Architects,Cisco Systems Hot Standby Router Protocol HSRP,2.E.12.g,Switch or router software,N,N,4,263111,Computer Network and Systems Engineer,86.0
15-1241.00,Computer Network Architects,Cisco Systems Wireless Control System WCS,2.E.11.c,Administration software,N,N,4,263111,Computer Network and Systems Engineer,86.0
15-1241.00,Computer Network Architects,Citrix cloud computing software,2.E.12.a,Access software,N,N,4,263111,Computer Network and Systems Engineer,86.0
15-1241.00,Computer Network Architects,Citrix XenApp,2.E.10.a,Application server software,N,N,4,263111,Computer Network and Systems Engineer,86.0
15-1241.00,Computer Network Architects,Common business oriented language COBOL,2.E.7.b,Development environment software,N,N,4,263111,Computer Network and Systems Engineer,86.0
15-1241.00,Computer Network Architects,Compaq Insight Manager,2.E.11.a,Network monitoring software,N,N,4,263111,Computer Network and Systems Engineer,86.0
15-1241.00,Computer Network Architects,Computer Associates ArcServ Backup,2.E.15.f,Backup or archival software,N,N,4,263111,Computer Network and Systems Engineer,86.0
15-1241.00,Computer Network Architects,Computer intrusion detection systems,2.E.14.b,Network security or virtual private network VPN management software,N,N,4,263111,Computer Network and Systems Engineer,86.0
15-1241.00,Computer Network Architects,Content filter software,2.E.14.c,Network security and virtual private network VPN equipment software,N,N,4,263111,Computer Network and Systems Engineer,86.0
15-1241.00,Computer Network Architects,Customer information control system CICS,2.E.6.l,Transaction server software,N,N,4,263111,Computer Network and Systems Engineer,86.0
15-1241.00,Computer Network Architects,Dassault Systemes CATIA,2.E.9.c,Computer aided design CAD software,N,N,4,263111,Computer Network and Systems Engineer,86.0
15-1241.00,Computer Network Architects,Diagramming software,2.E.4.a,Pattern design software,N,N,4,263111,Computer Network and Systems Engineer,86.0
15-1241.00,Computer Network Architects,Discrete event simulation software,2.E.9.d,Analytical or scientific software,N,N,4,263111,Computer Network and Systems Engineer,86.0
15-1241.00,Computer Network Architects,Domain name system DNS,2.E.10.d,Internet directory services software,N,N,4,263111,Computer Network and Systems Engineer,86.0
15-1241.00,Computer Network Architects,Drupal,2.E.7.h,Web platform development software,N,N,4,263111,Computer Network and Systems Engineer,86.0
15-1241.00,Computer Network Architects,Dynamic hypertext markup language DHTML,2.E.7.h,Web platform development software,N,N,4,263111,Computer Network and Systems Engineer,86.0
15-1241.00,Computer Network Architects,Dynatrace,2.E.11.a,Network monitoring software,N,N,4,263111,Computer Network and Systems Engineer,86.0
15-1241.00,Computer Network Architects,Element management software,2.E.11.c,Administration software,N,N,4,263111,Computer Network and Systems Engineer,86.0
15-1241.00,Computer Network Architects,Email management software,2.E.12.b,Communications server software,N,N,4,263111,Computer Network and Systems Engineer,86.0
15-1241.00,Computer Network Architects,EMC Smarts Network Protocol Manager,2.E.11.b,Network operating system enhancement software,N,N,4,263111,Computer Network and Systems Engineer,86.0
15-1241.00,Computer Network Architects,Encryption software,2.E.14.d,Transaction security and virus protection software,N,N,4,263111,Computer Network and Systems Engineer,86.0
15-1241.00,Computer Network Architects,Enhanced Interior Gateway Routing Protocol EIGRP,2.E.12.g,Switch or router software,N,N,4,263111,Computer Network and Systems Engineer,86.0
15-1241.00,Computer Network Architects,Enterprise JavaBeans,2.E.7.h,Web platform development software,N,N,4,263111,Computer Network and Systems Engineer,86.0
15-1241.00,Computer Network Architects,Ethereal,2.E.11.a,Network monitoring software,N,N,4,263111,Computer Network and Systems Engineer,86.0
15-1241.00,Computer Network Architects,Ext JS,2.E.7.h,Web platform development software,N,N,4,263111,Computer Network and Systems Engineer,86.0
15-1241.00,Computer Network Architects,Extensible hypertext markup language XHTML,2.E.7.h,Web platform development software,N,N,4,263111,Computer Network and Systems Engineer,86.0
15-1241.00,Computer Network Architects,Help desk software,2.E.1.a,Helpdesk or call center software,N,N,4,263111,Computer Network and Systems Engineer,86.0
15-1241.00,Computer Network Architects,Hewlett Packard HP-UX,2.E.13.c,Operating system software,N,N,4,263111,Computer Network and Systems Engineer,86.0
15-1241.00,Computer Network Architects,Hewlett Packard LoadRunner,2.E.7.f,Program testing software,N,N,4,263111,Computer Network and Systems Engineer,86.0
15-1241.00,Computer Network Architects,Human resource management software HRMS,2.E.1.c,Human resources software,N,N,4,263111,Computer Network and Systems Engineer,86.0
15-1241.00,Computer Network Architects,IBM AIX,2.E.13.c,Operating system software,N,N,4,263111,Computer Network and Systems Engineer,86.0
15-1241.00,Computer Network Architects,IBM Cognos Impromptu,2.E.6.m,Business intelligence and data analysis software,N,N,4,263111,Computer Network and Systems Engineer,86.0
15-1241.00,Computer Network Architects,IBM Domino,2.E.12.b,Communications server software,N,N,4,263111,Computer Network and Systems Engineer,86.0
15-1241.00,Computer Network Architects,IBM InfoSphere DataStage,2.E.7.c,Enterprise application integration software,N,N,4,263111,Computer Network and Systems Engineer,86.0
15-1241.00,Computer Network Architects,IBM Notes,2.E.16.a,Electronic mail software,N,N,4,263111,Computer Network and Systems Engineer,86.0
15-1241.00,Computer Network Architects,IBM Power Systems software,2.E.17.a,Enterprise system management software,N,N,4,263111,Computer Network and Systems Engineer,86.0
15-1241.00,Computer Network Architects,IBM WebSphere,2.E.11.e,Cloud-based management software,N,N,4,263111,Computer Network and Systems Engineer,86.0
15-1241.00,Computer Network Architects,Infoblox NetMRI,2.E.11.b,Network operating system enhancement software,N,N,4,263111,Computer Network and Systems Engineer,86.0
15-1241.00,Computer Network Architects,Infoblox security and networking software,2.E.11.c,Administration software,N,N,4,263111,Computer Network and Systems Engineer,86.0
15-1241.00,Computer Network Architects,Integrated development environment IDE software,2.E.7.b,Development environment software,N,N,4,263111,Computer Network and Systems Engineer,86.0
15-1241.00,Computer Network Architects,Intermediate System to Intermediate System IS-IS,2.E.12.g,Switch or router software,N,N,4,263111,Computer Network and Systems Engineer,86.0
15-1241.00,Computer Network Architects,Internet Protocol Security IPSEC,2.E.14.b,Network security or virtual private network VPN management software,N,N,4,263111,Computer Network and Systems Engineer,86.0
15-1241.00,Computer Network Architects,Intrusion prevention system IPS,2.E.14.b,Network security or virtual private network VPN management software,N,N,4,263111,Computer Network and Systems Engineer,86.0
15-1241.00,Computer Network Architects,Ipswitch WhatsUp Gold,2.E.11.a,Network monitoring software,N,N,4,263111,Computer Network and Systems Engineer,86.0
15-1241.00,Computer Network Architects,Job control language JCL,2.E.13.c,Operating system software,N,N,4,263111,Computer Network and Systems Engineer,86.0
15-1241.00,Computer Network Architects,KornShell,2.E.13.c,Operating system software,N,N,4,263111,Computer Network and Systems Engineer,86.0
15-1241.00,Computer Network Architects,LAMP Stack,2.E.7.h,Web platform development software,N,N,4,263111,Computer Network and Systems Engineer,86.0
15-1241.00,Computer Network Architects,Local area network LAN software,2.E.12.e,LAN software,N,N,4,263111,Computer Network and Systems Engineer,86.0
15-1241.00,Computer Network Architects,Logical partition LPAR software,2.E.7.a,Configuration management software,N,N,4,263111,Computer Network and Systems Engineer,86.0
15-1241.00,Computer Network Architects,LogRhythm,2.E.14.b,Network security or virtual private network VPN management software,N,N,4,263111,Computer Network and Systems Engineer,86.0
15-1241.00,Computer Network Architects,Lucent VitalSuite,2.E.11.c,Administration software,N,N,4,263111,Computer Network and Systems Engineer,86.0
15-1241.00,Computer Network Architects,McAfee,2.E.14.d,Transaction security and virus protection software,N,N,4,263111,Computer Network and Systems Engineer,86.0
15-1241.00,Computer Network Architects,McAfee VirusScan,2.E.14.d,Transaction security and virus protection software,N,N,4,263111,Computer Network and Systems Engineer,86.0
15-1241.00,Computer Network Architects,Micro Focus OpenView,2.E.11.a,Network monitoring software,N,N,4,263111,Computer Network and Systems Engineer,86.0
15-1241.00,Computer Network Architects,Microsoft ActiveX,2.E.7.e,Object or component oriented development software,N,N,4,263111,Computer Network and Systems Engineer,86.0
15-1241.00,Computer Network Architects,Microsoft ASP.NET Core MVC,2.E.7.h,Web platform development software,N,N,4,263111,Computer Network and Systems Engineer,86.0
15-1241.00,Computer Network Architects,Microsoft Dynamics,2.E.2.b,Enterprise resource planning ERP software,N,N,4,263111,Computer Network and Systems Engineer,86.0
15-1241.00,Computer Network Architects,Microsoft Exchange,2.E.16.a,Electronic mail software,N,N,4,263111,Computer Network and Systems Engineer,86.0
15-1241.00,Computer Network Architects,Microsoft Forefront Identify Manager,2.E.14.a,Authentication server software,N,N,4,263111,Computer Network and Systems Engineer,86.0
15-1241.00,Computer Network Architects,Microsoft Forefront Threat Management Gateway,2.E.14.b,Network security or virtual private network VPN management software,N,N,4,263111,Computer Network and Systems Engineer,86.0
15-1241.00,Computer Network Architects,Microsoft Visual Basic Scripting Edition VBScript,2.E.7.b,Development environment software,N,N,4,263111,Computer Network and Systems Engineer,86.0
15-1241.00,Computer Network Architects,MicroStrategy,2.E.6.m,Business intelligence and data analysis software,N,N,4,263111,Computer Network and Systems Engineer,86.0
15-1241.00,Computer Network Architects,Minitab,2.E.9.d,Analytical or scientific software,N,N,4,263111,Computer Network and Systems Engineer,86.0
15-1241.00,Computer Network Architects,Multi-router traffic grapher MRTG software,2.E.11.a,Network monitoring software,N,N,4,263111,Computer Network and Systems Engineer,86.0
15-1241.00,Computer Network Architects,Multiprotocol Label Switching MPLS,2.E.11.d,Internet protocol IP multimedia subsystem software,N,N,4,263111,Computer Network and Systems Engineer,86.0
15-1241.00,Computer Network Architects,Nagios,2.E.11.a,Network monitoring software,N,N,4,263111,Computer Network and Systems Engineer,86.0
15-1241.00,Computer Network Architects,National Instruments LabVIEW,2.E.7.b,Development environment software,N,N,4,263111,Computer Network and Systems Engineer,86.0
15-1241.00,Computer Network Architects,NetIQ,2.E.11.c,Administration software,N,N,4,263111,Computer Network and Systems Engineer,86.0
15-1241.00,Computer Network Architects,Netreo OmniCenter,2.E.11.c,Administration software,N,N,4,263111,Computer Network and Systems Engineer,86.0
15-1241.00,Computer Network Architects,NetScout InfinitiStream Console,2.E.11.a,Network monitoring software,N,N,4,263111,Computer Network and Systems Engineer,86.0
15-1241.00,Computer Network Architects,Network and application load and performance testing software,2.E.11.a,Network monitoring software,N,N,4,263111,Computer Network and Systems Engineer,86.0
15-1241.00,Computer Network Architects,Network and component performance analysis software,2.E.11.a,Network monitoring software,N,N,4,263111,Computer Network and Systems Engineer,86.0
15-1241.00,Computer Network Architects,Network and system vulnerability assessment software,2.E.14.b,Network security or virtual private network VPN management software,N,N,4,263111,Computer Network and Systems Engineer,86.0
15-1241.00,Computer Network Architects,Network architecture design software,2.E.7.g,Requirements analysis and system architecture software,N,N,4,263111,Computer Network and Systems Engineer,86.0
15-1241.00,Computer Network Architects,Network availability monitoring software,2.E.11.a,Network monitoring software,N,N,4,263111,Computer Network and Systems Engineer,86.0
15-1241.00,Computer Network Architects,Network bridge software,2.E.12.l,Bridge software,N,N,4,263111,Computer Network and Systems Engineer,86.0
15-1241.00,Computer Network Architects,Network documentation software,2.E.11.c,Administration software,N,N,4,263111,Computer Network and Systems Engineer,86.0
15-1241.00,Computer Network Architects,Network intrusion detection software,2.E.14.c,Network security and virtual private network VPN equipment software,N,N,4,263111,Computer Network and Systems Engineer,86.0
15-1241.00,Computer Network Architects,Network intrusion prevention systems NIPS,2.E.11.a,Network monitoring software,N,N,4,263111,Computer Network and Systems Engineer,86.0
15-1241.00,Computer Network Architects,"Network modeling, mapping, and analysis software",2.E.11.a,Network monitoring software,N,N,4,263111,Computer Network and Systems Engineer,86.0
15-1241.00,Computer Network Architects,Network reporting software,2.E.6.e,Data base reporting software,N,N,4,263111,Computer Network and Systems Engineer,86.0
15-1241.00,Computer Network Architects,Network storage software,2.E.12.f,Storage networking software,N,N,4,263111,Computer Network and Systems Engineer,86.0
15-1241.00,Computer Network Architects,Network traffic flow monitoring and analysis software,2.E.11.a,Network monitoring software,N,N,4,263111,Computer Network and Systems Engineer,86.0
15-1241.00,Computer Network Architects,Network traffic probe software,2.E.11.a,Network monitoring software,N,N,4,263111,Computer Network and Systems Engineer,86.0
15-1241.00,Computer Network Architects,"Network, server and operating system optimization software",2.E.11.b,Network operating system enhancement software,N,N,4,263111,Computer Network and Systems Engineer,86.0
15-1241.00,Computer Network Architects,NortonLifeLock cybersecurity software,2.E.14.d,Transaction security and virus protection software,N,N,4,263111,Computer Network and Systems Engineer,86.0
15-1241.00,Computer Network Architects,Online traffic calculator software,2.E.11.a,Network monitoring software,N,N,4,263111,Computer Network and Systems Engineer,86.0
15-1241.00,Computer Network Architects,Open Shortest Path First OSPF,2.E.11.d,Internet protocol IP multimedia subsystem software,N,N,4,263111,Computer Network and Systems Engineer,86.0
15-1241.00,Computer Network Architects,OPNET APMXpert,2.E.11.b,Network operating system enhancement software,N,N,4,263111,Computer Network and Systems Engineer,86.0
15-1241.00,Computer Network Architects,Oracle Business Intelligence Enterprise Edition,2.E.6.m,Business intelligence and data analysis software,N,N,4,263111,Computer Network and Systems Engineer,86.0
15-1241.00,Computer Network Architects,Oracle E-Business Suite Financials,2.E.2.d,Financial analysis software,N,N,4,263111,Computer Network and Systems Engineer,86.0
15-1241.00,Computer Network Architects,Oracle Fusion Applications,2.E.2.b,Enterprise resource planning ERP software,N,N,4,263111,Computer Network and Systems Engineer,86.0
15-1241.00,Computer Network Architects,Oracle Fusion Middleware,2.E.7.c,Enterprise application integration software,N,N,4,263111,Computer Network and Systems Engineer,86.0
15-1241.00,Computer Network Architects,Oracle Java Enterprise Edition EE,2.E.7.b,Development environment software,N,N,4,263111,Computer Network and Systems Engineer,86.0
15-1241.00,Computer Network Architects,Oracle JavaServer Pages JSP,2.E.7.h,Web platform development software,N,N,4,263111,Computer Network and Systems Engineer,86.0
15-1241.00,Computer Network Architects,Oracle JDBC,2.E.6.f,Data base user interface and query software,N,N,4,263111,Computer Network and Systems Engineer,86.0
15-1241.00,Computer Network Architects,Oracle Solaris,2.E.13.c,Operating system software,N,N,4,263111,Computer Network and Systems Engineer,86.0
15-1241.00,Computer Network Architects,Oracle WebLogic Server,2.E.10.a,Application server software,N,N,4,263111,Computer Network and Systems Engineer,86.0
15-1241.00,Computer Network Architects,Packet analysis software,2.E.11.a,Network monitoring software,N,N,4,263111,Computer Network and Systems Engineer,86.0
15-1241.00,Computer Network Architects,Packet filter software,2.E.14.d,Transaction security and virus protection software,N,N,4,263111,Computer Network and Systems Engineer,86.0
15-1241.00,Computer Network Architects,Packet tracing software,2.E.11.a,Network monitoring software,N,N,4,263111,Computer Network and Systems Engineer,86.0
15-1241.00,Computer Network Architects,Patch and update management software,2.E.7.a,Configuration management software,N,N,4,263111,Computer Network and Systems Engineer,86.0
15-1241.00,Computer Network Architects,Penetration testing software,2.E.14.d,Transaction security and virus protection software,N,N,4,263111,Computer Network and Systems Engineer,86.0
15-1241.00,Computer Network Architects,Perforce Helix software,2.E.7.a,Configuration management software,N,N,4,263111,Computer Network and Systems Engineer,86.0
15-1241.00,Computer Network Architects,Ping Identity,2.E.14.d,Transaction security and virus protection software,N,N,4,263111,Computer Network and Systems Engineer,86.0
15-1241.00,Computer Network Architects,Qlik Tech QlikView,2.E.6.m,Business intelligence and data analysis software,N,N,4,263111,Computer Network and Systems Engineer,86.0
15-1241.00,Computer Network Architects,Quest Erwin Data Modeler,2.E.6.i,Metadata management software,N,N,4,263111,Computer Network and Systems Engineer,86.0
15-1241.00,Computer Network Architects,Red Hat WildFly,2.E.10.a,Application server software,N,N,4,263111,Computer Network and Systems Engineer,86.0
15-1241.00,Computer Network Architects,Relational database management software,2.E.6.d,Data base management system software,N,N,4,263111,Computer Network and Systems Engineer,86.0
15-1241.00,Computer Network Architects,Remote access software,2.E.12.a,Access software,N,N,4,263111,Computer Network and Systems Engineer,86.0
15-1241.00,Computer Network Architects,Requirements management software,2.E.7.g,Requirements analysis and system architecture software,N,N,4,263111,Computer Network and Systems Engineer,86.0
15-1241.00,Computer Network Architects,Risk assessment software,2.E.14.b,Network security or virtual private network VPN management software,N,N,4,263111,Computer Network and Systems Engineer,86.0
15-1241.00,Computer Network Architects,Riverbed Technology,2.E.11.c,Administration software,N,N,4,263111,Computer Network and Systems Engineer,86.0
15-1241.00,Computer Network Architects,Root cause analysis software,2.E.9.d,Analytical or scientific software,N,N,4,263111,Computer Network and Systems Engineer,86.0
15-1241.00,Computer Network Architects,Ruby on Rails,2.E.7.h,Web platform development software,N,N,4,263111,Computer Network and Systems Engineer,86.0
15-1241.00,Computer Network Architects,Security incident management software,2.E.14.b,Network security or virtual private network VPN management software,N,N,4,263111,Computer Network and Systems Engineer,86.0
15-1241.00,Computer Network Architects,Segue SilkPerformer,2.E.7.f,Program testing software,N,N,4,263111,Computer Network and Systems Engineer,86.0
15-1241.00,Computer Network Architects,Session Initiation Protocol SIP,2.E.11.d,Internet protocol IP multimedia subsystem software,N,N,4,263111,Computer Network and Systems Engineer,86.0
15-1241.00,Computer Network Architects,Silver Peak,2.E.11.b,Network operating system enhancement software,N,N,4,263111,Computer Network and Systems Engineer,86.0
15-1241.00,Computer Network Architects,Simple mail transfer protocol SMTP,2.E.13.c,Operating system software,N,N,4,263111,Computer Network and Systems Engineer,86.0
15-1241.00,Computer Network Architects,Simple network management protocol SNMP software,2.E.11.c,Administration software,N,N,4,263111,Computer Network and Systems Engineer,86.0
15-1241.00,Computer Network Architects,Snort,2.E.11.a,Network monitoring software,N,N,4,263111,Computer Network and Systems Engineer,86.0
15-1241.00,Computer Network Architects,Software distribution software,2.E.7.a,Configuration management software,N,N,4,263111,Computer Network and Systems Engineer,86.0
15-1241.00,Computer Network Architects,SolarWinds,2.E.14.e,Cloud-based protection or security software,N,N,4,263111,Computer Network and Systems Engineer,86.0
15-1241.00,Computer Network Architects,Storage area network SAN software,2.E.12.f,Storage networking software,N,N,4,263111,Computer Network and Systems Engineer,86.0
15-1241.00,Computer Network Architects,Storage management software,2.E.12.f,Storage networking software,N,N,4,263111,Computer Network and Systems Engineer,86.0
15-1241.00,Computer Network Architects,Supervisory control and data acquisition SCADA software,2.E.9.g,Industrial control software,N,N,4,263111,Computer Network and Systems Engineer,86.0
15-1241.00,Computer Network Architects,Symantec Intruder Alert,2.E.11.a,Network monitoring software,N,N,4,263111,Computer Network and Systems Engineer,86.0
15-1241.00,Computer Network Architects,System and data disaster recovery software,2.E.15.f,Backup or archival software,N,N,4,263111,Computer Network and Systems Engineer,86.0
15-1241.00,Computer Network Architects,System testing software,2.E.7.f,Program testing software,N,N,4,263111,Computer Network and Systems Engineer,86.0
15-1241.00,Computer Network Architects,Systems and applications migration software,2.E.7.b,Development environment software,N,N,4,263111,Computer Network and Systems Engineer,86.0
15-1241.00,Computer Network Architects,Tcpdump,2.E.11.a,Network monitoring software,N,N,4,263111,Computer Network and Systems Engineer,86.0
15-1241.00,Computer Network Architects,Ticket information tracking software,2.E.1.a,Helpdesk or call center software,N,N,4,263111,Computer Network and Systems Engineer,86.0
15-1241.00,Computer Network Architects,Time reporting software,2.E.2.e,Time accounting software,N,N,4,263111,Computer Network and Systems Engineer,86.0
15-1241.00,Computer Network Architects,Transparent Interconnection of Lots of Links TRILL,2.E.12.g,Switch or router software,N,N,4,263111,Computer Network and Systems Engineer,86.0
15-1241.00,Computer Network Architects,Ubuntu,2.E.13.c,Operating system software,N,N,4,263111,Computer Network and Systems Engineer,86.0
15-1241.00,Computer Network Architects,Unified modeling language UML,2.E.7.g,Requirements analysis and system architecture software,N,N,4,263111,Computer Network and Systems Engineer,86.0
15-1241.00,Computer Network Architects,Verilog,2.E.7.b,Development environment software,N,N,4,263111,Computer Network and Systems Engineer,86.0
15-1241.00,Computer Network Architects,Veritas NetBackup,2.E.15.f,Backup or archival software,N,N,4,263111,Computer Network and Systems Engineer,86.0
15-1241.00,Computer Network Architects,Videoconferencing software,2.E.16.b,Video conferencing software,N,N,4,263111,Computer Network and Systems Engineer,86.0
15-1241.00,Computer Network Architects,Virtual local area network management software,2.E.14.b,Network security or virtual private network VPN management software,N,N,4,263111,Computer Network and Systems Engineer,86.0
15-1241.00,Computer Network Architects,Virtual private networking VPN software,2.E.14.b,Network security or virtual private network VPN management software,N,N,4,263111,Computer Network and Systems Engineer,86.0
15-1241.00,Computer Network Architects,Virtual Router Redundancy Protocol VRRP,2.E.12.g,Switch or router software,N,N,4,263111,Computer Network and Systems Engineer,86.0
15-1241.00,Computer Network Architects,Virus scanning software,2.E.14.d,Transaction security and virus protection software,N,N,4,263111,Computer Network and Systems Engineer,86.0
15-1241.00,Computer Network Architects,VMware,2.E.6.b,Clustering software,N,N,4,263111,Computer Network and Systems Engineer,86.0
15-1241.00,Computer Network Architects,Voice over internet protocol VoIP system software,2.E.11.d,Internet protocol IP multimedia subsystem software,N,N,4,263111,Computer Network and Systems Engineer,86.0
15-1241.00,Computer Network Architects,Web browser software,2.E.10.e,Internet browser software,N,N,4,263111,Computer Network and Systems Engineer,86.0
15-1241.00,Computer Network Architects,Websense Data Loss Prevention,2.E.14.b,Network security or virtual private network VPN management software,N,N,4,263111,Computer Network and Systems Engineer,86.0
15-1241.00,Computer Network Architects,Wide area network WAN optimization software,2.E.11.b,Network operating system enhancement software,N,N,4,263111,Computer Network and Systems Engineer,86.0
15-1241.00,Computer Network Architects,Wide area network WAN software,2.E.12.h,WAN switching software and firmware,N,N,4,263111,Computer Network and Systems Engineer,86.0
15-1241.00,Computer Network Architects,Wireshark,2.E.11.a,Network monitoring software,N,N,4,263111,Computer Network and Systems Engineer,86.0
15-1244.00,Network and Computer Systems Administrators,Amazon Web Services AWS software,2.E.6.f,Data base user interface and query software,Y,Y,1,263112,Network Administrator,95.0
15-1244.00,Network and Computer Systems Administrators,Ansible software,2.E.1.i,Expert system software,Y,Y,1,263112,Network Administrator,95.0
15-1244.00,Network and Computer Systems Administrators,Bash,2.E.13.c,Operating system software,Y,Y,1,263112,Network Administrator,95.0
15-1244.00,Network and Computer Systems Administrators,Linux,2.E.13.c,Operating system software,Y,Y,1,263112,Network Administrator,95.0
15-1244.00,Network and Computer Systems Administrators,Microsoft Active Directory,2.E.10.d,Internet directory services software,Y,Y,1,263112,Network Administrator,95.0
15-1244.00,Network and Computer Systems Administrators,Microsoft Azure software,2.E.7.b,Development environment software,Y,Y,1,263112,Network Administrator,95.0
15-1244.00,Network and Computer Systems Administrators,Microsoft Excel,2.E.4.i,Spreadsheet software,Y,Y,1,263112,Network Administrator,95.0
15-1244.00,Network and Computer Systems Administrators,Microsoft Office software,2.E.1.k,Office suite software,Y,Y,1,263112,Network Administrator,95.0
15-1244.00,Network and Computer Systems Administrators,Microsoft Outlook,2.E.16.a,Electronic mail software,Y,Y,1,263112,Network Administrator,95.0
15-1244.00,Network and Computer Systems Administrators,Microsoft PowerShell,2.E.7.b,Development environment software,Y,Y,1,263112,Network Administrator,95.0
15-1244.00,Network and Computer Systems Administrators,Microsoft SharePoint,2.E.5.b,Document management software,Y,Y,1,263112,Network Administrator,95.0
15-1244.00,Network and Computer Systems Administrators,Microsoft Windows Server,2.E.13.c,Operating system software,Y,Y,1,263112,Network Administrator,95.0
15-1244.00,Network and Computer Systems Administrators,Python,2.E.7.e,Object or component oriented development software,Y,Y,1,263112,Network Administrator,95.0
15-1244.00,Network and Computer Systems Administrators,Red Hat Enterprise Linux,2.E.13.c,Operating system software,Y,Y,1,263112,Network Administrator,95.0
15-1244.00,Network and Computer Systems Administrators,ServiceNow,2.E.6.f,Data base user interface and query software,Y,Y,1,263112,Network Administrator,95.0
15-1244.00,Network and Computer Systems Administrators,Structured query language SQL,2.E.6.f,Data base user interface and query software,Y,Y,1,263112,Network Administrator,95.0
15-1244.00,Network and Computer Systems Administrators,UNIX,2.E.13.c,Operating system software,Y,Y,1,263112,Network Administrator,95.0
15-1244.00,Network and Computer Systems Administrators,Firewall software,2.E.14.c,Network security and virtual private network VPN equipment software,N,Y,2,263112,Network Administrator,95.0
15-1244.00,Network and Computer Systems Administrators,Adobe Acrobat,2.E.5.b,Document management software,Y,N,3,263112,Network Administrator,95.0
15-1244.00,Network and Computer Systems Administrators,AJAX,2.E.7.h,Web platform development software,Y,N,3,263112,Network Administrator,95.0
15-1244.00,Network and Computer Systems Administrators,Amazon DynamoDB,2.E.6.d,Data base management system software,Y,N,3,263112,Network Administrator,95.0
15-1244.00,Network and Computer Systems Administrators,Amazon Elastic Compute Cloud EC2,2.E.6.f,Data base user interface and query software,Y,N,3,263112,Network Administrator,95.0
15-1244.00,Network and Computer Systems Administrators,Amazon Redshift,2.E.6.f,Data base user interface and query software,Y,N,3,263112,Network Administrator,95.0
15-1244.00,Network and Computer Systems Administrators,Amazon Web Services AWS CloudFormation,2.E.11.e,Cloud-based management software,Y,N,3,263112,Network Administrator,95.0
15-1244.00,Network and Computer Systems Administrators,Apache Cassandra,2.E.6.d,Data base management system software,Y,N,3,263112,Network Administrator,95.0
15-1244.00,Network and Computer Systems Administrators,Apache Hadoop,2.E.6.d,Data base management system software,Y,N,3,263112,Network Administrator,95.0
15-1244.00,Network and Computer Systems Administrators,Apache Hive,2.E.6.d,Data base management system software,Y,N,3,263112,Network Administrator,95.0
15-1244.00,Network and Computer Systems Administrators,Apache Kafka,2.E.7.b,Development environment software,Y,N,3,263112,Network Administrator,95.0
15-1244.00,Network and Computer Systems Administrators,Apache Maven,2.E.7.b,Development environment software,Y,N,3,263112,Network Administrator,95.0
15-1244.00,Network and Computer Systems Administrators,Apache Spark,2.E.6.m,Business intelligence and data analysis software,Y,N,3,263112,Network Administrator,95.0
15-1244.00,Network and Computer Systems Administrators,Apache Subversion SVN,2.E.5.c,File versioning software,Y,N,3,263112,Network Administrator,95.0
15-1244.00,Network and Computer Systems Administrators,Apache Tomcat,2.E.7.h,Web platform development software,Y,N,3,263112,Network Administrator,95.0
15-1244.00,Network and Computer Systems Administrators,Apple macOS,2.E.13.c,Operating system software,Y,N,3,263112,Network Administrator,95.0
15-1244.00,Network and Computer Systems Administrators,Atlassian Confluence,2.E.1.e,Project management software,Y,N,3,263112,Network Administrator,95.0
15-1244.00,Network and Computer Systems Administrators,Atlassian JIRA,2.E.5.a,Content workflow software,Y,N,3,263112,Network Administrator,95.0
15-1244.00,Network and Computer Systems Administrators,Border Gateway Protocol BGP,2.E.12.g,Switch or router software,Y,N,3,263112,Network Administrator,95.0
15-1244.00,Network and Computer Systems Administrators,C,2.E.7.b,Development environment software,Y,N,3,263112,Network Administrator,95.0
15-1244.00,Network and Computer Systems Administrators,C#,2.E.7.e,Object or component oriented development software,Y,N,3,263112,Network Administrator,95.0
15-1244.00,Network and Computer Systems Administrators,C++,2.E.7.e,Object or component oriented development software,Y,N,3,263112,Network Administrator,95.0
15-1244.00,Network and Computer Systems Administrators,Chef,2.E.7.a,Configuration management software,Y,N,3,263112,Network Administrator,95.0
15-1244.00,Network and Computer Systems Administrators,Cisco Webex,2.E.16.b,Video conferencing software,Y,N,3,263112,Network Administrator,95.0
15-1244.00,Network and Computer Systems Administrators,Django,2.E.7.h,Web platform development software,Y,N,3,263112,Network Administrator,95.0
15-1244.00,Network and Computer Systems Administrators,Docker,2.E.10.a,Application server software,Y,N,3,263112,Network Administrator,95.0
15-1244.00,Network and Computer Systems Administrators,Eclipse IDE,2.E.7.b,Development environment software,Y,N,3,263112,Network Administrator,95.0
15-1244.00,Network and Computer Systems Administrators,Elasticsearch,2.E.6.d,Data base management system software,Y,N,3,263112,Network Administrator,95.0
15-1244.00,Network and Computer Systems Administrators,Epic Systems,2.E.9.i,Medical software,Y,N,3,263112,Network Administrator,95.0
15-1244.00,Network and Computer Systems Administrators,ESRI ArcGIS software,2.E.8.h,Geographic information system,Y,N,3,263112,Network Administrator,95.0
15-1244.00,Network and Computer Systems Administrators,Extensible markup language XML,2.E.7.c,Enterprise application integration software,Y,N,3,263112,Network Administrator,95.0
15-1244.00,Network and Computer Systems Administrators,Git,2.E.5.c,File versioning software,Y,N,3,263112,Network Administrator,95.0
15-1244.00,Network and Computer Systems Administrators,GitHub,2.E.10.a,Application server software,Y,N,3,263112,Network Administrator,95.0
15-1244.00,Network and Computer Systems Administrators,Go,2.E.7.b,Development environment software,Y,N,3,263112,Network Administrator,95.0
15-1244.00,Network and Computer Systems Administrators,Hibernate ORM,2.E.6.j,Object oriented data base management software,Y,N,3,263112,Network Administrator,95.0
15-1244.00,Network and Computer Systems Administrators,Hypertext markup language HTML,2.E.7.h,Web platform development software,Y,N,3,263112,Network Administrator,95.0
15-1244.00,Network and Computer Systems Administrators,JavaScript,2.E.7.h,Web platform development software,Y,N,3,263112,Network Administrator,95.0
15-1244.00,Network and Computer Systems Administrators,JavaScript Object Notation JSON,2.E.7.h,Web platform development software,Y,N,3,263112,Network Administrator,95.0
15-1244.00,Network and Computer Systems Administrators,jQuery,2.E.7.e,Object or component oriented development software,Y,N,3,263112,Network Administrator,95.0
15-1244.00,Network and Computer Systems Administrators,Marketo Marketing Automation,2.E.1.l,Sales and marketing software,Y,N,3,263112,Network Administrator,95.0
15-1244.00,Network and Computer Systems Administrators,Microsoft .NET Framework,2.E.7.b,Development environment software,Y,N,3,263112,Network Administrator,95.0
15-1244.00,Network and Computer Systems Administrators,Microsoft Access,2.E.6.f,Data base user interface and query software,Y,N,3,263112,Network Administrator,95.0
15-1244.00,Network and Computer Systems Administrators,Microsoft Active Server Pages ASP,2.E.7.h,Web platform development software,Y,N,3,263112,Network Administrator,95.0
15-1244.00,Network and Computer Systems Administrators,Microsoft ASP.NET,2.E.7.h,Web platform development software,Y,N,3,263112,Network Administrator,95.0
15-1244.00,Network and Computer Systems Administrators,Microsoft PowerPoint,2.E.4.f,Presentation software,Y,N,3,263112,Network Administrator,95.0
15-1244.00,Network and Computer Systems Administrators,Microsoft Project,2.E.1.e,Project management software,Y,N,3,263112,Network Administrator,95.0
15-1244.00,Network and Computer Systems Administrators,Microsoft SQL Server,2.E.6.f,Data base user interface and query software,Y,N,3,263112,Network Administrator,95.0
15-1244.00,Network and Computer Systems Administrators,Microsoft SQL Server Integration Services SSIS,2.E.7.c,Enterprise application integration software,Y,N,3,263112,Network Administrator,95.0
15-1244.00,Network and Computer Systems Administrators,Microsoft SQL Server Reporting Services SSRS,2.E.6.e,Data base reporting software,Y,N,3,263112,Network Administrator,95.0
15-1244.00,Network and Computer Systems Administrators,Microsoft Teams,2.E.1.e,Project management software,Y,N,3,263112,Network Administrator,95.0
15-1244.00,Network and Computer Systems Administrators,Microsoft Visio,2.E.1.p,Process mapping and design software,Y,N,3,263112,Network Administrator,95.0
15-1244.00,Network and Computer Systems Administrators,Microsoft Visual Basic,2.E.7.b,Development environment software,Y,N,3,263112,Network Administrator,95.0
15-1244.00,Network and Computer Systems Administrators,Microsoft Visual Basic for Applications VBA,2.E.7.b,Development environment software,Y,N,3,263112,Network Administrator,95.0
15-1244.00,Network and Computer Systems Administrators,Microsoft Visual Studio,2.E.7.b,Development environment software,Y,N,3,263112,Network Administrator,95.0
15-1244.00,Network and Computer Systems Administrators,Microsoft Windows,2.E.13.c,Operating system software,Y,N,3,263112,Network Administrator,95.0
15-1244.00,Network and Computer Systems Administrators,MongoDB,2.E.6.d,Data base management system software,Y,N,3,263112,Network Administrator,95.0
15-1244.00,Network and Computer Systems Administrators,MySQL,2.E.6.d,Data base management system software,Y,N,3,263112,Network Administrator,95.0
15-1244.00,Network and Computer Systems Administrators,Node.js,2.E.7.h,Web platform development software,Y,N,3,263112,Network Administrator,95.0
15-1244.00,Network and Computer Systems Administrators,NoSQL,2.E.6.d,Data base management system software,Y,N,3,263112,Network Administrator,95.0
15-1244.00,Network and Computer Systems Administrators,Oracle Database,2.E.6.f,Data base user interface and query software,Y,N,3,263112,Network Administrator,95.0
15-1244.00,Network and Computer Systems Administrators,Oracle Java,2.E.7.e,Object or component oriented development software,Y,N,3,263112,Network Administrator,95.0
15-1244.00,Network and Computer Systems Administrators,Oracle PeopleSoft,2.E.2.b,Enterprise resource planning ERP software,Y,N,3,263112,Network Administrator,95.0
15-1244.00,Network and Computer Systems Administrators,Oracle PL/SQL,2.E.6.d,Data base management system software,Y,N,3,263112,Network Administrator,95.0
15-1244.00,Network and Computer Systems Administrators,Oracle Primavera Enterprise Project Portfolio Management,2.E.1.e,Project management software,Y,N,3,263112,Network Administrator,95.0
15-1244.00,Network and Computer Systems Administrators,Perl,2.E.7.e,Object or component oriented development software,Y,N,3,263112,Network Administrator,95.0
15-1244.00,Network and Computer Systems Administrators,PHP,2.E.7.h,Web platform development software,Y,N,3,263112,Network Administrator,95.0
15-1244.00,Network and Computer Systems Administrators,PostgreSQL,2.E.6.j,Object oriented data base management software,Y,N,3,263112,Network Administrator,95.0
15-1244.00,Network and Computer Systems Administrators,Puppet,2.E.7.a,Configuration management software,Y,N,3,263112,Network Administrator,95.0
15-1244.00,Network and Computer Systems Administrators,Red Hat OpenShift,2.E.10.a,Application server software,Y,N,3,263112,Network Administrator,95.0
15-1244.00,Network and Computer Systems Administrators,Ruby,2.E.7.b,Development environment software,Y,N,3,263112,Network Administrator,95.0
15-1244.00,Network and Computer Systems Administrators,SAP software,2.E.2.b,Enterprise resource planning ERP software,Y,N,3,263112,Network Administrator,95.0
15-1244.00,Network and Computer Systems Administrators,SAS,2.E.9.d,Analytical or scientific software,Y,N,3,263112,Network Administrator,95.0
15-1244.00,Network and Computer Systems Administrators,Shell script,2.E.13.c,Operating system software,Y,N,3,263112,Network Administrator,95.0
15-1244.00,Network and Computer Systems Administrators,Splunk Enterprise,2.E.11.e,Cloud-based management software,Y,N,3,263112,Network Administrator,95.0
15-1244.00,Network and Computer Systems Administrators,Swift,2.E.7.e,Object or component oriented development software,Y,N,3,263112,Network Administrator,95.0
15-1244.00,Network and Computer Systems Administrators,Tableau,2.E.6.m,Business intelligence and data analysis software,Y,N,3,263112,Network Administrator,95.0
15-1244.00,Network and Computer Systems Administrators,Teradata Database,2.E.6.d,Data base management system software,Y,N,3,263112,Network Administrator,95.0
15-1244.00,Network and Computer Systems Administrators,Transact-SQL,2.E.6.f,Data base user interface and query software,Y,N,3,263112,Network Administrator,95.0
15-1244.00,Network and Computer Systems Administrators,UNIX Shell,2.E.13.c,Operating system software,Y,N,3,263112,Network Administrator,95.0
15-1244.00,Network and Computer Systems Administrators,Access management software,2.E.12.a,Access software,N,N,4,263112,Network Administrator,95.0
15-1244.00,Network and Computer Systems Administrators,Active directory software,2.E.10.d,Internet directory services software,N,N,4,263112,Network Administrator,95.0
15-1244.00,Network and Computer Systems Administrators,Adexa eGPS Suite,2.E.2.b,Enterprise resource planning ERP software,N,N,4,263112,Network Administrator,95.0
15-1244.00,Network and Computer Systems Administrators,Adobe ActionScript,2.E.7.b,Development environment software,N,N,4,263112,Network Administrator,95.0
15-1244.00,Network and Computer Systems Administrators,Adobe Dreamweaver,2.E.4.g,Web page creation and editing software,N,N,4,263112,Network Administrator,95.0
15-1244.00,Network and Computer Systems Administrators,Advanced business application programming ABAP,2.E.7.e,Object or component oriented development software,N,N,4,263112,Network Administrator,95.0
15-1244.00,Network and Computer Systems Administrators,Amazon Simple Storage Service S3,2.E.12.f,Storage networking software,N,N,4,263112,Network Administrator,95.0
15-1244.00,Network and Computer Systems Administrators,Apache Ant,2.E.7.b,Development environment software,N,N,4,263112,Network Administrator,95.0
15-1244.00,Network and Computer Systems Administrators,Apache Groovy,2.E.7.e,Object or component oriented development software,N,N,4,263112,Network Administrator,95.0
15-1244.00,Network and Computer Systems Administrators,Apache HTTP Server,2.E.6.k,Portal server software,N,N,4,263112,Network Administrator,95.0
15-1244.00,Network and Computer Systems Administrators,Apache Pig,2.E.6.d,Data base management system software,N,N,4,263112,Network Administrator,95.0
15-1244.00,Network and Computer Systems Administrators,Apache Solr,2.E.6.d,Data base management system software,N,N,4,263112,Network Administrator,95.0
15-1244.00,Network and Computer Systems Administrators,Apache Struts,2.E.7.h,Web platform development software,N,N,4,263112,Network Administrator,95.0
15-1244.00,Network and Computer Systems Administrators,Application management software,2.E.7.a,Configuration management software,N,N,4,263112,Network Administrator,95.0
15-1244.00,Network and Computer Systems Administrators,Atlassian Bamboo,2.E.7.c,Enterprise application integration software,N,N,4,263112,Network Administrator,95.0
15-1244.00,Network and Computer Systems Administrators,Automated installation software,2.E.7.a,Configuration management software,N,N,4,263112,Network Administrator,95.0
15-1244.00,Network and Computer Systems Administrators,Berkeley Internet Domain Name BIND,2.E.10.d,Internet directory services software,N,N,4,263112,Network Administrator,95.0
15-1244.00,Network and Computer Systems Administrators,Blackbaud The Raiser's Edge,2.E.6.c,Customer relationship management CRM software,N,N,4,263112,Network Administrator,95.0
15-1244.00,Network and Computer Systems Administrators,Blackboard software,2.E.6.f,Data base user interface and query software,N,N,4,263112,Network Administrator,95.0
15-1244.00,Network and Computer Systems Administrators,Cisco Systems CiscoWorks,2.E.11.c,Administration software,N,N,4,263112,Network Administrator,95.0
15-1244.00,Network and Computer Systems Administrators,Citrix cloud computing software,2.E.12.a,Access software,N,N,4,263112,Network Administrator,95.0
15-1244.00,Network and Computer Systems Administrators,Citrix XenApp,2.E.10.a,Application server software,N,N,4,263112,Network Administrator,95.0
15-1244.00,Network and Computer Systems Administrators,Command interpreters,2.E.7.i,Compiler and decompiler software,N,N,4,263112,Network Administrator,95.0
15-1244.00,Network and Computer Systems Administrators,Common business oriented language COBOL,2.E.7.b,Development environment software,N,N,4,263112,Network Administrator,95.0
15-1244.00,Network and Computer Systems Administrators,Computer aided design and drafting CADD software,2.E.9.c,Computer aided design CAD software,N,N,4,263112,Network Administrator,95.0
15-1244.00,Network and Computer Systems Administrators,Computer system diagnostics software,2.E.7.f,Program testing software,N,N,4,263112,Network Administrator,95.0
15-1244.00,Network and Computer Systems Administrators,Customer information control system CICS,2.E.6.l,Transaction server software,N,N,4,263112,Network Administrator,95.0
15-1244.00,Network and Computer Systems Administrators,Dartware InterMapper,2.E.11.a,Network monitoring software,N,N,4,263112,Network Administrator,95.0
15-1244.00,Network and Computer Systems Administrators,Dassault Systemes CATIA,2.E.9.c,Computer aided design CAD software,N,N,4,263112,Network Administrator,95.0
15-1244.00,Network and Computer Systems Administrators,Database software,2.E.6.f,Data base user interface and query software,N,N,4,263112,Network Administrator,95.0
15-1244.00,Network and Computer Systems Administrators,Delphi Technology,2.E.2.d,Financial analysis software,N,N,4,263112,Network Administrator,95.0
15-1244.00,Network and Computer Systems Administrators,Diagramming software,2.E.4.a,Pattern design software,N,N,4,263112,Network Administrator,95.0
15-1244.00,Network and Computer Systems Administrators,Domain name system DNS,2.E.10.d,Internet directory services software,N,N,4,263112,Network Administrator,95.0
15-1244.00,Network and Computer Systems Administrators,Drupal,2.E.7.h,Web platform development software,N,N,4,263112,Network Administrator,95.0
15-1244.00,Network and Computer Systems Administrators,Dynamic host configuration protocol DHCP,2.E.11.c,Administration software,N,N,4,263112,Network Administrator,95.0
15-1244.00,Network and Computer Systems Administrators,Dynamic hypertext markup language DHTML,2.E.7.h,Web platform development software,N,N,4,263112,Network Administrator,95.0
15-1244.00,Network and Computer Systems Administrators,Element management software,2.E.11.c,Administration software,N,N,4,263112,Network Administrator,95.0
15-1244.00,Network and Computer Systems Administrators,Encryption software,2.E.14.d,Transaction security and virus protection software,N,N,4,263112,Network Administrator,95.0
15-1244.00,Network and Computer Systems Administrators,Enterprise application integration EAI software,2.E.7.c,Enterprise application integration software,N,N,4,263112,Network Administrator,95.0
15-1244.00,Network and Computer Systems Administrators,Enterprise JavaBeans,2.E.7.h,Web platform development software,N,N,4,263112,Network Administrator,95.0
15-1244.00,Network and Computer Systems Administrators,Ethereal,2.E.11.a,Network monitoring software,N,N,4,263112,Network Administrator,95.0
15-1244.00,Network and Computer Systems Administrators,Extensible hypertext markup language XHTML,2.E.7.h,Web platform development software,N,N,4,263112,Network Administrator,95.0
15-1244.00,Network and Computer Systems Administrators,FileMaker Pro,2.E.6.f,Data base user interface and query software,N,N,4,263112,Network Administrator,95.0
15-1244.00,Network and Computer Systems Administrators,Geographic information system GIS software,2.E.8.h,Geographic information system,N,N,4,263112,Network Administrator,95.0
15-1244.00,Network and Computer Systems Administrators,Google Sites,2.E.4.g,Web page creation and editing software,N,N,4,263112,Network Administrator,95.0
15-1244.00,Network and Computer Systems Administrators,Help desk software,2.E.1.a,Helpdesk or call center software,N,N,4,263112,Network Administrator,95.0
15-1244.00,Network and Computer Systems Administrators,Hewlett Packard HP-UX,2.E.13.c,Operating system software,N,N,4,263112,Network Administrator,95.0
15-1244.00,Network and Computer Systems Administrators,Hewlett Packard LoadRunner,2.E.7.f,Program testing software,N,N,4,263112,Network Administrator,95.0
15-1244.00,Network and Computer Systems Administrators,Hewlett-Packard HP Network Node Manager,2.E.11.c,Administration software,N,N,4,263112,Network Administrator,95.0
15-1244.00,Network and Computer Systems Administrators,Honeypot,2.E.14.d,Transaction security and virus protection software,N,N,4,263112,Network Administrator,95.0
15-1244.00,Network and Computer Systems Administrators,Human resource management software HRMS,2.E.1.c,Human resources software,N,N,4,263112,Network Administrator,95.0
15-1244.00,Network and Computer Systems Administrators,IBM Cognos Impromptu,2.E.6.m,Business intelligence and data analysis software,N,N,4,263112,Network Administrator,95.0
15-1244.00,Network and Computer Systems Administrators,IBM Director,2.E.11.a,Network monitoring software,N,N,4,263112,Network Administrator,95.0
15-1244.00,Network and Computer Systems Administrators,IBM Domino,2.E.12.b,Communications server software,N,N,4,263112,Network Administrator,95.0
15-1244.00,Network and Computer Systems Administrators,IBM InfoSphere DataStage,2.E.7.c,Enterprise application integration software,N,N,4,263112,Network Administrator,95.0
15-1244.00,Network and Computer Systems Administrators,IBM NetView,2.E.11.a,Network monitoring software,N,N,4,263112,Network Administrator,95.0
15-1244.00,Network and Computer Systems Administrators,IBM Notes,2.E.16.a,Electronic mail software,N,N,4,263112,Network Administrator,95.0
15-1244.00,Network and Computer Systems Administrators,IBM Power Systems software,2.E.17.a,Enterprise system management software,N,N,4,263112,Network Administrator,95.0
15-1244.00,Network and Computer Systems Administrators,IBM Tivoli software,2.E.12.a,Access software,N,N,4,263112,Network Administrator,95.0
15-1244.00,Network and Computer Systems Administrators,IBM WebSphere,2.E.11.e,Cloud-based management software,N,N,4,263112,Network Administrator,95.0
15-1244.00,Network and Computer Systems Administrators,Integrated development environment IDE software,2.E.7.b,Development environment software,N,N,4,263112,Network Administrator,95.0
15-1244.00,Network and Computer Systems Administrators,Intrusion prevention system IPS,2.E.14.b,Network security or virtual private network VPN management software,N,N,4,263112,Network Administrator,95.0
15-1244.00,Network and Computer Systems Administrators,Job control language JCL,2.E.13.c,Operating system software,N,N,4,263112,Network Administrator,95.0
15-1244.00,Network and Computer Systems Administrators,Jupyter Notebook,2.E.7.e,Object or component oriented development software,N,N,4,263112,Network Administrator,95.0
15-1244.00,Network and Computer Systems Administrators,KornShell,2.E.13.c,Operating system software,N,N,4,263112,Network Administrator,95.0
15-1244.00,Network and Computer Systems Administrators,LAMP Stack,2.E.7.h,Web platform development software,N,N,4,263112,Network Administrator,95.0
15-1244.00,Network and Computer Systems Administrators,Lavalys Everest,2.E.11.a,Network monitoring software,N,N,4,263112,Network Administrator,95.0
15-1244.00,Network and Computer Systems Administrators,LogMatrix NerveCenter,2.E.11.a,Network monitoring software,N,N,4,263112,Network Administrator,95.0
15-1244.00,Network and Computer Systems Administrators,Mac HelpMate,2.E.12.a,Access software,N,N,4,263112,Network Administrator,95.0
15-1244.00,Network and Computer Systems Administrators,Management information base MIB software,2.E.11.b,Network operating system enhancement software,N,N,4,263112,Network Administrator,95.0
15-1244.00,Network and Computer Systems Administrators,McAfee,2.E.14.d,Transaction security and virus protection software,N,N,4,263112,Network Administrator,95.0
15-1244.00,Network and Computer Systems Administrators,Micromuse NetCool,2.E.11.a,Network monitoring software,N,N,4,263112,Network Administrator,95.0
15-1244.00,Network and Computer Systems Administrators,Microsoft ActiveX,2.E.7.e,Object or component oriented development software,N,N,4,263112,Network Administrator,95.0
15-1244.00,Network and Computer Systems Administrators,Microsoft ASP.NET Core MVC,2.E.7.h,Web platform development software,N,N,4,263112,Network Administrator,95.0
15-1244.00,Network and Computer Systems Administrators,Microsoft Dynamics,2.E.2.b,Enterprise resource planning ERP software,N,N,4,263112,Network Administrator,95.0
15-1244.00,Network and Computer Systems Administrators,Microsoft Dynamics GP,2.E.2.b,Enterprise resource planning ERP software,N,N,4,263112,Network Administrator,95.0
15-1244.00,Network and Computer Systems Administrators,Microsoft Exchange,2.E.16.a,Electronic mail software,N,N,4,263112,Network Administrator,95.0
15-1244.00,Network and Computer Systems Administrators,Microsoft Publisher,2.E.4.k,Desktop publishing software,N,N,4,263112,Network Administrator,95.0
15-1244.00,Network and Computer Systems Administrators,Microsoft Visual Basic Scripting Edition VBScript,2.E.7.b,Development environment software,N,N,4,263112,Network Administrator,95.0
15-1244.00,Network and Computer Systems Administrators,Microsoft Windows Sysprep,2.E.7.a,Configuration management software,N,N,4,263112,Network Administrator,95.0
15-1244.00,Network and Computer Systems Administrators,Microsoft Windows Terminal Services Access Manager,2.E.12.k,Gateway software,N,N,4,263112,Network Administrator,95.0
15-1244.00,Network and Computer Systems Administrators,MicroStrategy,2.E.6.m,Business intelligence and data analysis software,N,N,4,263112,Network Administrator,95.0
15-1244.00,Network and Computer Systems Administrators,Moodle,2.E.8.b,Computer based training software,N,N,4,263112,Network Administrator,95.0
15-1244.00,Network and Computer Systems Administrators,Multi-router traffic grapher MRTG software,2.E.11.a,Network monitoring software,N,N,4,263112,Network Administrator,95.0
15-1244.00,Network and Computer Systems Administrators,Nagios,2.E.11.a,Network monitoring software,N,N,4,263112,Network Administrator,95.0
15-1244.00,Network and Computer Systems Administrators,NetSuite ERP,2.E.2.b,Enterprise resource planning ERP software,N,N,4,263112,Network Administrator,95.0
15-1244.00,Network and Computer Systems Administrators,Network address management software,2.E.11.c,Administration software,N,N,4,263112,Network Administrator,95.0
15-1244.00,Network and Computer Systems Administrators,Network addressable storage NAS software,2.E.10.d,Internet directory services software,N,N,4,263112,Network Administrator,95.0
15-1244.00,Network and Computer Systems Administrators,Network and application load and performance testing software,2.E.11.a,Network monitoring software,N,N,4,263112,Network Administrator,95.0
15-1244.00,Network and Computer Systems Administrators,Network and component performance analysis software,2.E.11.a,Network monitoring software,N,N,4,263112,Network Administrator,95.0
15-1244.00,Network and Computer Systems Administrators,Network and system vulnerability assessment software,2.E.14.b,Network security or virtual private network VPN management software,N,N,4,263112,Network Administrator,95.0
15-1244.00,Network and Computer Systems Administrators,Network availability monitoring software,2.E.11.a,Network monitoring software,N,N,4,263112,Network Administrator,95.0
15-1244.00,Network and Computer Systems Administrators,Network documentation software,2.E.11.c,Administration software,N,N,4,263112,Network Administrator,95.0
15-1244.00,Network and Computer Systems Administrators,Network intrusion detection software,2.E.14.c,Network security and virtual private network VPN equipment software,N,N,4,263112,Network Administrator,95.0
15-1244.00,Network and Computer Systems Administrators,Network intrusion prevention systems NIPS,2.E.11.a,Network monitoring software,N,N,4,263112,Network Administrator,95.0
15-1244.00,Network and Computer Systems Administrators,Network management software,2.E.11.c,Administration software,N,N,4,263112,Network Administrator,95.0
15-1244.00,Network and Computer Systems Administrators,"Network modeling, mapping, and analysis software",2.E.11.a,Network monitoring software,N,N,4,263112,Network Administrator,95.0
15-1244.00,Network and Computer Systems Administrators,Network shutdown software,2.E.11.c,Administration software,N,N,4,263112,Network Administrator,95.0
15-1244.00,Network and Computer Systems Administrators,Network traffic flow monitoring and analysis software,2.E.11.a,Network monitoring software,N,N,4,263112,Network Administrator,95.0
15-1244.00,Network and Computer Systems Administrators,Network traffic probe software,2.E.11.a,Network monitoring software,N,N,4,263112,Network Administrator,95.0
15-1244.00,Network and Computer Systems Administrators,"Network, server and operating system optimization software",2.E.11.b,Network operating system enhancement software,N,N,4,263112,Network Administrator,95.0
15-1244.00,Network and Computer Systems Administrators,NortonLifeLock cybersecurity software,2.E.14.d,Transaction security and virus protection software,N,N,4,263112,Network Administrator,95.0
15-1244.00,Network and Computer Systems Administrators,Novell NetWare Management Station,2.E.11.a,Network monitoring software,N,N,4,263112,Network Administrator,95.0
15-1244.00,Network and Computer Systems Administrators,Online traffic calculator software,2.E.11.a,Network monitoring software,N,N,4,263112,Network Administrator,95.0
15-1244.00,Network and Computer Systems Administrators,Open source routing protocols OSPF,2.E.11.d,Internet protocol IP multimedia subsystem software,N,N,4,263112,Network Administrator,95.0
15-1244.00,Network and Computer Systems Administrators,OpenService Open NerveCenter,2.E.14.b,Network security or virtual private network VPN management software,N,N,4,263112,Network Administrator,95.0
15-1244.00,Network and Computer Systems Administrators,Operating system process control software,2.E.11.b,Network operating system enhancement software,N,N,4,263112,Network Administrator,95.0
15-1244.00,Network and Computer Systems Administrators,Oracle Business Intelligence Enterprise Edition,2.E.6.m,Business intelligence and data analysis software,N,N,4,263112,Network Administrator,95.0
15-1244.00,Network and Computer Systems Administrators,Oracle E-Business Suite Financials,2.E.2.d,Financial analysis software,N,N,4,263112,Network Administrator,95.0
15-1244.00,Network and Computer Systems Administrators,Oracle Fusion Applications,2.E.2.b,Enterprise resource planning ERP software,N,N,4,263112,Network Administrator,95.0
15-1244.00,Network and Computer Systems Administrators,Oracle Fusion Middleware,2.E.7.c,Enterprise application integration software,N,N,4,263112,Network Administrator,95.0
15-1244.00,Network and Computer Systems Administrators,Oracle Hyperion,2.E.2.b,Enterprise resource planning ERP software,N,N,4,263112,Network Administrator,95.0
15-1244.00,Network and Computer Systems Administrators,Oracle JavaServer Pages JSP,2.E.7.h,Web platform development software,N,N,4,263112,Network Administrator,95.0
15-1244.00,Network and Computer Systems Administrators,Oracle JD Edwards EnterpriseOne,2.E.2.b,Enterprise resource planning ERP software,N,N,4,263112,Network Administrator,95.0
15-1244.00,Network and Computer Systems Administrators,Oracle JDBC,2.E.6.f,Data base user interface and query software,N,N,4,263112,Network Administrator,95.0
15-1244.00,Network and Computer Systems Administrators,Oracle Net Manager,2.E.11.a,Network monitoring software,N,N,4,263112,Network Administrator,95.0
15-1244.00,Network and Computer Systems Administrators,Oracle PeopleSoft Financials,2.E.2.b,Enterprise resource planning ERP software,N,N,4,263112,Network Administrator,95.0
15-1244.00,Network and Computer Systems Administrators,Oracle Solaris,2.E.13.c,Operating system software,N,N,4,263112,Network Administrator,95.0
15-1244.00,Network and Computer Systems Administrators,Oracle Taleo,2.E.1.c,Human resources software,N,N,4,263112,Network Administrator,95.0
15-1244.00,Network and Computer Systems Administrators,Oracle WebLogic Server,2.E.10.a,Application server software,N,N,4,263112,Network Administrator,95.0
15-1244.00,Network and Computer Systems Administrators,Packet filter software,2.E.14.d,Transaction security and virus protection software,N,N,4,263112,Network Administrator,95.0
15-1244.00,Network and Computer Systems Administrators,Packet tracing software,2.E.11.a,Network monitoring software,N,N,4,263112,Network Administrator,95.0
15-1244.00,Network and Computer Systems Administrators,ParentSquare,2.E.10.b,Desktop communications software,N,N,4,263112,Network Administrator,95.0
15-1244.00,Network and Computer Systems Administrators,Password management software,2.E.14.a,Authentication server software,N,N,4,263112,Network Administrator,95.0
15-1244.00,Network and Computer Systems Administrators,Patch and update management software,2.E.7.a,Configuration management software,N,N,4,263112,Network Administrator,95.0
15-1244.00,Network and Computer Systems Administrators,Perforce Helix software,2.E.7.a,Configuration management software,N,N,4,263112,Network Administrator,95.0
15-1244.00,Network and Computer Systems Administrators,Ping Identity,2.E.14.d,Transaction security and virus protection software,N,N,4,263112,Network Administrator,95.0
15-1244.00,Network and Computer Systems Administrators,Qlik Tech QlikView,2.E.6.m,Business intelligence and data analysis software,N,N,4,263112,Network Administrator,95.0
15-1244.00,Network and Computer Systems Administrators,Quest BigBrother,2.E.11.a,Network monitoring software,N,N,4,263112,Network Administrator,95.0
15-1244.00,Network and Computer Systems Administrators,Quest Erwin Data Modeler,2.E.6.i,Metadata management software,N,N,4,263112,Network Administrator,95.0
15-1244.00,Network and Computer Systems Administrators,Quest Foglight,2.E.11.a,Network monitoring software,N,N,4,263112,Network Administrator,95.0
15-1244.00,Network and Computer Systems Administrators,Red Hat WildFly,2.E.10.a,Application server software,N,N,4,263112,Network Administrator,95.0
15-1244.00,Network and Computer Systems Administrators,Relational database management software,2.E.6.d,Data base management system software,N,N,4,263112,Network Administrator,95.0
15-1244.00,Network and Computer Systems Administrators,Remote desktop control software,2.E.12.a,Access software,N,N,4,263112,Network Administrator,95.0
15-1244.00,Network and Computer Systems Administrators,Remote monitoring software,2.E.11.a,Network monitoring software,N,N,4,263112,Network Administrator,95.0
15-1244.00,Network and Computer Systems Administrators,Requirements management software,2.E.7.g,Requirements analysis and system architecture software,N,N,4,263112,Network Administrator,95.0
15-1244.00,Network and Computer Systems Administrators,Root cause analysis software,2.E.9.d,Analytical or scientific software,N,N,4,263112,Network Administrator,95.0
15-1244.00,Network and Computer Systems Administrators,Root kit detection software,2.E.14.d,Transaction security and virus protection software,N,N,4,263112,Network Administrator,95.0
15-1244.00,Network and Computer Systems Administrators,Ruby on Rails,2.E.7.h,Web platform development software,N,N,4,263112,Network Administrator,95.0
15-1244.00,Network and Computer Systems Administrators,SAP Business Objects,2.E.2.b,Enterprise resource planning ERP software,N,N,4,263112,Network Administrator,95.0
15-1244.00,Network and Computer Systems Administrators,SAP Crystal Reports,2.E.6.e,Data base reporting software,N,N,4,263112,Network Administrator,95.0
15-1244.00,Network and Computer Systems Administrators,Secure shell SSH software,2.E.10.b,Desktop communications software,N,N,4,263112,Network Administrator,95.0
15-1244.00,Network and Computer Systems Administrators,Security incident management software,2.E.14.b,Network security or virtual private network VPN management software,N,N,4,263112,Network Administrator,95.0
15-1244.00,Network and Computer Systems Administrators,Simple network management protocol SNMP software,2.E.11.c,Administration software,N,N,4,263112,Network Administrator,95.0
15-1244.00,Network and Computer Systems Administrators,Skype,2.E.10.b,Desktop communications software,N,N,4,263112,Network Administrator,95.0
15-1244.00,Network and Computer Systems Administrators,Snort,2.E.11.a,Network monitoring software,N,N,4,263112,Network Administrator,95.0
15-1244.00,Network and Computer Systems Administrators,SolarWinds,2.E.14.e,Cloud-based protection or security software,N,N,4,263112,Network Administrator,95.0
15-1244.00,Network and Computer Systems Administrators,StataCorp Stata,2.E.9.d,Analytical or scientific software,N,N,4,263112,Network Administrator,95.0
15-1244.00,Network and Computer Systems Administrators,Storage area network SAN software,2.E.12.f,Storage networking software,N,N,4,263112,Network Administrator,95.0
15-1244.00,Network and Computer Systems Administrators,Supervisory control and data acquisition SCADA software,2.E.9.g,Industrial control software,N,N,4,263112,Network Administrator,95.0
15-1244.00,Network and Computer Systems Administrators,Symantec Ghost Solution Suite,2.E.13.d,Computer imaging software,N,N,4,263112,Network Administrator,95.0
15-1244.00,Network and Computer Systems Administrators,System and data disaster recovery software,2.E.15.f,Backup or archival software,N,N,4,263112,Network Administrator,95.0
15-1244.00,Network and Computer Systems Administrators,Systems and applications migration software,2.E.7.b,Development environment software,N,N,4,263112,Network Administrator,95.0
15-1244.00,Network and Computer Systems Administrators,Systems integration software,2.E.7.c,Enterprise application integration software,N,N,4,263112,Network Administrator,95.0
15-1244.00,Network and Computer Systems Administrators,Tcpdump,2.E.11.a,Network monitoring software,N,N,4,263112,Network Administrator,95.0
15-1244.00,Network and Computer Systems Administrators,TKSoftware RCM software,2.E.7.d,Graphical user interface development software,N,N,4,263112,Network Administrator,95.0
15-1244.00,Network and Computer Systems Administrators,Ubuntu,2.E.13.c,Operating system software,N,N,4,263112,Network Administrator,95.0
15-1244.00,Network and Computer Systems Administrators,Veritas NetBackup,2.E.15.f,Backup or archival software,N,N,4,263112,Network Administrator,95.0
15-1244.00,Network and Computer Systems Administrators,Virtual local area network management software,2.E.14.b,Network security or virtual private network VPN management software,N,N,4,263112,Network Administrator,95.0
15-1244.00,Network and Computer Systems Administrators,Virtual network computing VNC software,2.E.12.m,Platform interconnectivity software,N,N,4,263112,Network Administrator,95.0
15-1244.00,Network and Computer Systems Administrators,Virtual private networking VPN software,2.E.14.c,Network security and virtual private network VPN equipment software,N,N,4,263112,Network Administrator,95.0
15-1244.00,Network and Computer Systems Administrators,VMware,2.E.6.b,Clustering software,N,N,4,263112,Network Administrator,95.0
15-1244.00,Network and Computer Systems Administrators,Voice over internet protocol VoIP system software,2.E.11.d,Internet protocol IP multimedia subsystem software,N,N,4,263112,Network Administrator,95.0
15-1244.00,Network and Computer Systems Administrators,Wireshark,2.E.11.a,Network monitoring software,N,N,4,263112,Network Administrator,95.0
15-1244.00,Network and Computer Systems Administrators,Zabbix,2.E.11.a,Network monitoring software,N,N,4,263112,Network Administrator,95.0
15-1241.01,Telecommunications Engineering Specialists,Autodesk AutoCAD,2.E.9.c,Computer aided design CAD software,Y,Y,1,263311,Telecommunications Engineer,93.0
15-1241.01,Telecommunications Engineering Specialists,Autodesk Revit,2.E.9.c,Computer aided design CAD software,Y,Y,1,263311,Telecommunications Engineer,93.0
15-1241.01,Telecommunications Engineering Specialists,Microsoft Excel,2.E.4.i,Spreadsheet software,Y,Y,1,263311,Telecommunications Engineer,93.0
15-1241.01,Telecommunications Engineering Specialists,Microsoft Office software,2.E.1.k,Office suite software,Y,Y,1,263311,Telecommunications Engineer,93.0
15-1241.01,Telecommunications Engineering Specialists,Microsoft Outlook,2.E.16.a,Electronic mail software,Y,Y,1,263311,Telecommunications Engineer,93.0
15-1241.01,Telecommunications Engineering Specialists,Microsoft PowerPoint,2.E.4.f,Presentation software,Y,Y,1,263311,Telecommunications Engineer,93.0
15-1241.01,Telecommunications Engineering Specialists,Microsoft Visio,2.E.1.p,Process mapping and design software,Y,Y,1,263311,Telecommunications Engineer,93.0
15-1241.01,Telecommunications Engineering Specialists,Microsoft Word,2.E.4.d,Word processing software,Y,Y,1,263311,Telecommunications Engineer,93.0
15-1241.01,Telecommunications Engineering Specialists,Autodesk Navisworks,2.E.9.c,Computer aided design CAD software,N,Y,2,263311,Telecommunications Engineer,93.0
15-1241.01,Telecommunications Engineering Specialists,Firewall software,2.E.14.c,Network security and virtual private network VPN equipment software,N,Y,2,263311,Telecommunications Engineer,93.0
15-1241.01,Telecommunications Engineering Specialists,NavisWorks Jetstream,2.E.9.c,Computer aided design CAD software,N,Y,2,263311,Telecommunications Engineer,93.0
15-1241.01,Telecommunications Engineering Specialists,Apache Kafka,2.E.7.b,Development environment software,Y,N,3,263311,Telecommunications Engineer,93.0
15-1241.01,Telecommunications Engineering Specialists,Linux,2.E.13.c,Operating system software,Y,N,3,263311,Telecommunications Engineer,93.0
15-1241.01,Telecommunications Engineering Specialists,Microsoft PowerShell,2.E.7.b,Development environment software,Y,N,3,263311,Telecommunications Engineer,93.0
15-1241.01,Telecommunications Engineering Specialists,Microsoft Project,2.E.1.e,Project management software,Y,N,3,263311,Telecommunications Engineer,93.0
15-1241.01,Telecommunications Engineering Specialists,Microsoft SQL Server,2.E.6.f,Data base user interface and query software,Y,N,3,263311,Telecommunications Engineer,93.0
15-1241.01,Telecommunications Engineering Specialists,Microsoft Teams,2.E.1.e,Project management software,Y,N,3,263311,Telecommunications Engineer,93.0
15-1241.01,Telecommunications Engineering Specialists,Microsoft Windows,2.E.13.c,Operating system software,Y,N,3,263311,Telecommunications Engineer,93.0
15-1241.01,Telecommunications Engineering Specialists,Microsoft Windows Server,2.E.13.c,Operating system software,Y,N,3,263311,Telecommunications Engineer,93.0
15-1241.01,Telecommunications Engineering Specialists,Oracle Java,2.E.7.e,Object or component oriented development software,Y,N,3,263311,Telecommunications Engineer,93.0
15-1241.01,Telecommunications Engineering Specialists,Perl,2.E.7.e,Object or component oriented development software,Y,N,3,263311,Telecommunications Engineer,93.0
15-1241.01,Telecommunications Engineering Specialists,Python,2.E.7.e,Object or component oriented development software,Y,N,3,263311,Telecommunications Engineer,93.0
15-1241.01,Telecommunications Engineering Specialists,Shell script,2.E.13.c,Operating system software,Y,N,3,263311,Telecommunications Engineer,93.0
15-1241.01,Telecommunications Engineering Specialists,Structured query language SQL,2.E.6.f,Data base user interface and query software,Y,N,3,263311,Telecommunications Engineer,93.0
15-1241.01,Telecommunications Engineering Specialists,UNIX,2.E.13.c,Operating system software,Y,N,3,263311,Telecommunications Engineer,93.0
15-1241.01,Telecommunications Engineering Specialists,2AB iLock Security Services,2.E.12.a,Access software,N,N,4,263311,Telecommunications Engineer,93.0
15-1241.01,Telecommunications Engineering Specialists,Access management software,2.E.12.a,Access software,N,N,4,263311,Telecommunications Engineer,93.0
15-1241.01,Telecommunications Engineering Specialists,Antivirus software,2.E.14.d,Transaction security and virus protection software,N,N,4,263311,Telecommunications Engineer,93.0
15-1241.01,Telecommunications Engineering Specialists,Avaya Identity Engines,2.E.12.a,Access software,N,N,4,263311,Telecommunications Engineer,93.0
15-1241.01,Telecommunications Engineering Specialists,Call accounting software,2.E.1.a,Helpdesk or call center software,N,N,4,263311,Telecommunications Engineer,93.0
15-1241.01,Telecommunications Engineering Specialists,Cisco Systems Cisco Traffic Analyzer,2.E.11.a,Network monitoring software,N,N,4,263311,Telecommunications Engineer,93.0
15-1241.01,Telecommunications Engineering Specialists,IBM Domino,2.E.12.b,Communications server software,N,N,4,263311,Telecommunications Engineer,93.0
15-1241.01,Telecommunications Engineering Specialists,IBM Lotus 1-2-3,2.E.4.i,Spreadsheet software,N,N,4,263311,Telecommunications Engineer,93.0
15-1241.01,Telecommunications Engineering Specialists,IBM Notes,2.E.16.a,Electronic mail software,N,N,4,263311,Telecommunications Engineer,93.0
15-1241.01,Telecommunications Engineering Specialists,IBM Rational Requirements Composer,2.E.7.g,Requirements analysis and system architecture software,N,N,4,263311,Telecommunications Engineer,93.0
15-1241.01,Telecommunications Engineering Specialists,KornShell,2.E.13.c,Operating system software,N,N,4,263311,Telecommunications Engineer,93.0
15-1241.01,Telecommunications Engineering Specialists,McAfee,2.E.14.d,Transaction security and virus protection software,N,N,4,263311,Telecommunications Engineer,93.0
15-1241.01,Telecommunications Engineering Specialists,Microsoft Exchange,2.E.16.a,Electronic mail software,N,N,4,263311,Telecommunications Engineer,93.0
15-1241.01,Telecommunications Engineering Specialists,Microsoft Visual Basic Scripting Edition VBScript,2.E.7.b,Development environment software,N,N,4,263311,Telecommunications Engineer,93.0
15-1241.01,Telecommunications Engineering Specialists,Nagios,2.E.11.a,Network monitoring software,N,N,4,263311,Telecommunications Engineer,93.0
15-1241.01,Telecommunications Engineering Specialists,Network management software,2.E.11.c,Administration software,N,N,4,263311,Telecommunications Engineer,93.0
15-1241.01,Telecommunications Engineering Specialists,NortonLifeLock cybersecurity software,2.E.14.d,Transaction security and virus protection software,N,N,4,263311,Telecommunications Engineer,93.0
15-1241.01,Telecommunications Engineering Specialists,NovaStor NovaBACKUP,2.E.15.f,Backup or archival software,N,N,4,263311,Telecommunications Engineer,93.0
15-1241.01,Telecommunications Engineering Specialists,Project scheduling software,2.E.1.e,Project management software,N,N,4,263311,Telecommunications Engineer,93.0
15-1241.01,Telecommunications Engineering Specialists,Requirements analysis software,2.E.7.g,Requirements analysis and system architecture software,N,N,4,263311,Telecommunications Engineer,93.0
15-1241.01,Telecommunications Engineering Specialists,SiteMaster SiteSmart,2.E.6.f,Data base user interface and query software,N,N,4,263311,Telecommunications Engineer,93.0
15-1241.01,Telecommunications Engineering Specialists,Supervisory control and data acquisition SCADA software,2.E.9.g,Industrial control software,N,N,4,263311,Telecommunications Engineer,93.0
15-1241.01,Telecommunications Engineering Specialists,Virtual private networking VPN software,2.E.14.b,Network security or virtual private network VPN management software,N,N,4,263311,Telecommunications Engineer,93.0
15-1241.01,Telecommunications Engineering Specialists,Voice over internet protocol VoIP system software,2.E.11.d,Internet protocol IP multimedia subsystem software,N,N,4,263311,Telecommunications Engineer,93.0
15-1241.01,Telecommunications Engineering Specialists,Web browser software,2.E.10.e,Internet browser software,N,N,4,263311,Telecommunications Engineer,93.0
15-1241.01,Telecommunications Engineering Specialists,Web design software,2.E.4.g,Web page creation and editing software,N,N,4,263311,Telecommunications Engineer,93.0
15-1241.01,Telecommunications Engineering Specialists,Wireshark,2.E.11.a,Network monitoring software,N,N,4,263311,Telecommunications Engineer,93.0
15-1241.01,Telecommunications Engineering Specialists,Zmanda Amanda,2.E.15.f,Backup or archival software,N,N,4,263311,Telecommunications Engineer,93.0
15-1231.00,Computer Network Support Specialists,Apple macOS,2.E.13.c,Operating system software,Y,Y,1,313112,ICT Customer Support Officer,83.5
15-1231.00,Computer Network Support Specialists,Linux,2.E.13.c,Operating system software,Y,Y,1,313112,ICT Customer Support Officer,83.5
15-1231.00,Computer Network Support Specialists,Microsoft Active Directory,2.E.10.d,Internet directory services software,Y,Y,1,313112,ICT Customer Support Officer,83.5
15-1231.00,Computer Network Support Specialists,Microsoft Excel,2.E.4.i,Spreadsheet software,Y,Y,1,313112,ICT Customer Support Officer,83.5
15-1231.00,Computer Network Support Specialists,Microsoft Office software,2.E.1.k,Office suite software,Y,Y,1,313112,ICT Customer Support Officer,83.5
15-1231.00,Computer Network Support Specialists,Microsoft Outlook,2.E.16.a,Electronic mail software,Y,Y,1,313112,ICT Customer Support Officer,83.5
15-1231.00,Computer Network Support Specialists,Microsoft Windows,2.E.13.c,Operating system software,Y,Y,1,313112,ICT Customer Support Officer,83.5
15-1231.00,Computer Network Support Specialists,Microsoft Windows Server,2.E.13.c,Operating system software,Y,Y,1,313112,ICT Customer Support Officer,83.5
15-1231.00,Computer Network Support Specialists,ServiceNow,2.E.6.f,Data base user interface and query software,Y,Y,1,313112,ICT Customer Support Officer,83.5
15-1232.00,Computer User Support Specialists,Apple iOS,2.E.13.c,Operating system software,Y,Y,1,313112,ICT Customer Support Officer,95.0
15-1232.00,Computer User Support Specialists,Apple macOS,2.E.13.c,Operating system software,Y,Y,1,313112,ICT Customer Support Officer,95.0
15-1232.00,Computer User Support Specialists,Linux,2.E.13.c,Operating system software,Y,Y,1,313112,ICT Customer Support Officer,95.0
15-1232.00,Computer User Support Specialists,Microsoft Active Directory,2.E.10.d,Internet directory services software,Y,Y,1,313112,ICT Customer Support Officer,95.0
15-1232.00,Computer User Support Specialists,Microsoft Azure software,2.E.7.b,Development environment software,Y,Y,1,313112,ICT Customer Support Officer,95.0
15-1232.00,Computer User Support Specialists,Microsoft Excel,2.E.4.i,Spreadsheet software,Y,Y,1,313112,ICT Customer Support Officer,95.0
15-1232.00,Computer User Support Specialists,Microsoft Office software,2.E.1.k,Office suite software,Y,Y,1,313112,ICT Customer Support Officer,95.0
15-1232.00,Computer User Support Specialists,Microsoft Outlook,2.E.16.a,Electronic mail software,Y,Y,1,313112,ICT Customer Support Officer,95.0
15-1232.00,Computer User Support Specialists,Microsoft Windows,2.E.13.c,Operating system software,Y,Y,1,313112,ICT Customer Support Officer,95.0
15-1232.00,Computer User Support Specialists,ServiceNow,2.E.6.f,Data base user interface and query software,Y,Y,1,313112,ICT Customer Support Officer,95.0
15-1232.00,Computer User Support Specialists,Structured query language SQL,2.E.6.f,Data base user interface and query software,Y,Y,1,313112,ICT Customer Support Officer,95.0
15-1231.00,Computer Network Support Specialists,Firewall software,2.E.14.c,Network security and virtual private network VPN equipment software,N,Y,2,313112,ICT Customer Support Officer,83.5
15-1232.00,Computer User Support Specialists,Firewall software,2.E.14.c,Network security and virtual private network VPN equipment software,N,Y,2,313112,ICT Customer Support Officer,95.0
15-1231.00,Computer Network Support Specialists,Adobe Acrobat,2.E.5.b,Document management software,Y,N,3,313112,ICT Customer Support Officer,83.5
15-1231.00,Computer Network Support Specialists,Apache Tomcat,2.E.7.h,Web platform development software,Y,N,3,313112,ICT Customer Support Officer,83.5
15-1231.00,Computer Network Support Specialists,Bash,2.E.13.c,Operating system software,Y,N,3,313112,ICT Customer Support Officer,83.5
15-1231.00,Computer Network Support Specialists,Border Gateway Protocol BGP,2.E.12.g,Switch or router software,Y,N,3,313112,ICT Customer Support Officer,83.5
15-1231.00,Computer Network Support Specialists,Microsoft Access,2.E.6.f,Data base user interface and query software,Y,N,3,313112,ICT Customer Support Officer,83.5
15-1231.00,Computer Network Support Specialists,Microsoft Azure software,2.E.7.b,Development environment software,Y,N,3,313112,ICT Customer Support Officer,83.5
15-1231.00,Computer Network Support Specialists,Microsoft PowerPoint,2.E.4.f,Presentation software,Y,N,3,313112,ICT Customer Support Officer,83.5
15-1231.00,Computer Network Support Specialists,Microsoft PowerShell,2.E.7.b,Development environment software,Y,N,3,313112,ICT Customer Support Officer,83.5
15-1231.00,Computer Network Support Specialists,Microsoft Project,2.E.1.e,Project management software,Y,N,3,313112,ICT Customer Support Officer,83.5
15-1231.00,Computer Network Support Specialists,Microsoft SharePoint,2.E.5.b,Document management software,Y,N,3,313112,ICT Customer Support Officer,83.5
15-1231.00,Computer Network Support Specialists,Microsoft SQL Server,2.E.6.f,Data base user interface and query software,Y,N,3,313112,ICT Customer Support Officer,83.5
15-1231.00,Computer Network Support Specialists,Microsoft Visual Basic,2.E.7.b,Development environment software,Y,N,3,313112,ICT Customer Support Officer,83.5
15-1231.00,Computer Network Support Specialists,Microsoft Word,2.E.4.d,Word processing software,Y,N,3,313112,ICT Customer Support Officer,83.5
15-1231.00,Computer Network Support Specialists,MySQL,2.E.6.d,Data base management system software,Y,N,3,313112,ICT Customer Support Officer,83.5
15-1231.00,Computer Network Support Specialists,Oracle Java,2.E.7.e,Object or component oriented development software,Y,N,3,313112,ICT Customer Support Officer,83.5
15-1231.00,Computer Network Support Specialists,Perl,2.E.7.e,Object or component oriented development software,Y,N,3,313112,ICT Customer Support Officer,83.5
15-1231.00,Computer Network Support Specialists,Python,2.E.7.e,Object or component oriented development software,Y,N,3,313112,ICT Customer Support Officer,83.5
15-1231.00,Computer Network Support Specialists,Red Hat Enterprise Linux,2.E.13.c,Operating system software,Y,N,3,313112,ICT Customer Support Officer,83.5
15-1231.00,Computer Network Support Specialists,Ruby,2.E.7.b,Development environment software,Y,N,3,313112,ICT Customer Support Officer,83.5
15-1231.00,Computer Network Support Specialists,Shell script,2.E.13.c,Operating system software,Y,N,3,313112,ICT Customer Support Officer,83.5
15-1231.00,Computer Network Support Specialists,Splunk Enterprise,2.E.11.e,Cloud-based management software,Y,N,3,313112,ICT Customer Support Officer,83.5
15-1231.00,Computer Network Support Specialists,Structured query language SQL,2.E.6.f,Data base user interface and query software,Y,N,3,313112,ICT Customer Support Officer,83.5
15-1231.00,Computer Network Support Specialists,Teradata Database,2.E.6.d,Data base management system software,Y,N,3,313112,ICT Customer Support Officer,83.5
15-1231.00,Computer Network Support Specialists,UNIX,2.E.13.c,Operating system software,Y,N,3,313112,ICT Customer Support Officer,83.5
15-1231.00,Computer Network Support Specialists,UNIX Shell,2.E.13.c,Operating system software,Y,N,3,313112,ICT Customer Support Officer,83.5
15-1232.00,Computer User Support Specialists,Adobe Acrobat,2.E.5.b,Document management software,Y,N,3,313112,ICT Customer Support Officer,95.0
15-1232.00,Computer User Support Specialists,Adobe Creative Cloud software,2.E.4.b,Graphics or photo imaging software,Y,N,3,313112,ICT Customer Support Officer,95.0
15-1232.00,Computer User Support Specialists,Adobe Illustrator,2.E.4.b,Graphics or photo imaging software,Y,N,3,313112,ICT Customer Support Officer,95.0
15-1232.00,Computer User Support Specialists,Adobe InDesign,2.E.4.k,Desktop publishing software,Y,N,3,313112,ICT Customer Support Officer,95.0
15-1232.00,Computer User Support Specialists,Adobe Photoshop,2.E.4.b,Graphics or photo imaging software,Y,N,3,313112,ICT Customer Support Officer,95.0
15-1232.00,Computer User Support Specialists,AJAX,2.E.7.h,Web platform development software,Y,N,3,313112,ICT Customer Support Officer,95.0
15-1232.00,Computer User Support Specialists,Amazon Redshift,2.E.6.f,Data base user interface and query software,Y,N,3,313112,ICT Customer Support Officer,95.0
15-1232.00,Computer User Support Specialists,Amazon Web Services AWS software,2.E.6.f,Data base user interface and query software,Y,N,3,313112,ICT Customer Support Officer,95.0
15-1232.00,Computer User Support Specialists,Ansible software,2.E.1.i,Expert system software,Y,N,3,313112,ICT Customer Support Officer,95.0
15-1232.00,Computer User Support Specialists,Apache Cassandra,2.E.6.d,Data base management system software,Y,N,3,313112,ICT Customer Support Officer,95.0
15-1232.00,Computer User Support Specialists,Apache Hadoop,2.E.6.d,Data base management system software,Y,N,3,313112,ICT Customer Support Officer,95.0
15-1232.00,Computer User Support Specialists,Apache Hive,2.E.6.d,Data base management system software,Y,N,3,313112,ICT Customer Support Officer,95.0
15-1232.00,Computer User Support Specialists,Apache Kafka,2.E.7.b,Development environment software,Y,N,3,313112,ICT Customer Support Officer,95.0
15-1232.00,Computer User Support Specialists,Apache Maven,2.E.7.b,Development environment software,Y,N,3,313112,ICT Customer Support Officer,95.0
15-1232.00,Computer User Support Specialists,Apache Subversion SVN,2.E.5.c,File versioning software,Y,N,3,313112,ICT Customer Support Officer,95.0
15-1232.00,Computer User Support Specialists,Apache Tomcat,2.E.7.h,Web platform development software,Y,N,3,313112,ICT Customer Support Officer,95.0
15-1232.00,Computer User Support Specialists,Atlassian Confluence,2.E.1.e,Project management software,Y,N,3,313112,ICT Customer Support Officer,95.0
15-1232.00,Computer User Support Specialists,Atlassian JIRA,2.E.5.a,Content workflow software,Y,N,3,313112,ICT Customer Support Officer,95.0
15-1232.00,Computer User Support Specialists,Autodesk AutoCAD,2.E.9.c,Computer aided design CAD software,Y,N,3,313112,ICT Customer Support Officer,95.0
15-1232.00,Computer User Support Specialists,Autodesk Revit,2.E.9.c,Computer aided design CAD software,Y,N,3,313112,ICT Customer Support Officer,95.0
15-1232.00,Computer User Support Specialists,Bash,2.E.13.c,Operating system software,Y,N,3,313112,ICT Customer Support Officer,95.0
15-1232.00,Computer User Support Specialists,Bentley MicroStation,2.E.9.c,Computer aided design CAD software,Y,N,3,313112,ICT Customer Support Officer,95.0
15-1232.00,Computer User Support Specialists,C,2.E.7.b,Development environment software,Y,N,3,313112,ICT Customer Support Officer,95.0
15-1232.00,Computer User Support Specialists,C#,2.E.7.e,Object or component oriented development software,Y,N,3,313112,ICT Customer Support Officer,95.0
15-1232.00,Computer User Support Specialists,C++,2.E.7.e,Object or component oriented development software,Y,N,3,313112,ICT Customer Support Officer,95.0
15-1232.00,Computer User Support Specialists,Cascading style sheets CSS,2.E.7.h,Web platform development software,Y,N,3,313112,ICT Customer Support Officer,95.0
15-1232.00,Computer User Support Specialists,Chef,2.E.7.a,Configuration management software,Y,N,3,313112,ICT Customer Support Officer,95.0
15-1232.00,Computer User Support Specialists,Cisco Webex,2.E.16.b,Video conferencing software,Y,N,3,313112,ICT Customer Support Officer,95.0
15-1232.00,Computer User Support Specialists,Dassault Systemes SolidWorks,2.E.9.c,Computer aided design CAD software,Y,N,3,313112,ICT Customer Support Officer,95.0
15-1232.00,Computer User Support Specialists,Django,2.E.7.h,Web platform development software,Y,N,3,313112,ICT Customer Support Officer,95.0
15-1232.00,Computer User Support Specialists,Docker,2.E.10.a,Application server software,Y,N,3,313112,ICT Customer Support Officer,95.0
15-1232.00,Computer User Support Specialists,Eclipse IDE,2.E.7.b,Development environment software,Y,N,3,313112,ICT Customer Support Officer,95.0
15-1232.00,Computer User Support Specialists,Elasticsearch,2.E.6.d,Data base management system software,Y,N,3,313112,ICT Customer Support Officer,95.0
15-1232.00,Computer User Support Specialists,Epic Systems,2.E.9.i,Medical software,Y,N,3,313112,ICT Customer Support Officer,95.0
15-1232.00,Computer User Support Specialists,ESRI ArcGIS software,2.E.8.h,Geographic information system,Y,N,3,313112,ICT Customer Support Officer,95.0
15-1232.00,Computer User Support Specialists,Extensible markup language XML,2.E.7.c,Enterprise application integration software,Y,N,3,313112,ICT Customer Support Officer,95.0
15-1232.00,Computer User Support Specialists,Facebook,2.E.4.g,Web page creation and editing software,Y,N,3,313112,ICT Customer Support Officer,95.0
15-1232.00,Computer User Support Specialists,Git,2.E.5.c,File versioning software,Y,N,3,313112,ICT Customer Support Officer,95.0
15-1232.00,Computer User Support Specialists,GitHub,2.E.10.a,Application server software,Y,N,3,313112,ICT Customer Support Officer,95.0
15-1232.00,Computer User Support Specialists,Google Android,2.E.13.c,Operating system software,Y,N,3,313112,ICT Customer Support Officer,95.0
15-1232.00,Computer User Support Specialists,Google Angular,2.E.7.h,Web platform development software,Y,N,3,313112,ICT Customer Support Officer,95.0
15-1232.00,Computer User Support Specialists,Google Docs,2.E.4.d,Word processing software,Y,N,3,313112,ICT Customer Support Officer,95.0
15-1232.00,Computer User Support Specialists,Hibernate ORM,2.E.6.j,Object oriented data base management software,Y,N,3,313112,ICT Customer Support Officer,95.0
15-1232.00,Computer User Support Specialists,Hypertext markup language HTML,2.E.7.h,Web platform development software,Y,N,3,313112,ICT Customer Support Officer,95.0
15-1232.00,Computer User Support Specialists,JavaScript,2.E.7.h,Web platform development software,Y,N,3,313112,ICT Customer Support Officer,95.0
15-1232.00,Computer User Support Specialists,JavaScript Object Notation JSON,2.E.7.h,Web platform development software,Y,N,3,313112,ICT Customer Support Officer,95.0
15-1232.00,Computer User Support Specialists,jQuery,2.E.7.e,Object or component oriented development software,Y,N,3,313112,ICT Customer Support Officer,95.0
15-1232.00,Computer User Support Specialists,JUnit,2.E.7.f,Program testing software,Y,N,3,313112,ICT Customer Support Officer,95.0
15-1232.00,Computer User Support Specialists,Marketo Marketing Automation,2.E.1.l,Sales and marketing software,Y,N,3,313112,ICT Customer Support Officer,95.0
15-1232.00,Computer User Support Specialists,MEDITECH software,2.E.9.i,Medical software,Y,N,3,313112,ICT Customer Support Officer,95.0
15-1232.00,Computer User Support Specialists,Microsoft .NET Framework,2.E.7.b,Development environment software,Y,N,3,313112,ICT Customer Support Officer,95.0
15-1232.00,Computer User Support Specialists,Microsoft Access,2.E.6.f,Data base user interface and query software,Y,N,3,313112,ICT Customer Support Officer,95.0
15-1232.00,Computer User Support Specialists,Microsoft Active Server Pages ASP,2.E.7.h,Web platform development software,Y,N,3,313112,ICT Customer Support Officer,95.0
15-1232.00,Computer User Support Specialists,Microsoft ASP.NET,2.E.7.h,Web platform development software,Y,N,3,313112,ICT Customer Support Officer,95.0
15-1232.00,Computer User Support Specialists,Microsoft PowerPoint,2.E.4.f,Presentation software,Y,N,3,313112,ICT Customer Support Officer,95.0
15-1232.00,Computer User Support Specialists,Microsoft PowerShell,2.E.7.b,Development environment software,Y,N,3,313112,ICT Customer Support Officer,95.0
15-1232.00,Computer User Support Specialists,Microsoft Project,2.E.1.e,Project management software,Y,N,3,313112,ICT Customer Support Officer,95.0
15-1232.00,Computer User Support Specialists,Microsoft SharePoint,2.E.5.b,Document management software,Y,N,3,313112,ICT Customer Support Officer,95.0
15-1232.00,Computer User Support Specialists,Microsoft SQL Server,2.E.6.f,Data base user interface and query software,Y,N,3,313112,ICT Customer Support Officer,95.0
15-1232.00,Computer User Support Specialists,Microsoft SQL Server Integration Services SSIS,2.E.7.c,Enterprise application integration software,Y,N,3,313112,ICT Customer Support Officer,95.0
15-1232.00,Computer User Support Specialists,Microsoft SQL Server Reporting Services SSRS,2.E.6.e,Data base reporting software,Y,N,3,313112,ICT Customer Support Officer,95.0
15-1232.00,Computer User Support Specialists,Microsoft Teams,2.E.1.e,Project management software,Y,N,3,313112,ICT Customer Support Officer,95.0
15-1232.00,Computer User Support Specialists,Microsoft Visio,2.E.1.p,Process mapping and design software,Y,N,3,313112,ICT Customer Support Officer,95.0
15-1232.00,Computer User Support Specialists,Microsoft Visual Basic,2.E.7.b,Development environment software,Y,N,3,313112,ICT Customer Support Officer,95.0
15-1232.00,Computer User Support Specialists,Microsoft Visual Basic for Applications VBA,2.E.7.b,Development environment software,Y,N,3,313112,ICT Customer Support Officer,95.0
15-1232.00,Computer User Support Specialists,Microsoft Visual Studio,2.E.7.b,Development environment software,Y,N,3,313112,ICT Customer Support Officer,95.0
15-1232.00,Computer User Support Specialists,Microsoft Windows Server,2.E.13.c,Operating system software,Y,N,3,313112,ICT Customer Support Officer,95.0
15-1232.00,Computer User Support Specialists,Microsoft Word,2.E.4.d,Word processing software,Y,N,3,313112,ICT Customer Support Officer,95.0
15-1232.00,Computer User Support Specialists,MongoDB,2.E.6.d,Data base management system software,Y,N,3,313112,ICT Customer Support Officer,95.0
15-1232.00,Computer User Support Specialists,MySQL,2.E.6.f,Data base user interface and query software,Y,N,3,313112,ICT Customer Support Officer,95.0
15-1232.00,Computer User Support Specialists,Node.js,2.E.7.h,Web platform development software,Y,N,3,313112,ICT Customer Support Officer,95.0
15-1232.00,Computer User Support Specialists,NoSQL,2.E.6.d,Data base management system software,Y,N,3,313112,ICT Customer Support Officer,95.0
15-1232.00,Computer User Support Specialists,Oracle Database,2.E.6.f,Data base user interface and query software,Y,N,3,313112,ICT Customer Support Officer,95.0
15-1232.00,Computer User Support Specialists,Oracle Java,2.E.7.e,Object or component oriented development software,Y,N,3,313112,ICT Customer Support Officer,95.0
15-1232.00,Computer User Support Specialists,Oracle PeopleSoft,2.E.2.b,Enterprise resource planning ERP software,Y,N,3,313112,ICT Customer Support Officer,95.0
15-1232.00,Computer User Support Specialists,Oracle PL/SQL,2.E.6.d,Data base management system software,Y,N,3,313112,ICT Customer Support Officer,95.0
15-1232.00,Computer User Support Specialists,Oracle Primavera Enterprise Project Portfolio Management,2.E.1.e,Project management software,Y,N,3,313112,ICT Customer Support Officer,95.0
15-1232.00,Computer User Support Specialists,Perl,2.E.7.e,Object or component oriented development software,Y,N,3,313112,ICT Customer Support Officer,95.0
15-1232.00,Computer User Support Specialists,PHP,2.E.7.h,Web platform development software,Y,N,3,313112,ICT Customer Support Officer,95.0
15-1232.00,Computer User Support Specialists,PostgreSQL,2.E.6.j,Object oriented data base management software,Y,N,3,313112,ICT Customer Support Officer,95.0
15-1232.00,Computer User Support Specialists,Puppet,2.E.7.a,Configuration management software,Y,N,3,313112,ICT Customer Support Officer,95.0
15-1232.00,Computer User Support Specialists,Python,2.E.7.e,Object or component oriented development software,Y,N,3,313112,ICT Customer Support Officer,95.0
15-1232.00,Computer User Support Specialists,Red Hat Enterprise Linux,2.E.13.c,Operating system software,Y,N,3,313112,ICT Customer Support Officer,95.0
15-1232.00,Computer User Support Specialists,Ruby,2.E.7.b,Development environment software,Y,N,3,313112,ICT Customer Support Officer,95.0
15-1232.00,Computer User Support Specialists,Salesforce software,2.E.6.c,Customer relationship management CRM software,Y,N,3,313112,ICT Customer Support Officer,95.0
15-1232.00,Computer User Support Specialists,SAP software,2.E.2.b,Enterprise resource planning ERP software,Y,N,3,313112,ICT Customer Support Officer,95.0
15-1232.00,Computer User Support Specialists,SAS,2.E.9.d,Analytical or scientific software,Y,N,3,313112,ICT Customer Support Officer,95.0
15-1232.00,Computer User Support Specialists,Shell script,2.E.13.c,Operating system software,Y,N,3,313112,ICT Customer Support Officer,95.0
15-1232.00,Computer User Support Specialists,Slack,2.E.16.i,Cloud-based data access and sharing software,Y,N,3,313112,ICT Customer Support Officer,95.0
15-1232.00,Computer User Support Specialists,Splunk Enterprise,2.E.11.e,Cloud-based management software,Y,N,3,313112,ICT Customer Support Officer,95.0
15-1232.00,Computer User Support Specialists,Spring Boot,2.E.10.a,Application server software,Y,N,3,313112,ICT Customer Support Officer,95.0
15-1232.00,Computer User Support Specialists,Spring Framework,2.E.7.h,Web platform development software,Y,N,3,313112,ICT Customer Support Officer,95.0
15-1232.00,Computer User Support Specialists,Swift,2.E.7.e,Object or component oriented development software,Y,N,3,313112,ICT Customer Support Officer,95.0
15-1232.00,Computer User Support Specialists,Tableau,2.E.6.m,Business intelligence and data analysis software,Y,N,3,313112,ICT Customer Support Officer,95.0
15-1232.00,Computer User Support Specialists,Teradata Database,2.E.6.d,Data base management system software,Y,N,3,313112,ICT Customer Support Officer,95.0
15-1232.00,Computer User Support Specialists,The MathWorks MATLAB,2.E.9.d,Analytical or scientific software,Y,N,3,313112,ICT Customer Support Officer,95.0
15-1232.00,Computer User Support Specialists,Transact-SQL,2.E.6.f,Data base user interface and query software,Y,N,3,313112,ICT Customer Support Officer,95.0
15-1232.00,Computer User Support Specialists,Trimble SketchUp Pro,2.E.4.b,Graphics or photo imaging software,Y,N,3,313112,ICT Customer Support Officer,95.0
15-1232.00,Computer User Support Specialists,UNIX,2.E.13.c,Operating system software,Y,N,3,313112,ICT Customer Support Officer,95.0
15-1232.00,Computer User Support Specialists,UNIX Shell,2.E.13.c,Operating system software,Y,N,3,313112,ICT Customer Support Officer,95.0
15-1232.00,Computer User Support Specialists,Yardi software,2.E.6.f,Data base user interface and query software,Y,N,3,313112,ICT Customer Support Officer,95.0
15-1232.00,Computer User Support Specialists,Zoom,2.E.16.b,Video conferencing software,Y,N,3,313112,ICT Customer Support Officer,95.0
15-1231.00,Computer Network Support Specialists,Anti-spyware software,2.E.14.d,Transaction security and virus protection software,N,N,4,313112,ICT Customer Support Officer,83.5
15-1231.00,Computer Network Support Specialists,Antivirus software,2.E.14.d,Transaction security and virus protection software,N,N,4,313112,ICT Customer Support Officer,83.5
15-1231.00,Computer Network Support Specialists,Application management software,2.E.7.a,Configuration management software,N,N,4,313112,ICT Customer Support Officer,83.5
15-1231.00,Computer Network Support Specialists,Arping,2.E.11.a,Network monitoring software,N,N,4,313112,ICT Customer Support Officer,83.5
15-1231.00,Computer Network Support Specialists,Automated installation software,2.E.7.a,Configuration management software,N,N,4,313112,ICT Customer Support Officer,83.5
15-1231.00,Computer Network Support Specialists,B&W Port Scanner,2.E.11.a,Network monitoring software,N,N,4,313112,ICT Customer Support Officer,83.5
15-1231.00,Computer Network Support Specialists,Bentley Systems ProjectWise,2.E.1.e,Project management software,N,N,4,313112,ICT Customer Support Officer,83.5
15-1231.00,Computer Network Support Specialists,BitWizard B.V. mtr,2.E.11.a,Network monitoring software,N,N,4,313112,ICT Customer Support Officer,83.5
15-1231.00,Computer Network Support Specialists,BlackBerry Enterprise Server,2.E.13.c,Operating system software,N,N,4,313112,ICT Customer Support Officer,83.5
15-1231.00,Computer Network Support Specialists,BMC Software Control-M,2.E.7.c,Enterprise application integration software,N,N,4,313112,ICT Customer Support Officer,83.5
15-1231.00,Computer Network Support Specialists,BMC Software Remedy IT Service Management Suite,2.E.1.a,Helpdesk or call center software,N,N,4,313112,ICT Customer Support Officer,83.5
15-1231.00,Computer Network Support Specialists,Cisco Systems Cisco NetFlow Collection Engine,2.E.11.a,Network monitoring software,N,N,4,313112,ICT Customer Support Officer,83.5
15-1231.00,Computer Network Support Specialists,Cisco Systems Cisco Traffic Analyzer,2.E.11.a,Network monitoring software,N,N,4,313112,ICT Customer Support Officer,83.5
15-1231.00,Computer Network Support Specialists,Cisco Systems CiscoWorks,2.E.11.c,Administration software,N,N,4,313112,ICT Customer Support Officer,83.5
15-1231.00,Computer Network Support Specialists,Cisco Systems CiscoWorks LAN Management Solution,2.E.11.c,Administration software,N,N,4,313112,ICT Customer Support Officer,83.5
15-1231.00,Computer Network Support Specialists,Citrix cloud computing software,2.E.12.a,Access software,N,N,4,313112,ICT Customer Support Officer,83.5
15-1231.00,Computer Network Support Specialists,Clarified Networks Clarified Analyzer,2.E.11.a,Network monitoring software,N,N,4,313112,ICT Customer Support Officer,83.5
15-1231.00,Computer Network Support Specialists,Colasoft Capsa Enterprise,2.E.11.a,Network monitoring software,N,N,4,313112,ICT Customer Support Officer,83.5
15-1231.00,Computer Network Support Specialists,Colasoft Capsa Free,2.E.11.a,Network monitoring software,N,N,4,313112,ICT Customer Support Officer,83.5
15-1231.00,Computer Network Support Specialists,Compuware ClientVantage Agentless Monitoring,2.E.11.a,Network monitoring software,N,N,4,313112,ICT Customer Support Officer,83.5
15-1231.00,Computer Network Support Specialists,Congruity Technologies Inspector,2.E.11.a,Network monitoring software,N,N,4,313112,ICT Customer Support Officer,83.5
15-1231.00,Computer Network Support Specialists,Connectivity software,2.E.12.m,Platform interconnectivity software,N,N,4,313112,ICT Customer Support Officer,83.5
15-1231.00,Computer Network Support Specialists,Customer information control system CICS,2.E.6.l,Transaction server software,N,N,4,313112,ICT Customer Support Officer,83.5
15-1231.00,Computer Network Support Specialists,Dartware InterMapper,2.E.11.a,Network monitoring software,N,N,4,313112,ICT Customer Support Officer,83.5
15-1231.00,Computer Network Support Specialists,Database management software,2.E.6.d,Data base management system software,N,N,4,313112,ICT Customer Support Officer,83.5
15-1231.00,Computer Network Support Specialists,Dig,2.E.11.a,Network monitoring software,N,N,4,313112,ICT Customer Support Officer,83.5
15-1231.00,Computer Network Support Specialists,EMC Ionix Network Configuration Manager,2.E.7.a,Configuration management software,N,N,4,313112,ICT Customer Support Officer,83.5
15-1231.00,Computer Network Support Specialists,EMC NetWorker,2.E.15.f,Backup or archival software,N,N,4,313112,ICT Customer Support Officer,83.5
15-1231.00,Computer Network Support Specialists,EMC Symmetrix DMX,2.E.12.f,Storage networking software,N,N,4,313112,ICT Customer Support Officer,83.5
15-1231.00,Computer Network Support Specialists,Encryption software,2.E.14.d,Transaction security and virus protection software,N,N,4,313112,ICT Customer Support Officer,83.5
15-1231.00,Computer Network Support Specialists,Ethereal,2.E.11.a,Network monitoring software,N,N,4,313112,ICT Customer Support Officer,83.5
15-1231.00,Computer Network Support Specialists,Ettercap NG,2.E.11.a,Network monitoring software,N,N,4,313112,ICT Customer Support Officer,83.5
15-1231.00,Computer Network Support Specialists,File server software,2.E.13.a,Filesystem software,N,N,4,313112,ICT Customer Support Officer,83.5
15-1231.00,Computer Network Support Specialists,Fluke Networks Enterprise LANMeter,2.E.11.a,Network monitoring software,N,N,4,313112,ICT Customer Support Officer,83.5
15-1231.00,Computer Network Support Specialists,Help desk software,2.E.1.a,Helpdesk or call center software,N,N,4,313112,ICT Customer Support Officer,83.5
15-1231.00,Computer Network Support Specialists,Hewlett Packard HP-UX,2.E.13.c,Operating system software,N,N,4,313112,ICT Customer Support Officer,83.5
15-1231.00,Computer Network Support Specialists,Hewlett-Packard HP Network Node Manager,2.E.11.c,Administration software,N,N,4,313112,ICT Customer Support Officer,83.5
15-1231.00,Computer Network Support Specialists,IBM AIX,2.E.13.c,Operating system software,N,N,4,313112,ICT Customer Support Officer,83.5
15-1231.00,Computer Network Support Specialists,IBM Domino,2.E.12.b,Communications server software,N,N,4,313112,ICT Customer Support Officer,83.5
15-1231.00,Computer Network Support Specialists,IBM Notes,2.E.16.a,Electronic mail software,N,N,4,313112,ICT Customer Support Officer,83.5
15-1231.00,Computer Network Support Specialists,IBM Power Systems software,2.E.17.a,Enterprise system management software,N,N,4,313112,ICT Customer Support Officer,83.5
15-1231.00,Computer Network Support Specialists,IBM Security Network Intrusion Prevention System,2.E.14.b,Network security or virtual private network VPN management software,N,N,4,313112,ICT Customer Support Officer,83.5
15-1231.00,Computer Network Support Specialists,IBM Tivoli NetView Distribution Manager,2.E.13.a,Filesystem software,N,N,4,313112,ICT Customer Support Officer,83.5
15-1231.00,Computer Network Support Specialists,IBM WebSphere,2.E.11.e,Cloud-based management software,N,N,4,313112,ICT Customer Support Officer,83.5
15-1231.00,Computer Network Support Specialists,ifconfig,2.E.11.c,Administration software,N,N,4,313112,ICT Customer Support Officer,83.5
15-1231.00,Computer Network Support Specialists,Intrusion prevention system IPS,2.E.14.b,Network security or virtual private network VPN management software,N,N,4,313112,ICT Customer Support Officer,83.5
15-1231.00,Computer Network Support Specialists,ipconfig,2.E.11.c,Administration software,N,N,4,313112,ICT Customer Support Officer,83.5
15-1231.00,Computer Network Support Specialists,Job control language JCL,2.E.13.c,Operating system software,N,N,4,313112,ICT Customer Support Officer,83.5
15-1231.00,Computer Network Support Specialists,KornShell,2.E.13.c,Operating system software,N,N,4,313112,ICT Customer Support Officer,83.5
15-1231.00,Computer Network Support Specialists,LAMP Stack,2.E.7.h,Web platform development software,N,N,4,313112,ICT Customer Support Officer,83.5
15-1231.00,Computer Network Support Specialists,Load testing software,2.E.7.f,Program testing software,N,N,4,313112,ICT Customer Support Officer,83.5
15-1231.00,Computer Network Support Specialists,LogMatrix NerveCenter,2.E.11.a,Network monitoring software,N,N,4,313112,ICT Customer Support Officer,83.5
15-1231.00,Computer Network Support Specialists,McAfee,2.E.14.d,Transaction security and virus protection software,N,N,4,313112,ICT Customer Support Officer,83.5
15-1231.00,Computer Network Support Specialists,Microsoft Dynamics,2.E.2.b,Enterprise resource planning ERP software,N,N,4,313112,ICT Customer Support Officer,83.5
15-1231.00,Computer Network Support Specialists,Microsoft Exchange,2.E.16.a,Electronic mail software,N,N,4,313112,ICT Customer Support Officer,83.5
15-1231.00,Computer Network Support Specialists,Microsoft Hyper-V Server,2.E.13.c,Operating system software,N,N,4,313112,ICT Customer Support Officer,83.5
15-1231.00,Computer Network Support Specialists,Microsoft Internet Information Services (IIS),2.E.6.l,Transaction server software,N,N,4,313112,ICT Customer Support Officer,83.5
15-1231.00,Computer Network Support Specialists,Microsoft Network Monitor,2.E.11.a,Network monitoring software,N,N,4,313112,ICT Customer Support Officer,83.5
15-1231.00,Computer Network Support Specialists,Microsoft Visual Basic Scripting Edition VBScript,2.E.7.b,Development environment software,N,N,4,313112,ICT Customer Support Officer,83.5
15-1231.00,Computer Network Support Specialists,Microsoft Windows PowerShell,2.E.13.c,Operating system software,N,N,4,313112,ICT Customer Support Officer,83.5
15-1231.00,Computer Network Support Specialists,Microsoft Windows Sysprep,2.E.7.a,Configuration management software,N,N,4,313112,ICT Customer Support Officer,83.5
15-1231.00,Computer Network Support Specialists,Nagios,2.E.11.a,Network monitoring software,N,N,4,313112,ICT Customer Support Officer,83.5
15-1231.00,Computer Network Support Specialists,nbtstat,2.E.11.a,Network monitoring software,N,N,4,313112,ICT Customer Support Officer,83.5
15-1231.00,Computer Network Support Specialists,NetScout Sniffer Global Analyzer,2.E.11.a,Network monitoring software,N,N,4,313112,ICT Customer Support Officer,83.5
15-1231.00,Computer Network Support Specialists,NetScout Sniffer Portable Professional Analyzer,2.E.11.a,Network monitoring software,N,N,4,313112,ICT Customer Support Officer,83.5
15-1231.00,Computer Network Support Specialists,netstat,2.E.11.a,Network monitoring software,N,N,4,313112,ICT Customer Support Officer,83.5
15-1231.00,Computer Network Support Specialists,Network and system vulnerability assessment software,2.E.14.b,Network security or virtual private network VPN management software,N,N,4,313112,ICT Customer Support Officer,83.5
15-1231.00,Computer Network Support Specialists,Network design software,2.E.9.c,Computer aided design CAD software,N,N,4,313112,ICT Customer Support Officer,83.5
15-1231.00,Computer Network Support Specialists,Network Instruments Observer Standard,2.E.11.a,Network monitoring software,N,N,4,313112,ICT Customer Support Officer,83.5
15-1231.00,Computer Network Support Specialists,Network intrusion detection software,2.E.14.c,Network security and virtual private network VPN equipment software,N,N,4,313112,ICT Customer Support Officer,83.5
15-1231.00,Computer Network Support Specialists,ngrep,2.E.11.a,Network monitoring software,N,N,4,313112,ICT Customer Support Officer,83.5
15-1231.00,Computer Network Support Specialists,NIKSUN NetDetector,2.E.14.b,Network security or virtual private network VPN management software,N,N,4,313112,ICT Customer Support Officer,83.5
15-1231.00,Computer Network Support Specialists,Norton AntiVirus,2.E.14.d,Transaction security and virus protection software,N,N,4,313112,ICT Customer Support Officer,83.5
15-1231.00,Computer Network Support Specialists,NortonLifeLock cybersecurity software,2.E.14.d,Transaction security and virus protection software,N,N,4,313112,ICT Customer Support Officer,83.5
15-1231.00,Computer Network Support Specialists,NovaStor NovaBACKUP,2.E.15.f,Backup or archival software,N,N,4,313112,ICT Customer Support Officer,83.5
15-1231.00,Computer Network Support Specialists,Novell eDirectory,2.E.10.d,Internet directory services software,N,N,4,313112,ICT Customer Support Officer,83.5
15-1231.00,Computer Network Support Specialists,Nslookup,2.E.11.a,Network monitoring software,N,N,4,313112,ICT Customer Support Officer,83.5
15-1231.00,Computer Network Support Specialists,OPNET SP Sentinel,2.E.11.a,Network monitoring software,N,N,4,313112,ICT Customer Support Officer,83.5
15-1231.00,Computer Network Support Specialists,Oracle Solaris,2.E.13.c,Operating system software,N,N,4,313112,ICT Customer Support Officer,83.5
15-1231.00,Computer Network Support Specialists,Packet analyzers,2.E.11.a,Network monitoring software,N,N,4,313112,ICT Customer Support Officer,83.5
15-1231.00,Computer Network Support Specialists,Packet filter software,2.E.14.d,Transaction security and virus protection software,N,N,4,313112,ICT Customer Support Officer,83.5
15-1231.00,Computer Network Support Specialists,Patch and update management software,2.E.7.a,Configuration management software,N,N,4,313112,ICT Customer Support Officer,83.5
15-1231.00,Computer Network Support Specialists,Ping Identity,2.E.14.d,Transaction security and virus protection software,N,N,4,313112,ICT Customer Support Officer,83.5
15-1231.00,Computer Network Support Specialists,Port scanners,2.E.11.a,Network monitoring software,N,N,4,313112,ICT Customer Support Officer,83.5
15-1231.00,Computer Network Support Specialists,Project planning software,2.E.1.e,Project management software,N,N,4,313112,ICT Customer Support Officer,83.5
15-1231.00,Computer Network Support Specialists,Remote control software,2.E.10.b,Desktop communications software,N,N,4,313112,ICT Customer Support Officer,83.5
15-1231.00,Computer Network Support Specialists,Root kit detection software,2.E.14.d,Transaction security and virus protection software,N,N,4,313112,ICT Customer Support Officer,83.5
15-1231.00,Computer Network Support Specialists,Route,2.E.11.a,Network monitoring software,N,N,4,313112,ICT Customer Support Officer,83.5
15-1231.00,Computer Network Support Specialists,Roxio Retrospect,2.E.15.f,Backup or archival software,N,N,4,313112,ICT Customer Support Officer,83.5
15-1231.00,Computer Network Support Specialists,Security incident management software,2.E.14.b,Network security or virtual private network VPN management software,N,N,4,313112,ICT Customer Support Officer,83.5
15-1231.00,Computer Network Support Specialists,SolarWinds,2.E.14.e,Cloud-based protection or security software,N,N,4,313112,ICT Customer Support Officer,83.5
15-1231.00,Computer Network Support Specialists,Sonicwall SonicOS Enhanced,2.E.14.b,Network security or virtual private network VPN management software,N,N,4,313112,ICT Customer Support Officer,83.5
15-1231.00,Computer Network Support Specialists,Storage area network SAN software,2.E.12.f,Storage networking software,N,N,4,313112,ICT Customer Support Officer,83.5
15-1231.00,Computer Network Support Specialists,Symantec pcAnywhere,2.E.10.b,Desktop communications software,N,N,4,313112,ICT Customer Support Officer,83.5
15-1231.00,Computer Network Support Specialists,Symantec Veritas NetBackup,2.E.15.f,Backup or archival software,N,N,4,313112,ICT Customer Support Officer,83.5
15-1231.00,Computer Network Support Specialists,Tape backup system software,2.E.15.f,Backup or archival software,N,N,4,313112,ICT Customer Support Officer,83.5
15-1231.00,Computer Network Support Specialists,Tcpdump,2.E.11.a,Network monitoring software,N,N,4,313112,ICT Customer Support Officer,83.5
15-1231.00,Computer Network Support Specialists,Traceroute,2.E.11.a,Network monitoring software,N,N,4,313112,ICT Customer Support Officer,83.5
15-1231.00,Computer Network Support Specialists,Traffic shapers,2.E.11.b,Network operating system enhancement software,N,N,4,313112,ICT Customer Support Officer,83.5
15-1231.00,Computer Network Support Specialists,Ubuntu,2.E.13.c,Operating system software,N,N,4,313112,ICT Customer Support Officer,83.5
15-1231.00,Computer Network Support Specialists,Veritas NetBackup,2.E.15.f,Backup or archival software,N,N,4,313112,ICT Customer Support Officer,83.5
15-1231.00,Computer Network Support Specialists,Virtual private networking VPN software,2.E.14.c,Network security and virtual private network VPN equipment software,N,N,4,313112,ICT Customer Support Officer,83.5
15-1231.00,Computer Network Support Specialists,VMware,2.E.6.b,Clustering software,N,N,4,313112,ICT Customer Support Officer,83.5
15-1231.00,Computer Network Support Specialists,Voice over internet protocol VoIP system software,2.E.11.d,Internet protocol IP multimedia subsystem software,N,N,4,313112,ICT Customer Support Officer,83.5
15-1231.00,Computer Network Support Specialists,WildPackets OmniPeek Network Analyzer,2.E.11.a,Network monitoring software,N,N,4,313112,ICT Customer Support Officer,83.5
15-1231.00,Computer Network Support Specialists,Wireshark,2.E.11.a,Network monitoring software,N,N,4,313112,ICT Customer Support Officer,83.5
15-1231.00,Computer Network Support Specialists,Zabbix,2.E.11.a,Network monitoring software,N,N,4,313112,ICT Customer Support Officer,83.5
15-1232.00,Computer User Support Specialists,3M Post-it App,2.E.4.d,Word processing software,N,N,4,313112,ICT Customer Support Officer,95.0
15-1232.00,Computer User Support Specialists,Active directory software,2.E.10.d,Internet directory services software,N,N,4,313112,ICT Customer Support Officer,95.0
15-1232.00,Computer User Support Specialists,Adobe ActionScript,2.E.7.b,Development environment software,N,N,4,313112,ICT Customer Support Officer,95.0
15-1232.00,Computer User Support Specialists,Adobe Distiller,2.E.4.k,Desktop publishing software,N,N,4,313112,ICT Customer Support Officer,95.0
15-1232.00,Computer User Support Specialists,Adobe Dreamweaver,2.E.4.g,Web page creation and editing software,N,N,4,313112,ICT Customer Support Officer,95.0
15-1232.00,Computer User Support Specialists,Advanced business application programming ABAP,2.E.7.e,Object or component oriented development software,N,N,4,313112,ICT Customer Support Officer,95.0
15-1232.00,Computer User Support Specialists,Apache Ant,2.E.7.b,Development environment software,N,N,4,313112,ICT Customer Support Officer,95.0
15-1232.00,Computer User Support Specialists,Apache Groovy,2.E.7.e,Object or component oriented development software,N,N,4,313112,ICT Customer Support Officer,95.0
15-1232.00,Computer User Support Specialists,Apache HTTP Server,2.E.6.k,Portal server software,N,N,4,313112,ICT Customer Support Officer,95.0
15-1232.00,Computer User Support Specialists,Apache Pig,2.E.6.d,Data base management system software,N,N,4,313112,ICT Customer Support Officer,95.0
15-1232.00,Computer User Support Specialists,Apache Solr,2.E.6.d,Data base management system software,N,N,4,313112,ICT Customer Support Officer,95.0
15-1232.00,Computer User Support Specialists,Apache Struts,2.E.7.h,Web platform development software,N,N,4,313112,ICT Customer Support Officer,95.0
15-1232.00,Computer User Support Specialists,Apple Final Cut Pro,2.E.4.c,Video creation and editing software,N,N,4,313112,ICT Customer Support Officer,95.0
15-1232.00,Computer User Support Specialists,Atlassian Bamboo,2.E.7.c,Enterprise application integration software,N,N,4,313112,ICT Customer Support Officer,95.0
15-1232.00,Computer User Support Specialists,Automated installation software,2.E.7.a,Configuration management software,N,N,4,313112,ICT Customer Support Officer,95.0
15-1232.00,Computer User Support Specialists,Blackboard software,2.E.6.f,Data base user interface and query software,N,N,4,313112,ICT Customer Support Officer,95.0
15-1232.00,Computer User Support Specialists,Blink,2.E.16.d,Instant messaging software,N,N,4,313112,ICT Customer Support Officer,95.0
15-1232.00,Computer User Support Specialists,Call center software,2.E.1.a,Helpdesk or call center software,N,N,4,313112,ICT Customer Support Officer,95.0
15-1232.00,Computer User Support Specialists,Cisco IOS,2.E.13.c,Operating system software,N,N,4,313112,ICT Customer Support Officer,95.0
15-1232.00,Computer User Support Specialists,Citrix cloud computing software,2.E.12.a,Access software,N,N,4,313112,ICT Customer Support Officer,95.0
15-1232.00,Computer User Support Specialists,Common business oriented language COBOL,2.E.7.b,Development environment software,N,N,4,313112,ICT Customer Support Officer,95.0
15-1232.00,Computer User Support Specialists,CrossTec NetOp Remote Control,2.E.10.b,Desktop communications software,N,N,4,313112,ICT Customer Support Officer,95.0
15-1232.00,Computer User Support Specialists,Customer information control system CICS,2.E.6.l,Transaction server software,N,N,4,313112,ICT Customer Support Officer,95.0
15-1232.00,Computer User Support Specialists,Dartware InterMapper,2.E.11.a,Network monitoring software,N,N,4,313112,ICT Customer Support Officer,95.0
15-1232.00,Computer User Support Specialists,Dassault Systemes CATIA,2.E.9.c,Computer aided design CAD software,N,N,4,313112,ICT Customer Support Officer,95.0
15-1232.00,Computer User Support Specialists,Data entry software,2.E.6.f,Data base user interface and query software,N,N,4,313112,ICT Customer Support Officer,95.0
15-1232.00,Computer User Support Specialists,Database software,2.E.6.f,Data base user interface and query software,N,N,4,313112,ICT Customer Support Officer,95.0
15-1232.00,Computer User Support Specialists,Defect tracking software,2.E.7.f,Program testing software,N,N,4,313112,ICT Customer Support Officer,95.0
15-1232.00,Computer User Support Specialists,Delphi Technology,2.E.2.d,Financial analysis software,N,N,4,313112,ICT Customer Support Officer,95.0
15-1232.00,Computer User Support Specialists,Deployment software,2.E.7.a,Configuration management software,N,N,4,313112,ICT Customer Support Officer,95.0
15-1232.00,Computer User Support Specialists,Desktop partitioning software,2.E.13.a,Filesystem software,N,N,4,313112,ICT Customer Support Officer,95.0
15-1232.00,Computer User Support Specialists,Disaster recovery software,2.E.15.f,Backup or archival software,N,N,4,313112,ICT Customer Support Officer,95.0
15-1232.00,Computer User Support Specialists,Domain name system DNS,2.E.10.d,Internet directory services software,N,N,4,313112,ICT Customer Support Officer,95.0
15-1232.00,Computer User Support Specialists,Dropbox,2.E.16.i,Cloud-based data access and sharing software,N,N,4,313112,ICT Customer Support Officer,95.0
15-1232.00,Computer User Support Specialists,Drupal,2.E.7.h,Web platform development software,N,N,4,313112,ICT Customer Support Officer,95.0
15-1232.00,Computer User Support Specialists,Dynamic hypertext markup language DHTML,2.E.7.h,Web platform development software,N,N,4,313112,ICT Customer Support Officer,95.0
15-1232.00,Computer User Support Specialists,Element management software,2.E.11.c,Administration software,N,N,4,313112,ICT Customer Support Officer,95.0
15-1232.00,Computer User Support Specialists,Encryption software,2.E.14.d,Transaction security and virus protection software,N,N,4,313112,ICT Customer Support Officer,95.0
15-1232.00,Computer User Support Specialists,Enterprise JavaBeans,2.E.7.h,Web platform development software,N,N,4,313112,ICT Customer Support Officer,95.0
15-1232.00,Computer User Support Specialists,Event log monitor software,2.E.13.c,Operating system software,N,N,4,313112,ICT Customer Support Officer,95.0
15-1232.00,Computer User Support Specialists,Ext JS,2.E.7.h,Web platform development software,N,N,4,313112,ICT Customer Support Officer,95.0
15-1232.00,Computer User Support Specialists,Extensible hypertext markup language XHTML,2.E.7.h,Web platform development software,N,N,4,313112,ICT Customer Support Officer,95.0
15-1232.00,Computer User Support Specialists,FileMaker Pro,2.E.6.f,Data base user interface and query software,N,N,4,313112,ICT Customer Support Officer,95.0
15-1232.00,Computer User Support Specialists,Flipgrid,2.E.4.c,Video creation and editing software,N,N,4,313112,ICT Customer Support Officer,95.0
15-1232.00,Computer User Support Specialists,Fund accounting software,2.E.2.a,Accounting software,N,N,4,313112,ICT Customer Support Officer,95.0
15-1232.00,Computer User Support Specialists,Geographic information system GIS software,2.E.8.h,Geographic information system,N,N,4,313112,ICT Customer Support Officer,95.0
15-1232.00,Computer User Support Specialists,Google Classroom,2.E.1.e,Project management software,N,N,4,313112,ICT Customer Support Officer,95.0
15-1232.00,Computer User Support Specialists,Google Drive,2.E.16.i,Cloud-based data access and sharing software,N,N,4,313112,ICT Customer Support Officer,95.0
15-1232.00,Computer User Support Specialists,Google Meet,2.E.16.b,Video conferencing software,N,N,4,313112,ICT Customer Support Officer,95.0
15-1232.00,Computer User Support Specialists,Google Sites,2.E.4.g,Web page creation and editing software,N,N,4,313112,ICT Customer Support Officer,95.0
15-1232.00,Computer User Support Specialists,Help desk software,2.E.1.a,Helpdesk or call center software,N,N,4,313112,ICT Customer Support Officer,95.0
15-1232.00,Computer User Support Specialists,Hewlett Packard HP-UX,2.E.13.c,Operating system software,N,N,4,313112,ICT Customer Support Officer,95.0
15-1232.00,Computer User Support Specialists,Hewlett Packard LoadRunner,2.E.7.f,Program testing software,N,N,4,313112,ICT Customer Support Officer,95.0
15-1232.00,Computer User Support Specialists,Human resource management software HRMS,2.E.1.c,Human resources software,N,N,4,313112,ICT Customer Support Officer,95.0
15-1232.00,Computer User Support Specialists,IBM Cognos Impromptu,2.E.6.m,Business intelligence and data analysis software,N,N,4,313112,ICT Customer Support Officer,95.0
15-1232.00,Computer User Support Specialists,IBM Domino,2.E.12.b,Communications server software,N,N,4,313112,ICT Customer Support Officer,95.0
15-1232.00,Computer User Support Specialists,IBM InfoSphere DataStage,2.E.7.c,Enterprise application integration software,N,N,4,313112,ICT Customer Support Officer,95.0
15-1232.00,Computer User Support Specialists,IBM Notes,2.E.16.a,Electronic mail software,N,N,4,313112,ICT Customer Support Officer,95.0
15-1232.00,Computer User Support Specialists,IBM Power Systems software,2.E.17.a,Enterprise system management software,N,N,4,313112,ICT Customer Support Officer,95.0
15-1232.00,Computer User Support Specialists,IBM WebSphere,2.E.11.e,Cloud-based management software,N,N,4,313112,ICT Customer Support Officer,95.0
15-1232.00,Computer User Support Specialists,Information systems integration software,2.E.6.h,Information retrieval or search software,N,N,4,313112,ICT Customer Support Officer,95.0
15-1232.00,Computer User Support Specialists,Integrated development environment IDE software,2.E.7.b,Development environment software,N,N,4,313112,ICT Customer Support Officer,95.0
15-1232.00,Computer User Support Specialists,iPro,2.E.6.f,Data base user interface and query software,N,N,4,313112,ICT Customer Support Officer,95.0
15-1232.00,Computer User Support Specialists,Job control language JCL,2.E.13.c,Operating system software,N,N,4,313112,ICT Customer Support Officer,95.0
15-1232.00,Computer User Support Specialists,KornShell,2.E.13.c,Operating system software,N,N,4,313112,ICT Customer Support Officer,95.0
15-1232.00,Computer User Support Specialists,LAMP Stack,2.E.7.h,Web platform development software,N,N,4,313112,ICT Customer Support Officer,95.0
15-1232.00,Computer User Support Specialists,LexisNexis,2.E.6.h,Information retrieval or search software,N,N,4,313112,ICT Customer Support Officer,95.0
15-1232.00,Computer User Support Specialists,LogMeIn GoToMeeting,2.E.16.b,Video conferencing software,N,N,4,313112,ICT Customer Support Officer,95.0
15-1232.00,Computer User Support Specialists,LogMeIn GoToWebinar,2.E.16.c,Network conferencing software,N,N,4,313112,ICT Customer Support Officer,95.0
15-1232.00,Computer User Support Specialists,Lucid IQ CMP,2.E.6.f,Data base user interface and query software,N,N,4,313112,ICT Customer Support Officer,95.0
15-1232.00,Computer User Support Specialists,Mac HelpMate,2.E.12.a,Access software,N,N,4,313112,ICT Customer Support Officer,95.0
15-1232.00,Computer User Support Specialists,McAfee,2.E.14.d,Transaction security and virus protection software,N,N,4,313112,ICT Customer Support Officer,95.0
15-1232.00,Computer User Support Specialists,Media storage management software,2.E.12.f,Storage networking software,N,N,4,313112,ICT Customer Support Officer,95.0
15-1232.00,Computer User Support Specialists,Microsoft ActiveX,2.E.7.e,Object or component oriented development software,N,N,4,313112,ICT Customer Support Officer,95.0
15-1232.00,Computer User Support Specialists,Microsoft ASP.NET Core MVC,2.E.7.h,Web platform development software,N,N,4,313112,ICT Customer Support Officer,95.0
15-1232.00,Computer User Support Specialists,Microsoft Dynamics,2.E.2.b,Enterprise resource planning ERP software,N,N,4,313112,ICT Customer Support Officer,95.0
15-1232.00,Computer User Support Specialists,Microsoft Dynamics GP,2.E.2.b,Enterprise resource planning ERP software,N,N,4,313112,ICT Customer Support Officer,95.0
15-1232.00,Computer User Support Specialists,Microsoft Exchange,2.E.16.a,Electronic mail software,N,N,4,313112,ICT Customer Support Officer,95.0
15-1232.00,Computer User Support Specialists,Microsoft OneNote,2.E.4.d,Word processing software,N,N,4,313112,ICT Customer Support Officer,95.0
15-1232.00,Computer User Support Specialists,Microsoft Publisher,2.E.4.k,Desktop publishing software,N,N,4,313112,ICT Customer Support Officer,95.0
15-1232.00,Computer User Support Specialists,Microsoft Visual Basic Scripting Edition VBScript,2.E.7.b,Development environment software,N,N,4,313112,ICT Customer Support Officer,95.0
15-1232.00,Computer User Support Specialists,Microsoft Volume Shadow Copy Service,2.E.15.f,Backup or archival software,N,N,4,313112,ICT Customer Support Officer,95.0
15-1232.00,Computer User Support Specialists,Microsoft Windows Pre-installation Environment,2.E.13.c,Operating system software,N,N,4,313112,ICT Customer Support Officer,95.0
15-1232.00,Computer User Support Specialists,MicroStrategy,2.E.6.m,Business intelligence and data analysis software,N,N,4,313112,ICT Customer Support Officer,95.0
15-1232.00,Computer User Support Specialists,Migration software,2.E.12.m,Platform interconnectivity software,N,N,4,313112,ICT Customer Support Officer,95.0
15-1232.00,Computer User Support Specialists,Moodle,2.E.8.b,Computer based training software,N,N,4,313112,ICT Customer Support Officer,95.0
15-1232.00,Computer User Support Specialists,Nagios,2.E.11.a,Network monitoring software,N,N,4,313112,ICT Customer Support Officer,95.0
15-1232.00,Computer User Support Specialists,National Instruments LabVIEW,2.E.7.b,Development environment software,N,N,4,313112,ICT Customer Support Officer,95.0
15-1232.00,Computer User Support Specialists,Nearpod,2.E.8.e,Multi-media educational software,N,N,4,313112,ICT Customer Support Officer,95.0
15-1232.00,Computer User Support Specialists,NetSuite ERP,2.E.2.b,Enterprise resource planning ERP software,N,N,4,313112,ICT Customer Support Officer,95.0
15-1232.00,Computer User Support Specialists,Network directory services software,2.E.10.d,Internet directory services software,N,N,4,313112,ICT Customer Support Officer,95.0
15-1232.00,Computer User Support Specialists,NortonLifeLock cybersecurity software,2.E.14.d,Transaction security and virus protection software,N,N,4,313112,ICT Customer Support Officer,95.0
15-1232.00,Computer User Support Specialists,Objective C,2.E.7.e,Object or component oriented development software,N,N,4,313112,ICT Customer Support Officer,95.0
15-1232.00,Computer User Support Specialists,Operating system monitoring software,2.E.13.c,Operating system software,N,N,4,313112,ICT Customer Support Officer,95.0
15-1232.00,Computer User Support Specialists,Oracle Business Intelligence Enterprise Edition,2.E.6.m,Business intelligence and data analysis software,N,N,4,313112,ICT Customer Support Officer,95.0
15-1232.00,Computer User Support Specialists,Oracle E-Business Suite Financials,2.E.2.d,Financial analysis software,N,N,4,313112,ICT Customer Support Officer,95.0
15-1232.00,Computer User Support Specialists,Oracle Fusion Applications,2.E.2.b,Enterprise resource planning ERP software,N,N,4,313112,ICT Customer Support Officer,95.0
15-1232.00,Computer User Support Specialists,Oracle Fusion Middleware,2.E.7.c,Enterprise application integration software,N,N,4,313112,ICT Customer Support Officer,95.0
15-1232.00,Computer User Support Specialists,Oracle Hyperion,2.E.2.b,Enterprise resource planning ERP software,N,N,4,313112,ICT Customer Support Officer,95.0
15-1232.00,Computer User Support Specialists,Oracle JavaServer Pages JSP,2.E.7.h,Web platform development software,N,N,4,313112,ICT Customer Support Officer,95.0
15-1232.00,Computer User Support Specialists,Oracle JD Edwards EnterpriseOne,2.E.2.b,Enterprise resource planning ERP software,N,N,4,313112,ICT Customer Support Officer,95.0
15-1232.00,Computer User Support Specialists,Oracle JDBC,2.E.6.f,Data base user interface and query software,N,N,4,313112,ICT Customer Support Officer,95.0
15-1232.00,Computer User Support Specialists,Oracle Solaris,2.E.13.c,Operating system software,N,N,4,313112,ICT Customer Support Officer,95.0
15-1232.00,Computer User Support Specialists,Oracle Taleo,2.E.1.c,Human resources software,N,N,4,313112,ICT Customer Support Officer,95.0
15-1232.00,Computer User Support Specialists,Oracle WebLogic Server,2.E.10.a,Application server software,N,N,4,313112,ICT Customer Support Officer,95.0
15-1232.00,Computer User Support Specialists,ParentSquare,2.E.10.b,Desktop communications software,N,N,4,313112,ICT Customer Support Officer,95.0
15-1232.00,Computer User Support Specialists,Password management software,2.E.14.a,Authentication server software,N,N,4,313112,ICT Customer Support Officer,95.0
15-1232.00,Computer User Support Specialists,Patch management software,2.E.7.a,Configuration management software,N,N,4,313112,ICT Customer Support Officer,95.0
15-1232.00,Computer User Support Specialists,Perforce Helix software,2.E.7.a,Configuration management software,N,N,4,313112,ICT Customer Support Officer,95.0
15-1232.00,Computer User Support Specialists,Personal computer diagnostic software,2.E.7.f,Program testing software,N,N,4,313112,ICT Customer Support Officer,95.0
15-1232.00,Computer User Support Specialists,Poll Everywhere,2.E.4.f,Presentation software,N,N,4,313112,ICT Customer Support Officer,95.0
15-1232.00,Computer User Support Specialists,Qlik Tech QlikView,2.E.6.m,Business intelligence and data analysis software,N,N,4,313112,ICT Customer Support Officer,95.0
15-1232.00,Computer User Support Specialists,Quest Erwin Data Modeler,2.E.6.i,Metadata management software,N,N,4,313112,ICT Customer Support Officer,95.0
15-1232.00,Computer User Support Specialists,Red Hat WildFly,2.E.10.a,Application server software,N,N,4,313112,ICT Customer Support Officer,95.0
15-1232.00,Computer User Support Specialists,Relational database management software,2.E.6.d,Data base management system software,N,N,4,313112,ICT Customer Support Officer,95.0
15-1232.00,Computer User Support Specialists,Remote control software,2.E.10.b,Desktop communications software,N,N,4,313112,ICT Customer Support Officer,95.0
15-1232.00,Computer User Support Specialists,Remote install server software,2.E.13.b,Network operation system software,N,N,4,313112,ICT Customer Support Officer,95.0
15-1232.00,Computer User Support Specialists,Ruby on Rails,2.E.7.h,Web platform development software,N,N,4,313112,ICT Customer Support Officer,95.0
15-1232.00,Computer User Support Specialists,Sage 50 Accounting,2.E.2.a,Accounting software,N,N,4,313112,ICT Customer Support Officer,95.0
15-1232.00,Computer User Support Specialists,Salesforce Visualforce,2.E.7.d,Graphical user interface development software,N,N,4,313112,ICT Customer Support Officer,95.0
15-1232.00,Computer User Support Specialists,SAP Business Objects,2.E.2.b,Enterprise resource planning ERP software,N,N,4,313112,ICT Customer Support Officer,95.0
15-1232.00,Computer User Support Specialists,SAP Crystal Reports,2.E.6.e,Data base reporting software,N,N,4,313112,ICT Customer Support Officer,95.0
15-1232.00,Computer User Support Specialists,Schoology,2.E.8.b,Computer based training software,N,N,4,313112,ICT Customer Support Officer,95.0
15-1232.00,Computer User Support Specialists,Seesaw,2.E.8.e,Multi-media educational software,N,N,4,313112,ICT Customer Support Officer,95.0
15-1232.00,Computer User Support Specialists,Skype,2.E.10.b,Desktop communications software,N,N,4,313112,ICT Customer Support Officer,95.0
15-1232.00,Computer User Support Specialists,SmugMug Flickr,2.E.4.b,Graphics or photo imaging software,N,N,4,313112,ICT Customer Support Officer,95.0
15-1232.00,Computer User Support Specialists,Software asset management SAM software,2.E.6.f,Data base user interface and query software,N,N,4,313112,ICT Customer Support Officer,95.0
15-1232.00,Computer User Support Specialists,SolarWinds,2.E.14.e,Cloud-based protection or security software,N,N,4,313112,ICT Customer Support Officer,95.0
15-1232.00,Computer User Support Specialists,Stac Software ReachOut,2.E.10.b,Desktop communications software,N,N,4,313112,ICT Customer Support Officer,95.0
15-1232.00,Computer User Support Specialists,StataCorp Stata,2.E.9.d,Analytical or scientific software,N,N,4,313112,ICT Customer Support Officer,95.0
15-1232.00,Computer User Support Specialists,Supervisory control and data acquisition SCADA software,2.E.9.g,Industrial control software,N,N,4,313112,ICT Customer Support Officer,95.0
15-1232.00,Computer User Support Specialists,Symantec LiveState,2.E.15.f,Backup or archival software,N,N,4,313112,ICT Customer Support Officer,95.0
15-1232.00,Computer User Support Specialists,Symantec Norton Utilities,2.E.13.a,Filesystem software,N,N,4,313112,ICT Customer Support Officer,95.0
15-1232.00,Computer User Support Specialists,Symantec pcAnywhere,2.E.10.b,Desktop communications software,N,N,4,313112,ICT Customer Support Officer,95.0
15-1232.00,Computer User Support Specialists,Tax software,2.E.2.a,Accounting software,N,N,4,313112,ICT Customer Support Officer,95.0
15-1232.00,Computer User Support Specialists,Ubuntu,2.E.13.c,Operating system software,N,N,4,313112,ICT Customer Support Officer,95.0
15-1232.00,Computer User Support Specialists,Unified modeling language UML,2.E.7.g,Requirements analysis and system architecture software,N,N,4,313112,ICT Customer Support Officer,95.0
15-1232.00,Computer User Support Specialists,Veritas NetBackup,2.E.15.f,Backup or archival software,N,N,4,313112,ICT Customer Support Officer,95.0
15-1232.00,Computer User Support Specialists,Virtual private networking VPN software,2.E.14.b,Network security or virtual private network VPN management software,N,N,4,313112,ICT Customer Support Officer,95.0
15-1232.00,Computer User Support Specialists,Virus scanning software,2.E.14.d,Transaction security and virus protection software,N,N,4,313112,ICT Customer Support Officer,95.0
15-1232.00,Computer User Support Specialists,VMware,2.E.6.b,Clustering software,N,N,4,313112,ICT Customer Support Officer,95.0
15-1232.00,Computer User Support Specialists,Voice over internet protocol VoIP system software,2.E.11.d,Internet protocol IP multimedia subsystem software,N,N,4,313112,ICT Customer Support Officer,95.0
15-1232.00,Computer User Support Specialists,Wireshark,2.E.11.a,Network monitoring software,N,N,4,313112,ICT Customer Support Officer,95.0
15-1232.00,Computer User Support Specialists,YouTube,2.E.4.c,Video creation and editing software,N,N,4,313112,ICT Customer Support Officer,95.0
15-1299.01,Web Administrators,Adobe Photoshop,2.E.4.b,Graphics or photo imaging software,Y,Y,1,313113,Web Administrator,98.0
15-1299.01,Web Administrators,Cascading style sheets CSS,2.E.7.h,Web platform development software,Y,Y,1,313113,Web Administrator,98.0
15-1299.01,Web Administrators,Google Analytics,2.E.9.d,Analytical or scientific software,Y,Y,1,313113,Web Administrator,98.0
15-1299.01,Web Administrators,Hypertext markup language HTML,2.E.7.h,Web platform development software,Y,Y,1,313113,Web Administrator,98.0
15-1299.01,Web Administrators,JavaScript,2.E.7.h,Web platform development software,Y,Y,1,313113,Web Administrator,98.0
15-1299.01,Web Administrators,Microsoft Access,2.E.6.f,Data base user interface and query software,Y,Y,1,313113,Web Administrator,98.0
15-1299.01,Web Administrators,Microsoft Active Directory,2.E.10.d,Internet directory services software,Y,Y,1,313113,Web Administrator,98.0
15-1299.01,Web Administrators,Microsoft Office software,2.E.1.k,Office suite software,Y,Y,1,313113,Web Administrator,98.0
15-1299.01,Web Administrators,Microsoft SharePoint,2.E.5.b,Document management software,Y,Y,1,313113,Web Administrator,98.0
15-1299.01,Web Administrators,Microsoft SQL Server,2.E.6.f,Data base user interface and query software,Y,Y,1,313113,Web Administrator,98.0
15-1299.01,Web Administrators,Oracle Java,2.E.7.e,Object or component oriented development software,Y,Y,1,313113,Web Administrator,98.0
15-1299.01,Web Administrators,PHP,2.E.7.h,Web platform development software,Y,Y,1,313113,Web Administrator,98.0
15-1299.01,Web Administrators,Structured query language SQL,2.E.6.f,Data base user interface and query software,Y,Y,1,313113,Web Administrator,98.0
15-1299.01,Web Administrators,WordPress,2.E.4.g,Web page creation and editing software,Y,Y,1,313113,Web Administrator,98.0
15-1299.01,Web Administrators,Content management systems CMS,2.E.4.g,Web page creation and editing software,N,Y,2,313113,Web Administrator,98.0
15-1299.01,Web Administrators,Drupal,2.E.7.h,Web platform development software,N,Y,2,313113,Web Administrator,98.0
15-1299.01,Web Administrators,Microsoft Internet Information Services (IIS),2.E.6.l,Transaction server software,N,Y,2,313113,Web Administrator,98.0
15-1299.01,Web Administrators,Microsoft Internet Information Services (IIS) Manager,2.E.6.l,Transaction server software,N,Y,2,313113,Web Administrator,98.0
15-1299.01,Web Administrators,Software development tools,2.E.7.b,Development environment software,N,Y,2,313113,Web Administrator,98.0
15-1299.01,Web Administrators,Web application framework software,2.E.7.h,Web platform development software,N,Y,2,313113,Web Administrator,98.0
15-1299.01,Web Administrators,Web application software,2.E.7.b,Development environment software,N,Y,2,313113,Web Administrator,98.0
15-1299.01,Web Administrators,Web server software,2.E.6.l,Transaction server software,N,Y,2,313113,Web Administrator,98.0
15-1299.01,Web Administrators,Adobe Acrobat,2.E.5.b,Document management software,Y,N,3,313113,Web Administrator,98.0
15-1299.01,Web Administrators,Adobe Creative Cloud software,2.E.4.b,Graphics or photo imaging software,Y,N,3,313113,Web Administrator,98.0
15-1299.01,Web Administrators,Adobe Illustrator,2.E.4.b,Graphics or photo imaging software,Y,N,3,313113,Web Administrator,98.0
15-1299.01,Web Administrators,Adobe InDesign,2.E.4.k,Desktop publishing software,Y,N,3,313113,Web Administrator,98.0
15-1299.01,Web Administrators,AJAX,2.E.7.h,Web platform development software,Y,N,3,313113,Web Administrator,98.0
15-1299.01,Web Administrators,Amazon Web Services AWS software,2.E.6.f,Data base user interface and query software,Y,N,3,313113,Web Administrator,98.0
15-1299.01,Web Administrators,Apache Tomcat,2.E.7.h,Web platform development software,Y,N,3,313113,Web Administrator,98.0
15-1299.01,Web Administrators,Apple Safari,2.E.10.e,Internet browser software,Y,N,3,313113,Web Administrator,98.0
15-1299.01,Web Administrators,Extensible markup language XML,2.E.7.c,Enterprise application integration software,Y,N,3,313113,Web Administrator,98.0
15-1299.01,Web Administrators,IBM WebSphere MQ,2.E.11.e,Cloud-based management software,Y,N,3,313113,Web Administrator,98.0
15-1299.01,Web Administrators,jQuery,2.E.7.h,Web platform development software,Y,N,3,313113,Web Administrator,98.0
15-1299.01,Web Administrators,Linux,2.E.13.c,Operating system software,Y,N,3,313113,Web Administrator,98.0
15-1299.01,Web Administrators,Microsoft .NET Framework,2.E.7.b,Development environment software,Y,N,3,313113,Web Administrator,98.0
15-1299.01,Web Administrators,Microsoft Active Server Pages ASP,2.E.7.h,Web platform development software,Y,N,3,313113,Web Administrator,98.0
15-1299.01,Web Administrators,Microsoft Azure software,2.E.7.b,Development environment software,Y,N,3,313113,Web Administrator,98.0
15-1299.01,Web Administrators,Microsoft Excel,2.E.4.i,Spreadsheet software,Y,N,3,313113,Web Administrator,98.0
15-1299.01,Web Administrators,Microsoft PowerPoint,2.E.4.f,Presentation software,Y,N,3,313113,Web Administrator,98.0
15-1299.01,Web Administrators,Microsoft Project,2.E.1.e,Project management software,Y,N,3,313113,Web Administrator,98.0
15-1299.01,Web Administrators,Microsoft Visio,2.E.1.p,Process mapping and design software,Y,N,3,313113,Web Administrator,98.0
15-1299.01,Web Administrators,Microsoft Visual Studio,2.E.7.b,Development environment software,Y,N,3,313113,Web Administrator,98.0
15-1299.01,Web Administrators,Microsoft Windows,2.E.13.c,Operating system software,Y,N,3,313113,Web Administrator,98.0
15-1299.01,Web Administrators,Microsoft Word,2.E.4.d,Word processing software,Y,N,3,313113,Web Administrator,98.0
15-1299.01,Web Administrators,Mozilla Firefox,2.E.10.e,Internet browser software,Y,N,3,313113,Web Administrator,98.0
15-1299.01,Web Administrators,MySQL,2.E.6.f,Data base user interface and query software,Y,N,3,313113,Web Administrator,98.0
15-1299.01,Web Administrators,Oracle Primavera Enterprise Project Portfolio Management,2.E.1.e,Project management software,Y,N,3,313113,Web Administrator,98.0
15-1299.01,Web Administrators,Perl,2.E.7.e,Object or component oriented development software,Y,N,3,313113,Web Administrator,98.0
15-1299.01,Web Administrators,PostgreSQL,2.E.6.j,Object oriented data base management software,Y,N,3,313113,Web Administrator,98.0
15-1299.01,Web Administrators,Python,2.E.7.e,Object or component oriented development software,Y,N,3,313113,Web Administrator,98.0
15-1299.01,Web Administrators,Red Hat Enterprise Linux,2.E.13.c,Operating system software,Y,N,3,313113,Web Administrator,98.0
15-1299.01,Web Administrators,SAS,2.E.9.d,Analytical or scientific software,Y,N,3,313113,Web Administrator,98.0
15-1299.01,Web Administrators,Shell script,2.E.13.c,Operating system software,Y,N,3,313113,Web Administrator,98.0
15-1299.01,Web Administrators,UNIX,2.E.13.c,Operating system software,Y,N,3,313113,Web Administrator,98.0
15-1299.01,Web Administrators,Adobe ActionScript,2.E.7.b,Development environment software,N,N,4,313113,Web Administrator,98.0
15-1299.01,Web Administrators,Adobe ColdFusion,2.E.7.h,Web platform development software,N,N,4,313113,Web Administrator,98.0
15-1299.01,Web Administrators,Adobe Director,2.E.4.c,Video creation and editing software,N,N,4,313113,Web Administrator,98.0
15-1299.01,Web Administrators,Adobe Dreamweaver,2.E.4.g,Web page creation and editing software,N,N,4,313113,Web Administrator,98.0
15-1299.01,Web Administrators,Adobe Experience Manager (AEM),2.E.4.g,Web page creation and editing software,N,N,4,313113,Web Administrator,98.0
15-1299.01,Web Administrators,Adobe FreeHand MX,2.E.4.b,Graphics or photo imaging software,N,N,4,313113,Web Administrator,98.0
15-1299.01,Web Administrators,Adobe Macromedia HomeSite,2.E.4.g,Web page creation and editing software,N,N,4,313113,Web Administrator,98.0
15-1299.01,Web Administrators,Adobe PageMaker,2.E.4.k,Desktop publishing software,N,N,4,313113,Web Administrator,98.0
15-1299.01,Web Administrators,Apache Ant,2.E.7.b,Development environment software,N,N,4,313113,Web Administrator,98.0
15-1299.01,Web Administrators,Apache HTTP Server,2.E.10.a,Application server software,N,N,4,313113,Web Administrator,98.0
15-1299.01,Web Administrators,Apache Struts,2.E.7.h,Web platform development software,N,N,4,313113,Web Administrator,98.0
15-1299.01,Web Administrators,Berkeley Internet Domain Name BIND,2.E.10.d,Internet directory services software,N,N,4,313113,Web Administrator,98.0
15-1299.01,Web Administrators,CA SiteMinder,2.E.14.b,Network security or virtual private network VPN management software,N,N,4,313113,Web Administrator,98.0
15-1299.01,Web Administrators,Citrix cloud computing software,2.E.12.a,Access software,N,N,4,313113,Web Administrator,98.0
15-1299.01,Web Administrators,Common gateway interface CGI,2.E.7.c,Enterprise application integration software,N,N,4,313113,Web Administrator,98.0
15-1299.01,Web Administrators,Corel CorelDraw Graphics Suite,2.E.4.b,Graphics or photo imaging software,N,N,4,313113,Web Administrator,98.0
15-1299.01,Web Administrators,Customer information control system CICS,2.E.6.l,Transaction server software,N,N,4,313113,Web Administrator,98.0
15-1299.01,Web Administrators,Dynamic hypertext markup language DHTML,2.E.7.h,Web platform development software,N,N,4,313113,Web Administrator,98.0
15-1299.01,Web Administrators,Email software,2.E.16.a,Electronic mail software,N,N,4,313113,Web Administrator,98.0
15-1299.01,Web Administrators,Embarcadero Delphi,2.E.7.e,Object or component oriented development software,N,N,4,313113,Web Administrator,98.0
15-1299.01,Web Administrators,Enterprise JavaBeans,2.E.7.h,Web platform development software,N,N,4,313113,Web Administrator,98.0
15-1299.01,Web Administrators,Extensible hypertext markup language XHTML,2.E.7.h,Web platform development software,N,N,4,313113,Web Administrator,98.0
15-1299.01,Web Administrators,Extensible stylesheet language XSL,2.E.7.c,Enterprise application integration software,N,N,4,313113,Web Administrator,98.0
15-1299.01,Web Administrators,Firewall software,2.E.14.c,Network security and virtual private network VPN equipment software,N,N,4,313113,Web Administrator,98.0
15-1299.01,Web Administrators,Google Ads,2.E.1.l,Sales and marketing software,N,N,4,313113,Web Administrator,98.0
15-1299.01,Web Administrators,Hewlett Packard HP-UX,2.E.13.c,Operating system software,N,N,4,313113,Web Administrator,98.0
15-1299.01,Web Administrators,IBM Middleware,2.E.6.l,Transaction server software,N,N,4,313113,Web Administrator,98.0
15-1299.01,Web Administrators,IBM WebSphere,2.E.11.e,Cloud-based management software,N,N,4,313113,Web Administrator,98.0
15-1299.01,Web Administrators,Joomla,2.E.7.h,Web platform development software,N,N,4,313113,Web Administrator,98.0
15-1299.01,Web Administrators,Juniper Networks NetScreen-Security Manager,2.E.14.c,Network security and virtual private network VPN equipment software,N,N,4,313113,Web Administrator,98.0
15-1299.01,Web Administrators,KornShell,2.E.13.c,Operating system software,N,N,4,313113,Web Administrator,98.0
15-1299.01,Web Administrators,Microsoft ActiveX,2.E.7.e,Object or component oriented development software,N,N,4,313113,Web Administrator,98.0
15-1299.01,Web Administrators,Microsoft DNS Server,2.E.10.d,Internet directory services software,N,N,4,313113,Web Administrator,98.0
15-1299.01,Web Administrators,Microsoft Exchange,2.E.16.a,Electronic mail software,N,N,4,313113,Web Administrator,98.0
15-1299.01,Web Administrators,Microsoft FrontPage,2.E.4.g,Web page creation and editing software,N,N,4,313113,Web Administrator,98.0
15-1299.01,Web Administrators,Microsoft Internet Explorer,2.E.10.e,Internet browser software,N,N,4,313113,Web Administrator,98.0
15-1299.01,Web Administrators,Microsoft SharePoint Server,2.E.5.b,Document management software,N,N,4,313113,Web Administrator,98.0
15-1299.01,Web Administrators,Microsoft Virtual Server,2.E.10.a,Application server software,N,N,4,313113,Web Administrator,98.0
15-1299.01,Web Administrators,Microsoft Visual Basic Scripting Edition VBScript,2.E.7.b,Development environment software,N,N,4,313113,Web Administrator,98.0
15-1299.01,Web Administrators,OpenText Livelink ECM,2.E.5.a,Content workflow software,N,N,4,313113,Web Administrator,98.0
15-1299.01,Web Administrators,Oracle Application Server,2.E.10.a,Application server software,N,N,4,313113,Web Administrator,98.0
15-1299.01,Web Administrators,Oracle Business Intelligence Enterprise Edition,2.E.6.m,Business intelligence and data analysis software,N,N,4,313113,Web Administrator,98.0
15-1299.01,Web Administrators,Oracle Fusion Applications,2.E.2.b,Enterprise resource planning ERP software,N,N,4,313113,Web Administrator,98.0
15-1299.01,Web Administrators,Oracle Fusion Middleware,2.E.7.c,Enterprise application integration software,N,N,4,313113,Web Administrator,98.0
15-1299.01,Web Administrators,Oracle JavaServer Pages JSP,2.E.7.h,Web platform development software,N,N,4,313113,Web Administrator,98.0
15-1299.01,Web Administrators,Oracle JDBC,2.E.6.f,Data base user interface and query software,N,N,4,313113,Web Administrator,98.0
15-1299.01,Web Administrators,Oracle Solaris,2.E.13.c,Operating system software,N,N,4,313113,Web Administrator,98.0
15-1299.01,Web Administrators,Oracle WebLogic Server,2.E.10.a,Application server software,N,N,4,313113,Web Administrator,98.0
15-1299.01,Web Administrators,Red Hat WildFly,2.E.10.a,Application server software,N,N,4,313113,Web Administrator,98.0
15-1299.01,Web Administrators,RESTful API,2.E.7.h,Web platform development software,N,N,4,313113,Web Administrator,98.0
15-1299.01,Web Administrators,Router software,2.E.12.g,Switch or router software,N,N,4,313113,Web Administrator,98.0
15-1299.01,Web Administrators,Salesforce Marketing Cloud,2.E.4.g,Web page creation and editing software,N,N,4,313113,Web Administrator,98.0
15-1299.01,Web Administrators,Sony Sound Forge,2.E.3.b,Music or sound editing software,N,N,4,313113,Web Administrator,98.0
15-1299.01,Web Administrators,Sorenson Media Sorenson Squeeze,2.E.4.c,Video creation and editing software,N,N,4,313113,Web Administrator,98.0
15-1299.01,Web Administrators,Storage area network SAN software,2.E.12.f,Storage networking software,N,N,4,313113,Web Administrator,98.0
15-1299.01,Web Administrators,Sun Microsystems Java Servlet API,2.E.7.e,Object or component oriented development software,N,N,4,313113,Web Administrator,98.0
15-1299.01,Web Administrators,Switch software,2.E.12.g,Switch or router software,N,N,4,313113,Web Administrator,98.0
15-1299.01,Web Administrators,Tool command language Tcl,2.E.7.b,Development environment software,N,N,4,313113,Web Administrator,98.0
15-1299.01,Web Administrators,Vignette Content Management,2.E.5.a,Content workflow software,N,N,4,313113,Web Administrator,98.0
15-1299.01,Web Administrators,Vignette Portal,2.E.6.k,Portal server software,N,N,4,313113,Web Administrator,98.0
15-1299.01,Web Administrators,VMWare ESX Server,2.E.10.a,Application server software,N,N,4,313113,Web Administrator,98.0
15-1299.01,Web Administrators,Web content management system CMS software,2.E.4.g,Web page creation and editing software,N,N,4,313113,Web Administrator,98.0
15-1299.01,Web Administrators,WebTrends Analytics,2.E.9.d,Analytical or scientific software,N,N,4,313113,Web Administrator,98.0
