occupation_id,osca_title,candidate_onet_soc_code,candidate_onet_title,match_type
111131,Corporate Services Manager,11-3031.00,Financial Managers,partial
111131,Corporate Services Manager,11-3031.01,Treasurers and Controllers,partial
111131,Corporate Services Manager,11-3031.03,Investment Fund Managers,partial
111131,Corporate Services Manager,11-2032.00,Public Relations Managers,partial
111131,Corporate Services Manager,11-2033.00,Fundraising Managers,partial
111131,Corporate Services Manager,11-3012.00,Administrative Services Managers,partial
111131,Corporate Services Manager,11-3013.00,Facilities Managers,partial
111131,Corporate Services Manager,11-3013.01,Security Managers,partial
111131,Corporate Services Manager,11-3061.00,Purchasing Managers,partial
111131,Corporate Services Manager,11-9171.00,Funeral Home Managers,partial
111131,Corporate Services Manager,11-9131.00,Postmasters and Mail Superintendents,partial
111131,Corporate Services Manager,11-9072.00,"Entertainment and Recreation Managers, Except Gambling",partial
111131,Corporate Services Manager,11-9179.00,"Personal Service Managers, All Other",partial
111131,Corporate Services Manager,11-9179.01,Fitness and Wellness Coordinators,partial
111131,Corporate Services Manager,11-9179.02,Spa Managers,partial
111131,Corporate Services Manager,11-9199.00,"Managers, All Other",partial
111131,Corporate Services Manager,11-9199.01,Regulatory Affairs Managers,partial
111131,Corporate Services Manager,11-9199.02,Compliance Managers,partial
111131,Corporate Services Manager,11-9199.08,Loss Prevention Managers,partial
111131,Corporate Services Manager,11-9199.09,Wind Energy Operations Managers,partial
111131,Corporate Services Manager,11-9199.10,Wind Energy Development Managers,partial
111131,Corporate Services Manager,11-9199.11,Brownfield Redevelopment Specialists and Site Managers,partial
111131,Corporate Services Manager,13-1082.00,Project Management Specialists,partial
111231,Finance Manager,11-3031.00,Financial Managers,exact
111231,Finance Manager,11-3031.01,Treasurers and Controllers,exact
111231,Finance Manager,11-3031.03,Investment Fund Managers,exact
111331,Human Resources Manager,11-3111.00,Compensation and Benefits Managers,partial
111331,Human Resources Manager,11-3121.00,Human Resources Managers,partial
111331,Human Resources Manager,11-3131.00,Training and Development Managers,partial
111431,Policy and Planning Manager,11-9072.00,"Entertainment and Recreation Managers, Except Gambling",partial
111431,Policy and Planning Manager,11-9179.00,"Personal Service Managers, All Other",partial
111431,Policy and Planning Manager,11-9179.01,Fitness and Wellness Coordinators,partial
111431,Policy and Planning Manager,11-9179.02,Spa Managers,partial
111431,Policy and Planning Manager,11-9199.00,"Managers, All Other",partial
111431,Policy and Planning Manager,11-9199.01,Regulatory Affairs Managers,partial
111431,Policy and Planning Manager,11-9199.02,Compliance Managers,partial
111431,Policy and Planning Manager,11-9199.08,Loss Prevention Managers,partial
111431,Policy and Planning Manager,11-9199.09,Wind Energy Operations Managers,partial
111431,Policy and Planning Manager,11-9199.10,Wind Energy Development Managers,partial
111431,Policy and Planning Manager,11-9199.11,Brownfield Redevelopment Specialists and Site Managers,partial
111431,Policy and Planning Manager,13-1082.00,Project Management Specialists,partial
111531,Research and Development Manager,11-9041.00,Architectural and Engineering Managers,partial
111531,Research and Development Manager,11-9041.01,Biofuels/Biodiesel Technology and Product Development Managers,partial
111531,Research and Development Manager,11-9121.00,Natural Sciences Managers,partial
111531,Research and Development Manager,11-9121.01,Clinical Research Coordinators,partial
111531,Research and Development Manager,11-9121.02,Water Resource Specialists,partial
111631,Quality Assurance Manager,11-9072.00,"Entertainment and Recreation Managers, Except Gambling",partial
111631,Quality Assurance Manager,11-9179.00,"Personal Service Managers, All Other",partial
111631,Quality Assurance Manager,11-9179.01,Fitness and Wellness Coordinators,partial
111631,Quality Assurance Manager,11-9179.02,Spa Managers,partial
111631,Quality Assurance Manager,11-9199.00,"Managers, All Other",partial
111631,Quality Assurance Manager,11-9199.01,Regulatory Affairs Managers,partial
111631,Quality Assurance Manager,11-9199.02,Compliance Managers,partial
111631,Quality Assurance Manager,11-9199.08,Loss Prevention Managers,partial
111631,Quality Assurance Manager,11-9199.09,Wind Energy Operations Managers,partial
111631,Quality Assurance Manager,11-9199.10,Wind Energy Development Managers,partial
111631,Quality Assurance Manager,11-9199.11,Brownfield Redevelopment Specialists and Site Managers,partial
111631,Quality Assurance Manager,13-1082.00,Project Management Specialists,partial
111631,Quality Assurance Manager,13-1081.00,Logisticians,partial
111631,Quality Assurance Manager,13-1081.01,Logistics Engineers,partial
111631,Quality Assurance Manager,13-1081.02,Logistics Analysts,partial
111631,Quality Assurance Manager,13-1111.00,Management Analysts,partial
111632,Regulatory Affairs Manager,11-9072.00,"Entertainment and Recreation Managers, Except Gambling",partial
111632,Regulatory Affairs Manager,11-9179.00,"Personal Service Managers, All Other",partial
111632,Regulatory Affairs Manager,11-9179.01,Fitness and Wellness Coordinators,partial
111632,Regulatory Affairs Manager,11-9179.02,Spa Managers,partial
111632,Regulatory Affairs Manager,11-9199.00,"Managers, All Other",partial
111632,Regulatory Affairs Manager,11-9199.01,Regulatory Affairs Managers,partial
111632,Regulatory Affairs Manager,11-9199.02,Compliance Managers,partial
111632,Regulatory Affairs Manager,11-9199.08,Loss Prevention Managers,partial
111632,Regulatory Affairs Manager,11-9199.09,Wind Energy Operations Managers,partial
111632,Regulatory Affairs Manager,11-9199.10,Wind Energy Development Managers,partial
111632,Regulatory Affairs Manager,11-9199.11,Brownfield Redevelopment Specialists and Site Managers,partial
111632,Regulatory Affairs Manager,13-1082.00,Project Management Specialists,partial
111632,Regulatory Affairs Manager,13-1081.00,Logisticians,partial
111632,Regulatory Affairs Manager,13-1081.01,Logistics Engineers,partial
111632,Regulatory Affairs Manager,13-1081.02,Logistics Analysts,partial
111632,Regulatory Affairs Manager,13-1111.00,Management Analysts,partial
111633,Work Health and Safety Manager,11-3111.00,Compensation and Benefits Managers,partial
111633,Work Health and Safety Manager,11-3121.00,Human Resources Managers,partial
111633,Work Health and Safety Manager,11-3131.00,Training and Development Managers,partial
112131,Advertising Manager,11-2011.00,Advertising and Promotions Managers,partial
112131,Advertising Manager,11-2032.00,Public Relations Managers,partial
112131,Advertising Manager,11-2033.00,Fundraising Managers,partial
112132,Business Development Manager,11-2021.00,Marketing Managers,partial
112132,Business Development Manager,11-2022.00,Sales Managers,partial
112133,Sales and Marketing Manager,11-2021.00,Marketing Managers,partial
112133,Sales and Marketing Manager,11-2022.00,Sales Managers,partial
112231,Communications Manager (Public Relations),11-2011.00,Advertising and Promotions Managers,partial
112231,Communications Manager (Public Relations),11-2032.00,Public Relations Managers,partial
112231,Communications Manager (Public Relations),11-2033.00,Fundraising Managers,partial
113131,Chief Information Officer,11-3021.00,Computer and Information Systems Managers,exact
113132,Chief Information Security Officer,11-3021.00,Computer and Information Systems Managers,exact
113231,ICT Operations Manager,11-3021.00,Computer and Information Systems Managers,exact
113232,ICT Project Manager,11-3021.00,Computer and Information Systems Managers,exact
113233,ICT Service Delivery Manager,11-3021.00,Computer and Information Systems Managers,exact
113299,ICT Managers nec,11-3021.00,Computer and Information Systems Managers,exact
121131,Chief Executive or Managing Director,11-1011.00,Chief Executives,partial
121131,Chief Executive or Managing Director,11-1011.03,Chief Sustainability Officers,partial
121131,Chief Executive or Managing Director,11-1021.00,General and Operations Managers,partial
121131,Chief Executive or Managing Director,11-9161.00,Emergency Management Directors,partial
121131,Chief Executive or Managing Director,11-2032.00,Public Relations Managers,partial
121131,Chief Executive or Managing Director,11-2033.00,Fundraising Managers,partial
121131,Chief Executive or Managing Director,11-9072.00,"Entertainment and Recreation Managers, Except Gambling",partial
121131,Chief Executive or Managing Director,11-9179.00,"Personal Service Managers, All Other",partial
121131,Chief Executive or Managing Director,11-9179.01,Fitness and Wellness Coordinators,partial
121131,Chief Executive or Managing Director,11-9179.02,Spa Managers,partial
121131,Chief Executive or Managing Director,11-9199.00,"Managers, All Other",partial
121131,Chief Executive or Managing Director,11-9199.01,Regulatory Affairs Managers,partial
121131,Chief Executive or Managing Director,11-9199.02,Compliance Managers,partial
121131,Chief Executive or Managing Director,11-9199.08,Loss Prevention Managers,partial
121131,Chief Executive or Managing Director,11-9199.09,Wind Energy Operations Managers,partial
121131,Chief Executive or Managing Director,11-9199.10,Wind Energy Development Managers,partial
121131,Chief Executive or Managing Director,11-9199.11,Brownfield Redevelopment Specialists and Site Managers,partial
121131,Chief Executive or Managing Director,13-1082.00,Project Management Specialists,partial
121231,Corporate General Manager,11-1011.00,Chief Executives,partial
121231,Corporate General Manager,11-1011.03,Chief Sustainability Officers,partial
121231,Corporate General Manager,11-1021.00,General and Operations Managers,partial
121231,Corporate General Manager,11-9161.00,Emergency Management Directors,partial
121231,Corporate General Manager,11-2032.00,Public Relations Managers,partial
121231,Corporate General Manager,11-2033.00,Fundraising Managers,partial
121231,Corporate General Manager,11-9072.00,"Entertainment and Recreation Managers, Except Gambling",partial
121231,Corporate General Manager,11-9179.00,"Personal Service Managers, All Other",partial
121231,Corporate General Manager,11-9179.01,Fitness and Wellness Coordinators,partial
121231,Corporate General Manager,11-9179.02,Spa Managers,partial
121231,Corporate General Manager,11-9199.00,"Managers, All Other",partial
121231,Corporate General Manager,11-9199.01,Regulatory Affairs Managers,partial
121231,Corporate General Manager,11-9199.02,Compliance Managers,partial
121231,Corporate General Manager,11-9199.08,Loss Prevention Managers,partial
121231,Corporate General Manager,11-9199.09,Wind Energy Operations Managers,partial
121231,Corporate General Manager,11-9199.10,Wind Energy Development Managers,partial
121231,Corporate General Manager,11-9199.11,Brownfield Redevelopment Specialists and Site Managers,partial
121231,Corporate General Manager,13-1082.00,Project Management Specialists,partial
121232,Defence Force Senior Officer,55-1011.00,Air Crew Officers,partial
121232,Defence Force Senior Officer,55-1012.00,Aircraft Launch and Recovery Officers,partial
121232,Defence Force Senior Officer,55-1013.00,Armored Assault Vehicle Officers,partial
121232,Defence Force Senior Officer,55-1014.00,Artillery and Missile Officers,partial
121232,Defence Force Senior Officer,55-1015.00,Command and Control Center Officers,partial
121232,Defence Force Senior Officer,55-1016.00,Infantry Officers,partial
121232,Defence Force Senior Officer,55-1017.00,Special Forces Officers,partial
121232,Defence Force Senior Officer,55-1019.00,"Military Officer Special and Tactical Operations Leaders, All Other",partial
121331,Local Government Legislator,11-1031.00,Legislators,exact
121332,Member of Parliament,11-1031.00,Legislators,exact
121399,Legislators nec,11-1031.00,Legislators,exact
131131,Construction Project Manager,11-9021.00,Construction Managers,exact
131231,Engineering Manager,11-9072.00,"Entertainment and Recreation Managers, Except Gambling",partial
131231,Engineering Manager,11-9179.00,"Personal Service Managers, All Other",partial
131231,Engineering Manager,11-9179.01,Fitness and Wellness Coordinators,partial
131231,Engineering Manager,11-9179.02,Spa Managers,partial
131231,Engineering Manager,11-9199.00,"Managers, All Other",partial
131231,Engineering Manager,11-9199.01,Regulatory Affairs Managers,partial
131231,Engineering Manager,11-9199.02,Compliance Managers,partial
131231,Engineering Manager,11-9199.08,Loss Prevention Managers,partial
131231,Engineering Manager,11-9199.09,Wind Energy Operations Managers,partial
131231,Engineering Manager,11-9199.10,Wind Energy Development Managers,partial
131231,Engineering Manager,11-9199.11,Brownfield Redevelopment Specialists and Site Managers,partial
131231,Engineering Manager,13-1082.00,Project Management Specialists,partial
131331,Project Builder,11-9021.00,Construction Managers,partial
131431,Property Developer,11-9021.00,Construction Managers,exact
131931,Surveying Manager,11-9072.00,"Entertainment and Recreation Managers, Except Gambling",partial
131931,Surveying Manager,11-9179.00,"Personal Service Managers, All Other",partial
131931,Surveying Manager,11-9179.01,Fitness and Wellness Coordinators,partial
131931,Surveying Manager,11-9179.02,Spa Managers,partial
131931,Surveying Manager,11-9199.00,"Managers, All Other",partial
131931,Surveying Manager,11-9199.01,Regulatory Affairs Managers,partial
131931,Surveying Manager,11-9199.02,Compliance Managers,partial
131931,Surveying Manager,11-9199.08,Loss Prevention Managers,partial
131931,Surveying Manager,11-9199.09,Wind Energy Operations Managers,partial
131931,Surveying Manager,11-9199.10,Wind Energy Development Managers,partial
131931,Surveying Manager,11-9199.11,Brownfield Redevelopment Specialists and Site Managers,partial
131931,Surveying Manager,13-1082.00,Project Management Specialists,partial
131999,Construction and Engineering Managers nec,11-9072.00,"Entertainment and Recreation Managers, Except Gambling",partial
131999,Construction and Engineering Managers nec,11-9179.00,"Personal Service Managers, All Other",partial
131999,Construction and Engineering Managers nec,11-9179.01,Fitness and Wellness Coordinators,partial
131999,Construction and Engineering Managers nec,11-9179.02,Spa Managers,partial
131999,Construction and Engineering Managers nec,11-9199.00,"Managers, All Other",partial
131999,Construction and Engineering Managers nec,11-9199.01,Regulatory Affairs Managers,partial
131999,Construction and Engineering Managers nec,11-9199.02,Compliance Managers,partial
131999,Construction and Engineering Managers nec,11-9199.08,Loss Prevention Managers,partial
131999,Construction and Engineering Managers nec,11-9199.09,Wind Energy Operations Managers,partial
131999,Construction and Engineering Managers nec,11-9199.10,Wind Energy Development Managers,partial
131999,Construction and Engineering Managers nec,11-9199.11,Brownfield Redevelopment Specialists and Site Managers,partial
131999,Construction and Engineering Managers nec,13-1082.00,Project Management Specialists,partial
132131,Manufacturer,11-3051.00,Industrial Production Managers,exact
132131,Manufacturer,11-3051.01,Quality Control Systems Managers,exact
132131,Manufacturer,11-3051.02,Geothermal Production Managers,exact
132131,Manufacturer,11-3051.03,Biofuels Production Managers,exact
132131,Manufacturer,11-3051.04,Biomass Power Plant Managers,exact
132131,Manufacturer,11-3051.06,Hydroelectric Production Managers,exact
132231,Forest Manager,11-9013.00,"Farmers, Ranchers, and Other Agricultural Managers",exact
132232,Production Manager (Manufacturing),11-3051.00,Industrial Production Managers,partial
132232,Production Manager (Manufacturing),11-3051.01,Quality Control Systems Managers,partial
132232,Production Manager (Manufacturing),11-3051.02,Geothermal Production Managers,partial
132232,Production Manager (Manufacturing),11-3051.03,Biofuels Production Managers,partial
132232,Production Manager (Manufacturing),11-3051.04,Biomass Power Plant Managers,partial
132232,Production Manager (Manufacturing),11-3051.06,Hydroelectric Production Managers,partial
132232,Production Manager (Manufacturing),51-1011.00,First-Line Supervisors of Production and Operating Workers,partial
132233,Production Manager (Mining),11-9072.00,"Entertainment and Recreation Managers, Except Gambling",partial
132233,Production Manager (Mining),11-9179.00,"Personal Service Managers, All Other",partial
132233,Production Manager (Mining),11-9179.01,Fitness and Wellness Coordinators,partial
132233,Production Manager (Mining),11-9179.02,Spa Managers,partial
132233,Production Manager (Mining),11-9199.00,"Managers, All Other",partial
132233,Production Manager (Mining),11-9199.01,Regulatory Affairs Managers,partial
132233,Production Manager (Mining),11-9199.02,Compliance Managers,partial
132233,Production Manager (Mining),11-9199.08,Loss Prevention Managers,partial
132233,Production Manager (Mining),11-9199.09,Wind Energy Operations Managers,partial
132233,Production Manager (Mining),11-9199.10,Wind Energy Development Managers,partial
132233,Production Manager (Mining),11-9199.11,Brownfield Redevelopment Specialists and Site Managers,partial
132233,Production Manager (Mining),13-1082.00,Project Management Specialists,partial
133131,Importer or Exporter,11-3071.00,"Transportation, Storage, and Distribution Managers",exact
133131,Importer or Exporter,11-3071.04,Supply Chain Managers,exact
133132,Wholesaler,11-1021.00,General and Operations Managers,exact
133231,Procurement Manager,11-3071.00,"Transportation, Storage, and Distribution Managers",exact
133231,Procurement Manager,11-3071.04,Supply Chain Managers,exact
133331,Supply and Distribution Manager,11-3071.00,"Transportation, Storage, and Distribution Managers",exact
133331,Supply and Distribution Manager,11-3071.04,Supply Chain Managers,exact
141131,Assistant School Principal,11-9032.00,"Education Administrators, Kindergarten through Secondary",partial
141131,Assistant School Principal,11-9033.00,"Education Administrators, Postsecondary",partial
141131,Assistant School Principal,11-9039.00,"Education Administrators, All Other",partial
141132,School Principal,11-9032.00,"Education Administrators, Kindergarten through Secondary",partial
141132,School Principal,11-9033.00,"Education Administrators, Postsecondary",partial
141132,School Principal,11-9039.00,"Education Administrators, All Other",partial
141231,Children's Education and Care Service Director,11-9031.00,"Education and Childcare Administrators, Preschool and Daycare",exact
141331,Aged Care Manager,11-1021.00,General and Operations Managers,partial
141331,Aged Care Manager,11-9111.00,Medical and Health Services Managers,partial
141332,Director of Nursing / Midwifery,11-9111.00,Medical and Health Services Managers,exact
141333,Medical Administrator,11-9111.00,Medical and Health Services Managers,exact
141334,Paramedic Manager,11-9111.00,Medical and Health Services Managers,exact
141335,Welfare Centre Manager,11-9151.00,Social and Community Service Managers,exact
141399,Health and Welfare Service Managers nec,11-9111.00,Medical and Health Services Managers,partial
141399,Health and Welfare Service Managers nec,11-1021.00,General and Operations Managers,partial
141399,Health and Welfare Service Managers nec,11-9151.00,Social and Community Service Managers,partial
141431,Faculty Manager,11-9032.00,"Education Administrators, Kindergarten through Secondary",partial
141431,Faculty Manager,11-9033.00,"Education Administrators, Postsecondary",partial
141431,Faculty Manager,11-9039.00,"Education Administrators, All Other",partial
141432,Regional Education Manager,11-9032.00,"Education Administrators, Kindergarten through Secondary",partial
141432,Regional Education Manager,11-9033.00,"Education Administrators, Postsecondary",partial
141432,Regional Education Manager,11-9039.00,"Education Administrators, All Other",partial
141499,Education Managers nec,11-9032.00,"Education Administrators, Kindergarten through Secondary",partial
141499,Education Managers nec,11-9033.00,"Education Administrators, Postsecondary",partial
141499,Education Managers nec,11-9039.00,"Education Administrators, All Other",partial
149131,Arts Administrator or Manager,11-9072.00,"Entertainment and Recreation Managers, Except Gambling",partial
149131,Arts Administrator or Manager,11-9179.00,"Personal Service Managers, All Other",partial
149131,Arts Administrator or Manager,11-9179.01,Fitness and Wellness Coordinators,partial
149131,Arts Administrator or Manager,11-9179.02,Spa Managers,partial
149131,Arts Administrator or Manager,11-9199.00,"Managers, All Other",partial
149131,Arts Administrator or Manager,11-9199.01,Regulatory Affairs Managers,partial
149131,Arts Administrator or Manager,11-9199.02,Compliance Managers,partial
149131,Arts Administrator or Manager,11-9199.08,Loss Prevention Managers,partial
149131,Arts Administrator or Manager,11-9199.09,Wind Energy Operations Managers,partial
149131,Arts Administrator or Manager,11-9199.10,Wind Energy Development Managers,partial
149131,Arts Administrator or Manager,11-9199.11,Brownfield Redevelopment Specialists and Site Managers,partial
149131,Arts Administrator or Manager,13-1082.00,Project Management Specialists,partial
149132,Library Services Manager,11-9072.00,"Entertainment and Recreation Managers, Except Gambling",partial
149132,Library Services Manager,11-9179.00,"Personal Service Managers, All Other",partial
149132,Library Services Manager,11-9179.01,Fitness and Wellness Coordinators,partial
149132,Library Services Manager,11-9179.02,Spa Managers,partial
149132,Library Services Manager,11-9199.00,"Managers, All Other",partial
149132,Library Services Manager,11-9199.01,Regulatory Affairs Managers,partial
149132,Library Services Manager,11-9199.02,Compliance Managers,partial
149132,Library Services Manager,11-9199.08,Loss Prevention Managers,partial
149132,Library Services Manager,11-9199.09,Wind Energy Operations Managers,partial
149132,Library Services Manager,11-9199.10,Wind Energy Development Managers,partial
149132,Library Services Manager,11-9199.11,Brownfield Redevelopment Specialists and Site Managers,partial
149132,Library Services Manager,13-1082.00,Project Management Specialists,partial
149133,Sports Administrator,11-9072.00,"Entertainment and Recreation Managers, Except Gambling",partial
149133,Sports Administrator,11-9179.00,"Personal Service Managers, All Other",partial
149133,Sports Administrator,11-9179.01,Fitness and Wellness Coordinators,partial
149133,Sports Administrator,11-9179.02,Spa Managers,partial
149133,Sports Administrator,11-9199.00,"Managers, All Other",partial
149133,Sports Administrator,11-9199.01,Regulatory Affairs Managers,partial
149133,Sports Administrator,11-9199.02,Compliance Managers,partial
149133,Sports Administrator,11-9199.08,Loss Prevention Managers,partial
149133,Sports Administrator,11-9199.09,Wind Energy Operations Managers,partial
149133,Sports Administrator,11-9199.10,Wind Energy Development Managers,partial
149133,Sports Administrator,11-9199.11,Brownfield Redevelopment Specialists and Site Managers,partial
149133,Sports Administrator,13-1082.00,Project Management Specialists,partial
149199,"Arts, Culture and Sports Administrators nec",11-9072.00,"Entertainment and Recreation Managers, Except Gambling",partial
149199,"Arts, Culture and Sports Administrators nec",11-9179.00,"Personal Service Managers, All Other",partial
149199,"Arts, Culture and Sports Administrators nec",11-9179.01,Fitness and Wellness Coordinators,partial
149199,"Arts, Culture and Sports Administrators nec",11-9179.02,Spa Managers,partial
149199,"Arts, Culture and Sports Administrators nec",11-9199.00,"Managers, All Other",partial
149199,"Arts, Culture and Sports Administrators nec",11-9199.01,Regulatory Affairs Managers,partial
149199,"Arts, Culture and Sports Administrators nec",11-9199.02,Compliance Managers,partial
149199,"Arts, Culture and Sports Administrators nec",11-9199.08,Loss Prevention Managers,partial
149199,"Arts, Culture and Sports Administrators nec",11-9199.09,Wind Energy Operations Managers,partial
149199,"Arts, Culture and Sports Administrators nec",11-9199.10,Wind Energy Development Managers,partial
149199,"Arts, Culture and Sports Administrators nec",11-9199.11,Brownfield Redevelopment Specialists and Site Managers,partial
149199,"Arts, Culture and Sports Administrators nec",13-1082.00,Project Management Specialists,partial
149199,"Arts, Culture and Sports Administrators nec",21-2011.00,Clergy,partial
149199,"Arts, Culture and Sports Administrators nec",21-2021.00,"Directors, Religious Activities and Education",partial
149231,Commissioned Defence Force Officer,55-1011.00,Air Crew Officers,partial
149231,Commissioned Defence Force Officer,55-1012.00,Aircraft Launch and Recovery Officers,partial
149231,Commissioned Defence Force Officer,55-1013.00,Armored Assault Vehicle Officers,partial
149231,Commissioned Defence Force Officer,55-1014.00,Artillery and Missile Officers,partial
149231,Commissioned Defence Force Officer,55-1015.00,Command and Control Center Officers,partial
149231,Commissioned Defence Force Officer,55-1016.00,Infantry Officers,partial
149231,Commissioned Defence Force Officer,55-1017.00,Special Forces Officers,partial
149231,Commissioned Defence Force Officer,55-1019.00,"Military Officer Special and Tactical Operations Leaders, All Other",partial
149232,Commissioned Fire Officer,11-9072.00,"Entertainment and Recreation Managers, Except Gambling",partial
149232,Commissioned Fire Officer,11-9179.00,"Personal Service Managers, All Other",partial
149232,Commissioned Fire Officer,11-9179.01,Fitness and Wellness Coordinators,partial
149232,Commissioned Fire Officer,11-9179.02,Spa Managers,partial
149232,Commissioned Fire Officer,11-9199.00,"Managers, All Other",partial
149232,Commissioned Fire Officer,11-9199.01,Regulatory Affairs Managers,partial
149232,Commissioned Fire Officer,11-9199.02,Compliance Managers,partial
149232,Commissioned Fire Officer,11-9199.08,Loss Prevention Managers,partial
149232,Commissioned Fire Officer,11-9199.09,Wind Energy Operations Managers,partial
149232,Commissioned Fire Officer,11-9199.10,Wind Energy Development Managers,partial
149232,Commissioned Fire Officer,11-9199.11,Brownfield Redevelopment Specialists and Site Managers,partial
149232,Commissioned Fire Officer,13-1082.00,Project Management Specialists,partial
149233,Commissioned Police Officer,11-9072.00,"Entertainment and Recreation Managers, Except Gambling",partial
149233,Commissioned Police Officer,11-9179.00,"Personal Service Managers, All Other",partial
149233,Commissioned Police Officer,11-9179.01,Fitness and Wellness Coordinators,partial
149233,Commissioned Police Officer,11-9179.02,Spa Managers,partial
149233,Commissioned Police Officer,11-9199.00,"Managers, All Other",partial
149233,Commissioned Police Officer,11-9199.01,Regulatory Affairs Managers,partial
149233,Commissioned Police Officer,11-9199.02,Compliance Managers,partial
149233,Commissioned Police Officer,11-9199.08,Loss Prevention Managers,partial
149233,Commissioned Police Officer,11-9199.09,Wind Energy Operations Managers,partial
149233,Commissioned Police Officer,11-9199.10,Wind Energy Development Managers,partial
149233,Commissioned Police Officer,11-9199.11,Brownfield Redevelopment Specialists and Site Managers,partial
149233,Commissioned Police Officer,13-1082.00,Project Management Specialists,partial
149331,Environmental Manager,11-9072.00,"Entertainment and Recreation Managers, Except Gambling",partial
149331,Environmental Manager,11-9179.00,"Personal Service Managers, All Other",partial
149331,Environmental Manager,11-9179.01,Fitness and Wellness Coordinators,partial
149331,Environmental Manager,11-9179.02,Spa Managers,partial
149331,Environmental Manager,11-9199.00,"Managers, All Other",partial
149331,Environmental Manager,11-9199.01,Regulatory Affairs Managers,partial
149331,Environmental Manager,11-9199.02,Compliance Managers,partial
149331,Environmental Manager,11-9199.08,Loss Prevention Managers,partial
149331,Environmental Manager,11-9199.09,Wind Energy Operations Managers,partial
149331,Environmental Manager,11-9199.10,Wind Energy Development Managers,partial
149331,Environmental Manager,11-9199.11,Brownfield Redevelopment Specialists and Site Managers,partial
149331,Environmental Manager,13-1082.00,Project Management Specialists,partial
149332,Exploration Manager,11-9072.00,"Entertainment and Recreation Managers, Except Gambling",partial
149332,Exploration Manager,11-9179.00,"Personal Service Managers, All Other",partial
149332,Exploration Manager,11-9179.01,Fitness and Wellness Coordinators,partial
149332,Exploration Manager,11-9179.02,Spa Managers,partial
149332,Exploration Manager,11-9199.00,"Managers, All Other",partial
149332,Exploration Manager,11-9199.01,Regulatory Affairs Managers,partial
149332,Exploration Manager,11-9199.02,Compliance Managers,partial
149332,Exploration Manager,11-9199.08,Loss Prevention Managers,partial
149332,Exploration Manager,11-9199.09,Wind Energy Operations Managers,partial
149332,Exploration Manager,11-9199.10,Wind Energy Development Managers,partial
149332,Exploration Manager,11-9199.11,Brownfield Redevelopment Specialists and Site Managers,partial
149332,Exploration Manager,13-1082.00,Project Management Specialists,partial
149333,Laboratory Manager,11-9072.00,"Entertainment and Recreation Managers, Except Gambling",partial
149333,Laboratory Manager,11-9179.00,"Personal Service Managers, All Other",partial
149333,Laboratory Manager,11-9179.01,Fitness and Wellness Coordinators,partial
149333,Laboratory Manager,11-9179.02,Spa Managers,partial
149333,Laboratory Manager,11-9199.00,"Managers, All Other",partial
149333,Laboratory Manager,11-9199.01,Regulatory Affairs Managers,partial
149333,Laboratory Manager,11-9199.02,Compliance Managers,partial
149333,Laboratory Manager,11-9199.08,Loss Prevention Managers,partial
149333,Laboratory Manager,11-9199.09,Wind Energy Operations Managers,partial
149333,Laboratory Manager,11-9199.10,Wind Energy Development Managers,partial
149333,Laboratory Manager,11-9199.11,Brownfield Redevelopment Specialists and Site Managers,partial
149333,Laboratory Manager,13-1082.00,Project Management Specialists,partial
149399,Scientific and Environmental Managers nec,11-9072.00,"Entertainment and Recreation Managers, Except Gambling",partial
149399,Scientific and Environmental Managers nec,11-9179.00,"Personal Service Managers, All Other",partial
149399,Scientific and Environmental Managers nec,11-9179.01,Fitness and Wellness Coordinators,partial
149399,Scientific and Environmental Managers nec,11-9179.02,Spa Managers,partial
149399,Scientific and Environmental Managers nec,11-9199.00,"Managers, All Other",partial
149399,Scientific and Environmental Managers nec,11-9199.01,Regulatory Affairs Managers,partial
149399,Scientific and Environmental Managers nec,11-9199.02,Compliance Managers,partial
149399,Scientific and Environmental Managers nec,11-9199.08,Loss Prevention Managers,partial
149399,Scientific and Environmental Managers nec,11-9199.09,Wind Energy Operations Managers,partial
149399,Scientific and Environmental Managers nec,11-9199.10,Wind Energy Development Managers,partial
149399,Scientific and Environmental Managers nec,11-9199.11,Brownfield Redevelopment Specialists and Site Managers,partial
149399,Scientific and Environmental Managers nec,13-1082.00,Project Management Specialists,partial
149431,Senior Non-commissioned Defence Force Member,55-2011.00,First-Line Supervisors of Air Crew Members,partial
149431,Senior Non-commissioned Defence Force Member,55-2012.00,First-Line Supervisors of Weapons Specialists/Crew Members,partial
149431,Senior Non-commissioned Defence Force Member,55-2013.00,First-Line Supervisors of All Other Tactical Operations Specialists,partial
149931,Airport Manager,11-9072.00,"Entertainment and Recreation Managers, Except Gambling",partial
149931,Airport Manager,11-9179.00,"Personal Service Managers, All Other",partial
149931,Airport Manager,11-9179.01,Fitness and Wellness Coordinators,partial
149931,Airport Manager,11-9179.02,Spa Managers,partial
149931,Airport Manager,11-9199.00,"Managers, All Other",partial
149931,Airport Manager,11-9199.01,Regulatory Affairs Managers,partial
149931,Airport Manager,11-9199.02,Compliance Managers,partial
149931,Airport Manager,11-9199.08,Loss Prevention Managers,partial
149931,Airport Manager,11-9199.09,Wind Energy Operations Managers,partial
149931,Airport Manager,11-9199.10,Wind Energy Development Managers,partial
149931,Airport Manager,11-9199.11,Brownfield Redevelopment Specialists and Site Managers,partial
149931,Airport Manager,13-1082.00,Project Management Specialists,partial
149932,Correctional Facility Manager,11-9072.00,"Entertainment and Recreation Managers, Except Gambling",partial
149932,Correctional Facility Manager,11-9179.00,"Personal Service Managers, All Other",partial
149932,Correctional Facility Manager,11-9179.01,Fitness and Wellness Coordinators,partial
149932,Correctional Facility Manager,11-9179.02,Spa Managers,partial
149932,Correctional Facility Manager,11-9199.00,"Managers, All Other",partial
149932,Correctional Facility Manager,11-9199.01,Regulatory Affairs Managers,partial
149932,Correctional Facility Manager,11-9199.02,Compliance Managers,partial
149932,Correctional Facility Manager,11-9199.08,Loss Prevention Managers,partial
149932,Correctional Facility Manager,11-9199.09,Wind Energy Operations Managers,partial
149932,Correctional Facility Manager,11-9199.10,Wind Energy Development Managers,partial
149932,Correctional Facility Manager,11-9199.11,Brownfield Redevelopment Specialists and Site Managers,partial
149932,Correctional Facility Manager,13-1082.00,Project Management Specialists,partial
149933,Emergency Management Officer,11-9072.00,"Entertainment and Recreation Managers, Except Gambling",partial
149933,Emergency Management Officer,11-9179.00,"Personal Service Managers, All Other",partial
149933,Emergency Management Officer,11-9179.01,Fitness and Wellness Coordinators,partial
149933,Emergency Management Officer,11-9179.02,Spa Managers,partial
149933,Emergency Management Officer,11-9199.00,"Managers, All Other",partial
149933,Emergency Management Officer,11-9199.01,Regulatory Affairs Managers,partial
149933,Emergency Management Officer,11-9199.02,Compliance Managers,partial
149933,Emergency Management Officer,11-9199.08,Loss Prevention Managers,partial
149933,Emergency Management Officer,11-9199.09,Wind Energy Operations Managers,partial
149933,Emergency Management Officer,11-9199.10,Wind Energy Development Managers,partial
149933,Emergency Management Officer,11-9199.11,Brownfield Redevelopment Specialists and Site Managers,partial
149933,Emergency Management Officer,13-1082.00,Project Management Specialists,partial
149999,Specialist Managers nec,11-1011.00,Chief Executives,partial
149999,Specialist Managers nec,11-1011.03,Chief Sustainability Officers,partial
149999,Specialist Managers nec,11-1021.00,General and Operations Managers,partial
149999,Specialist Managers nec,11-9161.00,Emergency Management Directors,partial
149999,Specialist Managers nec,11-9072.00,"Entertainment and Recreation Managers, Except Gambling",partial
149999,Specialist Managers nec,11-9179.00,"Personal Service Managers, All Other",partial
149999,Specialist Managers nec,11-9179.01,Fitness and Wellness Coordinators,partial
149999,Specialist Managers nec,11-9179.02,Spa Managers,partial
149999,Specialist Managers nec,11-9199.00,"Managers, All Other",partial
149999,Specialist Managers nec,11-9199.01,Regulatory Affairs Managers,partial
149999,Specialist Managers nec,11-9199.02,Compliance Managers,partial
149999,Specialist Managers nec,11-9199.08,Loss Prevention Managers,partial
149999,Specialist Managers nec,11-9199.09,Wind Energy Operations Managers,partial
149999,Specialist Managers nec,11-9199.10,Wind Energy Development Managers,partial
149999,Specialist Managers nec,11-9199.11,Brownfield Redevelopment Specialists and Site Managers,partial
149999,Specialist Managers nec,13-1082.00,Project Management Specialists,partial
151131,Cotton Grower,11-9013.00,"Farmers, Ranchers, and Other Agricultural Managers",partial
151131,Cotton Grower,45-1011.00,"First-Line Supervisors of Farming, Fishing, and Forestry Workers",partial
151131,Cotton Grower,45-2091.00,Agricultural Equipment Operators,partial
151132,"Grain, Oilseed, Pulse or Pasture Grower",11-9013.00,"Farmers, Ranchers, and Other Agricultural Managers",partial
151132,"Grain, Oilseed, Pulse or Pasture Grower",45-1011.00,"First-Line Supervisors of Farming, Fishing, and Forestry Workers",partial
151132,"Grain, Oilseed, Pulse or Pasture Grower",45-2091.00,Agricultural Equipment Operators,partial
151133,Sugar Cane Grower,11-9013.00,"Farmers, Ranchers, and Other Agricultural Managers",partial
151133,Sugar Cane Grower,45-1011.00,"First-Line Supervisors of Farming, Fishing, and Forestry Workers",partial
151133,Sugar Cane Grower,45-2091.00,Agricultural Equipment Operators,partial
151199,Broadacre Crop Growers nec,11-9013.00,"Farmers, Ranchers, and Other Agricultural Managers",partial
151199,Broadacre Crop Growers nec,45-1011.00,"First-Line Supervisors of Farming, Fishing, and Forestry Workers",partial
151199,Broadacre Crop Growers nec,45-2091.00,Agricultural Equipment Operators,partial
151231,Flower Grower,11-9013.00,"Farmers, Ranchers, and Other Agricultural Managers",partial
151231,Flower Grower,37-1012.00,"First-Line Supervisors of Landscaping, Lawn Service, and Groundskeeping Workers",partial
151231,Flower Grower,37-3013.00,Tree Trimmers and Pruners,partial
151231,Flower Grower,45-2091.00,Agricultural Equipment Operators,partial
151232,Fruit Grower,11-9013.00,"Farmers, Ranchers, and Other Agricultural Managers",partial
151232,Fruit Grower,45-1011.00,"First-Line Supervisors of Farming, Fishing, and Forestry Workers",partial
151232,Fruit Grower,45-2091.00,Agricultural Equipment Operators,partial
151233,Nut Grower,11-9013.00,"Farmers, Ranchers, and Other Agricultural Managers",partial
151233,Nut Grower,45-1011.00,"First-Line Supervisors of Farming, Fishing, and Forestry Workers",partial
151233,Nut Grower,45-2091.00,Agricultural Equipment Operators,partial
151234,Production Nursery Grower,37-1012.00,"First-Line Supervisors of Landscaping, Lawn Service, and Groundskeeping Workers",partial
151234,Production Nursery Grower,37-3013.00,Tree Trimmers and Pruners,partial
151234,Production Nursery Grower,45-2091.00,Agricultural Equipment Operators,partial
151235,Turf Grower,37-1012.00,"First-Line Supervisors of Landscaping, Lawn Service, and Groundskeeping Workers",partial
151235,Turf Grower,37-3013.00,Tree Trimmers and Pruners,partial
151235,Turf Grower,45-2091.00,Agricultural Equipment Operators,partial
151236,Vegetable Grower,11-9013.00,"Farmers, Ranchers, and Other Agricultural Managers",partial
151236,Vegetable Grower,45-1011.00,"First-Line Supervisors of Farming, Fishing, and Forestry Workers",partial
151236,Vegetable Grower,45-2091.00,Agricultural Equipment Operators,partial
151237,Wine Grape Grower,11-9013.00,"Farmers, Ranchers, and Other Agricultural Managers",partial
151237,Wine Grape Grower,45-1011.00,"First-Line Supervisors of Farming, Fishing, and Forestry Workers",partial
151237,Wine Grape Grower,45-2091.00,Agricultural Equipment Operators,partial
151299,Horticultural Crop Growers nec,11-9013.00,"Farmers, Ranchers, and Other Agricultural Managers",partial
151299,Horticultural Crop Growers nec,45-1011.00,"First-Line Supervisors of Farming, Fishing, and Forestry Workers",partial
151299,Horticultural Crop Growers nec,45-2091.00,Agricultural Equipment Operators,partial
151299,Horticultural Crop Growers nec,37-1012.00,"First-Line Supervisors of Landscaping, Lawn Service, and Groundskeeping Workers",partial
151299,Horticultural Crop Growers nec,37-3013.00,Tree Trimmers and Pruners,partial
151331,Aquaculture Farmer,11-9013.00,"Farmers, Ranchers, and Other Agricultural Managers",partial
151331,Aquaculture Farmer,45-1011.00,"First-Line Supervisors of Farming, Fishing, and Forestry Workers",partial
151331,Aquaculture Farmer,45-2021.00,Animal Breeders,partial
151332,Broadacre Crop and Livestock Farmer,11-9013.00,"Farmers, Ranchers, and Other Agricultural Managers",partial
151332,Broadacre Crop and Livestock Farmer,45-1011.00,"First-Line Supervisors of Farming, Fishing, and Forestry Workers",partial
151332,Broadacre Crop and Livestock Farmer,45-2021.00,Animal Breeders,partial
151332,Broadacre Crop and Livestock Farmer,45-2091.00,Agricultural Equipment Operators,partial
151399,Mixed Production and Aquaculture Farmers nec,11-9013.00,"Farmers, Ranchers, and Other Agricultural Managers",partial
151399,Mixed Production and Aquaculture Farmers nec,45-1011.00,"First-Line Supervisors of Farming, Fishing, and Forestry Workers",partial
151399,Mixed Production and Aquaculture Farmers nec,45-2091.00,Agricultural Equipment Operators,partial
151399,Mixed Production and Aquaculture Farmers nec,45-2021.00,Animal Breeders,partial
152131,Beef Cattle Farmer,11-9013.00,"Farmers, Ranchers, and Other Agricultural Managers",partial
152131,Beef Cattle Farmer,45-1011.00,"First-Line Supervisors of Farming, Fishing, and Forestry Workers",partial
152131,Beef Cattle Farmer,45-2021.00,Animal Breeders,partial
152231,Dairy Cattle Farmer,11-9013.00,"Farmers, Ranchers, and Other Agricultural Managers",partial
152231,Dairy Cattle Farmer,45-1011.00,"First-Line Supervisors of Farming, Fishing, and Forestry Workers",partial
152231,Dairy Cattle Farmer,45-2021.00,Animal Breeders,partial
152331,Mixed Cattle and Sheep Farmer,11-9013.00,"Farmers, Ranchers, and Other Agricultural Managers",partial
152331,Mixed Cattle and Sheep Farmer,45-1011.00,"First-Line Supervisors of Farming, Fishing, and Forestry Workers",partial
152331,Mixed Cattle and Sheep Farmer,45-2021.00,Animal Breeders,partial
152431,Sheep Farmer,11-9013.00,"Farmers, Ranchers, and Other Agricultural Managers",partial
152431,Sheep Farmer,45-1011.00,"First-Line Supervisors of Farming, Fishing, and Forestry Workers",partial
152431,Sheep Farmer,45-2021.00,Animal Breeders,partial
152931,Apiarist,11-9013.00,"Farmers, Ranchers, and Other Agricultural Managers",partial
152931,Apiarist,45-1011.00,"First-Line Supervisors of Farming, Fishing, and Forestry Workers",partial
152931,Apiarist,45-2021.00,Animal Breeders,partial
152932,Goat Farmer,11-9013.00,"Farmers, Ranchers, and Other Agricultural Managers",partial
152932,Goat Farmer,45-1011.00,"First-Line Supervisors of Farming, Fishing, and Forestry Workers",partial
152932,Goat Farmer,45-2021.00,Animal Breeders,partial
152933,Horse Breeder,11-9013.00,"Farmers, Ranchers, and Other Agricultural Managers",partial
152933,Horse Breeder,45-1011.00,"First-Line Supervisors of Farming, Fishing, and Forestry Workers",partial
152933,Horse Breeder,45-2021.00,Animal Breeders,partial
152934,Pig Farmer,11-9013.00,"Farmers, Ranchers, and Other Agricultural Managers",partial
152934,Pig Farmer,45-1011.00,"First-Line Supervisors of Farming, Fishing, and Forestry Workers",partial
152934,Pig Farmer,45-2021.00,Animal Breeders,partial
152935,Poultry Farmer,11-9013.00,"Farmers, Ranchers, and Other Agricultural Managers",partial
152935,Poultry Farmer,45-1011.00,"First-Line Supervisors of Farming, Fishing, and Forestry Workers",partial
152935,Poultry Farmer,45-2021.00,Animal Breeders,partial
152999,Livestock Farmers nec,11-9013.00,"Farmers, Ranchers, and Other Agricultural Managers",partial
152999,Livestock Farmers nec,45-1011.00,"First-Line Supervisors of Farming, Fishing, and Forestry Workers",partial
152999,Livestock Farmers nec,45-2021.00,Animal Breeders,partial
161131,Accommodation Service Manager,11-9081.00,Lodging Managers,exact
161231,Cafe or Restaurant Manager,11-9051.00,Food Service Managers,partial
161231,Cafe or Restaurant Manager,11-1021.00,General and Operations Managers,partial
161232,Catering Manager,11-9051.00,Food Service Managers,exact
161331,Amusement Centre Manager,11-9071.00,Gambling Managers,partial
161331,Amusement Centre Manager,11-9072.00,"Entertainment and Recreation Managers, Except Gambling",partial
161331,Amusement Centre Manager,11-9179.00,"Personal Service Managers, All Other",partial
161331,Amusement Centre Manager,11-9179.01,Fitness and Wellness Coordinators,partial
161331,Amusement Centre Manager,11-9179.02,Spa Managers,partial
161331,Amusement Centre Manager,11-9199.00,"Managers, All Other",partial
161331,Amusement Centre Manager,11-9199.01,Regulatory Affairs Managers,partial
161331,Amusement Centre Manager,11-9199.02,Compliance Managers,partial
161331,Amusement Centre Manager,11-9199.08,Loss Prevention Managers,partial
161331,Amusement Centre Manager,11-9199.09,Wind Energy Operations Managers,partial
161331,Amusement Centre Manager,11-9199.10,Wind Energy Development Managers,partial
161331,Amusement Centre Manager,11-9199.11,Brownfield Redevelopment Specialists and Site Managers,partial
161331,Amusement Centre Manager,13-1082.00,Project Management Specialists,partial
161332,Betting Agency Manager,11-1021.00,General and Operations Managers,partial
161333,Cinema or Theatre Manager,11-9071.00,Gambling Managers,partial
161333,Cinema or Theatre Manager,11-9072.00,"Entertainment and Recreation Managers, Except Gambling",partial
161333,Cinema or Theatre Manager,11-9179.00,"Personal Service Managers, All Other",partial
161333,Cinema or Theatre Manager,11-9179.01,Fitness and Wellness Coordinators,partial
161333,Cinema or Theatre Manager,11-9179.02,Spa Managers,partial
161333,Cinema or Theatre Manager,11-9199.00,"Managers, All Other",partial
161333,Cinema or Theatre Manager,11-9199.01,Regulatory Affairs Managers,partial
161333,Cinema or Theatre Manager,11-9199.02,Compliance Managers,partial
161333,Cinema or Theatre Manager,11-9199.08,Loss Prevention Managers,partial
161333,Cinema or Theatre Manager,11-9199.09,Wind Energy Operations Managers,partial
161333,Cinema or Theatre Manager,11-9199.10,Wind Energy Development Managers,partial
161333,Cinema or Theatre Manager,11-9199.11,Brownfield Redevelopment Specialists and Site Managers,partial
161333,Cinema or Theatre Manager,13-1082.00,Project Management Specialists,partial
161334,Fitness Centre Manager,11-9071.00,Gambling Managers,partial
161334,Fitness Centre Manager,11-9072.00,"Entertainment and Recreation Managers, Except Gambling",partial
161334,Fitness Centre Manager,11-9179.00,"Personal Service Managers, All Other",partial
161334,Fitness Centre Manager,11-9179.01,Fitness and Wellness Coordinators,partial
161334,Fitness Centre Manager,11-9179.02,Spa Managers,partial
161334,Fitness Centre Manager,11-9199.00,"Managers, All Other",partial
161334,Fitness Centre Manager,11-9199.01,Regulatory Affairs Managers,partial
161334,Fitness Centre Manager,11-9199.02,Compliance Managers,partial
161334,Fitness Centre Manager,11-9199.08,Loss Prevention Managers,partial
161334,Fitness Centre Manager,11-9199.09,Wind Energy Operations Managers,partial
161334,Fitness Centre Manager,11-9199.10,Wind Energy Development Managers,partial
161334,Fitness Centre Manager,11-9199.11,Brownfield Redevelopment Specialists and Site Managers,partial
161334,Fitness Centre Manager,13-1082.00,Project Management Specialists,partial
161335,Sports Centre Manager,11-9071.00,Gambling Managers,partial
161335,Sports Centre Manager,11-9072.00,"Entertainment and Recreation Managers, Except Gambling",partial
161335,Sports Centre Manager,11-9179.00,"Personal Service Managers, All Other",partial
161335,Sports Centre Manager,11-9179.01,Fitness and Wellness Coordinators,partial
161335,Sports Centre Manager,11-9179.02,Spa Managers,partial
161335,Sports Centre Manager,11-9199.00,"Managers, All Other",partial
161335,Sports Centre Manager,11-9199.01,Regulatory Affairs Managers,partial
161335,Sports Centre Manager,11-9199.02,Compliance Managers,partial
161335,Sports Centre Manager,11-9199.08,Loss Prevention Managers,partial
161335,Sports Centre Manager,11-9199.09,Wind Energy Operations Managers,partial
161335,Sports Centre Manager,11-9199.10,Wind Energy Development Managers,partial
161335,Sports Centre Manager,11-9199.11,Brownfield Redevelopment Specialists and Site Managers,partial
161335,Sports Centre Manager,13-1082.00,Project Management Specialists,partial
161399,"Entertainment, Fitness and Sports Venue Managers nec",11-9072.00,"Entertainment and Recreation Managers, Except Gambling",partial
161399,"Entertainment, Fitness and Sports Venue Managers nec",11-9179.00,"Personal Service Managers, All Other",partial
161399,"Entertainment, Fitness and Sports Venue Managers nec",11-9179.01,Fitness and Wellness Coordinators,partial
161399,"Entertainment, Fitness and Sports Venue Managers nec",11-9179.02,Spa Managers,partial
161399,"Entertainment, Fitness and Sports Venue Managers nec",11-9199.00,"Managers, All Other",partial
161399,"Entertainment, Fitness and Sports Venue Managers nec",11-9199.01,Regulatory Affairs Managers,partial
161399,"Entertainment, Fitness and Sports Venue Managers nec",11-9199.02,Compliance Managers,partial
161399,"Entertainment, Fitness and Sports Venue Managers nec",11-9199.08,Loss Prevention Managers,partial
161399,"Entertainment, Fitness and Sports Venue Managers nec",11-9199.09,Wind Energy Operations Managers,partial
161399,"Entertainment, Fitness and Sports Venue Managers nec",11-9199.10,Wind Energy Development Managers,partial
161399,"Entertainment, Fitness and Sports Venue Managers nec",11-9199.11,Brownfield Redevelopment Specialists and Site Managers,partial
161399,"Entertainment, Fitness and Sports Venue Managers nec",13-1082.00,Project Management Specialists,partial
161431,Hotel or Motel Manager,11-9081.00,Lodging Managers,exact
161531,Licensed Club Manager,11-9072.00,"Entertainment and Recreation Managers, Except Gambling",partial
161531,Licensed Club Manager,11-9179.00,"Personal Service Managers, All Other",partial
161531,Licensed Club Manager,11-9179.01,Fitness and Wellness Coordinators,partial
161531,Licensed Club Manager,11-9179.02,Spa Managers,partial
161531,Licensed Club Manager,11-9199.00,"Managers, All Other",partial
161531,Licensed Club Manager,11-9199.01,Regulatory Affairs Managers,partial
161531,Licensed Club Manager,11-9199.02,Compliance Managers,partial
161531,Licensed Club Manager,11-9199.08,Loss Prevention Managers,partial
161531,Licensed Club Manager,11-9199.09,Wind Energy Operations Managers,partial
161531,Licensed Club Manager,11-9199.10,Wind Energy Development Managers,partial
161531,Licensed Club Manager,11-9199.11,Brownfield Redevelopment Specialists and Site Managers,partial
161531,Licensed Club Manager,13-1082.00,Project Management Specialists,partial
161631,Senior Chef,35-1011.00,Chefs and Head Cooks,partial
161631,Senior Chef,35-1012.00,First-Line Supervisors of Food Preparation and Serving Workers,partial
161931,Caravan Park and Camping Ground Manager,11-9072.00,"Entertainment and Recreation Managers, Except Gambling",partial
161931,Caravan Park and Camping Ground Manager,11-9179.00,"Personal Service Managers, All Other",partial
161931,Caravan Park and Camping Ground Manager,11-9179.01,Fitness and Wellness Coordinators,partial
161931,Caravan Park and Camping Ground Manager,11-9179.02,Spa Managers,partial
161931,Caravan Park and Camping Ground Manager,11-9199.00,"Managers, All Other",partial
161931,Caravan Park and Camping Ground Manager,11-9199.01,Regulatory Affairs Managers,partial
161931,Caravan Park and Camping Ground Manager,11-9199.02,Compliance Managers,partial
161931,Caravan Park and Camping Ground Manager,11-9199.08,Loss Prevention Managers,partial
161931,Caravan Park and Camping Ground Manager,11-9199.09,Wind Energy Operations Managers,partial
161931,Caravan Park and Camping Ground Manager,11-9199.10,Wind Energy Development Managers,partial
161931,Caravan Park and Camping Ground Manager,11-9199.11,Brownfield Redevelopment Specialists and Site Managers,partial
161931,Caravan Park and Camping Ground Manager,13-1082.00,Project Management Specialists,partial
161932,Hosted Accommodation Operator,37-1011.00,First-Line Supervisors of Housekeeping and Janitorial Workers,partial
161932,Hosted Accommodation Operator,39-4012.00,Crematory Operators,partial
161932,Hosted Accommodation Operator,39-9099.00,"Personal Care and Service Workers, All Other",partial
161933,Travel Agency Manager,11-9072.00,"Entertainment and Recreation Managers, Except Gambling",partial
161933,Travel Agency Manager,11-9179.00,"Personal Service Managers, All Other",partial
161933,Travel Agency Manager,11-9179.01,Fitness and Wellness Coordinators,partial
161933,Travel Agency Manager,11-9179.02,Spa Managers,partial
161933,Travel Agency Manager,11-9199.00,"Managers, All Other",partial
161933,Travel Agency Manager,11-9199.01,Regulatory Affairs Managers,partial
161933,Travel Agency Manager,11-9199.02,Compliance Managers,partial
161933,Travel Agency Manager,11-9199.08,Loss Prevention Managers,partial
161933,Travel Agency Manager,11-9199.09,Wind Energy Operations Managers,partial
161933,Travel Agency Manager,11-9199.10,Wind Energy Development Managers,partial
161933,Travel Agency Manager,11-9199.11,Brownfield Redevelopment Specialists and Site Managers,partial
161933,Travel Agency Manager,13-1082.00,Project Management Specialists,partial
161999,"Hospitality, Tourism and Venue Managers nec",11-9081.00,Lodging Managers,partial
161999,"Hospitality, Tourism and Venue Managers nec",11-9072.00,"Entertainment and Recreation Managers, Except Gambling",partial
161999,"Hospitality, Tourism and Venue Managers nec",11-9179.00,"Personal Service Managers, All Other",partial
161999,"Hospitality, Tourism and Venue Managers nec",11-9179.01,Fitness and Wellness Coordinators,partial
161999,"Hospitality, Tourism and Venue Managers nec",11-9179.02,Spa Managers,partial
161999,"Hospitality, Tourism and Venue Managers nec",11-9199.00,"Managers, All Other",partial
161999,"Hospitality, Tourism and Venue Managers nec",11-9199.01,Regulatory Affairs Managers,partial
161999,"Hospitality, Tourism and Venue Managers nec",11-9199.02,Compliance Managers,partial
161999,"Hospitality, Tourism and Venue Managers nec",11-9199.08,Loss Prevention Managers,partial
161999,"Hospitality, Tourism and Venue Managers nec",11-9199.09,Wind Energy Operations Managers,partial
161999,"Hospitality, Tourism and Venue Managers nec",11-9199.10,Wind Energy Development Managers,partial
161999,"Hospitality, Tourism and Venue Managers nec",11-9199.11,Brownfield Redevelopment Specialists and Site Managers,partial
161999,"Hospitality, Tourism and Venue Managers nec",13-1082.00,Project Management Specialists,partial
162131,Retail Manager (General),11-1021.00,General and Operations Managers,partial
162132,Antique Dealer,11-1021.00,General and Operations Managers,partial
162133,Post Office Manager,11-1021.00,General and Operations Managers,partial
171131,Financial Institution Manager,11-1021.00,General and Operations Managers,partial
171131,Financial Institution Manager,11-3031.00,Financial Managers,partial
171131,Financial Institution Manager,11-3031.01,Treasurers and Controllers,partial
171131,Financial Institution Manager,11-3031.03,Investment Fund Managers,partial
171231,Office Manager,43-1011.00,First-Line Supervisors of Office and Administrative Support Workers,exact
171232,Payroll Manager,43-3051.00,Payroll and Timekeeping Clerks,exact
171331,Health Practice Manager,11-9111.00,Medical and Health Services Managers,partial
171331,Health Practice Manager,31-9094.00,Medical Transcriptionists,partial
171331,Health Practice Manager,43-6013.00,Medical Secretaries and Administrative Assistants,partial
171332,Legal Practice Manager,43-6012.00,Legal Secretaries and Administrative Assistants,exact
171333,Veterinary Practice Manager,43-1011.00,First-Line Supervisors of Office and Administrative Support Workers,exact
171399,Practice Managers nec,43-1011.00,First-Line Supervisors of Office and Administrative Support Workers,exact
171431,Real Estate Agency Principal,11-9141.00,"Property, Real Estate, and Community Association Managers",partial
171431,Real Estate Agency Principal,41-1012.00,First-Line Supervisors of Non-Retail Sales Workers,partial
171431,Real Estate Agency Principal,41-9021.00,Real Estate Brokers,partial
171431,Real Estate Agency Principal,41-9022.00,Real Estate Sales Agents,partial
172131,Call or Contact Centre Manager,11-9072.00,"Entertainment and Recreation Managers, Except Gambling",partial
172131,Call or Contact Centre Manager,11-9179.00,"Personal Service Managers, All Other",partial
172131,Call or Contact Centre Manager,11-9179.01,Fitness and Wellness Coordinators,partial
172131,Call or Contact Centre Manager,11-9179.02,Spa Managers,partial
172131,Call or Contact Centre Manager,11-9199.00,"Managers, All Other",partial
172131,Call or Contact Centre Manager,11-9199.01,Regulatory Affairs Managers,partial
172131,Call or Contact Centre Manager,11-9199.02,Compliance Managers,partial
172131,Call or Contact Centre Manager,11-9199.08,Loss Prevention Managers,partial
172131,Call or Contact Centre Manager,11-9199.09,Wind Energy Operations Managers,partial
172131,Call or Contact Centre Manager,11-9199.10,Wind Energy Development Managers,partial
172131,Call or Contact Centre Manager,11-9199.11,Brownfield Redevelopment Specialists and Site Managers,partial
172131,Call or Contact Centre Manager,13-1082.00,Project Management Specialists,partial
172132,Customer Service Manager,11-2032.00,Public Relations Managers,partial
172132,Customer Service Manager,11-2033.00,Fundraising Managers,partial
172132,Customer Service Manager,11-3012.00,Administrative Services Managers,partial
172132,Customer Service Manager,11-3013.00,Facilities Managers,partial
172132,Customer Service Manager,11-3013.01,Security Managers,partial
172132,Customer Service Manager,11-3061.00,Purchasing Managers,partial
172132,Customer Service Manager,11-9171.00,Funeral Home Managers,partial
172132,Customer Service Manager,11-9131.00,Postmasters and Mail Superintendents,partial
172132,Customer Service Manager,11-9072.00,"Entertainment and Recreation Managers, Except Gambling",partial
172132,Customer Service Manager,11-9179.00,"Personal Service Managers, All Other",partial
172132,Customer Service Manager,11-9179.01,Fitness and Wellness Coordinators,partial
172132,Customer Service Manager,11-9179.02,Spa Managers,partial
172132,Customer Service Manager,11-9199.00,"Managers, All Other",partial
172132,Customer Service Manager,11-9199.01,Regulatory Affairs Managers,partial
172132,Customer Service Manager,11-9199.02,Compliance Managers,partial
172132,Customer Service Manager,11-9199.08,Loss Prevention Managers,partial
172132,Customer Service Manager,11-9199.09,Wind Energy Operations Managers,partial
172132,Customer Service Manager,11-9199.10,Wind Energy Development Managers,partial
172132,Customer Service Manager,11-9199.11,Brownfield Redevelopment Specialists and Site Managers,partial
172132,Customer Service Manager,13-1082.00,Project Management Specialists,partial
172231,Event Manager,13-1121.00,"Meeting, Convention, and Event Planners",exact
172331,Facilities Manager,11-2032.00,Public Relations Managers,partial
172331,Facilities Manager,11-2033.00,Fundraising Managers,partial
172331,Facilities Manager,11-3012.00,Administrative Services Managers,partial
172331,Facilities Manager,11-3013.00,Facilities Managers,partial
172331,Facilities Manager,11-3013.01,Security Managers,partial
172331,Facilities Manager,11-3061.00,Purchasing Managers,partial
172331,Facilities Manager,11-9171.00,Funeral Home Managers,partial
172331,Facilities Manager,11-9131.00,Postmasters and Mail Superintendents,partial
172331,Facilities Manager,11-9072.00,"Entertainment and Recreation Managers, Except Gambling",partial
172331,Facilities Manager,11-9179.00,"Personal Service Managers, All Other",partial
172331,Facilities Manager,11-9179.01,Fitness and Wellness Coordinators,partial
172331,Facilities Manager,11-9179.02,Spa Managers,partial
172331,Facilities Manager,11-9199.00,"Managers, All Other",partial
172331,Facilities Manager,11-9199.01,Regulatory Affairs Managers,partial
172331,Facilities Manager,11-9199.02,Compliance Managers,partial
172331,Facilities Manager,11-9199.08,Loss Prevention Managers,partial
172331,Facilities Manager,11-9199.09,Wind Energy Operations Managers,partial
172331,Facilities Manager,11-9199.10,Wind Energy Development Managers,partial
172331,Facilities Manager,11-9199.11,Brownfield Redevelopment Specialists and Site Managers,partial
172331,Facilities Manager,13-1082.00,Project Management Specialists,partial
172431,Hair or Beauty Salon Manager,11-1021.00,General and Operations Managers,partial
172499,"Hair, Body and Beauty Service Managers nec",11-9072.00,"Entertainment and Recreation Managers, Except Gambling",partial
172499,"Hair, Body and Beauty Service Managers nec",11-9179.00,"Personal Service Managers, All Other",partial
172499,"Hair, Body and Beauty Service Managers nec",11-9179.01,Fitness and Wellness Coordinators,partial
172499,"Hair, Body and Beauty Service Managers nec",11-9179.02,Spa Managers,partial
172499,"Hair, Body and Beauty Service Managers nec",11-9199.00,"Managers, All Other",partial
172499,"Hair, Body and Beauty Service Managers nec",11-9199.01,Regulatory Affairs Managers,partial
172499,"Hair, Body and Beauty Service Managers nec",11-9199.02,Compliance Managers,partial
172499,"Hair, Body and Beauty Service Managers nec",11-9199.08,Loss Prevention Managers,partial
172499,"Hair, Body and Beauty Service Managers nec",11-9199.09,Wind Energy Operations Managers,partial
172499,"Hair, Body and Beauty Service Managers nec",11-9199.10,Wind Energy Development Managers,partial
172499,"Hair, Body and Beauty Service Managers nec",11-9199.11,Brownfield Redevelopment Specialists and Site Managers,partial
172499,"Hair, Body and Beauty Service Managers nec",13-1082.00,Project Management Specialists,partial
172531,Fleet Manager,11-3071.00,"Transportation, Storage, and Distribution Managers",exact
172531,Fleet Manager,11-3071.04,Supply Chain Managers,exact
172532,Railway Station Manager,11-3071.00,"Transportation, Storage, and Distribution Managers",exact
172532,Railway Station Manager,11-3071.04,Supply Chain Managers,exact
172533,Transport Company Manager,11-3071.00,"Transportation, Storage, and Distribution Managers",exact
172533,Transport Company Manager,11-3071.04,Supply Chain Managers,exact
172931,Boarding Kennel or Cattery Operator,11-9072.00,"Entertainment and Recreation Managers, Except Gambling",partial
172931,Boarding Kennel or Cattery Operator,11-9179.00,"Personal Service Managers, All Other",partial
172931,Boarding Kennel or Cattery Operator,11-9179.01,Fitness and Wellness Coordinators,partial
172931,Boarding Kennel or Cattery Operator,11-9179.02,Spa Managers,partial
172931,Boarding Kennel or Cattery Operator,11-9199.00,"Managers, All Other",partial
172931,Boarding Kennel or Cattery Operator,11-9199.01,Regulatory Affairs Managers,partial
172931,Boarding Kennel or Cattery Operator,11-9199.02,Compliance Managers,partial
172931,Boarding Kennel or Cattery Operator,11-9199.08,Loss Prevention Managers,partial
172931,Boarding Kennel or Cattery Operator,11-9199.09,Wind Energy Operations Managers,partial
172931,Boarding Kennel or Cattery Operator,11-9199.10,Wind Energy Development Managers,partial
172931,Boarding Kennel or Cattery Operator,11-9199.11,Brownfield Redevelopment Specialists and Site Managers,partial
172931,Boarding Kennel or Cattery Operator,13-1082.00,Project Management Specialists,partial
172932,Equipment Hire Manager,11-9072.00,"Entertainment and Recreation Managers, Except Gambling",partial
172932,Equipment Hire Manager,11-9179.00,"Personal Service Managers, All Other",partial
172932,Equipment Hire Manager,11-9179.01,Fitness and Wellness Coordinators,partial
172932,Equipment Hire Manager,11-9179.02,Spa Managers,partial
172932,Equipment Hire Manager,11-9199.00,"Managers, All Other",partial
172932,Equipment Hire Manager,11-9199.01,Regulatory Affairs Managers,partial
172932,Equipment Hire Manager,11-9199.02,Compliance Managers,partial
172932,Equipment Hire Manager,11-9199.08,Loss Prevention Managers,partial
172932,Equipment Hire Manager,11-9199.09,Wind Energy Operations Managers,partial
172932,Equipment Hire Manager,11-9199.10,Wind Energy Development Managers,partial
172932,Equipment Hire Manager,11-9199.11,Brownfield Redevelopment Specialists and Site Managers,partial
172932,Equipment Hire Manager,13-1082.00,Project Management Specialists,partial
172933,Retirement Village Manager,11-1021.00,General and Operations Managers,partial
172933,Retirement Village Manager,11-9111.00,Medical and Health Services Managers,partial
172934,Security Manager (Non-ICT),11-2032.00,Public Relations Managers,partial
172934,Security Manager (Non-ICT),11-2033.00,Fundraising Managers,partial
172934,Security Manager (Non-ICT),11-3012.00,Administrative Services Managers,partial
172934,Security Manager (Non-ICT),11-3013.00,Facilities Managers,partial
172934,Security Manager (Non-ICT),11-3013.01,Security Managers,partial
172934,Security Manager (Non-ICT),11-3061.00,Purchasing Managers,partial
172934,Security Manager (Non-ICT),11-9171.00,Funeral Home Managers,partial
172934,Security Manager (Non-ICT),11-9131.00,Postmasters and Mail Superintendents,partial
172934,Security Manager (Non-ICT),11-9072.00,"Entertainment and Recreation Managers, Except Gambling",partial
172934,Security Manager (Non-ICT),11-9179.00,"Personal Service Managers, All Other",partial
172934,Security Manager (Non-ICT),11-9179.01,Fitness and Wellness Coordinators,partial
172934,Security Manager (Non-ICT),11-9179.02,Spa Managers,partial
172934,Security Manager (Non-ICT),11-9199.00,"Managers, All Other",partial
172934,Security Manager (Non-ICT),11-9199.01,Regulatory Affairs Managers,partial
172934,Security Manager (Non-ICT),11-9199.02,Compliance Managers,partial
172934,Security Manager (Non-ICT),11-9199.08,Loss Prevention Managers,partial
172934,Security Manager (Non-ICT),11-9199.09,Wind Energy Operations Managers,partial
172934,Security Manager (Non-ICT),11-9199.10,Wind Energy Development Managers,partial
172934,Security Manager (Non-ICT),11-9199.11,Brownfield Redevelopment Specialists and Site Managers,partial
172934,Security Manager (Non-ICT),13-1082.00,Project Management Specialists,partial
172999,Service Managers nec,11-9072.00,"Entertainment and Recreation Managers, Except Gambling",partial
172999,Service Managers nec,11-9179.00,"Personal Service Managers, All Other",partial
172999,Service Managers nec,11-9179.01,Fitness and Wellness Coordinators,partial
172999,Service Managers nec,11-9179.02,Spa Managers,partial
172999,Service Managers nec,11-9199.00,"Managers, All Other",partial
172999,Service Managers nec,11-9199.01,Regulatory Affairs Managers,partial
172999,Service Managers nec,11-9199.02,Compliance Managers,partial
172999,Service Managers nec,11-9199.08,Loss Prevention Managers,partial
172999,Service Managers nec,11-9199.09,Wind Energy Operations Managers,partial
172999,Service Managers nec,11-9199.10,Wind Energy Development Managers,partial
172999,Service Managers nec,11-9199.11,Brownfield Redevelopment Specialists and Site Managers,partial
172999,Service Managers nec,13-1082.00,Project Management Specialists,partial
211131,Accountant (General),13-2011.00,Accountants and Auditors,partial
211131,Accountant (General),13-2031.00,Budget Analysts,partial
211131,Accountant (General),13-2082.00,Tax Preparers,partial
211132,Corporate Treasurer,11-3031.00,Financial Managers,exact
211132,Corporate Treasurer,11-3031.01,Treasurers and Controllers,exact
211132,Corporate Treasurer,11-3031.03,Investment Fund Managers,exact
211133,Forensic Accountant,13-2011.00,Accountants and Auditors,partial
211133,Forensic Accountant,13-2031.00,Budget Analysts,partial
211133,Forensic Accountant,13-2082.00,Tax Preparers,partial
211134,Management Accountant,13-2011.00,Accountants and Auditors,partial
211134,Management Accountant,13-2031.00,Budget Analysts,partial
211134,Management Accountant,13-2082.00,Tax Preparers,partial
211135,Taxation Accountant,13-2011.00,Accountants and Auditors,partial
211135,Taxation Accountant,13-2031.00,Budget Analysts,partial
211135,Taxation Accountant,13-2082.00,Tax Preparers,partial
211231,External Auditor,13-2011.00,Accountants and Auditors,partial
211231,External Auditor,13-2031.00,Budget Analysts,partial
211231,External Auditor,13-2082.00,Tax Preparers,partial
211232,Internal Auditor,13-2011.00,Accountants and Auditors,partial
211232,Internal Auditor,13-2031.00,Budget Analysts,partial
211232,Internal Auditor,13-2082.00,Tax Preparers,partial
212131,Financial Adviser,13-2051.00,Financial and Investment Analysts,partial
212131,Financial Adviser,13-2054.00,Financial Risk Specialists,partial
212131,Financial Adviser,13-2052.00,Personal Financial Advisors,partial
212231,Financial Market Dealer,41-1012.00,First-Line Supervisors of Non-Retail Sales Workers,partial
212231,Financial Market Dealer,41-3031.00,"Securities, Commodities, and Financial Services Sales Agents",partial
212232,Stockbroker,41-1012.00,First-Line Supervisors of Non-Retail Sales Workers,partial
212232,Stockbroker,41-3031.00,"Securities, Commodities, and Financial Services Sales Agents",partial
212331,Capital Markets Specialist,41-1012.00,First-Line Supervisors of Non-Retail Sales Workers,partial
212331,Capital Markets Specialist,41-3031.00,"Securities, Commodities, and Financial Services Sales Agents",partial
212332,Investment Analyst,13-2041.00,Credit Analysts,partial
212332,Investment Analyst,13-2051.00,Financial and Investment Analysts,partial
212332,Investment Analyst,13-2054.00,Financial Risk Specialists,partial
212332,Investment Analyst,13-2061.00,Financial Examiners,partial
212332,Investment Analyst,41-1012.00,First-Line Supervisors of Non-Retail Sales Workers,partial
212332,Investment Analyst,41-3031.00,"Securities, Commodities, and Financial Services Sales Agents",partial
212333,Investment Manager,13-2051.00,Financial and Investment Analysts,partial
212333,Investment Manager,13-2054.00,Financial Risk Specialists,partial
212333,Investment Manager,13-2052.00,Personal Financial Advisors,partial
212931,Credit Risk Manager,13-2041.00,Credit Analysts,partial
212931,Credit Risk Manager,13-2051.00,Financial and Investment Analysts,partial
212931,Credit Risk Manager,13-2054.00,Financial Risk Specialists,partial
212931,Credit Risk Manager,13-2061.00,Financial Examiners,partial
212931,Credit Risk Manager,41-1012.00,First-Line Supervisors of Non-Retail Sales Workers,partial
212931,Credit Risk Manager,41-3031.00,"Securities, Commodities, and Financial Services Sales Agents",partial
212999,Financial Services and Investment Specialists nec,13-2041.00,Credit Analysts,partial
212999,Financial Services and Investment Specialists nec,13-2051.00,Financial and Investment Analysts,partial
212999,Financial Services and Investment Specialists nec,13-2054.00,Financial Risk Specialists,partial
212999,Financial Services and Investment Specialists nec,13-2061.00,Financial Examiners,partial
212999,Financial Services and Investment Specialists nec,41-1012.00,First-Line Supervisors of Non-Retail Sales Workers,partial
212999,Financial Services and Investment Specialists nec,41-3031.00,"Securities, Commodities, and Financial Services Sales Agents",partial
221131,Advertising Specialist,13-1161.00,Market Research Analysts and Marketing Specialists,partial
221131,Advertising Specialist,13-1161.01,Search Marketing Strategists,partial
221131,Advertising Specialist,27-3043.00,Writers and Authors,partial
221131,Advertising Specialist,27-3043.05,"Poets, Lyricists and Creative Writers",partial
221131,Advertising Specialist,27-1011.00,Art Directors,partial
221131,Advertising Specialist,27-2012.00,Producers and Directors,partial
221131,Advertising Specialist,27-2012.03,Media Programming Directors,partial
221131,Advertising Specialist,27-2012.04,Talent Directors,partial
221131,Advertising Specialist,27-2012.05,Media Technical Directors/Managers,partial
221131,Advertising Specialist,27-4032.00,Film and Video Editors,partial
221231,Communications Officer (Public Relations),27-3031.00,Public Relations Specialists,exact
221331,Electorate Officer,13-1082.00,Project Management Specialists,partial
221331,Electorate Officer,13-1199.00,"Business Operations Specialists, All Other",partial
221331,Electorate Officer,13-1199.04,Business Continuity Planners,partial
221331,Electorate Officer,13-1199.05,Sustainability Specialists,partial
221331,Electorate Officer,13-1199.06,Online Merchants,partial
221331,Electorate Officer,13-1199.07,Security Management Specialists,partial
221332,Liaison Officer,27-3031.00,Public Relations Specialists,partial
221332,Liaison Officer,13-1011.00,"Agents and Business Managers of Artists, Performers, and Athletes",partial
221332,Liaison Officer,13-1051.00,Cost Estimators,partial
221332,Liaison Officer,13-1082.00,Project Management Specialists,partial
221332,Liaison Officer,13-1199.00,"Business Operations Specialists, All Other",partial
221332,Liaison Officer,13-1199.04,Business Continuity Planners,partial
221332,Liaison Officer,13-1199.05,Sustainability Specialists,partial
221332,Liaison Officer,13-1199.06,Online Merchants,partial
221332,Liaison Officer,13-1199.07,Security Management Specialists,partial
221332,Liaison Officer,13-2054.00,Financial Risk Specialists,partial
221332,Liaison Officer,13-2099.00,"Financial Specialists, All Other",partial
221332,Liaison Officer,13-2099.01,Financial Quantitative Analysts,partial
221332,Liaison Officer,13-2099.04,"Fraud Examiners, Investigators and Analysts",partial
221332,Liaison Officer,41-1012.00,First-Line Supervisors of Non-Retail Sales Workers,partial
221332,Liaison Officer,41-3011.00,Advertising Sales Agents,partial
221332,Liaison Officer,41-3041.00,Travel Agents,partial
221332,Liaison Officer,41-9099.00,"Sales and Related Workers, All Other",partial
221332,Liaison Officer,21-1093.00,Social and Human Service Assistants,partial
221431,ICT Business Development Manager,41-1012.00,First-Line Supervisors of Non-Retail Sales Workers,partial
221431,ICT Business Development Manager,41-4011.00,"Sales Representatives, Wholesale and Manufacturing, Technical and Scientific Products",partial
221431,ICT Business Development Manager,41-4011.07,Solar Sales Representatives and Assessors,partial
221431,ICT Business Development Manager,41-9031.00,Sales Engineers,partial
221531,Content Creator (Marketing),13-1161.00,Market Research Analysts and Marketing Specialists,partial
221531,Content Creator (Marketing),13-1161.01,Search Marketing Strategists,partial
221531,Content Creator (Marketing),27-3043.00,Writers and Authors,partial
221531,Content Creator (Marketing),27-3043.05,"Poets, Lyricists and Creative Writers",partial
221532,Digital Marketing Analyst,13-1161.00,Market Research Analysts and Marketing Specialists,partial
221532,Digital Marketing Analyst,13-1161.01,Search Marketing Strategists,partial
221532,Digital Marketing Analyst,27-3043.00,Writers and Authors,partial
221532,Digital Marketing Analyst,27-3043.05,"Poets, Lyricists and Creative Writers",partial
221533,Market Research Analyst,13-1161.00,Market Research Analysts and Marketing Specialists,partial
221533,Market Research Analyst,13-1161.01,Search Marketing Strategists,partial
221533,Market Research Analyst,27-3043.00,Writers and Authors,partial
221533,Market Research Analyst,27-3043.05,"Poets, Lyricists and Creative Writers",partial
221534,Marketing Specialist,13-1161.00,Market Research Analysts and Marketing Specialists,partial
221534,Marketing Specialist,13-1161.01,Search Marketing Strategists,partial
221534,Marketing Specialist,27-3043.00,Writers and Authors,partial
221534,Marketing Specialist,27-3043.05,"Poets, Lyricists and Creative Writers",partial
221631,ICT Account Manager,41-1012.00,First-Line Supervisors of Non-Retail Sales Workers,partial
221631,ICT Account Manager,41-4011.00,"Sales Representatives, Wholesale and Manufacturing, Technical and Scientific Products",partial
221631,ICT Account Manager,41-4011.07,Solar Sales Representatives and Assessors,partial
221631,ICT Account Manager,41-9031.00,Sales Engineers,partial
221632,ICT Sales Representative,41-1012.00,First-Line Supervisors of Non-Retail Sales Workers,partial
221632,ICT Sales Representative,41-4011.00,"Sales Representatives, Wholesale and Manufacturing, Technical and Scientific Products",partial
221632,ICT Sales Representative,41-4011.07,Solar Sales Representatives and Assessors,partial
221632,ICT Sales Representative,41-9031.00,Sales Engineers,partial
221633,Sales Representative (Industrial Products),41-1012.00,First-Line Supervisors of Non-Retail Sales Workers,partial
221633,Sales Representative (Industrial Products),41-4011.00,"Sales Representatives, Wholesale and Manufacturing, Technical and Scientific Products",partial
221633,Sales Representative (Industrial Products),41-4011.07,Solar Sales Representatives and Assessors,partial
221634,Sales Representative (Medical and Pharmaceutical Products),41-1012.00,First-Line Supervisors of Non-Retail Sales Workers,partial
221634,Sales Representative (Medical and Pharmaceutical Products),41-4011.00,"Sales Representatives, Wholesale and Manufacturing, Technical and Scientific Products",partial
221634,Sales Representative (Medical and Pharmaceutical Products),41-4011.07,Solar Sales Representatives and Assessors,partial
221699,Technical Sales Representatives nec,41-1012.00,First-Line Supervisors of Non-Retail Sales Workers,partial
221699,Technical Sales Representatives nec,41-4011.00,"Sales Representatives, Wholesale and Manufacturing, Technical and Scientific Products",partial
221699,Technical Sales Representatives nec,41-4011.07,Solar Sales Representatives and Assessors,partial
222131,Human Resources Adviser,13-1071.00,Human Resources Specialists,partial
222131,Human Resources Adviser,13-1075.00,Labor Relations Specialists,partial
222131,Human Resources Adviser,13-1141.00,"Compensation, Benefits, and Job Analysis Specialists",partial
222131,Human Resources Adviser,21-1012.00,"Educational, Guidance, and Career Counselors and Advisors",partial
222132,Workplace Relations Adviser,13-1071.00,Human Resources Specialists,partial
222132,Workplace Relations Adviser,13-1075.00,Labor Relations Specialists,partial
222132,Workplace Relations Adviser,13-1141.00,"Compensation, Benefits, and Job Analysis Specialists",partial
222132,Workplace Relations Adviser,21-1012.00,"Educational, Guidance, and Career Counselors and Advisors",partial
222231,Recruitment Consultant,13-1071.00,Human Resources Specialists,partial
222231,Recruitment Consultant,13-1075.00,Labor Relations Specialists,partial
222231,Recruitment Consultant,13-1141.00,"Compensation, Benefits, and Job Analysis Specialists",partial
222231,Recruitment Consultant,21-1012.00,"Educational, Guidance, and Career Counselors and Advisors",partial
222231,Recruitment Consultant,13-1074.00,Farm Labor Contractors,partial
222231,Recruitment Consultant,13-1011.00,"Agents and Business Managers of Artists, Performers, and Athletes",partial
222231,Recruitment Consultant,13-1051.00,Cost Estimators,partial
222231,Recruitment Consultant,13-1082.00,Project Management Specialists,partial
222231,Recruitment Consultant,13-1199.00,"Business Operations Specialists, All Other",partial
222231,Recruitment Consultant,13-1199.04,Business Continuity Planners,partial
222231,Recruitment Consultant,13-1199.05,Sustainability Specialists,partial
222231,Recruitment Consultant,13-1199.06,Online Merchants,partial
222231,Recruitment Consultant,13-1199.07,Security Management Specialists,partial
222231,Recruitment Consultant,13-2054.00,Financial Risk Specialists,partial
222231,Recruitment Consultant,13-2099.00,"Financial Specialists, All Other",partial
222231,Recruitment Consultant,13-2099.01,Financial Quantitative Analysts,partial
222231,Recruitment Consultant,13-2099.04,"Fraud Examiners, Investigators and Analysts",partial
222231,Recruitment Consultant,41-1012.00,First-Line Supervisors of Non-Retail Sales Workers,partial
222231,Recruitment Consultant,41-3011.00,Advertising Sales Agents,partial
222231,Recruitment Consultant,41-3041.00,Travel Agents,partial
222231,Recruitment Consultant,41-9099.00,"Sales and Related Workers, All Other",partial
222331,Rehabilitation Consultant,21-1091.00,Health Education Specialists,partial
222331,Rehabilitation Consultant,19-5011.00,Occupational Health and Safety Specialists,partial
222332,Work Health and Safety Adviser,21-1091.00,Health Education Specialists,partial
222332,Work Health and Safety Adviser,19-5011.00,Occupational Health and Safety Specialists,partial
222431,Training and Development Professional,13-1151.00,Training and Development Specialists,partial
223131,Actuary,15-2011.00,Actuaries,partial
223131,Actuary,15-2021.00,Mathematicians,partial
223131,Actuary,15-2031.00,Operations Research Analysts,partial
223131,Actuary,15-2041.00,Statisticians,partial
223131,Actuary,15-2041.01,Biostatisticians,partial
223131,Actuary,19-3022.00,Survey Researchers,partial
223132,Mathematician,15-2011.00,Actuaries,partial
223132,Mathematician,15-2021.00,Mathematicians,partial
223132,Mathematician,15-2031.00,Operations Research Analysts,partial
223132,Mathematician,15-2041.00,Statisticians,partial
223132,Mathematician,15-2041.01,Biostatisticians,partial
223132,Mathematician,19-3022.00,Survey Researchers,partial
223133,Statistician,15-2011.00,Actuaries,partial
223133,Statistician,15-2021.00,Mathematicians,partial
223133,Statistician,15-2031.00,Operations Research Analysts,partial
223133,Statistician,15-2041.00,Statisticians,partial
223133,Statistician,15-2041.01,Biostatisticians,partial
223133,Statistician,19-3022.00,Survey Researchers,partial
223231,Data Analyst,15-2011.00,Actuaries,partial
223231,Data Analyst,15-2021.00,Mathematicians,partial
223231,Data Analyst,15-2031.00,Operations Research Analysts,partial
223231,Data Analyst,15-2041.00,Statisticians,partial
223231,Data Analyst,15-2041.01,Biostatisticians,partial
223231,Data Analyst,19-3022.00,Survey Researchers,partial
223232,Data Architect,15-2011.00,Actuaries,partial
223232,Data Architect,15-2021.00,Mathematicians,partial
223232,Data Architect,15-2031.00,Operations Research Analysts,partial
223232,Data Architect,15-2041.00,Statisticians,partial
223232,Data Architect,15-2041.01,Biostatisticians,partial
223232,Data Architect,19-3022.00,Survey Researchers,partial
223233,Data Engineer,15-2011.00,Actuaries,partial
223233,Data Engineer,15-2021.00,Mathematicians,partial
223233,Data Engineer,15-2031.00,Operations Research Analysts,partial
223233,Data Engineer,15-2041.00,Statisticians,partial
223233,Data Engineer,15-2041.01,Biostatisticians,partial
223233,Data Engineer,19-3022.00,Survey Researchers,partial
223234,Data Scientist,15-2011.00,Actuaries,partial
223234,Data Scientist,15-2021.00,Mathematicians,partial
223234,Data Scientist,15-2031.00,Operations Research Analysts,partial
223234,Data Scientist,15-2041.00,Statisticians,partial
223234,Data Scientist,15-2041.01,Biostatisticians,partial
223234,Data Scientist,19-3022.00,Survey Researchers,partial
223331,Intelligence Analyst,13-1082.00,Project Management Specialists,partial
223331,Intelligence Analyst,13-1199.00,"Business Operations Specialists, All Other",partial
223331,Intelligence Analyst,13-1199.04,Business Continuity Planners,partial
223331,Intelligence Analyst,13-1199.05,Sustainability Specialists,partial
223331,Intelligence Analyst,13-1199.06,Online Merchants,partial
223331,Intelligence Analyst,13-1199.07,Security Management Specialists,partial
223332,Policy Analyst,13-1082.00,Project Management Specialists,partial
223332,Policy Analyst,13-1199.00,"Business Operations Specialists, All Other",partial
223332,Policy Analyst,13-1199.04,Business Continuity Planners,partial
223332,Policy Analyst,13-1199.05,Sustainability Specialists,partial
223332,Policy Analyst,13-1199.06,Online Merchants,partial
223332,Policy Analyst,13-1199.07,Security Management Specialists,partial
223431,Enterprise Architect,13-1081.00,Logisticians,partial
223431,Enterprise Architect,13-1081.01,Logistics Engineers,partial
223431,Enterprise Architect,13-1081.02,Logistics Analysts,partial
223431,Enterprise Architect,13-1111.00,Management Analysts,partial
223432,Management Consultant,13-1081.00,Logisticians,partial
223432,Management Consultant,13-1081.01,Logistics Engineers,partial
223432,Management Consultant,13-1081.02,Logistics Analysts,partial
223432,Management Consultant,13-1111.00,Management Analysts,partial
223433,Organisation and Methods Analyst,13-1081.00,Logisticians,partial
223433,Organisation and Methods Analyst,13-1081.01,Logistics Engineers,partial
223433,Organisation and Methods Analyst,13-1081.02,Logistics Analysts,partial
223433,Organisation and Methods Analyst,13-1111.00,Management Analysts,partial
223434,Supply Chain Analyst,13-1081.00,Logisticians,partial
223434,Supply Chain Analyst,13-1081.01,Logistics Engineers,partial
223434,Supply Chain Analyst,13-1081.02,Logistics Analysts,partial
223434,Supply Chain Analyst,13-1111.00,Management Analysts,partial
223531,Asset Manager (Property),13-1011.00,"Agents and Business Managers of Artists, Performers, and Athletes",partial
223531,Asset Manager (Property),13-1051.00,Cost Estimators,partial
223531,Asset Manager (Property),13-1082.00,Project Management Specialists,partial
223531,Asset Manager (Property),13-1199.00,"Business Operations Specialists, All Other",partial
223531,Asset Manager (Property),13-1199.04,Business Continuity Planners,partial
223531,Asset Manager (Property),13-1199.05,Sustainability Specialists,partial
223531,Asset Manager (Property),13-1199.06,Online Merchants,partial
223531,Asset Manager (Property),13-1199.07,Security Management Specialists,partial
223531,Asset Manager (Property),13-2054.00,Financial Risk Specialists,partial
223531,Asset Manager (Property),13-2099.00,"Financial Specialists, All Other",partial
223531,Asset Manager (Property),13-2099.01,Financial Quantitative Analysts,partial
223531,Asset Manager (Property),13-2099.04,"Fraud Examiners, Investigators and Analysts",partial
223531,Asset Manager (Property),41-1012.00,First-Line Supervisors of Non-Retail Sales Workers,partial
223531,Asset Manager (Property),41-3011.00,Advertising Sales Agents,partial
223531,Asset Manager (Property),41-3041.00,Travel Agents,partial
223531,Asset Manager (Property),41-9099.00,"Sales and Related Workers, All Other",partial
223532,Valuer,13-1031.00,"Claims Adjusters, Examiners, and Investigators",partial
223532,Valuer,13-1032.00,"Insurance Appraisers, Auto Damage",partial
223532,Valuer,13-2022.00,Appraisers of Personal and Business Property,partial
223532,Valuer,13-2023.00,Appraisers and Assessors of Real Estate,partial
223931,Company Secretary,11-3031.00,Financial Managers,exact
223931,Company Secretary,11-3031.01,Treasurers and Controllers,exact
223931,Company Secretary,11-3031.03,Investment Fund Managers,exact
223932,Cost Controller,13-1011.00,"Agents and Business Managers of Artists, Performers, and Athletes",partial
223932,Cost Controller,13-1051.00,Cost Estimators,partial
223932,Cost Controller,13-1082.00,Project Management Specialists,partial
223932,Cost Controller,13-1199.00,"Business Operations Specialists, All Other",partial
223932,Cost Controller,13-1199.04,Business Continuity Planners,partial
223932,Cost Controller,13-1199.05,Sustainability Specialists,partial
223932,Cost Controller,13-1199.06,Online Merchants,partial
223932,Cost Controller,13-1199.07,Security Management Specialists,partial
223932,Cost Controller,13-2054.00,Financial Risk Specialists,partial
223932,Cost Controller,13-2099.00,"Financial Specialists, All Other",partial
223932,Cost Controller,13-2099.01,Financial Quantitative Analysts,partial
223932,Cost Controller,13-2099.04,"Fraud Examiners, Investigators and Analysts",partial
223932,Cost Controller,41-1012.00,First-Line Supervisors of Non-Retail Sales Workers,partial
223932,Cost Controller,41-3011.00,Advertising Sales Agents,partial
223932,Cost Controller,41-3041.00,Travel Agents,partial
223932,Cost Controller,41-9099.00,"Sales and Related Workers, All Other",partial
223933,Health Information Manager,29-2072.00,Medical Records Specialists,partial
223933,Health Information Manager,29-9021.00,Health Information Technologists and Medical Registrars,partial
223934,Patents Examiner,45-2011.00,Agricultural Inspectors,exact
223935,Records or Information Manager,25-4011.00,Archivists,partial
223935,Records or Information Manager,25-4012.00,Curators,partial
223935,Records or Information Manager,25-4022.00,Librarians and Media Collections Specialists,partial
223999,Information and Organisation Professionals nec,25-4022.00,Librarians and Media Collections Specialists,partial
223999,Information and Organisation Professionals nec,13-1011.00,"Agents and Business Managers of Artists, Performers, and Athletes",partial
223999,Information and Organisation Professionals nec,13-1051.00,Cost Estimators,partial
223999,Information and Organisation Professionals nec,13-1082.00,Project Management Specialists,partial
223999,Information and Organisation Professionals nec,13-1199.00,"Business Operations Specialists, All Other",partial
223999,Information and Organisation Professionals nec,13-1199.04,Business Continuity Planners,partial
223999,Information and Organisation Professionals nec,13-1199.05,Sustainability Specialists,partial
223999,Information and Organisation Professionals nec,13-1199.06,Online Merchants,partial
223999,Information and Organisation Professionals nec,13-1199.07,Security Management Specialists,partial
223999,Information and Organisation Professionals nec,13-2054.00,Financial Risk Specialists,partial
223999,Information and Organisation Professionals nec,13-2099.00,"Financial Specialists, All Other",partial
223999,Information and Organisation Professionals nec,13-2099.01,Financial Quantitative Analysts,partial
223999,Information and Organisation Professionals nec,13-2099.04,"Fraud Examiners, Investigators and Analysts",partial
223999,Information and Organisation Professionals nec,41-1012.00,First-Line Supervisors of Non-Retail Sales Workers,partial
223999,Information and Organisation Professionals nec,41-3011.00,Advertising Sales Agents,partial
223999,Information and Organisation Professionals nec,41-3041.00,Travel Agents,partial
223999,Information and Organisation Professionals nec,41-9099.00,"Sales and Related Workers, All Other",partial
223999,Information and Organisation Professionals nec,21-1093.00,Social and Human Service Assistants,partial
231131,Actor,27-2011.00,Actors,exact
231132,Circus Performer or Trainer,27-2091.00,"Disc Jockeys, Except Radio",partial
231132,Circus Performer or Trainer,27-2099.00,"Entertainers and Performers, Sports and Related Workers, All Other",partial
231133,Content Creator (Social Media),27-2091.00,"Disc Jockeys, Except Radio",partial
231133,Content Creator (Social Media),27-2099.00,"Entertainers and Performers, Sports and Related Workers, All Other",partial
231134,Dancer or Choreographer,27-2031.00,Dancers,partial
231134,Dancer or Choreographer,27-2032.00,Choreographers,partial
231135,Entertainer or Variety Performer,27-2041.00,Music Directors and Composers,partial
231135,Entertainer or Variety Performer,27-2042.00,Musicians and Singers,partial
231135,Entertainer or Variety Performer,27-2091.00,"Disc Jockeys, Except Radio",partial
231135,Entertainer or Variety Performer,27-2099.00,"Entertainers and Performers, Sports and Related Workers, All Other",partial
231199,"Actors, Dancers and Other Entertainers nec",27-2011.00,Actors,partial
231199,"Actors, Dancers and Other Entertainers nec",27-2091.00,"Disc Jockeys, Except Radio",partial
231199,"Actors, Dancers and Other Entertainers nec",27-2099.00,"Entertainers and Performers, Sports and Related Workers, All Other",partial
231199,"Actors, Dancers and Other Entertainers nec",27-1019.00,"Artists and Related Workers, All Other",partial
231199,"Actors, Dancers and Other Entertainers nec",27-3099.00,"Media and Communication Workers, All Other",partial
231199,"Actors, Dancers and Other Entertainers nec",27-4015.00,Lighting Technicians,partial
231199,"Actors, Dancers and Other Entertainers nec",27-4099.00,"Media and Communication Equipment Workers, All Other",partial
231199,"Actors, Dancers and Other Entertainers nec",39-3092.00,Costume Attendants,partial
231199,"Actors, Dancers and Other Entertainers nec",39-3099.00,"Entertainment Attendants and Related Workers, All Other",partial
231231,Author,27-3041.00,Editors,partial
231231,Author,27-3042.00,Technical Writers,partial
231231,Author,27-3043.00,Writers and Authors,partial
231231,Author,27-3043.05,"Poets, Lyricists and Creative Writers",partial
231232,Book or Script Editor,27-3041.00,Editors,partial
231232,Book or Script Editor,27-3042.00,Technical Writers,partial
231232,Book or Script Editor,27-3043.00,Writers and Authors,partial
231232,Book or Script Editor,27-3043.05,"Poets, Lyricists and Creative Writers",partial
231331,Copywriter,13-1161.00,Market Research Analysts and Marketing Specialists,partial
231331,Copywriter,13-1161.01,Search Marketing Strategists,partial
231331,Copywriter,27-3043.00,Writers and Authors,partial
231331,Copywriter,27-3043.05,"Poets, Lyricists and Creative Writers",partial
231331,Copywriter,27-3031.00,Public Relations Specialists,partial
231332,Journalist,27-3023.00,"News Analysts, Reporters, and Journalists",partial
231332,Journalist,27-3041.00,Editors,partial
231333,Print or Digital Content Editor,27-3023.00,"News Analysts, Reporters, and Journalists",partial
231333,Print or Digital Content Editor,27-3041.00,Editors,partial
231333,Print or Digital Content Editor,43-9081.00,Proofreaders and Copy Markers,partial
231334,Technical Writer,27-3041.00,Editors,partial
231334,Technical Writer,27-3042.00,Technical Writers,partial
231334,Technical Writer,27-3043.00,Writers and Authors,partial
231334,Technical Writer,27-3043.05,"Poets, Lyricists and Creative Writers",partial
231399,Journalists and Other Writers nec,27-3041.00,Editors,partial
231399,Journalists and Other Writers nec,27-3042.00,Technical Writers,partial
231399,Journalists and Other Writers nec,27-3043.00,Writers and Authors,partial
231399,Journalists and Other Writers nec,27-3043.05,"Poets, Lyricists and Creative Writers",partial
231399,Journalists and Other Writers nec,27-3023.00,"News Analysts, Reporters, and Journalists",partial
231431,Artistic Director,27-1011.00,Art Directors,partial
231431,Artistic Director,27-2012.00,Producers and Directors,partial
231431,Artistic Director,27-2012.03,Media Programming Directors,partial
231431,Artistic Director,27-2012.04,Talent Directors,partial
231431,Artistic Director,27-2012.05,Media Technical Directors/Managers,partial
231431,Artistic Director,27-4032.00,Film and Video Editors,partial
231432,Audio or Live Performance Director,27-1011.00,Art Directors,partial
231432,Audio or Live Performance Director,27-2012.00,Producers and Directors,partial
231432,Audio or Live Performance Director,27-2012.03,Media Programming Directors,partial
231432,Audio or Live Performance Director,27-2012.04,Talent Directors,partial
231432,Audio or Live Performance Director,27-2012.05,Media Technical Directors/Managers,partial
231432,Audio or Live Performance Director,27-4032.00,Film and Video Editors,partial
231433,Cinematographer,27-1011.00,Art Directors,partial
231433,Cinematographer,27-2012.00,Producers and Directors,partial
231433,Cinematographer,27-2012.03,Media Programming Directors,partial
231433,Cinematographer,27-2012.04,Talent Directors,partial
231433,Cinematographer,27-2012.05,Media Technical Directors/Managers,partial
231433,Cinematographer,27-4032.00,Film and Video Editors,partial
231434,Film and Video Editor,27-1011.00,Art Directors,partial
231434,Film and Video Editor,27-2012.00,Producers and Directors,partial
231434,Film and Video Editor,27-2012.03,Media Programming Directors,partial
231434,Film and Video Editor,27-2012.04,Talent Directors,partial
231434,Film and Video Editor,27-2012.05,Media Technical Directors/Managers,partial
231434,Film and Video Editor,27-4032.00,Film and Video Editors,partial
231435,Production Manager (Screen or Live Performance),27-1011.00,Art Directors,partial
231435,Production Manager (Screen or Live Performance),27-2012.00,Producers and Directors,partial
231435,Production Manager (Screen or Live Performance),27-2012.03,Media Programming Directors,partial
231435,Production Manager (Screen or Live Performance),27-2012.04,Talent Directors,partial
231435,Production Manager (Screen or Live Performance),27-2012.05,Media Technical Directors/Managers,partial
231435,Production Manager (Screen or Live Performance),27-4032.00,Film and Video Editors,partial
231435,Production Manager (Screen or Live Performance),27-1019.00,"Artists and Related Workers, All Other",partial
231435,Production Manager (Screen or Live Performance),27-2091.00,"Disc Jockeys, Except Radio",partial
231435,Production Manager (Screen or Live Performance),27-2099.00,"Entertainers and Performers, Sports and Related Workers, All Other",partial
231435,Production Manager (Screen or Live Performance),27-3099.00,"Media and Communication Workers, All Other",partial
231435,Production Manager (Screen or Live Performance),27-4015.00,Lighting Technicians,partial
231435,Production Manager (Screen or Live Performance),27-4099.00,"Media and Communication Equipment Workers, All Other",partial
231435,Production Manager (Screen or Live Performance),39-3092.00,Costume Attendants,partial
231435,Production Manager (Screen or Live Performance),39-3099.00,"Entertainment Attendants and Related Workers, All Other",partial
231436,Screen Director,27-1011.00,Art Directors,partial
231436,Screen Director,27-2012.00,Producers and Directors,partial
231436,Screen Director,27-2012.03,Media Programming Directors,partial
231436,Screen Director,27-2012.04,Talent Directors,partial
231436,Screen Director,27-2012.05,Media Technical Directors/Managers,partial
231436,Screen Director,27-4032.00,Film and Video Editors,partial
231437,Screen or Live Performance Designer,27-1011.00,Art Directors,partial
231437,Screen or Live Performance Designer,27-2012.00,Producers and Directors,partial
231437,Screen or Live Performance Designer,27-2012.03,Media Programming Directors,partial
231437,Screen or Live Performance Designer,27-2012.04,Talent Directors,partial
231437,Screen or Live Performance Designer,27-2012.05,Media Technical Directors/Managers,partial
231437,Screen or Live Performance Designer,27-4032.00,Film and Video Editors,partial
231438,Technical Director,27-1011.00,Art Directors,partial
231438,Technical Director,27-2012.00,Producers and Directors,partial
231438,Technical Director,27-2012.03,Media Programming Directors,partial
231438,Technical Director,27-2012.04,Talent Directors,partial
231438,Technical Director,27-2012.05,Media Technical Directors/Managers,partial
231438,Technical Director,27-4032.00,Film and Video Editors,partial
231499,Media Directors and Designers nec,27-1011.00,Art Directors,partial
231499,Media Directors and Designers nec,27-2012.00,Producers and Directors,partial
231499,Media Directors and Designers nec,27-2012.03,Media Programming Directors,partial
231499,Media Directors and Designers nec,27-2012.04,Talent Directors,partial
231499,Media Directors and Designers nec,27-2012.05,Media Technical Directors/Managers,partial
231499,Media Directors and Designers nec,27-4032.00,Film and Video Editors,partial
231531,Audio Producer,27-1011.00,Art Directors,partial
231531,Audio Producer,27-2012.00,Producers and Directors,partial
231531,Audio Producer,27-2012.03,Media Programming Directors,partial
231531,Audio Producer,27-2012.04,Talent Directors,partial
231531,Audio Producer,27-2012.05,Media Technical Directors/Managers,partial
231531,Audio Producer,27-4032.00,Film and Video Editors,partial
231532,Live Performance Producer,27-1011.00,Art Directors,partial
231532,Live Performance Producer,27-2012.00,Producers and Directors,partial
231532,Live Performance Producer,27-2012.03,Media Programming Directors,partial
231532,Live Performance Producer,27-2012.04,Talent Directors,partial
231532,Live Performance Producer,27-2012.05,Media Technical Directors/Managers,partial
231532,Live Performance Producer,27-4032.00,Film and Video Editors,partial
231533,Screen Producer,27-1011.00,Art Directors,partial
231533,Screen Producer,27-2012.00,Producers and Directors,partial
231533,Screen Producer,27-2012.03,Media Programming Directors,partial
231533,Screen Producer,27-2012.04,Talent Directors,partial
231533,Screen Producer,27-2012.05,Media Technical Directors/Managers,partial
231533,Screen Producer,27-4032.00,Film and Video Editors,partial
231631,Composer,27-2041.00,Music Directors and Composers,partial
231631,Composer,27-2042.00,Musicians and Singers,partial
231632,Music Director,27-2041.00,Music Directors and Composers,partial
231632,Music Director,27-2042.00,Musicians and Singers,partial
231633,Musician (Instrumental),27-2041.00,Music Directors and Composers,partial
231633,Musician (Instrumental),27-2042.00,Musicians and Singers,partial
231634,Singer,27-2041.00,Music Directors and Composers,partial
231634,Singer,27-2042.00,Musicians and Singers,partial
231699,Music Professionals nec,27-2041.00,Music Directors and Composers,partial
231699,Music Professionals nec,27-2042.00,Musicians and Singers,partial
231699,Music Professionals nec,27-2091.00,"Disc Jockeys, Except Radio",partial
231699,Music Professionals nec,27-2099.00,"Entertainers and Performers, Sports and Related Workers, All Other",partial
231731,Painter (Visual Arts),27-1012.00,Craft Artists,partial
231731,Painter (Visual Arts),27-1013.00,"Fine Artists, Including Painters, Sculptors, and Illustrators",partial
231732,Potter or Ceramic Artist,27-1012.00,Craft Artists,partial
231732,Potter or Ceramic Artist,27-1013.00,"Fine Artists, Including Painters, Sculptors, and Illustrators",partial
231732,Potter or Ceramic Artist,51-9195.00,"Molders, Shapers, and Casters, Except Metal and Plastic",partial
231732,Potter or Ceramic Artist,51-9195.03,"Stone Cutters and Carvers, Manufacturing",partial
231732,Potter or Ceramic Artist,51-9195.04,"Glass Blowers, Molders, Benders, and Finishers",partial
231732,Potter or Ceramic Artist,51-9195.05,"Potters, Manufacturing",partial
231733,Sculptor,27-1012.00,Craft Artists,partial
231733,Sculptor,27-1013.00,"Fine Artists, Including Painters, Sculptors, and Illustrators",partial
231799,Visual Arts and Crafts Professionals nec,27-1012.00,Craft Artists,partial
231799,Visual Arts and Crafts Professionals nec,51-7099.00,"Woodworkers, All Other",partial
231799,Visual Arts and Crafts Professionals nec,51-6041.00,Shoe and Leather Workers and Repairers,partial
231931,Community Arts Worker,21-1011.00,Substance Abuse and Behavioral Disorder Counselors,partial
231931,Community Arts Worker,21-1013.00,Marriage and Family Therapists,partial
231931,Community Arts Worker,21-1014.00,Mental Health Counselors,partial
231931,Community Arts Worker,21-1015.00,Rehabilitation Counselors,partial
231931,Community Arts Worker,21-1019.00,"Counselors, All Other",partial
231931,Community Arts Worker,21-1021.00,"Child, Family, and School Social Workers",partial
231931,Community Arts Worker,21-1022.00,Healthcare Social Workers,partial
231931,Community Arts Worker,21-1023.00,Mental Health and Substance Abuse Social Workers,partial
231931,Community Arts Worker,21-1029.00,"Social Workers, All Other",partial
231931,Community Arts Worker,21-1092.00,Probation Officers and Correctional Treatment Specialists,partial
231931,Community Arts Worker,21-1099.00,"Community and Social Service Specialists, All Other",partial
231932,Media Presenter,27-3011.00,Broadcast Announcers and Radio Disc Jockeys,partial
231932,Media Presenter,27-3099.00,"Media and Communication Workers, All Other",partial
231932,Media Presenter,27-3023.00,"News Analysts, Reporters, and Journalists",partial
232131,Librarian,25-4022.00,Librarians and Media Collections Specialists,partial
232231,Religious Leader,21-2011.00,Clergy,partial
232231,Religious Leader,21-2021.00,"Directors, Religious Activities and Education",partial
232231,Religious Leader,21-2099.00,"Religious Workers, All Other",partial
232331,Archaeologist,19-3041.00,Sociologists,partial
232331,Archaeologist,19-3091.00,Anthropologists and Archeologists,partial
232331,Archaeologist,19-3092.00,Geographers,partial
232332,Archivist,25-4011.00,Archivists,partial
232332,Archivist,25-4012.00,Curators,partial
232333,Economist,19-3011.00,Economists,exact
232333,Economist,19-3011.01,Environmental Economists,exact
232334,Gallery or Museum Curator,25-4011.00,Archivists,partial
232334,Gallery or Museum Curator,25-4012.00,Curators,partial
232335,Heritage Consultant,19-3041.00,Sociologists,partial
232335,Heritage Consultant,19-3091.00,Anthropologists and Archeologists,partial
232335,Heritage Consultant,19-3092.00,Geographers,partial
232335,Heritage Consultant,19-3093.00,Historians,partial
232335,Heritage Consultant,19-3094.00,Political Scientists,partial
232335,Heritage Consultant,19-3099.00,"Social Scientists and Related Workers, All Other",partial
232335,Heritage Consultant,19-3099.01,Transportation Planners,partial
232336,Historian,19-3093.00,Historians,partial
232336,Historian,19-3094.00,Political Scientists,partial
232336,Historian,19-3099.00,"Social Scientists and Related Workers, All Other",partial
232336,Historian,19-3099.01,Transportation Planners,partial
232399,Social Science and Related Professionals nec,19-3041.00,Sociologists,partial
232399,Social Science and Related Professionals nec,19-3091.00,Anthropologists and Archeologists,partial
232399,Social Science and Related Professionals nec,19-3092.00,Geographers,partial
232399,Social Science and Related Professionals nec,19-3093.00,Historians,partial
232399,Social Science and Related Professionals nec,19-3094.00,Political Scientists,partial
232399,Social Science and Related Professionals nec,19-3099.00,"Social Scientists and Related Workers, All Other",partial
232399,Social Science and Related Professionals nec,19-3099.01,Transportation Planners,partial
232399,Social Science and Related Professionals nec,27-3091.00,Interpreters and Translators,partial
241131,Architect,17-1011.00,"Architects, Except Landscape and Naval",exact
241132,Landscape Architect,17-1012.00,Landscape Architects,exact
241133,Urban Designer,17-1012.00,Landscape Architects,exact
241231,Cartographer,17-1021.00,Cartographers and Photogrammetrists,partial
241231,Cartographer,17-1022.00,Surveyors,partial
241231,Cartographer,17-1022.01,Geodetic Surveyors,partial
241232,Engineering Surveyor,17-1021.00,Cartographers and Photogrammetrists,partial
241232,Engineering Surveyor,17-1022.00,Surveyors,partial
241232,Engineering Surveyor,17-1022.01,Geodetic Surveyors,partial
241233,Geospatial Specialist,17-1021.00,Cartographers and Photogrammetrists,partial
241233,Geospatial Specialist,17-1022.00,Surveyors,partial
241233,Geospatial Specialist,17-1022.01,Geodetic Surveyors,partial
241234,Land Surveyor,17-1021.00,Cartographers and Photogrammetrists,partial
241234,Land Surveyor,17-1022.00,Surveyors,partial
241234,Land Surveyor,17-1022.01,Geodetic Surveyors,partial
241235,Mine Surveyor,17-1021.00,Cartographers and Photogrammetrists,partial
241235,Mine Surveyor,17-1022.00,Surveyors,partial
241235,Mine Surveyor,17-1022.01,Geodetic Surveyors,partial
241299,Geospatial Information Professionals and Surveyors nec,17-1021.00,Cartographers and Photogrammetrists,partial
241299,Geospatial Information Professionals and Surveyors nec,17-1022.00,Surveyors,partial
241299,Geospatial Information Professionals and Surveyors nec,17-1022.01,Geodetic Surveyors,partial
241331,Urban and Regional Planner,19-3051.00,Urban and Regional Planners,exact
241931,Building Surveyor,17-3022.00,Civil Engineering Technologists and Technicians,partial
241931,Building Surveyor,17-3031.00,Surveying and Mapping Technicians,partial
241931,Building Surveyor,33-1021.00,First-Line Supervisors of Firefighting and Prevention Workers,partial
241931,Building Surveyor,33-2021.00,Fire Inspectors and Investigators,partial
241931,Building Surveyor,47-4011.00,Construction and Building Inspectors,partial
241931,Building Surveyor,47-4011.01,Energy Auditors,partial
241932,Quantity Surveyor,17-2031.00,Bioengineers and Biomedical Engineers,partial
241932,Quantity Surveyor,17-2111.00,"Health and Safety Engineers, Except Mining Safety Engineers and Inspectors",partial
241932,Quantity Surveyor,17-2111.02,Fire-Prevention and Protection Engineers,partial
241932,Quantity Surveyor,17-2131.00,Materials Engineers,partial
241932,Quantity Surveyor,17-2161.00,Nuclear Engineers,partial
241932,Quantity Surveyor,17-2199.00,"Engineers, All Other",partial
241932,Quantity Surveyor,17-2199.03,"Energy Engineers, Except Wind and Solar",partial
241932,Quantity Surveyor,17-2199.05,Mechatronics Engineers,partial
241932,Quantity Surveyor,17-2199.06,Microsystems Engineers,partial
241932,Quantity Surveyor,17-2199.07,Photonics Engineers,partial
241932,Quantity Surveyor,17-2199.08,Robotics Engineers,partial
241932,Quantity Surveyor,17-2199.09,Nanosystems Engineers,partial
241932,Quantity Surveyor,17-2199.10,Wind Energy Engineers,partial
241932,Quantity Surveyor,17-2199.11,Solar Energy Systems Engineers,partial
242131,Multimedia Designer,27-1014.00,Special Effects Artists and Animators,partial
242131,Multimedia Designer,27-1024.00,Graphic Designers,partial
242132,UI / UX Designer,27-1014.00,Special Effects Artists and Animators,partial
242132,UI / UX Designer,27-1024.00,Graphic Designers,partial
242133,Web Designer,27-1014.00,Special Effects Artists and Animators,partial
242133,Web Designer,27-1024.00,Graphic Designers,partial
242231,Fashion Designer,27-1021.00,Commercial and Industrial Designers,partial
242231,Fashion Designer,27-1022.00,Fashion Designers,partial
242231,Fashion Designer,27-1029.00,"Designers, All Other",partial
242232,Industrial Designer,27-1021.00,Commercial and Industrial Designers,partial
242232,Industrial Designer,27-1022.00,Fashion Designers,partial
242232,Industrial Designer,27-1029.00,"Designers, All Other",partial
242233,Jewellery Designer,27-1021.00,Commercial and Industrial Designers,partial
242233,Jewellery Designer,27-1022.00,Fashion Designers,partial
242233,Jewellery Designer,27-1029.00,"Designers, All Other",partial
242234,Textile Designer,27-1021.00,Commercial and Industrial Designers,partial
242234,Textile Designer,27-1022.00,Fashion Designers,partial
242234,Textile Designer,27-1029.00,"Designers, All Other",partial
242331,Animator or Visual Effects Artist,27-1014.00,Special Effects Artists and Animators,partial
242331,Animator or Visual Effects Artist,27-1024.00,Graphic Designers,partial
242332,Graphic Designer,27-1014.00,Special Effects Artists and Animators,partial
242332,Graphic Designer,27-1024.00,Graphic Designers,partial
242333,Illustrator,27-1014.00,Special Effects Artists and Animators,partial
242333,Illustrator,27-1024.00,Graphic Designers,partial
242333,Illustrator,27-1012.00,Craft Artists,partial
242333,Illustrator,27-1013.00,"Fine Artists, Including Painters, Sculptors, and Illustrators",partial
242431,Interior Designer,17-1011.00,"Architects, Except Landscape and Naval",partial
242431,Interior Designer,27-1025.00,Interior Designers,partial
242431,Interior Designer,27-1026.00,Merchandise Displayers and Window Trimmers,partial
242431,Interior Designer,27-1027.00,Set and Exhibit Designers,partial
243131,Chemical Engineer,17-2041.00,Chemical Engineers,exact
243132,Extractive Metallurgist,17-2131.00,Materials Engineers,partial
243132,Extractive Metallurgist,17-2151.00,"Mining and Geological Engineers, Including Mining Safety Engineers",partial
243132,Extractive Metallurgist,17-2171.00,Petroleum Engineers,partial
243132,Extractive Metallurgist,19-2032.00,Materials Scientists,partial
243133,Materials Engineer,17-2131.00,Materials Engineers,partial
243133,Materials Engineer,17-2151.00,"Mining and Geological Engineers, Including Mining Safety Engineers",partial
243133,Materials Engineer,17-2171.00,Petroleum Engineers,partial
243133,Materials Engineer,19-2032.00,Materials Scientists,partial
243133,Materials Engineer,17-2031.00,Bioengineers and Biomedical Engineers,partial
243133,Materials Engineer,17-2111.00,"Health and Safety Engineers, Except Mining Safety Engineers and Inspectors",partial
243133,Materials Engineer,17-2111.02,Fire-Prevention and Protection Engineers,partial
243133,Materials Engineer,17-2161.00,Nuclear Engineers,partial
243133,Materials Engineer,17-2199.00,"Engineers, All Other",partial
243133,Materials Engineer,17-2199.03,"Energy Engineers, Except Wind and Solar",partial
243133,Materials Engineer,17-2199.05,Mechatronics Engineers,partial
243133,Materials Engineer,17-2199.06,Microsystems Engineers,partial
243133,Materials Engineer,17-2199.07,Photonics Engineers,partial
243133,Materials Engineer,17-2199.08,Robotics Engineers,partial
243133,Materials Engineer,17-2199.09,Nanosystems Engineers,partial
243133,Materials Engineer,17-2199.10,Wind Energy Engineers,partial
243133,Materials Engineer,17-2199.11,Solar Energy Systems Engineers,partial
243231,Civil Engineer,17-2051.00,Civil Engineers,exact
243231,Civil Engineer,17-2051.01,Transportation Engineers,exact
243231,Civil Engineer,17-2051.02,Water/Wastewater Engineers,exact
243232,Geotechnical Engineer,17-2051.00,Civil Engineers,exact
243232,Geotechnical Engineer,17-2051.01,Transportation Engineers,exact
243232,Geotechnical Engineer,17-2051.02,Water/Wastewater Engineers,exact
243233,Rail Engineer,17-2051.00,Civil Engineers,exact
243233,Rail Engineer,17-2051.01,Transportation Engineers,exact
243233,Rail Engineer,17-2051.02,Water/Wastewater Engineers,exact
243234,Structural Engineer,17-2051.00,Civil Engineers,exact
243234,Structural Engineer,17-2051.01,Transportation Engineers,exact
243234,Structural Engineer,17-2051.02,Water/Wastewater Engineers,exact
243235,Transport Engineer,17-2051.00,Civil Engineers,exact
243235,Transport Engineer,17-2051.01,Transportation Engineers,exact
243235,Transport Engineer,17-2051.02,Water/Wastewater Engineers,exact
243236,Water Engineer,17-2051.00,Civil Engineers,exact
243236,Water Engineer,17-2051.01,Transportation Engineers,exact
243236,Water Engineer,17-2051.02,Water/Wastewater Engineers,exact
243331,Electrical Engineer,17-2071.00,Electrical Engineers,exact
243332,Rail Signalling Engineer,17-2071.00,Electrical Engineers,exact
243431,Electronics Engineer,17-2061.00,Computer Hardware Engineers,partial
243431,Electronics Engineer,17-2072.00,"Electronics Engineers, Except Computer",partial
243431,Electronics Engineer,17-2072.01,Radio Frequency Identification Device Specialists,partial
243531,Industrial Engineer,17-2112.00,Industrial Engineers,partial
243531,Industrial Engineer,17-2112.01,Human Factors Engineers and Ergonomists,partial
243531,Industrial Engineer,17-2112.02,Validation Engineers,partial
243531,Industrial Engineer,17-2112.03,Manufacturing Engineers,partial
243531,Industrial Engineer,17-2031.00,Bioengineers and Biomedical Engineers,partial
243531,Industrial Engineer,17-2111.00,"Health and Safety Engineers, Except Mining Safety Engineers and Inspectors",partial
243531,Industrial Engineer,17-2111.02,Fire-Prevention and Protection Engineers,partial
243531,Industrial Engineer,17-2131.00,Materials Engineers,partial
243531,Industrial Engineer,17-2161.00,Nuclear Engineers,partial
243531,Industrial Engineer,17-2199.00,"Engineers, All Other",partial
243531,Industrial Engineer,17-2199.03,"Energy Engineers, Except Wind and Solar",partial
243531,Industrial Engineer,17-2199.05,Mechatronics Engineers,partial
243531,Industrial Engineer,17-2199.06,Microsystems Engineers,partial
243531,Industrial Engineer,17-2199.07,Photonics Engineers,partial
243531,Industrial Engineer,17-2199.08,Robotics Engineers,partial
243531,Industrial Engineer,17-2199.09,Nanosystems Engineers,partial
243531,Industrial Engineer,17-2199.10,Wind Energy Engineers,partial
243531,Industrial Engineer,17-2199.11,Solar Energy Systems Engineers,partial
243532,Mechanical Engineer,17-2011.00,Aerospace Engineers,partial
243532,Mechanical Engineer,17-2021.00,Agricultural Engineers,partial
243532,Mechanical Engineer,17-2121.00,Marine Engineers and Naval Architects,partial
243532,Mechanical Engineer,17-2141.00,Mechanical Engineers,partial
243532,Mechanical Engineer,17-2141.01,Fuel Cell Engineers,partial
243532,Mechanical Engineer,17-2141.02,Automotive Engineers,partial
243533,Production or Plant Engineer,17-2112.00,Industrial Engineers,exact
243533,Production or Plant Engineer,17-2112.01,Human Factors Engineers and Ergonomists,exact
243533,Production or Plant Engineer,17-2112.02,Validation Engineers,exact
243533,Production or Plant Engineer,17-2112.03,Manufacturing Engineers,exact
243631,Mining Engineer (excluding Petroleum),17-2131.00,Materials Engineers,partial
243631,Mining Engineer (excluding Petroleum),17-2151.00,"Mining and Geological Engineers, Including Mining Safety Engineers",partial
243631,Mining Engineer (excluding Petroleum),17-2171.00,Petroleum Engineers,partial
243631,Mining Engineer (excluding Petroleum),19-2032.00,Materials Scientists,partial
243632,Petroleum Engineer,17-2131.00,Materials Engineers,partial
243632,Petroleum Engineer,17-2151.00,"Mining and Geological Engineers, Including Mining Safety Engineers",partial
243632,Petroleum Engineer,17-2171.00,Petroleum Engineers,partial
243632,Petroleum Engineer,19-2032.00,Materials Scientists,partial
243931,Acoustic Engineer,17-2031.00,Bioengineers and Biomedical Engineers,partial
243931,Acoustic Engineer,17-2111.00,"Health and Safety Engineers, Except Mining Safety Engineers and Inspectors",partial
243931,Acoustic Engineer,17-2111.02,Fire-Prevention and Protection Engineers,partial
243931,Acoustic Engineer,17-2131.00,Materials Engineers,partial
243931,Acoustic Engineer,17-2161.00,Nuclear Engineers,partial
243931,Acoustic Engineer,17-2199.00,"Engineers, All Other",partial
243931,Acoustic Engineer,17-2199.03,"Energy Engineers, Except Wind and Solar",partial
243931,Acoustic Engineer,17-2199.05,Mechatronics Engineers,partial
243931,Acoustic Engineer,17-2199.06,Microsystems Engineers,partial
243931,Acoustic Engineer,17-2199.07,Photonics Engineers,partial
243931,Acoustic Engineer,17-2199.08,Robotics Engineers,partial
243931,Acoustic Engineer,17-2199.09,Nanosystems Engineers,partial
243931,Acoustic Engineer,17-2199.10,Wind Energy Engineers,partial
243931,Acoustic Engineer,17-2199.11,Solar Energy Systems Engineers,partial
243932,Aerospace Engineer,17-2011.00,Aerospace Engineers,partial
243932,Aerospace Engineer,17-2021.00,Agricultural Engineers,partial
243932,Aerospace Engineer,17-2121.00,Marine Engineers and Naval Architects,partial
243932,Aerospace Engineer,17-2141.00,Mechanical Engineers,partial
243932,Aerospace Engineer,17-2141.01,Fuel Cell Engineers,partial
243932,Aerospace Engineer,17-2141.02,Automotive Engineers,partial
243933,Biomedical Engineer,17-2031.00,Bioengineers and Biomedical Engineers,partial
243933,Biomedical Engineer,17-2111.00,"Health and Safety Engineers, Except Mining Safety Engineers and Inspectors",partial
243933,Biomedical Engineer,17-2111.02,Fire-Prevention and Protection Engineers,partial
243933,Biomedical Engineer,17-2131.00,Materials Engineers,partial
243933,Biomedical Engineer,17-2161.00,Nuclear Engineers,partial
243933,Biomedical Engineer,17-2199.00,"Engineers, All Other",partial
243933,Biomedical Engineer,17-2199.03,"Energy Engineers, Except Wind and Solar",partial
243933,Biomedical Engineer,17-2199.05,Mechatronics Engineers,partial
243933,Biomedical Engineer,17-2199.06,Microsystems Engineers,partial
243933,Biomedical Engineer,17-2199.07,Photonics Engineers,partial
243933,Biomedical Engineer,17-2199.08,Robotics Engineers,partial
243933,Biomedical Engineer,17-2199.09,Nanosystems Engineers,partial
243933,Biomedical Engineer,17-2199.10,Wind Energy Engineers,partial
243933,Biomedical Engineer,17-2199.11,Solar Energy Systems Engineers,partial
243934,Engineering Technologist,17-2112.00,Industrial Engineers,partial
243934,Engineering Technologist,17-2112.01,Human Factors Engineers and Ergonomists,partial
243934,Engineering Technologist,17-2112.02,Validation Engineers,partial
243934,Engineering Technologist,17-2112.03,Manufacturing Engineers,partial
243934,Engineering Technologist,17-2051.00,Civil Engineers,partial
243934,Engineering Technologist,17-2051.01,Transportation Engineers,partial
243934,Engineering Technologist,17-2051.02,Water/Wastewater Engineers,partial
243934,Engineering Technologist,17-2011.00,Aerospace Engineers,partial
243934,Engineering Technologist,17-2021.00,Agricultural Engineers,partial
243934,Engineering Technologist,17-2121.00,Marine Engineers and Naval Architects,partial
243934,Engineering Technologist,17-2141.00,Mechanical Engineers,partial
243934,Engineering Technologist,17-2141.01,Fuel Cell Engineers,partial
243934,Engineering Technologist,17-2141.02,Automotive Engineers,partial
243934,Engineering Technologist,17-2041.00,Chemical Engineers,partial
243934,Engineering Technologist,17-2131.00,Materials Engineers,partial
243934,Engineering Technologist,17-2151.00,"Mining and Geological Engineers, Including Mining Safety Engineers",partial
243934,Engineering Technologist,17-2171.00,Petroleum Engineers,partial
243934,Engineering Technologist,19-2032.00,Materials Scientists,partial
243934,Engineering Technologist,17-2031.00,Bioengineers and Biomedical Engineers,partial
243934,Engineering Technologist,17-2111.00,"Health and Safety Engineers, Except Mining Safety Engineers and Inspectors",partial
243934,Engineering Technologist,17-2111.02,Fire-Prevention and Protection Engineers,partial
243934,Engineering Technologist,17-2161.00,Nuclear Engineers,partial
243934,Engineering Technologist,17-2199.00,"Engineers, All Other",partial
243934,Engineering Technologist,17-2199.03,"Energy Engineers, Except Wind and Solar",partial
243934,Engineering Technologist,17-2199.05,Mechatronics Engineers,partial
243934,Engineering Technologist,17-2199.06,Microsystems Engineers,partial
243934,Engineering Technologist,17-2199.07,Photonics Engineers,partial
243934,Engineering Technologist,17-2199.08,Robotics Engineers,partial
243934,Engineering Technologist,17-2199.09,Nanosystems Engineers,partial
243934,Engineering Technologist,17-2199.10,Wind Energy Engineers,partial
243934,Engineering Technologist,17-2199.11,Solar Energy Systems Engineers,partial
243934,Engineering Technologist,17-2071.00,Electrical Engineers,partial
243934,Engineering Technologist,17-2061.00,Computer Hardware Engineers,partial
243934,Engineering Technologist,17-2072.00,"Electronics Engineers, Except Computer",partial
243934,Engineering Technologist,17-2072.01,Radio Frequency Identification Device Specialists,partial
243935,Environmental Engineer,17-2081.00,Environmental Engineers,exact
243936,Fire Safety Engineer,17-2031.00,Bioengineers and Biomedical Engineers,partial
243936,Fire Safety Engineer,17-2111.00,"Health and Safety Engineers, Except Mining Safety Engineers and Inspectors",partial
243936,Fire Safety Engineer,17-2111.02,Fire-Prevention and Protection Engineers,partial
243936,Fire Safety Engineer,17-2131.00,Materials Engineers,partial
243936,Fire Safety Engineer,17-2161.00,Nuclear Engineers,partial
243936,Fire Safety Engineer,17-2199.00,"Engineers, All Other",partial
243936,Fire Safety Engineer,17-2199.03,"Energy Engineers, Except Wind and Solar",partial
243936,Fire Safety Engineer,17-2199.05,Mechatronics Engineers,partial
243936,Fire Safety Engineer,17-2199.06,Microsystems Engineers,partial
243936,Fire Safety Engineer,17-2199.07,Photonics Engineers,partial
243936,Fire Safety Engineer,17-2199.08,Robotics Engineers,partial
243936,Fire Safety Engineer,17-2199.09,Nanosystems Engineers,partial
243936,Fire Safety Engineer,17-2199.10,Wind Energy Engineers,partial
243936,Fire Safety Engineer,17-2199.11,Solar Energy Systems Engineers,partial
243937,Mechatronics Engineer,17-2031.00,Bioengineers and Biomedical Engineers,partial
243937,Mechatronics Engineer,17-2111.00,"Health and Safety Engineers, Except Mining Safety Engineers and Inspectors",partial
243937,Mechatronics Engineer,17-2111.02,Fire-Prevention and Protection Engineers,partial
243937,Mechatronics Engineer,17-2131.00,Materials Engineers,partial
243937,Mechatronics Engineer,17-2161.00,Nuclear Engineers,partial
243937,Mechatronics Engineer,17-2199.00,"Engineers, All Other",partial
243937,Mechatronics Engineer,17-2199.03,"Energy Engineers, Except Wind and Solar",partial
243937,Mechatronics Engineer,17-2199.05,Mechatronics Engineers,partial
243937,Mechatronics Engineer,17-2199.06,Microsystems Engineers,partial
243937,Mechatronics Engineer,17-2199.07,Photonics Engineers,partial
243937,Mechatronics Engineer,17-2199.08,Robotics Engineers,partial
243937,Mechatronics Engineer,17-2199.09,Nanosystems Engineers,partial
243937,Mechatronics Engineer,17-2199.10,Wind Energy Engineers,partial
243937,Mechatronics Engineer,17-2199.11,Solar Energy Systems Engineers,partial
243938,Naval Architect,17-2011.00,Aerospace Engineers,partial
243938,Naval Architect,17-2021.00,Agricultural Engineers,partial
243938,Naval Architect,17-2121.00,Marine Engineers and Naval Architects,partial
243938,Naval Architect,17-2141.00,Mechanical Engineers,partial
243938,Naval Architect,17-2141.01,Fuel Cell Engineers,partial
243938,Naval Architect,17-2141.02,Automotive Engineers,partial
243999,Engineering Professionals nec,17-2031.00,Bioengineers and Biomedical Engineers,partial
243999,Engineering Professionals nec,17-2111.00,"Health and Safety Engineers, Except Mining Safety Engineers and Inspectors",partial
243999,Engineering Professionals nec,17-2111.02,Fire-Prevention and Protection Engineers,partial
243999,Engineering Professionals nec,17-2131.00,Materials Engineers,partial
243999,Engineering Professionals nec,17-2161.00,Nuclear Engineers,partial
243999,Engineering Professionals nec,17-2199.00,"Engineers, All Other",partial
243999,Engineering Professionals nec,17-2199.03,"Energy Engineers, Except Wind and Solar",partial
243999,Engineering Professionals nec,17-2199.05,Mechatronics Engineers,partial
243999,Engineering Professionals nec,17-2199.06,Microsystems Engineers,partial
243999,Engineering Professionals nec,17-2199.07,Photonics Engineers,partial
243999,Engineering Professionals nec,17-2199.08,Robotics Engineers,partial
243999,Engineering Professionals nec,17-2199.09,Nanosystems Engineers,partial
243999,Engineering Professionals nec,17-2199.10,Wind Energy Engineers,partial
243999,Engineering Professionals nec,17-2199.11,Solar Energy Systems Engineers,partial
244131,Agricultural Consultant,19-1013.00,Soil and Plant Scientists,partial
244131,Agricultural Consultant,19-1032.00,Foresters,partial
244131,Agricultural Consultant,25-9021.00,Farm and Home Management Educators,partial
244132,Agricultural Research Scientist,19-1013.00,Soil and Plant Scientists,partial
244132,Agricultural Research Scientist,19-1032.00,Foresters,partial
244132,Agricultural Research Scientist,25-9021.00,Farm and Home Management Educators,partial
244133,Agronomist,19-1011.00,Animal Scientists,partial
244133,Agronomist,19-1012.00,Food Scientists and Technologists,partial
244133,Agronomist,19-1013.00,Soil and Plant Scientists,partial
244133,Agronomist,19-1021.00,Biochemists and Biophysicists,partial
244133,Agronomist,19-1022.00,Microbiologists,partial
244133,Agronomist,19-1023.00,Zoologists and Wildlife Biologists,partial
244133,Agronomist,19-1029.00,"Biological Scientists, All Other",partial
244133,Agronomist,19-1029.01,Bioinformatics Scientists,partial
244133,Agronomist,19-1029.02,Molecular and Cellular Biologists,partial
244133,Agronomist,19-1029.03,Geneticists,partial
244133,Agronomist,19-1029.04,Biologists,partial
244133,Agronomist,19-1041.00,Epidemiologists,partial
244133,Agronomist,19-1042.00,"Medical Scientists, Except Epidemiologists",partial
244133,Agronomist,19-1099.00,"Life Scientists, All Other",partial
244133,Agronomist,19-1032.00,Foresters,partial
244133,Agronomist,25-9021.00,Farm and Home Management Educators,partial
244133,Agronomist,41-1012.00,First-Line Supervisors of Non-Retail Sales Workers,partial
244133,Agronomist,41-4011.00,"Sales Representatives, Wholesale and Manufacturing, Technical and Scientific Products",partial
244133,Agronomist,41-4011.07,Solar Sales Representatives and Assessors,partial
244134,Aquaculture or Fisheries Scientist,19-1011.00,Animal Scientists,partial
244134,Aquaculture or Fisheries Scientist,19-1012.00,Food Scientists and Technologists,partial
244134,Aquaculture or Fisheries Scientist,19-1013.00,Soil and Plant Scientists,partial
244134,Aquaculture or Fisheries Scientist,19-1021.00,Biochemists and Biophysicists,partial
244134,Aquaculture or Fisheries Scientist,19-1022.00,Microbiologists,partial
244134,Aquaculture or Fisheries Scientist,19-1023.00,Zoologists and Wildlife Biologists,partial
244134,Aquaculture or Fisheries Scientist,19-1029.00,"Biological Scientists, All Other",partial
244134,Aquaculture or Fisheries Scientist,19-1029.01,Bioinformatics Scientists,partial
244134,Aquaculture or Fisheries Scientist,19-1029.02,Molecular and Cellular Biologists,partial
244134,Aquaculture or Fisheries Scientist,19-1029.03,Geneticists,partial
244134,Aquaculture or Fisheries Scientist,19-1029.04,Biologists,partial
244134,Aquaculture or Fisheries Scientist,19-1041.00,Epidemiologists,partial
244134,Aquaculture or Fisheries Scientist,19-1042.00,"Medical Scientists, Except Epidemiologists",partial
244134,Aquaculture or Fisheries Scientist,19-1099.00,"Life Scientists, All Other",partial
244134,Aquaculture or Fisheries Scientist,19-1032.00,Foresters,partial
244134,Aquaculture or Fisheries Scientist,25-9021.00,Farm and Home Management Educators,partial
244135,Forester,19-1013.00,Soil and Plant Scientists,partial
244135,Forester,19-1032.00,Foresters,partial
244135,Forester,25-9021.00,Farm and Home Management Educators,partial
244231,Chemist,19-2031.00,Chemists,partial
244231,Chemist,19-2032.00,Materials Scientists,partial
244232,Food Technologist,17-2041.00,Chemical Engineers,exact
244233,Winemaker,17-2041.00,Chemical Engineers,exact
244331,Aboriginal and Torres Strait Islander Land and Sea Ranger,19-1031.00,Conservation Scientists,partial
244331,Aboriginal and Torres Strait Islander Land and Sea Ranger,19-1031.02,Range Managers,partial
244331,Aboriginal and Torres Strait Islander Land and Sea Ranger,19-1031.03,Park Naturalists,partial
244331,Aboriginal and Torres Strait Islander Land and Sea Ranger,19-2041.00,"Environmental Scientists and Specialists, Including Health",partial
244331,Aboriginal and Torres Strait Islander Land and Sea Ranger,19-2041.01,Climate Change Policy Analysts,partial
244331,Aboriginal and Torres Strait Islander Land and Sea Ranger,19-2041.02,Environmental Restoration Planners,partial
244331,Aboriginal and Torres Strait Islander Land and Sea Ranger,19-2041.03,Industrial Ecologists,partial
244331,Aboriginal and Torres Strait Islander Land and Sea Ranger,33-1091.00,First-Line Supervisors of Security Workers,partial
244331,Aboriginal and Torres Strait Islander Land and Sea Ranger,33-1099.00,"First-Line Supervisors of Protective Service Workers, All Other",partial
244331,Aboriginal and Torres Strait Islander Land and Sea Ranger,33-3031.00,Fish and Game Wardens,partial
244331,Aboriginal and Torres Strait Islander Land and Sea Ranger,33-3041.00,Parking Enforcement Workers,partial
244331,Aboriginal and Torres Strait Islander Land and Sea Ranger,33-9011.00,Animal Control Workers,partial
244331,Aboriginal and Torres Strait Islander Land and Sea Ranger,33-9091.00,Crossing Guards and Flaggers,partial
244331,Aboriginal and Torres Strait Islander Land and Sea Ranger,33-9092.00,"Lifeguards, Ski Patrol, and Other Recreational Protective Service Workers",partial
244331,Aboriginal and Torres Strait Islander Land and Sea Ranger,33-9094.00,School Bus Monitors,partial
244331,Aboriginal and Torres Strait Islander Land and Sea Ranger,33-9099.00,"Protective Service Workers, All Other",partial
244331,Aboriginal and Torres Strait Islander Land and Sea Ranger,33-9099.02,Retail Loss Prevention Specialists,partial
244331,Aboriginal and Torres Strait Islander Land and Sea Ranger,43-5031.00,Public Safety Telecommunicators,partial
244332,Conservation Officer,19-1031.00,Conservation Scientists,partial
244332,Conservation Officer,19-1031.02,Range Managers,partial
244332,Conservation Officer,19-1031.03,Park Naturalists,partial
244332,Conservation Officer,19-2041.00,"Environmental Scientists and Specialists, Including Health",partial
244332,Conservation Officer,19-2041.01,Climate Change Policy Analysts,partial
244332,Conservation Officer,19-2041.02,Environmental Restoration Planners,partial
244332,Conservation Officer,19-2041.03,Industrial Ecologists,partial
244333,Ecologist,19-1031.00,Conservation Scientists,partial
244333,Ecologist,19-1031.02,Range Managers,partial
244333,Ecologist,19-1031.03,Park Naturalists,partial
244333,Ecologist,19-2041.00,"Environmental Scientists and Specialists, Including Health",partial
244333,Ecologist,19-2041.01,Climate Change Policy Analysts,partial
244333,Ecologist,19-2041.02,Environmental Restoration Planners,partial
244333,Ecologist,19-2041.03,Industrial Ecologists,partial
244334,Park Ranger,19-1031.00,Conservation Scientists,partial
244334,Park Ranger,19-1031.02,Range Managers,partial
244334,Park Ranger,19-1031.03,Park Naturalists,partial
244334,Park Ranger,19-2041.00,"Environmental Scientists and Specialists, Including Health",partial
244334,Park Ranger,19-2041.01,Climate Change Policy Analysts,partial
244334,Park Ranger,19-2041.02,Environmental Restoration Planners,partial
244334,Park Ranger,19-2041.03,Industrial Ecologists,partial
244334,Park Ranger,33-1091.00,First-Line Supervisors of Security Workers,partial
244334,Park Ranger,33-1099.00,"First-Line Supervisors of Protective Service Workers, All Other",partial
244334,Park Ranger,33-3031.00,Fish and Game Wardens,partial
244334,Park Ranger,33-3041.00,Parking Enforcement Workers,partial
244334,Park Ranger,33-9011.00,Animal Control Workers,partial
244334,Park Ranger,33-9091.00,Crossing Guards and Flaggers,partial
244334,Park Ranger,33-9092.00,"Lifeguards, Ski Patrol, and Other Recreational Protective Service Workers",partial
244334,Park Ranger,33-9094.00,School Bus Monitors,partial
244334,Park Ranger,33-9099.00,"Protective Service Workers, All Other",partial
244334,Park Ranger,33-9099.02,Retail Loss Prevention Specialists,partial
244334,Park Ranger,43-5031.00,Public Safety Telecommunicators,partial
244431,Environmental Consultant,19-1031.00,Conservation Scientists,partial
244431,Environmental Consultant,19-1031.02,Range Managers,partial
244431,Environmental Consultant,19-1031.03,Park Naturalists,partial
244431,Environmental Consultant,19-2041.00,"Environmental Scientists and Specialists, Including Health",partial
244431,Environmental Consultant,19-2041.01,Climate Change Policy Analysts,partial
244431,Environmental Consultant,19-2041.02,Environmental Restoration Planners,partial
244431,Environmental Consultant,19-2041.03,Industrial Ecologists,partial
244432,Environmental Research Scientist,19-1031.00,Conservation Scientists,partial
244432,Environmental Research Scientist,19-1031.02,Range Managers,partial
244432,Environmental Research Scientist,19-1031.03,Park Naturalists,partial
244432,Environmental Research Scientist,19-2041.00,"Environmental Scientists and Specialists, Including Health",partial
244432,Environmental Research Scientist,19-2041.01,Climate Change Policy Analysts,partial
244432,Environmental Research Scientist,19-2041.02,Environmental Restoration Planners,partial
244432,Environmental Research Scientist,19-2041.03,Industrial Ecologists,partial
244499,Environmental Consultants and Scientists nec,19-1013.00,Soil and Plant Scientists,partial
244499,Environmental Consultants and Scientists nec,19-1032.00,Foresters,partial
244499,Environmental Consultants and Scientists nec,25-9021.00,Farm and Home Management Educators,partial
244499,Environmental Consultants and Scientists nec,19-1031.00,Conservation Scientists,partial
244499,Environmental Consultants and Scientists nec,19-1031.02,Range Managers,partial
244499,Environmental Consultants and Scientists nec,19-1031.03,Park Naturalists,partial
244499,Environmental Consultants and Scientists nec,19-2041.00,"Environmental Scientists and Specialists, Including Health",partial
244499,Environmental Consultants and Scientists nec,19-2041.01,Climate Change Policy Analysts,partial
244499,Environmental Consultants and Scientists nec,19-2041.02,Environmental Restoration Planners,partial
244499,Environmental Consultants and Scientists nec,19-2041.03,Industrial Ecologists,partial
244531,Geologist,19-2042.00,"Geoscientists, Except Hydrologists and Geographers",partial
244531,Geologist,19-2043.00,Hydrologists,partial
244532,Geophysicist,19-2042.00,"Geoscientists, Except Hydrologists and Geographers",partial
244532,Geophysicist,19-2043.00,Hydrologists,partial
244533,Hydrologist,19-2042.00,"Geoscientists, Except Hydrologists and Geographers",partial
244533,Hydrologist,19-2043.00,Hydrologists,partial
244631,Biotechnologist,19-1011.00,Animal Scientists,partial
244631,Biotechnologist,19-1012.00,Food Scientists and Technologists,partial
244631,Biotechnologist,19-1013.00,Soil and Plant Scientists,partial
244631,Biotechnologist,19-1021.00,Biochemists and Biophysicists,partial
244631,Biotechnologist,19-1022.00,Microbiologists,partial
244631,Biotechnologist,19-1023.00,Zoologists and Wildlife Biologists,partial
244631,Biotechnologist,19-1029.00,"Biological Scientists, All Other",partial
244631,Biotechnologist,19-1029.01,Bioinformatics Scientists,partial
244631,Biotechnologist,19-1029.02,Molecular and Cellular Biologists,partial
244631,Biotechnologist,19-1029.03,Geneticists,partial
244631,Biotechnologist,19-1029.04,Biologists,partial
244631,Biotechnologist,19-1041.00,Epidemiologists,partial
244631,Biotechnologist,19-1042.00,"Medical Scientists, Except Epidemiologists",partial
244631,Biotechnologist,19-1099.00,"Life Scientists, All Other",partial
244632,Botanist,19-1011.00,Animal Scientists,partial
244632,Botanist,19-1012.00,Food Scientists and Technologists,partial
244632,Botanist,19-1013.00,Soil and Plant Scientists,partial
244632,Botanist,19-1021.00,Biochemists and Biophysicists,partial
244632,Botanist,19-1022.00,Microbiologists,partial
244632,Botanist,19-1023.00,Zoologists and Wildlife Biologists,partial
244632,Botanist,19-1029.00,"Biological Scientists, All Other",partial
244632,Botanist,19-1029.01,Bioinformatics Scientists,partial
244632,Botanist,19-1029.02,Molecular and Cellular Biologists,partial
244632,Botanist,19-1029.03,Geneticists,partial
244632,Botanist,19-1029.04,Biologists,partial
244632,Botanist,19-1041.00,Epidemiologists,partial
244632,Botanist,19-1042.00,"Medical Scientists, Except Epidemiologists",partial
244632,Botanist,19-1099.00,"Life Scientists, All Other",partial
244633,Entomologist,19-1011.00,Animal Scientists,partial
244633,Entomologist,19-1012.00,Food Scientists and Technologists,partial
244633,Entomologist,19-1013.00,Soil and Plant Scientists,partial
244633,Entomologist,19-1021.00,Biochemists and Biophysicists,partial
244633,Entomologist,19-1022.00,Microbiologists,partial
244633,Entomologist,19-1023.00,Zoologists and Wildlife Biologists,partial
244633,Entomologist,19-1029.00,"Biological Scientists, All Other",partial
244633,Entomologist,19-1029.01,Bioinformatics Scientists,partial
244633,Entomologist,19-1029.02,Molecular and Cellular Biologists,partial
244633,Entomologist,19-1029.03,Geneticists,partial
244633,Entomologist,19-1029.04,Biologists,partial
244633,Entomologist,19-1041.00,Epidemiologists,partial
244633,Entomologist,19-1042.00,"Medical Scientists, Except Epidemiologists",partial
244633,Entomologist,19-1099.00,"Life Scientists, All Other",partial
244634,Marine Biologist,19-1011.00,Animal Scientists,partial
244634,Marine Biologist,19-1012.00,Food Scientists and Technologists,partial
244634,Marine Biologist,19-1013.00,Soil and Plant Scientists,partial
244634,Marine Biologist,19-1021.00,Biochemists and Biophysicists,partial
244634,Marine Biologist,19-1022.00,Microbiologists,partial
244634,Marine Biologist,19-1023.00,Zoologists and Wildlife Biologists,partial
244634,Marine Biologist,19-1029.00,"Biological Scientists, All Other",partial
244634,Marine Biologist,19-1029.01,Bioinformatics Scientists,partial
244634,Marine Biologist,19-1029.02,Molecular and Cellular Biologists,partial
244634,Marine Biologist,19-1029.03,Geneticists,partial
244634,Marine Biologist,19-1029.04,Biologists,partial
244634,Marine Biologist,19-1041.00,Epidemiologists,partial
244634,Marine Biologist,19-1042.00,"Medical Scientists, Except Epidemiologists",partial
244634,Marine Biologist,19-1099.00,"Life Scientists, All Other",partial
244635,Microbiologist,19-1011.00,Animal Scientists,partial
244635,Microbiologist,19-1012.00,Food Scientists and Technologists,partial
244635,Microbiologist,19-1013.00,Soil and Plant Scientists,partial
244635,Microbiologist,19-1021.00,Biochemists and Biophysicists,partial
244635,Microbiologist,19-1022.00,Microbiologists,partial
244635,Microbiologist,19-1023.00,Zoologists and Wildlife Biologists,partial
244635,Microbiologist,19-1029.00,"Biological Scientists, All Other",partial
244635,Microbiologist,19-1029.01,Bioinformatics Scientists,partial
244635,Microbiologist,19-1029.02,Molecular and Cellular Biologists,partial
244635,Microbiologist,19-1029.03,Geneticists,partial
244635,Microbiologist,19-1029.04,Biologists,partial
244635,Microbiologist,19-1041.00,Epidemiologists,partial
244635,Microbiologist,19-1042.00,"Medical Scientists, Except Epidemiologists",partial
244635,Microbiologist,19-1099.00,"Life Scientists, All Other",partial
244636,Zoologist,19-1011.00,Animal Scientists,partial
244636,Zoologist,19-1012.00,Food Scientists and Technologists,partial
244636,Zoologist,19-1013.00,Soil and Plant Scientists,partial
244636,Zoologist,19-1021.00,Biochemists and Biophysicists,partial
244636,Zoologist,19-1022.00,Microbiologists,partial
244636,Zoologist,19-1023.00,Zoologists and Wildlife Biologists,partial
244636,Zoologist,19-1029.00,"Biological Scientists, All Other",partial
244636,Zoologist,19-1029.01,Bioinformatics Scientists,partial
244636,Zoologist,19-1029.02,Molecular and Cellular Biologists,partial
244636,Zoologist,19-1029.03,Geneticists,partial
244636,Zoologist,19-1029.04,Biologists,partial
244636,Zoologist,19-1041.00,Epidemiologists,partial
244636,Zoologist,19-1042.00,"Medical Scientists, Except Epidemiologists",partial
244636,Zoologist,19-1099.00,"Life Scientists, All Other",partial
244699,Life Scientists nec,19-1011.00,Animal Scientists,partial
244699,Life Scientists nec,19-1012.00,Food Scientists and Technologists,partial
244699,Life Scientists nec,19-1013.00,Soil and Plant Scientists,partial
244699,Life Scientists nec,19-1021.00,Biochemists and Biophysicists,partial
244699,Life Scientists nec,19-1022.00,Microbiologists,partial
244699,Life Scientists nec,19-1023.00,Zoologists and Wildlife Biologists,partial
244699,Life Scientists nec,19-1029.00,"Biological Scientists, All Other",partial
244699,Life Scientists nec,19-1029.01,Bioinformatics Scientists,partial
244699,Life Scientists nec,19-1029.02,Molecular and Cellular Biologists,partial
244699,Life Scientists nec,19-1029.03,Geneticists,partial
244699,Life Scientists nec,19-1029.04,Biologists,partial
244699,Life Scientists nec,19-1041.00,Epidemiologists,partial
244699,Life Scientists nec,19-1042.00,"Medical Scientists, Except Epidemiologists",partial
244699,Life Scientists nec,19-1099.00,"Life Scientists, All Other",partial
244731,Medical Laboratory Scientist,19-1011.00,Animal Scientists,partial
244731,Medical Laboratory Scientist,19-1012.00,Food Scientists and Technologists,partial
244731,Medical Laboratory Scientist,19-1013.00,Soil and Plant Scientists,partial
244731,Medical Laboratory Scientist,19-1021.00,Biochemists and Biophysicists,partial
244731,Medical Laboratory Scientist,19-1022.00,Microbiologists,partial
244731,Medical Laboratory Scientist,19-1023.00,Zoologists and Wildlife Biologists,partial
244731,Medical Laboratory Scientist,19-1029.00,"Biological Scientists, All Other",partial
244731,Medical Laboratory Scientist,19-1029.01,Bioinformatics Scientists,partial
244731,Medical Laboratory Scientist,19-1029.02,Molecular and Cellular Biologists,partial
244731,Medical Laboratory Scientist,19-1029.03,Geneticists,partial
244731,Medical Laboratory Scientist,19-1029.04,Biologists,partial
244731,Medical Laboratory Scientist,19-1041.00,Epidemiologists,partial
244731,Medical Laboratory Scientist,19-1042.00,"Medical Scientists, Except Epidemiologists",partial
244731,Medical Laboratory Scientist,19-1099.00,"Life Scientists, All Other",partial
244731,Medical Laboratory Scientist,29-2011.00,Medical and Clinical Laboratory Technologists,partial
244731,Medical Laboratory Scientist,29-2011.01,Cytogenetic Technologists,partial
244731,Medical Laboratory Scientist,29-2011.02,Cytotechnologists,partial
244731,Medical Laboratory Scientist,29-2011.04,Histotechnologists,partial
244731,Medical Laboratory Scientist,29-2012.00,Medical and Clinical Laboratory Technicians,partial
244731,Medical Laboratory Scientist,29-2012.01,Histology Technicians,partial
244732,Medical Physicist,19-2011.00,Astronomers,partial
244732,Medical Physicist,19-2012.00,Physicists,partial
244931,Conservator,25-4011.00,Archivists,partial
244931,Conservator,25-4012.00,Curators,partial
244932,Meteorologist,19-2021.00,Atmospheric and Space Scientists,exact
244933,Physicist,19-2011.00,Astronomers,partial
244933,Physicist,19-2012.00,Physicists,partial
244999,Natural and Physical Science Professionals nec,29-1011.00,Chiropractors,partial
244999,Natural and Physical Science Professionals nec,29-1081.00,Podiatrists,partial
244999,Natural and Physical Science Professionals nec,29-1122.00,Occupational Therapists,partial
244999,Natural and Physical Science Professionals nec,29-1122.01,"Low Vision Therapists, Orientation and Mobility Specialists, and Vision Rehabilitation Therapists",partial
244999,Natural and Physical Science Professionals nec,29-1125.00,Recreational Therapists,partial
244999,Natural and Physical Science Professionals nec,29-1129.00,"Therapists, All Other",partial
244999,Natural and Physical Science Professionals nec,29-1129.01,Art Therapists,partial
244999,Natural and Physical Science Professionals nec,29-1129.02,Music Therapists,partial
244999,Natural and Physical Science Professionals nec,29-1291.00,Acupuncturists,partial
244999,Natural and Physical Science Professionals nec,29-1299.00,"Healthcare Diagnosing or Treating Practitioners, All Other",partial
244999,Natural and Physical Science Professionals nec,29-1299.01,Naturopathic Physicians,partial
244999,Natural and Physical Science Professionals nec,29-1299.02,Orthoptists,partial
244999,Natural and Physical Science Professionals nec,29-9092.00,Genetic Counselors,partial
251131,Early Childhood (Pre-primary School) Teacher,25-2011.00,"Preschool Teachers, Except Special Education",partial
251131,Early Childhood (Pre-primary School) Teacher,25-2012.00,"Kindergarten Teachers, Except Special Education",partial
251231,Primary School Teacher,25-2021.00,"Elementary School Teachers, Except Special Education",partial
251231,Primary School Teacher,25-2022.00,"Middle School Teachers, Except Special and Career/Technical Education",partial
251331,Secondary School Teacher,25-2031.00,"Secondary School Teachers, Except Special and Career/Technical Education",exact
251431,Special Education Teacher,25-2051.00,"Special Education Teachers, Preschool",partial
251431,Special Education Teacher,25-2055.00,"Special Education Teachers, Kindergarten",partial
251431,Special Education Teacher,25-2056.00,"Special Education Teachers, Elementary School",partial
251431,Special Education Teacher,25-2057.00,"Special Education Teachers, Middle School",partial
251431,Special Education Teacher,25-2058.00,"Special Education Teachers, Secondary School",partial
251431,Special Education Teacher,25-2059.00,"Special Education Teachers, All Other",partial
251431,Special Education Teacher,25-2059.01,Adapted Physical Education Specialists,partial
251432,Specialist Teacher (Vision Impairment),25-2051.00,"Special Education Teachers, Preschool",partial
251432,Specialist Teacher (Vision Impairment),25-2055.00,"Special Education Teachers, Kindergarten",partial
251432,Specialist Teacher (Vision Impairment),25-2056.00,"Special Education Teachers, Elementary School",partial
251432,Specialist Teacher (Vision Impairment),25-2057.00,"Special Education Teachers, Middle School",partial
251432,Specialist Teacher (Vision Impairment),25-2058.00,"Special Education Teachers, Secondary School",partial
251432,Specialist Teacher (Vision Impairment),25-2059.00,"Special Education Teachers, All Other",partial
251432,Specialist Teacher (Vision Impairment),25-2059.01,Adapted Physical Education Specialists,partial
251433,Teacher of the Deaf,25-2051.00,"Special Education Teachers, Preschool",partial
251433,Teacher of the Deaf,25-2055.00,"Special Education Teachers, Kindergarten",partial
251433,Teacher of the Deaf,25-2056.00,"Special Education Teachers, Elementary School",partial
251433,Teacher of the Deaf,25-2057.00,"Special Education Teachers, Middle School",partial
251433,Teacher of the Deaf,25-2058.00,"Special Education Teachers, Secondary School",partial
251433,Teacher of the Deaf,25-2059.00,"Special Education Teachers, All Other",partial
251433,Teacher of the Deaf,25-2059.01,Adapted Physical Education Specialists,partial
251931,Teacher Librarian,25-2031.00,"Secondary School Teachers, Except Special and Career/Technical Education",partial
251931,Teacher Librarian,25-2021.00,"Elementary School Teachers, Except Special Education",partial
251931,Teacher Librarian,25-2022.00,"Middle School Teachers, Except Special and Career/Technical Education",partial
252131,University Lecturer,25-1011.00,"Business Teachers, Postsecondary",partial
252131,University Lecturer,25-1021.00,"Computer Science Teachers, Postsecondary",partial
252131,University Lecturer,25-1022.00,"Mathematical Science Teachers, Postsecondary",partial
252131,University Lecturer,25-1031.00,"Architecture Teachers, Postsecondary",partial
252131,University Lecturer,25-1032.00,"Engineering Teachers, Postsecondary",partial
252131,University Lecturer,25-1041.00,"Agricultural Sciences Teachers, Postsecondary",partial
252131,University Lecturer,25-1042.00,"Biological Science Teachers, Postsecondary",partial
252131,University Lecturer,25-1043.00,"Forestry and Conservation Science Teachers, Postsecondary",partial
252131,University Lecturer,25-1051.00,"Atmospheric, Earth, Marine, and Space Sciences Teachers, Postsecondary",partial
252131,University Lecturer,25-1052.00,"Chemistry Teachers, Postsecondary",partial
252131,University Lecturer,25-1053.00,"Environmental Science Teachers, Postsecondary",partial
252131,University Lecturer,25-1054.00,"Physics Teachers, Postsecondary",partial
252131,University Lecturer,25-1061.00,"Anthropology and Archeology Teachers, Postsecondary",partial
252131,University Lecturer,25-1062.00,"Area, Ethnic, and Cultural Studies Teachers, Postsecondary",partial
252131,University Lecturer,25-1063.00,"Economics Teachers, Postsecondary",partial
252131,University Lecturer,25-1064.00,"Geography Teachers, Postsecondary",partial
252131,University Lecturer,25-1065.00,"Political Science Teachers, Postsecondary",partial
252131,University Lecturer,25-1066.00,"Psychology Teachers, Postsecondary",partial
252131,University Lecturer,25-1067.00,"Sociology Teachers, Postsecondary",partial
252131,University Lecturer,25-1069.00,"Social Sciences Teachers, Postsecondary, All Other",partial
252131,University Lecturer,25-1071.00,"Health Specialties Teachers, Postsecondary",partial
252131,University Lecturer,25-1072.00,"Nursing Instructors and Teachers, Postsecondary",partial
252131,University Lecturer,25-1081.00,"Education Teachers, Postsecondary",partial
252131,University Lecturer,25-1082.00,"Library Science Teachers, Postsecondary",partial
252131,University Lecturer,25-1111.00,"Criminal Justice and Law Enforcement Teachers, Postsecondary",partial
252131,University Lecturer,25-1112.00,"Law Teachers, Postsecondary",partial
252131,University Lecturer,25-1113.00,"Social Work Teachers, Postsecondary",partial
252131,University Lecturer,25-1121.00,"Art, Drama, and Music Teachers, Postsecondary",partial
252131,University Lecturer,25-1122.00,"Communications Teachers, Postsecondary",partial
252131,University Lecturer,25-1123.00,"English Language and Literature Teachers, Postsecondary",partial
252131,University Lecturer,25-1124.00,"Foreign Language and Literature Teachers, Postsecondary",partial
252131,University Lecturer,25-1125.00,"History Teachers, Postsecondary",partial
252131,University Lecturer,25-1126.00,"Philosophy and Religion Teachers, Postsecondary",partial
252131,University Lecturer,25-9044.00,"Teaching Assistants, Postsecondary",partial
252131,University Lecturer,25-1192.00,"Family and Consumer Sciences Teachers, Postsecondary",partial
252131,University Lecturer,25-1193.00,"Recreation and Fitness Studies Teachers, Postsecondary",partial
252131,University Lecturer,25-1199.00,"Postsecondary Teachers, All Other",partial
252132,University Tutor,25-1011.00,"Business Teachers, Postsecondary",partial
252132,University Tutor,25-1021.00,"Computer Science Teachers, Postsecondary",partial
252132,University Tutor,25-1022.00,"Mathematical Science Teachers, Postsecondary",partial
252132,University Tutor,25-1031.00,"Architecture Teachers, Postsecondary",partial
252132,University Tutor,25-1032.00,"Engineering Teachers, Postsecondary",partial
252132,University Tutor,25-1041.00,"Agricultural Sciences Teachers, Postsecondary",partial
252132,University Tutor,25-1042.00,"Biological Science Teachers, Postsecondary",partial
252132,University Tutor,25-1043.00,"Forestry and Conservation Science Teachers, Postsecondary",partial
252132,University Tutor,25-1051.00,"Atmospheric, Earth, Marine, and Space Sciences Teachers, Postsecondary",partial
252132,University Tutor,25-1052.00,"Chemistry Teachers, Postsecondary",partial
252132,University Tutor,25-1053.00,"Environmental Science Teachers, Postsecondary",partial
252132,University Tutor,25-1054.00,"Physics Teachers, Postsecondary",partial
252132,University Tutor,25-1061.00,"Anthropology and Archeology Teachers, Postsecondary",partial
252132,University Tutor,25-1062.00,"Area, Ethnic, and Cultural Studies Teachers, Postsecondary",partial
252132,University Tutor,25-1063.00,"Economics Teachers, Postsecondary",partial
252132,University Tutor,25-1064.00,"Geography Teachers, Postsecondary",partial
252132,University Tutor,25-1065.00,"Political Science Teachers, Postsecondary",partial
252132,University Tutor,25-1066.00,"Psychology Teachers, Postsecondary",partial
252132,University Tutor,25-1067.00,"Sociology Teachers, Postsecondary",partial
252132,University Tutor,25-1069.00,"Social Sciences Teachers, Postsecondary, All Other",partial
252132,University Tutor,25-1071.00,"Health Specialties Teachers, Postsecondary",partial
252132,University Tutor,25-1072.00,"Nursing Instructors and Teachers, Postsecondary",partial
252132,University Tutor,25-1081.00,"Education Teachers, Postsecondary",partial
252132,University Tutor,25-1082.00,"Library Science Teachers, Postsecondary",partial
252132,University Tutor,25-1111.00,"Criminal Justice and Law Enforcement Teachers, Postsecondary",partial
252132,University Tutor,25-1112.00,"Law Teachers, Postsecondary",partial
252132,University Tutor,25-1113.00,"Social Work Teachers, Postsecondary",partial
252132,University Tutor,25-1121.00,"Art, Drama, and Music Teachers, Postsecondary",partial
252132,University Tutor,25-1122.00,"Communications Teachers, Postsecondary",partial
252132,University Tutor,25-1123.00,"English Language and Literature Teachers, Postsecondary",partial
252132,University Tutor,25-1124.00,"Foreign Language and Literature Teachers, Postsecondary",partial
252132,University Tutor,25-1125.00,"History Teachers, Postsecondary",partial
252132,University Tutor,25-1126.00,"Philosophy and Religion Teachers, Postsecondary",partial
252132,University Tutor,25-9044.00,"Teaching Assistants, Postsecondary",partial
252132,University Tutor,25-1192.00,"Family and Consumer Sciences Teachers, Postsecondary",partial
252132,University Tutor,25-1193.00,"Recreation and Fitness Studies Teachers, Postsecondary",partial
252132,University Tutor,25-1199.00,"Postsecondary Teachers, All Other",partial
252231,Vocational Education Teacher,25-1011.00,"Business Teachers, Postsecondary",partial
252231,Vocational Education Teacher,25-1021.00,"Computer Science Teachers, Postsecondary",partial
252231,Vocational Education Teacher,25-1022.00,"Mathematical Science Teachers, Postsecondary",partial
252231,Vocational Education Teacher,25-1031.00,"Architecture Teachers, Postsecondary",partial
252231,Vocational Education Teacher,25-1032.00,"Engineering Teachers, Postsecondary",partial
252231,Vocational Education Teacher,25-1041.00,"Agricultural Sciences Teachers, Postsecondary",partial
252231,Vocational Education Teacher,25-1042.00,"Biological Science Teachers, Postsecondary",partial
252231,Vocational Education Teacher,25-1043.00,"Forestry and Conservation Science Teachers, Postsecondary",partial
252231,Vocational Education Teacher,25-1051.00,"Atmospheric, Earth, Marine, and Space Sciences Teachers, Postsecondary",partial
252231,Vocational Education Teacher,25-1052.00,"Chemistry Teachers, Postsecondary",partial
252231,Vocational Education Teacher,25-1053.00,"Environmental Science Teachers, Postsecondary",partial
252231,Vocational Education Teacher,25-1054.00,"Physics Teachers, Postsecondary",partial
252231,Vocational Education Teacher,25-1061.00,"Anthropology and Archeology Teachers, Postsecondary",partial
252231,Vocational Education Teacher,25-1062.00,"Area, Ethnic, and Cultural Studies Teachers, Postsecondary",partial
252231,Vocational Education Teacher,25-1063.00,"Economics Teachers, Postsecondary",partial
252231,Vocational Education Teacher,25-1064.00,"Geography Teachers, Postsecondary",partial
252231,Vocational Education Teacher,25-1065.00,"Political Science Teachers, Postsecondary",partial
252231,Vocational Education Teacher,25-1066.00,"Psychology Teachers, Postsecondary",partial
252231,Vocational Education Teacher,25-1067.00,"Sociology Teachers, Postsecondary",partial
252231,Vocational Education Teacher,25-1069.00,"Social Sciences Teachers, Postsecondary, All Other",partial
252231,Vocational Education Teacher,25-1071.00,"Health Specialties Teachers, Postsecondary",partial
252231,Vocational Education Teacher,25-1072.00,"Nursing Instructors and Teachers, Postsecondary",partial
252231,Vocational Education Teacher,25-1081.00,"Education Teachers, Postsecondary",partial
252231,Vocational Education Teacher,25-1082.00,"Library Science Teachers, Postsecondary",partial
252231,Vocational Education Teacher,25-1111.00,"Criminal Justice and Law Enforcement Teachers, Postsecondary",partial
252231,Vocational Education Teacher,25-1112.00,"Law Teachers, Postsecondary",partial
252231,Vocational Education Teacher,25-1113.00,"Social Work Teachers, Postsecondary",partial
252231,Vocational Education Teacher,25-1121.00,"Art, Drama, and Music Teachers, Postsecondary",partial
252231,Vocational Education Teacher,25-1122.00,"Communications Teachers, Postsecondary",partial
252231,Vocational Education Teacher,25-1123.00,"English Language and Literature Teachers, Postsecondary",partial
252231,Vocational Education Teacher,25-1124.00,"Foreign Language and Literature Teachers, Postsecondary",partial
252231,Vocational Education Teacher,25-1125.00,"History Teachers, Postsecondary",partial
252231,Vocational Education Teacher,25-1126.00,"Philosophy and Religion Teachers, Postsecondary",partial
252231,Vocational Education Teacher,25-9044.00,"Teaching Assistants, Postsecondary",partial
252231,Vocational Education Teacher,25-1192.00,"Family and Consumer Sciences Teachers, Postsecondary",partial
252231,Vocational Education Teacher,25-1193.00,"Recreation and Fitness Studies Teachers, Postsecondary",partial
252231,Vocational Education Teacher,25-1199.00,"Postsecondary Teachers, All Other",partial
252231,Vocational Education Teacher,25-1194.00,"Career/Technical Education Teachers, Postsecondary",partial
252231,Vocational Education Teacher,25-2023.00,"Career/Technical Education Teachers, Middle School",partial
252231,Vocational Education Teacher,25-2032.00,"Career/Technical Education Teachers, Secondary School",partial
259131,Academic Tutor (Private Tuition),25-3011.00,"Adult Basic Education, Adult Secondary Education, and English as a Second Language Instructors",partial
259131,Academic Tutor (Private Tuition),25-3021.00,Self-Enrichment Teachers,partial
259131,Academic Tutor (Private Tuition),25-3031.00,"Substitute Teachers, Short-Term",partial
259131,Academic Tutor (Private Tuition),25-3041.00,Tutors,partial
259131,Academic Tutor (Private Tuition),25-3099.00,"Teachers and Instructors, All Other",partial
259131,Academic Tutor (Private Tuition),21-1012.00,"Educational, Guidance, and Career Counselors and Advisors",partial
259131,Academic Tutor (Private Tuition),25-9099.00,"Educational Instruction and Library Workers, All Other",partial
259231,Art Teacher (Private Tuition),25-3021.00,Self-Enrichment Teachers,partial
259231,Art Teacher (Private Tuition),25-3031.00,"Substitute Teachers, Short-Term",partial
259231,Art Teacher (Private Tuition),25-3041.00,Tutors,partial
259231,Art Teacher (Private Tuition),25-3099.00,"Teachers and Instructors, All Other",partial
259232,Dance Teacher (Private Tuition),25-3021.00,Self-Enrichment Teachers,partial
259232,Dance Teacher (Private Tuition),25-3031.00,"Substitute Teachers, Short-Term",partial
259232,Dance Teacher (Private Tuition),25-3041.00,Tutors,partial
259232,Dance Teacher (Private Tuition),25-3099.00,"Teachers and Instructors, All Other",partial
259233,Speech and Drama Teacher (Private Tuition),25-3021.00,Self-Enrichment Teachers,partial
259233,Speech and Drama Teacher (Private Tuition),25-3031.00,"Substitute Teachers, Short-Term",partial
259233,Speech and Drama Teacher (Private Tuition),25-3041.00,Tutors,partial
259233,Speech and Drama Teacher (Private Tuition),25-3099.00,"Teachers and Instructors, All Other",partial
259299,Arts and Personal Enrichment Teachers (Private Tuition) nec,25-3011.00,"Adult Basic Education, Adult Secondary Education, and English as a Second Language Instructors",partial
259299,Arts and Personal Enrichment Teachers (Private Tuition) nec,25-3021.00,Self-Enrichment Teachers,partial
259299,Arts and Personal Enrichment Teachers (Private Tuition) nec,25-3031.00,"Substitute Teachers, Short-Term",partial
259299,Arts and Personal Enrichment Teachers (Private Tuition) nec,25-3041.00,Tutors,partial
259299,Arts and Personal Enrichment Teachers (Private Tuition) nec,25-3099.00,"Teachers and Instructors, All Other",partial
259299,Arts and Personal Enrichment Teachers (Private Tuition) nec,21-1012.00,"Educational, Guidance, and Career Counselors and Advisors",partial
259299,Arts and Personal Enrichment Teachers (Private Tuition) nec,25-9099.00,"Educational Instruction and Library Workers, All Other",partial
259331,Education Adviser,25-9031.00,Instructional Coordinators,exact
259332,Education Reviewer,25-9031.00,Instructional Coordinators,exact
259431,Music Teacher (Private Tuition),25-3021.00,Self-Enrichment Teachers,exact
259531,Teacher of English to Speakers of Other Languages,25-3011.00,"Adult Basic Education, Adult Secondary Education, and English as a Second Language Instructors",partial
259531,Teacher of English to Speakers of Other Languages,25-3021.00,Self-Enrichment Teachers,partial
259531,Teacher of English to Speakers of Other Languages,25-3031.00,"Substitute Teachers, Short-Term",partial
259531,Teacher of English to Speakers of Other Languages,25-3041.00,Tutors,partial
259531,Teacher of English to Speakers of Other Languages,25-3099.00,"Teachers and Instructors, All Other",partial
259931,Adult Literacy / Numeracy Teacher,25-1194.00,"Career/Technical Education Teachers, Postsecondary",partial
259931,Adult Literacy / Numeracy Teacher,25-2023.00,"Career/Technical Education Teachers, Middle School",partial
259931,Adult Literacy / Numeracy Teacher,25-2032.00,"Career/Technical Education Teachers, Secondary School",partial
259932,Careers Adviser,13-1071.00,Human Resources Specialists,partial
259932,Careers Adviser,13-1075.00,Labor Relations Specialists,partial
259932,Careers Adviser,13-1141.00,"Compensation, Benefits, and Job Analysis Specialists",partial
259932,Careers Adviser,21-1012.00,"Educational, Guidance, and Career Counselors and Advisors",partial
259933,Student Services Adviser,21-1011.00,Substance Abuse and Behavioral Disorder Counselors,partial
259933,Student Services Adviser,21-1013.00,Marriage and Family Therapists,partial
259933,Student Services Adviser,21-1014.00,Mental Health Counselors,partial
259933,Student Services Adviser,21-1015.00,Rehabilitation Counselors,partial
259933,Student Services Adviser,21-1019.00,"Counselors, All Other",partial
259933,Student Services Adviser,21-1021.00,"Child, Family, and School Social Workers",partial
259933,Student Services Adviser,21-1022.00,Healthcare Social Workers,partial
259933,Student Services Adviser,21-1023.00,Mental Health and Substance Abuse Social Workers,partial
259933,Student Services Adviser,21-1029.00,"Social Workers, All Other",partial
259933,Student Services Adviser,21-1092.00,Probation Officers and Correctional Treatment Specialists,partial
259933,Student Services Adviser,21-1099.00,"Community and Social Service Specialists, All Other",partial
259999,Education Professionals nec,25-2051.00,"Special Education Teachers, Preschool",partial
259999,Education Professionals nec,25-2055.00,"Special Education Teachers, Kindergarten",partial
259999,Education Professionals nec,25-2056.00,"Special Education Teachers, Elementary School",partial
259999,Education Professionals nec,25-2057.00,"Special Education Teachers, Middle School",partial
259999,Education Professionals nec,25-2058.00,"Special Education Teachers, Secondary School",partial
259999,Education Professionals nec,25-2059.00,"Special Education Teachers, All Other",partial
259999,Education Professionals nec,25-2059.01,Adapted Physical Education Specialists,partial
259999,Education Professionals nec,21-1012.00,"Educational, Guidance, and Career Counselors and Advisors",partial
259999,Education Professionals nec,25-3031.00,"Substitute Teachers, Short-Term",partial
259999,Education Professionals nec,25-3041.00,Tutors,partial
259999,Education Professionals nec,25-3099.00,"Teachers and Instructors, All Other",partial
259999,Education Professionals nec,25-9099.00,"Educational Instruction and Library Workers, All Other",partial
261131,Counsellor (General),21-1011.00,Substance Abuse and Behavioral Disorder Counselors,partial
261131,Counsellor (General),21-1013.00,Marriage and Family Therapists,partial
261131,Counsellor (General),21-1014.00,Mental Health Counselors,partial
261131,Counsellor (General),21-1015.00,Rehabilitation Counselors,partial
261131,Counsellor (General),21-1019.00,"Counselors, All Other",partial
261131,Counsellor (General),21-1021.00,"Child, Family, and School Social Workers",partial
261131,Counsellor (General),21-1022.00,Healthcare Social Workers,partial
261131,Counsellor (General),21-1023.00,Mental Health and Substance Abuse Social Workers,partial
261131,Counsellor (General),21-1029.00,"Social Workers, All Other",partial
261131,Counsellor (General),21-1092.00,Probation Officers and Correctional Treatment Specialists,partial
261131,Counsellor (General),21-1099.00,"Community and Social Service Specialists, All Other",partial
261132,Alcohol and Other Drugs Counsellor,21-1011.00,Substance Abuse and Behavioral Disorder Counselors,partial
261132,Alcohol and Other Drugs Counsellor,21-1013.00,Marriage and Family Therapists,partial
261132,Alcohol and Other Drugs Counsellor,21-1014.00,Mental Health Counselors,partial
261132,Alcohol and Other Drugs Counsellor,21-1015.00,Rehabilitation Counselors,partial
261132,Alcohol and Other Drugs Counsellor,21-1019.00,"Counselors, All Other",partial
261132,Alcohol and Other Drugs Counsellor,21-1021.00,"Child, Family, and School Social Workers",partial
261132,Alcohol and Other Drugs Counsellor,21-1022.00,Healthcare Social Workers,partial
261132,Alcohol and Other Drugs Counsellor,21-1023.00,Mental Health and Substance Abuse Social Workers,partial
261132,Alcohol and Other Drugs Counsellor,21-1029.00,"Social Workers, All Other",partial
261132,Alcohol and Other Drugs Counsellor,21-1092.00,Probation Officers and Correctional Treatment Specialists,partial
261132,Alcohol and Other Drugs Counsellor,21-1099.00,"Community and Social Service Specialists, All Other",partial
261133,Family and Relationship Counsellor,21-1011.00,Substance Abuse and Behavioral Disorder Counselors,partial
261133,Family and Relationship Counsellor,21-1013.00,Marriage and Family Therapists,partial
261133,Family and Relationship Counsellor,21-1014.00,Mental Health Counselors,partial
261133,Family and Relationship Counsellor,21-1015.00,Rehabilitation Counselors,partial
261133,Family and Relationship Counsellor,21-1019.00,"Counselors, All Other",partial
261133,Family and Relationship Counsellor,21-1021.00,"Child, Family, and School Social Workers",partial
261133,Family and Relationship Counsellor,21-1022.00,Healthcare Social Workers,partial
261133,Family and Relationship Counsellor,21-1023.00,Mental Health and Substance Abuse Social Workers,partial
261133,Family and Relationship Counsellor,21-1029.00,"Social Workers, All Other",partial
261133,Family and Relationship Counsellor,21-1092.00,Probation Officers and Correctional Treatment Specialists,partial
261133,Family and Relationship Counsellor,21-1099.00,"Community and Social Service Specialists, All Other",partial
261134,Psychotherapist,19-3033.00,Clinical and Counseling Psychologists,partial
261134,Psychotherapist,19-3034.00,School Psychologists,partial
261134,Psychotherapist,19-3032.00,Industrial-Organizational Psychologists,partial
261134,Psychotherapist,19-3039.00,"Psychologists, All Other",partial
261134,Psychotherapist,19-3039.02,Neuropsychologists,partial
261134,Psychotherapist,19-3039.03,Clinical Neuropsychologists,partial
261135,Rehabilitation Counsellor,21-1011.00,Substance Abuse and Behavioral Disorder Counselors,partial
261135,Rehabilitation Counsellor,21-1013.00,Marriage and Family Therapists,partial
261135,Rehabilitation Counsellor,21-1014.00,Mental Health Counselors,partial
261135,Rehabilitation Counsellor,21-1015.00,Rehabilitation Counselors,partial
261135,Rehabilitation Counsellor,21-1019.00,"Counselors, All Other",partial
261135,Rehabilitation Counsellor,21-1021.00,"Child, Family, and School Social Workers",partial
261135,Rehabilitation Counsellor,21-1022.00,Healthcare Social Workers,partial
261135,Rehabilitation Counsellor,21-1023.00,Mental Health and Substance Abuse Social Workers,partial
261135,Rehabilitation Counsellor,21-1029.00,"Social Workers, All Other",partial
261135,Rehabilitation Counsellor,21-1092.00,Probation Officers and Correctional Treatment Specialists,partial
261135,Rehabilitation Counsellor,21-1099.00,"Community and Social Service Specialists, All Other",partial
261136,School Counsellor,21-1012.00,"Educational, Guidance, and Career Counselors and Advisors",partial
261136,School Counsellor,25-3031.00,"Substitute Teachers, Short-Term",partial
261136,School Counsellor,25-3041.00,Tutors,partial
261136,School Counsellor,25-3099.00,"Teachers and Instructors, All Other",partial
261136,School Counsellor,25-9099.00,"Educational Instruction and Library Workers, All Other",partial
261231,Psychologist,19-3033.00,Clinical and Counseling Psychologists,partial
261231,Psychologist,19-3034.00,School Psychologists,partial
261231,Psychologist,19-3032.00,Industrial-Organizational Psychologists,partial
261231,Psychologist,19-3039.00,"Psychologists, All Other",partial
261231,Psychologist,19-3039.02,Neuropsychologists,partial
261231,Psychologist,19-3039.03,Clinical Neuropsychologists,partial
261331,Social Worker,21-1011.00,Substance Abuse and Behavioral Disorder Counselors,partial
261331,Social Worker,21-1013.00,Marriage and Family Therapists,partial
261331,Social Worker,21-1014.00,Mental Health Counselors,partial
261331,Social Worker,21-1015.00,Rehabilitation Counselors,partial
261331,Social Worker,21-1019.00,"Counselors, All Other",partial
261331,Social Worker,21-1021.00,"Child, Family, and School Social Workers",partial
261331,Social Worker,21-1022.00,Healthcare Social Workers,partial
261331,Social Worker,21-1023.00,Mental Health and Substance Abuse Social Workers,partial
261331,Social Worker,21-1029.00,"Social Workers, All Other",partial
261331,Social Worker,21-1092.00,Probation Officers and Correctional Treatment Specialists,partial
261331,Social Worker,21-1099.00,"Community and Social Service Specialists, All Other",partial
261931,Arts Therapist,29-1011.00,Chiropractors,partial
261931,Arts Therapist,29-1081.00,Podiatrists,partial
261931,Arts Therapist,29-1122.00,Occupational Therapists,partial
261931,Arts Therapist,29-1122.01,"Low Vision Therapists, Orientation and Mobility Specialists, and Vision Rehabilitation Therapists",partial
261931,Arts Therapist,29-1125.00,Recreational Therapists,partial
261931,Arts Therapist,29-1129.00,"Therapists, All Other",partial
261931,Arts Therapist,29-1129.01,Art Therapists,partial
261931,Arts Therapist,29-1129.02,Music Therapists,partial
261931,Arts Therapist,29-1291.00,Acupuncturists,partial
261931,Arts Therapist,29-1299.00,"Healthcare Diagnosing or Treating Practitioners, All Other",partial
261931,Arts Therapist,29-1299.01,Naturopathic Physicians,partial
261931,Arts Therapist,29-1299.02,Orthoptists,partial
261931,Arts Therapist,29-9092.00,Genetic Counselors,partial
261932,Behaviour Support Practitioner,21-1011.00,Substance Abuse and Behavioral Disorder Counselors,partial
261932,Behaviour Support Practitioner,21-1013.00,Marriage and Family Therapists,partial
261932,Behaviour Support Practitioner,21-1014.00,Mental Health Counselors,partial
261932,Behaviour Support Practitioner,21-1015.00,Rehabilitation Counselors,partial
261932,Behaviour Support Practitioner,21-1019.00,"Counselors, All Other",partial
261932,Behaviour Support Practitioner,21-1021.00,"Child, Family, and School Social Workers",partial
261932,Behaviour Support Practitioner,21-1022.00,Healthcare Social Workers,partial
261932,Behaviour Support Practitioner,21-1023.00,Mental Health and Substance Abuse Social Workers,partial
261932,Behaviour Support Practitioner,21-1029.00,"Social Workers, All Other",partial
261932,Behaviour Support Practitioner,21-1092.00,Probation Officers and Correctional Treatment Specialists,partial
261932,Behaviour Support Practitioner,21-1099.00,"Community and Social Service Specialists, All Other",partial
261933,Music Therapist,29-1011.00,Chiropractors,partial
261933,Music Therapist,29-1081.00,Podiatrists,partial
261933,Music Therapist,29-1122.00,Occupational Therapists,partial
261933,Music Therapist,29-1122.01,"Low Vision Therapists, Orientation and Mobility Specialists, and Vision Rehabilitation Therapists",partial
261933,Music Therapist,29-1125.00,Recreational Therapists,partial
261933,Music Therapist,29-1129.00,"Therapists, All Other",partial
261933,Music Therapist,29-1129.01,Art Therapists,partial
261933,Music Therapist,29-1129.02,Music Therapists,partial
261933,Music Therapist,29-1291.00,Acupuncturists,partial
261933,Music Therapist,29-1299.00,"Healthcare Diagnosing or Treating Practitioners, All Other",partial
261933,Music Therapist,29-1299.01,Naturopathic Physicians,partial
261933,Music Therapist,29-1299.02,Orthoptists,partial
261933,Music Therapist,29-9092.00,Genetic Counselors,partial
261999,"Allied Health Counselling, Psychology, Social Work and Creative Therapy Professionals nec",29-1291.00,Acupuncturists,partial
261999,"Allied Health Counselling, Psychology, Social Work and Creative Therapy Professionals nec",29-1299.00,"Healthcare Diagnosing or Treating Practitioners, All Other",partial
261999,"Allied Health Counselling, Psychology, Social Work and Creative Therapy Professionals nec",29-1299.01,Naturopathic Physicians,partial
261999,"Allied Health Counselling, Psychology, Social Work and Creative Therapy Professionals nec",29-1299.02,Orthoptists,partial
261999,"Allied Health Counselling, Psychology, Social Work and Creative Therapy Professionals nec",29-1011.00,Chiropractors,partial
261999,"Allied Health Counselling, Psychology, Social Work and Creative Therapy Professionals nec",29-1081.00,Podiatrists,partial
261999,"Allied Health Counselling, Psychology, Social Work and Creative Therapy Professionals nec",29-1122.00,Occupational Therapists,partial
261999,"Allied Health Counselling, Psychology, Social Work and Creative Therapy Professionals nec",29-1122.01,"Low Vision Therapists, Orientation and Mobility Specialists, and Vision Rehabilitation Therapists",partial
261999,"Allied Health Counselling, Psychology, Social Work and Creative Therapy Professionals nec",29-1125.00,Recreational Therapists,partial
261999,"Allied Health Counselling, Psychology, Social Work and Creative Therapy Professionals nec",29-1129.00,"Therapists, All Other",partial
261999,"Allied Health Counselling, Psychology, Social Work and Creative Therapy Professionals nec",29-1129.01,Art Therapists,partial
261999,"Allied Health Counselling, Psychology, Social Work and Creative Therapy Professionals nec",29-1129.02,Music Therapists,partial
261999,"Allied Health Counselling, Psychology, Social Work and Creative Therapy Professionals nec",29-9092.00,Genetic Counselors,partial
262131,Chiropractor,29-1011.00,Chiropractors,partial
262131,Chiropractor,29-1081.00,Podiatrists,partial
262131,Chiropractor,29-1122.00,Occupational Therapists,partial
262131,Chiropractor,29-1122.01,"Low Vision Therapists, Orientation and Mobility Specialists, and Vision Rehabilitation Therapists",partial
262131,Chiropractor,29-1125.00,Recreational Therapists,partial
262131,Chiropractor,29-1129.00,"Therapists, All Other",partial
262131,Chiropractor,29-1129.01,Art Therapists,partial
262131,Chiropractor,29-1129.02,Music Therapists,partial
262131,Chiropractor,29-1291.00,Acupuncturists,partial
262131,Chiropractor,29-1299.00,"Healthcare Diagnosing or Treating Practitioners, All Other",partial
262131,Chiropractor,29-1299.01,Naturopathic Physicians,partial
262131,Chiropractor,29-1299.02,Orthoptists,partial
262131,Chiropractor,29-9092.00,Genetic Counselors,partial
262231,Exercise Physiologist,29-1011.00,Chiropractors,partial
262231,Exercise Physiologist,29-1081.00,Podiatrists,partial
262231,Exercise Physiologist,29-1122.00,Occupational Therapists,partial
262231,Exercise Physiologist,29-1122.01,"Low Vision Therapists, Orientation and Mobility Specialists, and Vision Rehabilitation Therapists",partial
262231,Exercise Physiologist,29-1125.00,Recreational Therapists,partial
262231,Exercise Physiologist,29-1129.00,"Therapists, All Other",partial
262231,Exercise Physiologist,29-1129.01,Art Therapists,partial
262231,Exercise Physiologist,29-1129.02,Music Therapists,partial
262231,Exercise Physiologist,29-1291.00,Acupuncturists,partial
262231,Exercise Physiologist,29-1299.00,"Healthcare Diagnosing or Treating Practitioners, All Other",partial
262231,Exercise Physiologist,29-1299.01,Naturopathic Physicians,partial
262231,Exercise Physiologist,29-1299.02,Orthoptists,partial
262231,Exercise Physiologist,29-9092.00,Genetic Counselors,partial
262232,Exercise and Sports Scientist,29-1011.00,Chiropractors,partial
262232,Exercise and Sports Scientist,29-1081.00,Podiatrists,partial
262232,Exercise and Sports Scientist,29-1122.00,Occupational Therapists,partial
262232,Exercise and Sports Scientist,29-1122.01,"Low Vision Therapists, Orientation and Mobility Specialists, and Vision Rehabilitation Therapists",partial
262232,Exercise and Sports Scientist,29-1125.00,Recreational Therapists,partial
262232,Exercise and Sports Scientist,29-1129.00,"Therapists, All Other",partial
262232,Exercise and Sports Scientist,29-1129.01,Art Therapists,partial
262232,Exercise and Sports Scientist,29-1129.02,Music Therapists,partial
262232,Exercise and Sports Scientist,29-1291.00,Acupuncturists,partial
262232,Exercise and Sports Scientist,29-1299.00,"Healthcare Diagnosing or Treating Practitioners, All Other",partial
262232,Exercise and Sports Scientist,29-1299.01,Naturopathic Physicians,partial
262232,Exercise and Sports Scientist,29-1299.02,Orthoptists,partial
262232,Exercise and Sports Scientist,29-9092.00,Genetic Counselors,partial
262331,Occupational Therapist,29-1011.00,Chiropractors,partial
262331,Occupational Therapist,29-1081.00,Podiatrists,partial
262331,Occupational Therapist,29-1122.00,Occupational Therapists,partial
262331,Occupational Therapist,29-1122.01,"Low Vision Therapists, Orientation and Mobility Specialists, and Vision Rehabilitation Therapists",partial
262331,Occupational Therapist,29-1125.00,Recreational Therapists,partial
262331,Occupational Therapist,29-1129.00,"Therapists, All Other",partial
262331,Occupational Therapist,29-1129.01,Art Therapists,partial
262331,Occupational Therapist,29-1129.02,Music Therapists,partial
262331,Occupational Therapist,29-1291.00,Acupuncturists,partial
262331,Occupational Therapist,29-1299.00,"Healthcare Diagnosing or Treating Practitioners, All Other",partial
262331,Occupational Therapist,29-1299.01,Naturopathic Physicians,partial
262331,Occupational Therapist,29-1299.02,Orthoptists,partial
262331,Occupational Therapist,29-9092.00,Genetic Counselors,partial
262431,Physiotherapist,29-1123.00,Physical Therapists,partial
262431,Physiotherapist,29-1128.00,Exercise Physiologists,partial
262531,Podiatrist,29-1011.00,Chiropractors,partial
262531,Podiatrist,29-1081.00,Podiatrists,partial
262531,Podiatrist,29-1122.00,Occupational Therapists,partial
262531,Podiatrist,29-1122.01,"Low Vision Therapists, Orientation and Mobility Specialists, and Vision Rehabilitation Therapists",partial
262531,Podiatrist,29-1125.00,Recreational Therapists,partial
262531,Podiatrist,29-1129.00,"Therapists, All Other",partial
262531,Podiatrist,29-1129.01,Art Therapists,partial
262531,Podiatrist,29-1129.02,Music Therapists,partial
262531,Podiatrist,29-1291.00,Acupuncturists,partial
262531,Podiatrist,29-1299.00,"Healthcare Diagnosing or Treating Practitioners, All Other",partial
262531,Podiatrist,29-1299.01,Naturopathic Physicians,partial
262531,Podiatrist,29-1299.02,Orthoptists,partial
262531,Podiatrist,29-9092.00,Genetic Counselors,partial
262631,Speech Pathologist,29-1127.00,Speech-Language Pathologists,partial
262631,Speech Pathologist,29-1181.00,Audiologists,partial
262931,Orthotist / Prosthetist,29-2091.00,Orthotists and Prosthetists,partial
262931,Orthotist / Prosthetist,29-2092.00,Hearing Aid Specialists,partial
262931,Orthotist / Prosthetist,51-9081.00,Dental Laboratory Technicians,partial
262931,Orthotist / Prosthetist,51-9082.00,Medical Appliance Technicians,partial
262932,Osteopath,29-1011.00,Chiropractors,partial
262932,Osteopath,29-1081.00,Podiatrists,partial
262932,Osteopath,29-1122.00,Occupational Therapists,partial
262932,Osteopath,29-1122.01,"Low Vision Therapists, Orientation and Mobility Specialists, and Vision Rehabilitation Therapists",partial
262932,Osteopath,29-1125.00,Recreational Therapists,partial
262932,Osteopath,29-1129.00,"Therapists, All Other",partial
262932,Osteopath,29-1129.01,Art Therapists,partial
262932,Osteopath,29-1129.02,Music Therapists,partial
262932,Osteopath,29-1291.00,Acupuncturists,partial
262932,Osteopath,29-1299.00,"Healthcare Diagnosing or Treating Practitioners, All Other",partial
262932,Osteopath,29-1299.01,Naturopathic Physicians,partial
262932,Osteopath,29-1299.02,Orthoptists,partial
262932,Osteopath,29-9092.00,Genetic Counselors,partial
262999,Allied Health Physical and Sensory Therapy Professionals nec,29-1011.00,Chiropractors,partial
262999,Allied Health Physical and Sensory Therapy Professionals nec,29-1081.00,Podiatrists,partial
262999,Allied Health Physical and Sensory Therapy Professionals nec,29-1122.00,Occupational Therapists,partial
262999,Allied Health Physical and Sensory Therapy Professionals nec,29-1122.01,"Low Vision Therapists, Orientation and Mobility Specialists, and Vision Rehabilitation Therapists",partial
262999,Allied Health Physical and Sensory Therapy Professionals nec,29-1125.00,Recreational Therapists,partial
262999,Allied Health Physical and Sensory Therapy Professionals nec,29-1129.00,"Therapists, All Other",partial
262999,Allied Health Physical and Sensory Therapy Professionals nec,29-1129.01,Art Therapists,partial
262999,Allied Health Physical and Sensory Therapy Professionals nec,29-1129.02,Music Therapists,partial
262999,Allied Health Physical and Sensory Therapy Professionals nec,29-1291.00,Acupuncturists,partial
262999,Allied Health Physical and Sensory Therapy Professionals nec,29-1299.00,"Healthcare Diagnosing or Treating Practitioners, All Other",partial
262999,Allied Health Physical and Sensory Therapy Professionals nec,29-1299.01,Naturopathic Physicians,partial
262999,Allied Health Physical and Sensory Therapy Professionals nec,29-1299.02,Orthoptists,partial
262999,Allied Health Physical and Sensory Therapy Professionals nec,29-9092.00,Genetic Counselors,partial
263131,Nuclear Medicine Technologist,29-1124.00,Radiation Therapists,partial
263131,Nuclear Medicine Technologist,29-2032.00,Diagnostic Medical Sonographers,partial
263131,Nuclear Medicine Technologist,29-2033.00,Nuclear Medicine Technologists,partial
263131,Nuclear Medicine Technologist,29-2034.00,Radiologic Technologists and Technicians,partial
263131,Nuclear Medicine Technologist,29-2035.00,Magnetic Resonance Imaging Technologists,partial
263132,Radiation Therapist,29-1124.00,Radiation Therapists,partial
263132,Radiation Therapist,29-2032.00,Diagnostic Medical Sonographers,partial
263132,Radiation Therapist,29-2033.00,Nuclear Medicine Technologists,partial
263132,Radiation Therapist,29-2034.00,Radiologic Technologists and Technicians,partial
263132,Radiation Therapist,29-2035.00,Magnetic Resonance Imaging Technologists,partial
263133,Radiographer,29-1124.00,Radiation Therapists,partial
263133,Radiographer,29-2032.00,Diagnostic Medical Sonographers,partial
263133,Radiographer,29-2033.00,Nuclear Medicine Technologists,partial
263133,Radiographer,29-2034.00,Radiologic Technologists and Technicians,partial
263133,Radiographer,29-2035.00,Magnetic Resonance Imaging Technologists,partial
263231,Dietitian,29-1031.00,Dietitians and Nutritionists,exact
263232,Nutritionist,29-1031.00,Dietitians and Nutritionists,exact
263331,Optometrist,29-1041.00,Optometrists,exact
263431,Community Pharmacist,29-1051.00,Pharmacists,exact
263432,Hospital Pharmacist,29-1051.00,Pharmacists,exact
263531,Sonographer,29-1124.00,Radiation Therapists,partial
263531,Sonographer,29-2032.00,Diagnostic Medical Sonographers,partial
263531,Sonographer,29-2033.00,Nuclear Medicine Technologists,partial
263531,Sonographer,29-2034.00,Radiologic Technologists and Technicians,partial
263531,Sonographer,29-2035.00,Magnetic Resonance Imaging Technologists,partial
263931,Audiologist,29-1127.00,Speech-Language Pathologists,partial
263931,Audiologist,29-1181.00,Audiologists,partial
263932,Cardiac Physiologist,29-1124.00,Radiation Therapists,partial
263932,Cardiac Physiologist,29-2032.00,Diagnostic Medical Sonographers,partial
263932,Cardiac Physiologist,29-2033.00,Nuclear Medicine Technologists,partial
263932,Cardiac Physiologist,29-2034.00,Radiologic Technologists and Technicians,partial
263932,Cardiac Physiologist,29-2035.00,Magnetic Resonance Imaging Technologists,partial
263932,Cardiac Physiologist,29-1126.00,Respiratory Therapists,partial
263932,Cardiac Physiologist,29-2031.00,Cardiovascular Technologists and Technicians,partial
263932,Cardiac Physiologist,29-2051.00,Dietetic Technicians,partial
263932,Cardiac Physiologist,29-2053.00,Psychiatric Technicians,partial
263932,Cardiac Physiologist,29-2099.00,"Health Technologists and Technicians, All Other",partial
263932,Cardiac Physiologist,29-2099.01,Neurodiagnostic Technologists,partial
263932,Cardiac Physiologist,29-2099.05,Ophthalmic Medical Technologists,partial
263932,Cardiac Physiologist,29-2099.08,Patient Representatives,partial
263932,Cardiac Physiologist,29-2055.00,Surgical Technologists,partial
263932,Cardiac Physiologist,29-2036.00,Medical Dosimetrists,partial
263932,Cardiac Physiologist,29-9021.00,Health Information Technologists and Medical Registrars,partial
263932,Cardiac Physiologist,29-9093.00,Surgical Assistants,partial
263932,Cardiac Physiologist,29-9099.00,"Healthcare Practitioners and Technical Workers, All Other",partial
263932,Cardiac Physiologist,29-9099.01,Midwives,partial
263932,Cardiac Physiologist,31-2011.00,Occupational Therapy Assistants,partial
263932,Cardiac Physiologist,31-9099.00,"Healthcare Support Workers, All Other",partial
263932,Cardiac Physiologist,31-9099.01,Speech-Language Pathology Assistants,partial
263932,Cardiac Physiologist,31-9099.02,Endoscopy Technicians,partial
263933,Diabetes Educator,21-1094.00,Community Health Workers,exact
263934,Neurophysiology Scientist,29-1011.00,Chiropractors,partial
263934,Neurophysiology Scientist,29-1081.00,Podiatrists,partial
263934,Neurophysiology Scientist,29-1122.00,Occupational Therapists,partial
263934,Neurophysiology Scientist,29-1122.01,"Low Vision Therapists, Orientation and Mobility Specialists, and Vision Rehabilitation Therapists",partial
263934,Neurophysiology Scientist,29-1125.00,Recreational Therapists,partial
263934,Neurophysiology Scientist,29-1129.00,"Therapists, All Other",partial
263934,Neurophysiology Scientist,29-1129.01,Art Therapists,partial
263934,Neurophysiology Scientist,29-1129.02,Music Therapists,partial
263934,Neurophysiology Scientist,29-1291.00,Acupuncturists,partial
263934,Neurophysiology Scientist,29-1299.00,"Healthcare Diagnosing or Treating Practitioners, All Other",partial
263934,Neurophysiology Scientist,29-1299.01,Naturopathic Physicians,partial
263934,Neurophysiology Scientist,29-1299.02,Orthoptists,partial
263934,Neurophysiology Scientist,29-9092.00,Genetic Counselors,partial
263935,Orthoptist,29-1041.00,Optometrists,exact
263936,Respiratory or Sleep Scientist,29-1011.00,Chiropractors,partial
263936,Respiratory or Sleep Scientist,29-1081.00,Podiatrists,partial
263936,Respiratory or Sleep Scientist,29-1122.00,Occupational Therapists,partial
263936,Respiratory or Sleep Scientist,29-1122.01,"Low Vision Therapists, Orientation and Mobility Specialists, and Vision Rehabilitation Therapists",partial
263936,Respiratory or Sleep Scientist,29-1125.00,Recreational Therapists,partial
263936,Respiratory or Sleep Scientist,29-1129.00,"Therapists, All Other",partial
263936,Respiratory or Sleep Scientist,29-1129.01,Art Therapists,partial
263936,Respiratory or Sleep Scientist,29-1129.02,Music Therapists,partial
263936,Respiratory or Sleep Scientist,29-1291.00,Acupuncturists,partial
263936,Respiratory or Sleep Scientist,29-1299.00,"Healthcare Diagnosing or Treating Practitioners, All Other",partial
263936,Respiratory or Sleep Scientist,29-1299.01,Naturopathic Physicians,partial
263936,Respiratory or Sleep Scientist,29-1299.02,Orthoptists,partial
263936,Respiratory or Sleep Scientist,29-9092.00,Genetic Counselors,partial
263999,Allied Health Science Professionals nec,29-1011.00,Chiropractors,partial
263999,Allied Health Science Professionals nec,29-1081.00,Podiatrists,partial
263999,Allied Health Science Professionals nec,29-1122.00,Occupational Therapists,partial
263999,Allied Health Science Professionals nec,29-1122.01,"Low Vision Therapists, Orientation and Mobility Specialists, and Vision Rehabilitation Therapists",partial
263999,Allied Health Science Professionals nec,29-1125.00,Recreational Therapists,partial
263999,Allied Health Science Professionals nec,29-1129.00,"Therapists, All Other",partial
263999,Allied Health Science Professionals nec,29-1129.01,Art Therapists,partial
263999,Allied Health Science Professionals nec,29-1129.02,Music Therapists,partial
263999,Allied Health Science Professionals nec,29-1291.00,Acupuncturists,partial
263999,Allied Health Science Professionals nec,29-1299.00,"Healthcare Diagnosing or Treating Practitioners, All Other",partial
263999,Allied Health Science Professionals nec,29-1299.01,Naturopathic Physicians,partial
263999,Allied Health Science Professionals nec,29-1299.02,Orthoptists,partial
263999,Allied Health Science Professionals nec,29-9092.00,Genetic Counselors,partial
264131,Anaesthetist,29-1211.00,Anesthesiologists,partial
264131,Anaesthetist,29-1218.00,Obstetricians and Gynecologists,partial
264131,Anaesthetist,29-1223.00,Psychiatrists,partial
264131,Anaesthetist,29-1242.00,"Orthopedic Surgeons, Except Pediatric",partial
264131,Anaesthetist,29-1243.00,Pediatric Surgeons,partial
264131,Anaesthetist,29-1249.00,"Surgeons, All Other",partial
264131,Anaesthetist,29-1212.00,Cardiologists,partial
264131,Anaesthetist,29-1213.00,Dermatologists,partial
264131,Anaesthetist,29-1214.00,Emergency Medicine Physicians,partial
264131,Anaesthetist,29-1217.00,Neurologists,partial
264131,Anaesthetist,29-1222.00,"Physicians, Pathologists",partial
264131,Anaesthetist,29-1224.00,Radiologists,partial
264131,Anaesthetist,29-1229.00,"Physicians, All Other",partial
264131,Anaesthetist,29-1229.01,Allergists and Immunologists,partial
264131,Anaesthetist,29-1229.02,Hospitalists,partial
264131,Anaesthetist,29-1229.03,Urologists,partial
264131,Anaesthetist,29-1229.04,Physical Medicine and Rehabilitation Physicians,partial
264131,Anaesthetist,29-1229.05,Preventive Medicine Physicians,partial
264131,Anaesthetist,29-1229.06,Sports Medicine Physicians,partial
264131,Anaesthetist,29-1241.00,"Ophthalmologists, Except Pediatric",partial
264231,General Practitioner,29-1215.00,Family Medicine Physicians,partial
264231,General Practitioner,29-1216.00,General Internal Medicine Physicians,partial
264231,General Practitioner,29-1221.00,"Pediatricians, General",partial
264231,General Practitioner,29-1212.00,Cardiologists,partial
264231,General Practitioner,29-1213.00,Dermatologists,partial
264231,General Practitioner,29-1214.00,Emergency Medicine Physicians,partial
264231,General Practitioner,29-1217.00,Neurologists,partial
264231,General Practitioner,29-1222.00,"Physicians, Pathologists",partial
264231,General Practitioner,29-1224.00,Radiologists,partial
264231,General Practitioner,29-1229.00,"Physicians, All Other",partial
264231,General Practitioner,29-1229.01,Allergists and Immunologists,partial
264231,General Practitioner,29-1229.02,Hospitalists,partial
264231,General Practitioner,29-1229.03,Urologists,partial
264231,General Practitioner,29-1229.04,Physical Medicine and Rehabilitation Physicians,partial
264231,General Practitioner,29-1229.05,Preventive Medicine Physicians,partial
264231,General Practitioner,29-1229.06,Sports Medicine Physicians,partial
264231,General Practitioner,29-1241.00,"Ophthalmologists, Except Pediatric",partial
264331,General Medicine Physician,29-1211.00,Anesthesiologists,partial
264331,General Medicine Physician,29-1218.00,Obstetricians and Gynecologists,partial
264331,General Medicine Physician,29-1223.00,Psychiatrists,partial
264331,General Medicine Physician,29-1242.00,"Orthopedic Surgeons, Except Pediatric",partial
264331,General Medicine Physician,29-1243.00,Pediatric Surgeons,partial
264331,General Medicine Physician,29-1249.00,"Surgeons, All Other",partial
264331,General Medicine Physician,29-1212.00,Cardiologists,partial
264331,General Medicine Physician,29-1213.00,Dermatologists,partial
264331,General Medicine Physician,29-1214.00,Emergency Medicine Physicians,partial
264331,General Medicine Physician,29-1217.00,Neurologists,partial
264331,General Medicine Physician,29-1222.00,"Physicians, Pathologists",partial
264331,General Medicine Physician,29-1224.00,Radiologists,partial
264331,General Medicine Physician,29-1229.00,"Physicians, All Other",partial
264331,General Medicine Physician,29-1229.01,Allergists and Immunologists,partial
264331,General Medicine Physician,29-1229.02,Hospitalists,partial
264331,General Medicine Physician,29-1229.03,Urologists,partial
264331,General Medicine Physician,29-1229.04,Physical Medicine and Rehabilitation Physicians,partial
264331,General Medicine Physician,29-1229.05,Preventive Medicine Physicians,partial
264331,General Medicine Physician,29-1229.06,Sports Medicine Physicians,partial
264331,General Medicine Physician,29-1241.00,"Ophthalmologists, Except Pediatric",partial
264332,Cardiologist,29-1211.00,Anesthesiologists,partial
264332,Cardiologist,29-1218.00,Obstetricians and Gynecologists,partial
264332,Cardiologist,29-1223.00,Psychiatrists,partial
264332,Cardiologist,29-1242.00,"Orthopedic Surgeons, Except Pediatric",partial
264332,Cardiologist,29-1243.00,Pediatric Surgeons,partial
264332,Cardiologist,29-1249.00,"Surgeons, All Other",partial
264332,Cardiologist,29-1212.00,Cardiologists,partial
264332,Cardiologist,29-1213.00,Dermatologists,partial
264332,Cardiologist,29-1214.00,Emergency Medicine Physicians,partial
264332,Cardiologist,29-1217.00,Neurologists,partial
264332,Cardiologist,29-1222.00,"Physicians, Pathologists",partial
264332,Cardiologist,29-1224.00,Radiologists,partial
264332,Cardiologist,29-1229.00,"Physicians, All Other",partial
264332,Cardiologist,29-1229.01,Allergists and Immunologists,partial
264332,Cardiologist,29-1229.02,Hospitalists,partial
264332,Cardiologist,29-1229.03,Urologists,partial
264332,Cardiologist,29-1229.04,Physical Medicine and Rehabilitation Physicians,partial
264332,Cardiologist,29-1229.05,Preventive Medicine Physicians,partial
264332,Cardiologist,29-1229.06,Sports Medicine Physicians,partial
264332,Cardiologist,29-1241.00,"Ophthalmologists, Except Pediatric",partial
264333,Endocrinologist,29-1211.00,Anesthesiologists,partial
264333,Endocrinologist,29-1218.00,Obstetricians and Gynecologists,partial
264333,Endocrinologist,29-1223.00,Psychiatrists,partial
264333,Endocrinologist,29-1242.00,"Orthopedic Surgeons, Except Pediatric",partial
264333,Endocrinologist,29-1243.00,Pediatric Surgeons,partial
264333,Endocrinologist,29-1249.00,"Surgeons, All Other",partial
264333,Endocrinologist,29-1212.00,Cardiologists,partial
264333,Endocrinologist,29-1213.00,Dermatologists,partial
264333,Endocrinologist,29-1214.00,Emergency Medicine Physicians,partial
264333,Endocrinologist,29-1217.00,Neurologists,partial
264333,Endocrinologist,29-1222.00,"Physicians, Pathologists",partial
264333,Endocrinologist,29-1224.00,Radiologists,partial
264333,Endocrinologist,29-1229.00,"Physicians, All Other",partial
264333,Endocrinologist,29-1229.01,Allergists and Immunologists,partial
264333,Endocrinologist,29-1229.02,Hospitalists,partial
264333,Endocrinologist,29-1229.03,Urologists,partial
264333,Endocrinologist,29-1229.04,Physical Medicine and Rehabilitation Physicians,partial
264333,Endocrinologist,29-1229.05,Preventive Medicine Physicians,partial
264333,Endocrinologist,29-1229.06,Sports Medicine Physicians,partial
264333,Endocrinologist,29-1241.00,"Ophthalmologists, Except Pediatric",partial
264334,Gastroenterologist,29-1211.00,Anesthesiologists,partial
264334,Gastroenterologist,29-1218.00,Obstetricians and Gynecologists,partial
264334,Gastroenterologist,29-1223.00,Psychiatrists,partial
264334,Gastroenterologist,29-1242.00,"Orthopedic Surgeons, Except Pediatric",partial
264334,Gastroenterologist,29-1243.00,Pediatric Surgeons,partial
264334,Gastroenterologist,29-1249.00,"Surgeons, All Other",partial
264334,Gastroenterologist,29-1212.00,Cardiologists,partial
264334,Gastroenterologist,29-1213.00,Dermatologists,partial
264334,Gastroenterologist,29-1214.00,Emergency Medicine Physicians,partial
264334,Gastroenterologist,29-1217.00,Neurologists,partial
264334,Gastroenterologist,29-1222.00,"Physicians, Pathologists",partial
264334,Gastroenterologist,29-1224.00,Radiologists,partial
264334,Gastroenterologist,29-1229.00,"Physicians, All Other",partial
264334,Gastroenterologist,29-1229.01,Allergists and Immunologists,partial
264334,Gastroenterologist,29-1229.02,Hospitalists,partial
264334,Gastroenterologist,29-1229.03,Urologists,partial
264334,Gastroenterologist,29-1229.04,Physical Medicine and Rehabilitation Physicians,partial
264334,Gastroenterologist,29-1229.05,Preventive Medicine Physicians,partial
264334,Gastroenterologist,29-1229.06,Sports Medicine Physicians,partial
264334,Gastroenterologist,29-1241.00,"Ophthalmologists, Except Pediatric",partial
264335,Geriatrician,29-1211.00,Anesthesiologists,partial
264335,Geriatrician,29-1218.00,Obstetricians and Gynecologists,partial
264335,Geriatrician,29-1223.00,Psychiatrists,partial
264335,Geriatrician,29-1242.00,"Orthopedic Surgeons, Except Pediatric",partial
264335,Geriatrician,29-1243.00,Pediatric Surgeons,partial
264335,Geriatrician,29-1249.00,"Surgeons, All Other",partial
264335,Geriatrician,29-1212.00,Cardiologists,partial
264335,Geriatrician,29-1213.00,Dermatologists,partial
264335,Geriatrician,29-1214.00,Emergency Medicine Physicians,partial
264335,Geriatrician,29-1217.00,Neurologists,partial
264335,Geriatrician,29-1222.00,"Physicians, Pathologists",partial
264335,Geriatrician,29-1224.00,Radiologists,partial
264335,Geriatrician,29-1229.00,"Physicians, All Other",partial
264335,Geriatrician,29-1229.01,Allergists and Immunologists,partial
264335,Geriatrician,29-1229.02,Hospitalists,partial
264335,Geriatrician,29-1229.03,Urologists,partial
264335,Geriatrician,29-1229.04,Physical Medicine and Rehabilitation Physicians,partial
264335,Geriatrician,29-1229.05,Preventive Medicine Physicians,partial
264335,Geriatrician,29-1229.06,Sports Medicine Physicians,partial
264335,Geriatrician,29-1241.00,"Ophthalmologists, Except Pediatric",partial
264336,Haematologist,29-1211.00,Anesthesiologists,partial
264336,Haematologist,29-1218.00,Obstetricians and Gynecologists,partial
264336,Haematologist,29-1223.00,Psychiatrists,partial
264336,Haematologist,29-1242.00,"Orthopedic Surgeons, Except Pediatric",partial
264336,Haematologist,29-1243.00,Pediatric Surgeons,partial
264336,Haematologist,29-1249.00,"Surgeons, All Other",partial
264336,Haematologist,29-1212.00,Cardiologists,partial
264336,Haematologist,29-1213.00,Dermatologists,partial
264336,Haematologist,29-1214.00,Emergency Medicine Physicians,partial
264336,Haematologist,29-1217.00,Neurologists,partial
264336,Haematologist,29-1222.00,"Physicians, Pathologists",partial
264336,Haematologist,29-1224.00,Radiologists,partial
264336,Haematologist,29-1229.00,"Physicians, All Other",partial
264336,Haematologist,29-1229.01,Allergists and Immunologists,partial
264336,Haematologist,29-1229.02,Hospitalists,partial
264336,Haematologist,29-1229.03,Urologists,partial
264336,Haematologist,29-1229.04,Physical Medicine and Rehabilitation Physicians,partial
264336,Haematologist,29-1229.05,Preventive Medicine Physicians,partial
264336,Haematologist,29-1229.06,Sports Medicine Physicians,partial
264336,Haematologist,29-1241.00,"Ophthalmologists, Except Pediatric",partial
264337,Intensive Care Specialist,29-1211.00,Anesthesiologists,partial
264337,Intensive Care Specialist,29-1218.00,Obstetricians and Gynecologists,partial
264337,Intensive Care Specialist,29-1223.00,Psychiatrists,partial
264337,Intensive Care Specialist,29-1242.00,"Orthopedic Surgeons, Except Pediatric",partial
264337,Intensive Care Specialist,29-1243.00,Pediatric Surgeons,partial
264337,Intensive Care Specialist,29-1249.00,"Surgeons, All Other",partial
264337,Intensive Care Specialist,29-1212.00,Cardiologists,partial
264337,Intensive Care Specialist,29-1213.00,Dermatologists,partial
264337,Intensive Care Specialist,29-1214.00,Emergency Medicine Physicians,partial
264337,Intensive Care Specialist,29-1217.00,Neurologists,partial
264337,Intensive Care Specialist,29-1222.00,"Physicians, Pathologists",partial
264337,Intensive Care Specialist,29-1224.00,Radiologists,partial
264337,Intensive Care Specialist,29-1229.00,"Physicians, All Other",partial
264337,Intensive Care Specialist,29-1229.01,Allergists and Immunologists,partial
264337,Intensive Care Specialist,29-1229.02,Hospitalists,partial
264337,Intensive Care Specialist,29-1229.03,Urologists,partial
264337,Intensive Care Specialist,29-1229.04,Physical Medicine and Rehabilitation Physicians,partial
264337,Intensive Care Specialist,29-1229.05,Preventive Medicine Physicians,partial
264337,Intensive Care Specialist,29-1229.06,Sports Medicine Physicians,partial
264337,Intensive Care Specialist,29-1241.00,"Ophthalmologists, Except Pediatric",partial
264338,Medical Oncologist,29-1211.00,Anesthesiologists,partial
264338,Medical Oncologist,29-1218.00,Obstetricians and Gynecologists,partial
264338,Medical Oncologist,29-1223.00,Psychiatrists,partial
264338,Medical Oncologist,29-1242.00,"Orthopedic Surgeons, Except Pediatric",partial
264338,Medical Oncologist,29-1243.00,Pediatric Surgeons,partial
264338,Medical Oncologist,29-1249.00,"Surgeons, All Other",partial
264338,Medical Oncologist,29-1212.00,Cardiologists,partial
264338,Medical Oncologist,29-1213.00,Dermatologists,partial
264338,Medical Oncologist,29-1214.00,Emergency Medicine Physicians,partial
264338,Medical Oncologist,29-1217.00,Neurologists,partial
264338,Medical Oncologist,29-1222.00,"Physicians, Pathologists",partial
264338,Medical Oncologist,29-1224.00,Radiologists,partial
264338,Medical Oncologist,29-1229.00,"Physicians, All Other",partial
264338,Medical Oncologist,29-1229.01,Allergists and Immunologists,partial
264338,Medical Oncologist,29-1229.02,Hospitalists,partial
264338,Medical Oncologist,29-1229.03,Urologists,partial
264338,Medical Oncologist,29-1229.04,Physical Medicine and Rehabilitation Physicians,partial
264338,Medical Oncologist,29-1229.05,Preventive Medicine Physicians,partial
264338,Medical Oncologist,29-1229.06,Sports Medicine Physicians,partial
264338,Medical Oncologist,29-1241.00,"Ophthalmologists, Except Pediatric",partial
264341,Nephrologist,29-1211.00,Anesthesiologists,partial
264341,Nephrologist,29-1218.00,Obstetricians and Gynecologists,partial
264341,Nephrologist,29-1223.00,Psychiatrists,partial
264341,Nephrologist,29-1242.00,"Orthopedic Surgeons, Except Pediatric",partial
264341,Nephrologist,29-1243.00,Pediatric Surgeons,partial
264341,Nephrologist,29-1249.00,"Surgeons, All Other",partial
264341,Nephrologist,29-1212.00,Cardiologists,partial
264341,Nephrologist,29-1213.00,Dermatologists,partial
264341,Nephrologist,29-1214.00,Emergency Medicine Physicians,partial
264341,Nephrologist,29-1217.00,Neurologists,partial
264341,Nephrologist,29-1222.00,"Physicians, Pathologists",partial
264341,Nephrologist,29-1224.00,Radiologists,partial
264341,Nephrologist,29-1229.00,"Physicians, All Other",partial
264341,Nephrologist,29-1229.01,Allergists and Immunologists,partial
264341,Nephrologist,29-1229.02,Hospitalists,partial
264341,Nephrologist,29-1229.03,Urologists,partial
264341,Nephrologist,29-1229.04,Physical Medicine and Rehabilitation Physicians,partial
264341,Nephrologist,29-1229.05,Preventive Medicine Physicians,partial
264341,Nephrologist,29-1229.06,Sports Medicine Physicians,partial
264341,Nephrologist,29-1241.00,"Ophthalmologists, Except Pediatric",partial
264342,Neurologist,29-1211.00,Anesthesiologists,partial
264342,Neurologist,29-1218.00,Obstetricians and Gynecologists,partial
264342,Neurologist,29-1223.00,Psychiatrists,partial
264342,Neurologist,29-1242.00,"Orthopedic Surgeons, Except Pediatric",partial
264342,Neurologist,29-1243.00,Pediatric Surgeons,partial
264342,Neurologist,29-1249.00,"Surgeons, All Other",partial
264342,Neurologist,29-1212.00,Cardiologists,partial
264342,Neurologist,29-1213.00,Dermatologists,partial
264342,Neurologist,29-1214.00,Emergency Medicine Physicians,partial
264342,Neurologist,29-1217.00,Neurologists,partial
264342,Neurologist,29-1222.00,"Physicians, Pathologists",partial
264342,Neurologist,29-1224.00,Radiologists,partial
264342,Neurologist,29-1229.00,"Physicians, All Other",partial
264342,Neurologist,29-1229.01,Allergists and Immunologists,partial
264342,Neurologist,29-1229.02,Hospitalists,partial
264342,Neurologist,29-1229.03,Urologists,partial
264342,Neurologist,29-1229.04,Physical Medicine and Rehabilitation Physicians,partial
264342,Neurologist,29-1229.05,Preventive Medicine Physicians,partial
264342,Neurologist,29-1229.06,Sports Medicine Physicians,partial
264342,Neurologist,29-1241.00,"Ophthalmologists, Except Pediatric",partial
264343,Paediatrician,29-1211.00,Anesthesiologists,partial
264343,Paediatrician,29-1218.00,Obstetricians and Gynecologists,partial
264343,Paediatrician,29-1223.00,Psychiatrists,partial
264343,Paediatrician,29-1242.00,"Orthopedic Surgeons, Except Pediatric",partial
264343,Paediatrician,29-1243.00,Pediatric Surgeons,partial
264343,Paediatrician,29-1249.00,"Surgeons, All Other",partial
264343,Paediatrician,29-1212.00,Cardiologists,partial
264343,Paediatrician,29-1213.00,Dermatologists,partial
264343,Paediatrician,29-1214.00,Emergency Medicine Physicians,partial
264343,Paediatrician,29-1217.00,Neurologists,partial
264343,Paediatrician,29-1222.00,"Physicians, Pathologists",partial
264343,Paediatrician,29-1224.00,Radiologists,partial
264343,Paediatrician,29-1229.00,"Physicians, All Other",partial
264343,Paediatrician,29-1229.01,Allergists and Immunologists,partial
264343,Paediatrician,29-1229.02,Hospitalists,partial
264343,Paediatrician,29-1229.03,Urologists,partial
264343,Paediatrician,29-1229.04,Physical Medicine and Rehabilitation Physicians,partial
264343,Paediatrician,29-1229.05,Preventive Medicine Physicians,partial
264343,Paediatrician,29-1229.06,Sports Medicine Physicians,partial
264343,Paediatrician,29-1241.00,"Ophthalmologists, Except Pediatric",partial
264344,Public Health Physician,29-1211.00,Anesthesiologists,partial
264344,Public Health Physician,29-1218.00,Obstetricians and Gynecologists,partial
264344,Public Health Physician,29-1223.00,Psychiatrists,partial
264344,Public Health Physician,29-1242.00,"Orthopedic Surgeons, Except Pediatric",partial
264344,Public Health Physician,29-1243.00,Pediatric Surgeons,partial
264344,Public Health Physician,29-1249.00,"Surgeons, All Other",partial
264344,Public Health Physician,29-1212.00,Cardiologists,partial
264344,Public Health Physician,29-1213.00,Dermatologists,partial
264344,Public Health Physician,29-1214.00,Emergency Medicine Physicians,partial
264344,Public Health Physician,29-1217.00,Neurologists,partial
264344,Public Health Physician,29-1222.00,"Physicians, Pathologists",partial
264344,Public Health Physician,29-1224.00,Radiologists,partial
264344,Public Health Physician,29-1229.00,"Physicians, All Other",partial
264344,Public Health Physician,29-1229.01,Allergists and Immunologists,partial
264344,Public Health Physician,29-1229.02,Hospitalists,partial
264344,Public Health Physician,29-1229.03,Urologists,partial
264344,Public Health Physician,29-1229.04,Physical Medicine and Rehabilitation Physicians,partial
264344,Public Health Physician,29-1229.05,Preventive Medicine Physicians,partial
264344,Public Health Physician,29-1229.06,Sports Medicine Physicians,partial
264344,Public Health Physician,29-1241.00,"Ophthalmologists, Except Pediatric",partial
264345,Respiratory Physician,29-1211.00,Anesthesiologists,partial
264345,Respiratory Physician,29-1218.00,Obstetricians and Gynecologists,partial
264345,Respiratory Physician,29-1223.00,Psychiatrists,partial
264345,Respiratory Physician,29-1242.00,"Orthopedic Surgeons, Except Pediatric",partial
264345,Respiratory Physician,29-1243.00,Pediatric Surgeons,partial
264345,Respiratory Physician,29-1249.00,"Surgeons, All Other",partial
264345,Respiratory Physician,29-1212.00,Cardiologists,partial
264345,Respiratory Physician,29-1213.00,Dermatologists,partial
264345,Respiratory Physician,29-1214.00,Emergency Medicine Physicians,partial
264345,Respiratory Physician,29-1217.00,Neurologists,partial
264345,Respiratory Physician,29-1222.00,"Physicians, Pathologists",partial
264345,Respiratory Physician,29-1224.00,Radiologists,partial
264345,Respiratory Physician,29-1229.00,"Physicians, All Other",partial
264345,Respiratory Physician,29-1229.01,Allergists and Immunologists,partial
264345,Respiratory Physician,29-1229.02,Hospitalists,partial
264345,Respiratory Physician,29-1229.03,Urologists,partial
264345,Respiratory Physician,29-1229.04,Physical Medicine and Rehabilitation Physicians,partial
264345,Respiratory Physician,29-1229.05,Preventive Medicine Physicians,partial
264345,Respiratory Physician,29-1229.06,Sports Medicine Physicians,partial
264345,Respiratory Physician,29-1241.00,"Ophthalmologists, Except Pediatric",partial
264346,Rheumatologist,29-1211.00,Anesthesiologists,partial
264346,Rheumatologist,29-1218.00,Obstetricians and Gynecologists,partial
264346,Rheumatologist,29-1223.00,Psychiatrists,partial
264346,Rheumatologist,29-1242.00,"Orthopedic Surgeons, Except Pediatric",partial
264346,Rheumatologist,29-1243.00,Pediatric Surgeons,partial
264346,Rheumatologist,29-1249.00,"Surgeons, All Other",partial
264346,Rheumatologist,29-1212.00,Cardiologists,partial
264346,Rheumatologist,29-1213.00,Dermatologists,partial
264346,Rheumatologist,29-1214.00,Emergency Medicine Physicians,partial
264346,Rheumatologist,29-1217.00,Neurologists,partial
264346,Rheumatologist,29-1222.00,"Physicians, Pathologists",partial
264346,Rheumatologist,29-1224.00,Radiologists,partial
264346,Rheumatologist,29-1229.00,"Physicians, All Other",partial
264346,Rheumatologist,29-1229.01,Allergists and Immunologists,partial
264346,Rheumatologist,29-1229.02,Hospitalists,partial
264346,Rheumatologist,29-1229.03,Urologists,partial
264346,Rheumatologist,29-1229.04,Physical Medicine and Rehabilitation Physicians,partial
264346,Rheumatologist,29-1229.05,Preventive Medicine Physicians,partial
264346,Rheumatologist,29-1229.06,Sports Medicine Physicians,partial
264346,Rheumatologist,29-1241.00,"Ophthalmologists, Except Pediatric",partial
264399,Physicians nec,29-1211.00,Anesthesiologists,partial
264399,Physicians nec,29-1218.00,Obstetricians and Gynecologists,partial
264399,Physicians nec,29-1223.00,Psychiatrists,partial
264399,Physicians nec,29-1242.00,"Orthopedic Surgeons, Except Pediatric",partial
264399,Physicians nec,29-1243.00,Pediatric Surgeons,partial
264399,Physicians nec,29-1249.00,"Surgeons, All Other",partial
264399,Physicians nec,29-1212.00,Cardiologists,partial
264399,Physicians nec,29-1213.00,Dermatologists,partial
264399,Physicians nec,29-1214.00,Emergency Medicine Physicians,partial
264399,Physicians nec,29-1217.00,Neurologists,partial
264399,Physicians nec,29-1222.00,"Physicians, Pathologists",partial
264399,Physicians nec,29-1224.00,Radiologists,partial
264399,Physicians nec,29-1229.00,"Physicians, All Other",partial
264399,Physicians nec,29-1229.01,Allergists and Immunologists,partial
264399,Physicians nec,29-1229.02,Hospitalists,partial
264399,Physicians nec,29-1229.03,Urologists,partial
264399,Physicians nec,29-1229.04,Physical Medicine and Rehabilitation Physicians,partial
264399,Physicians nec,29-1229.05,Preventive Medicine Physicians,partial
264399,Physicians nec,29-1229.06,Sports Medicine Physicians,partial
264399,Physicians nec,29-1241.00,"Ophthalmologists, Except Pediatric",partial
264431,Psychiatrist,29-1211.00,Anesthesiologists,partial
264431,Psychiatrist,29-1218.00,Obstetricians and Gynecologists,partial
264431,Psychiatrist,29-1223.00,Psychiatrists,partial
264431,Psychiatrist,29-1242.00,"Orthopedic Surgeons, Except Pediatric",partial
264431,Psychiatrist,29-1243.00,Pediatric Surgeons,partial
264431,Psychiatrist,29-1249.00,"Surgeons, All Other",partial
264431,Psychiatrist,29-1212.00,Cardiologists,partial
264431,Psychiatrist,29-1213.00,Dermatologists,partial
264431,Psychiatrist,29-1214.00,Emergency Medicine Physicians,partial
264431,Psychiatrist,29-1217.00,Neurologists,partial
264431,Psychiatrist,29-1222.00,"Physicians, Pathologists",partial
264431,Psychiatrist,29-1224.00,Radiologists,partial
264431,Psychiatrist,29-1229.00,"Physicians, All Other",partial
264431,Psychiatrist,29-1229.01,Allergists and Immunologists,partial
264431,Psychiatrist,29-1229.02,Hospitalists,partial
264431,Psychiatrist,29-1229.03,Urologists,partial
264431,Psychiatrist,29-1229.04,Physical Medicine and Rehabilitation Physicians,partial
264431,Psychiatrist,29-1229.05,Preventive Medicine Physicians,partial
264431,Psychiatrist,29-1229.06,Sports Medicine Physicians,partial
264431,Psychiatrist,29-1241.00,"Ophthalmologists, Except Pediatric",partial
264531,Resident Medical Officer,29-1215.00,Family Medicine Physicians,partial
264531,Resident Medical Officer,29-1216.00,General Internal Medicine Physicians,partial
264531,Resident Medical Officer,29-1221.00,"Pediatricians, General",partial
264531,Resident Medical Officer,29-1212.00,Cardiologists,partial
264531,Resident Medical Officer,29-1213.00,Dermatologists,partial
264531,Resident Medical Officer,29-1214.00,Emergency Medicine Physicians,partial
264531,Resident Medical Officer,29-1217.00,Neurologists,partial
264531,Resident Medical Officer,29-1222.00,"Physicians, Pathologists",partial
264531,Resident Medical Officer,29-1224.00,Radiologists,partial
264531,Resident Medical Officer,29-1229.00,"Physicians, All Other",partial
264531,Resident Medical Officer,29-1229.01,Allergists and Immunologists,partial
264531,Resident Medical Officer,29-1229.02,Hospitalists,partial
264531,Resident Medical Officer,29-1229.03,Urologists,partial
264531,Resident Medical Officer,29-1229.04,Physical Medicine and Rehabilitation Physicians,partial
264531,Resident Medical Officer,29-1229.05,Preventive Medicine Physicians,partial
264531,Resident Medical Officer,29-1229.06,Sports Medicine Physicians,partial
264531,Resident Medical Officer,29-1241.00,"Ophthalmologists, Except Pediatric",partial
264631,General Surgeon,29-1211.00,Anesthesiologists,partial
264631,General Surgeon,29-1218.00,Obstetricians and Gynecologists,partial
264631,General Surgeon,29-1223.00,Psychiatrists,partial
264631,General Surgeon,29-1242.00,"Orthopedic Surgeons, Except Pediatric",partial
264631,General Surgeon,29-1243.00,Pediatric Surgeons,partial
264631,General Surgeon,29-1249.00,"Surgeons, All Other",partial
264631,General Surgeon,29-1212.00,Cardiologists,partial
264631,General Surgeon,29-1213.00,Dermatologists,partial
264631,General Surgeon,29-1214.00,Emergency Medicine Physicians,partial
264631,General Surgeon,29-1217.00,Neurologists,partial
264631,General Surgeon,29-1222.00,"Physicians, Pathologists",partial
264631,General Surgeon,29-1224.00,Radiologists,partial
264631,General Surgeon,29-1229.00,"Physicians, All Other",partial
264631,General Surgeon,29-1229.01,Allergists and Immunologists,partial
264631,General Surgeon,29-1229.02,Hospitalists,partial
264631,General Surgeon,29-1229.03,Urologists,partial
264631,General Surgeon,29-1229.04,Physical Medicine and Rehabilitation Physicians,partial
264631,General Surgeon,29-1229.05,Preventive Medicine Physicians,partial
264631,General Surgeon,29-1229.06,Sports Medicine Physicians,partial
264631,General Surgeon,29-1241.00,"Ophthalmologists, Except Pediatric",partial
264632,Cardiothoracic Surgeon,29-1211.00,Anesthesiologists,partial
264632,Cardiothoracic Surgeon,29-1218.00,Obstetricians and Gynecologists,partial
264632,Cardiothoracic Surgeon,29-1223.00,Psychiatrists,partial
264632,Cardiothoracic Surgeon,29-1242.00,"Orthopedic Surgeons, Except Pediatric",partial
264632,Cardiothoracic Surgeon,29-1243.00,Pediatric Surgeons,partial
264632,Cardiothoracic Surgeon,29-1249.00,"Surgeons, All Other",partial
264632,Cardiothoracic Surgeon,29-1212.00,Cardiologists,partial
264632,Cardiothoracic Surgeon,29-1213.00,Dermatologists,partial
264632,Cardiothoracic Surgeon,29-1214.00,Emergency Medicine Physicians,partial
264632,Cardiothoracic Surgeon,29-1217.00,Neurologists,partial
264632,Cardiothoracic Surgeon,29-1222.00,"Physicians, Pathologists",partial
264632,Cardiothoracic Surgeon,29-1224.00,Radiologists,partial
264632,Cardiothoracic Surgeon,29-1229.00,"Physicians, All Other",partial
264632,Cardiothoracic Surgeon,29-1229.01,Allergists and Immunologists,partial
264632,Cardiothoracic Surgeon,29-1229.02,Hospitalists,partial
264632,Cardiothoracic Surgeon,29-1229.03,Urologists,partial
264632,Cardiothoracic Surgeon,29-1229.04,Physical Medicine and Rehabilitation Physicians,partial
264632,Cardiothoracic Surgeon,29-1229.05,Preventive Medicine Physicians,partial
264632,Cardiothoracic Surgeon,29-1229.06,Sports Medicine Physicians,partial
264632,Cardiothoracic Surgeon,29-1241.00,"Ophthalmologists, Except Pediatric",partial
264633,Neurosurgeon,29-1211.00,Anesthesiologists,partial
264633,Neurosurgeon,29-1218.00,Obstetricians and Gynecologists,partial
264633,Neurosurgeon,29-1223.00,Psychiatrists,partial
264633,Neurosurgeon,29-1242.00,"Orthopedic Surgeons, Except Pediatric",partial
264633,Neurosurgeon,29-1243.00,Pediatric Surgeons,partial
264633,Neurosurgeon,29-1249.00,"Surgeons, All Other",partial
264633,Neurosurgeon,29-1212.00,Cardiologists,partial
264633,Neurosurgeon,29-1213.00,Dermatologists,partial
264633,Neurosurgeon,29-1214.00,Emergency Medicine Physicians,partial
264633,Neurosurgeon,29-1217.00,Neurologists,partial
264633,Neurosurgeon,29-1222.00,"Physicians, Pathologists",partial
264633,Neurosurgeon,29-1224.00,Radiologists,partial
264633,Neurosurgeon,29-1229.00,"Physicians, All Other",partial
264633,Neurosurgeon,29-1229.01,Allergists and Immunologists,partial
264633,Neurosurgeon,29-1229.02,Hospitalists,partial
264633,Neurosurgeon,29-1229.03,Urologists,partial
264633,Neurosurgeon,29-1229.04,Physical Medicine and Rehabilitation Physicians,partial
264633,Neurosurgeon,29-1229.05,Preventive Medicine Physicians,partial
264633,Neurosurgeon,29-1229.06,Sports Medicine Physicians,partial
264633,Neurosurgeon,29-1241.00,"Ophthalmologists, Except Pediatric",partial
264634,Orthopaedic Surgeon,29-1211.00,Anesthesiologists,partial
264634,Orthopaedic Surgeon,29-1218.00,Obstetricians and Gynecologists,partial
264634,Orthopaedic Surgeon,29-1223.00,Psychiatrists,partial
264634,Orthopaedic Surgeon,29-1242.00,"Orthopedic Surgeons, Except Pediatric",partial
264634,Orthopaedic Surgeon,29-1243.00,Pediatric Surgeons,partial
264634,Orthopaedic Surgeon,29-1249.00,"Surgeons, All Other",partial
264634,Orthopaedic Surgeon,29-1212.00,Cardiologists,partial
264634,Orthopaedic Surgeon,29-1213.00,Dermatologists,partial
264634,Orthopaedic Surgeon,29-1214.00,Emergency Medicine Physicians,partial
264634,Orthopaedic Surgeon,29-1217.00,Neurologists,partial
264634,Orthopaedic Surgeon,29-1222.00,"Physicians, Pathologists",partial
264634,Orthopaedic Surgeon,29-1224.00,Radiologists,partial
264634,Orthopaedic Surgeon,29-1229.00,"Physicians, All Other",partial
264634,Orthopaedic Surgeon,29-1229.01,Allergists and Immunologists,partial
264634,Orthopaedic Surgeon,29-1229.02,Hospitalists,partial
264634,Orthopaedic Surgeon,29-1229.03,Urologists,partial
264634,Orthopaedic Surgeon,29-1229.04,Physical Medicine and Rehabilitation Physicians,partial
264634,Orthopaedic Surgeon,29-1229.05,Preventive Medicine Physicians,partial
264634,Orthopaedic Surgeon,29-1229.06,Sports Medicine Physicians,partial
264634,Orthopaedic Surgeon,29-1241.00,"Ophthalmologists, Except Pediatric",partial
264635,Otolaryngologist,29-1211.00,Anesthesiologists,partial
264635,Otolaryngologist,29-1218.00,Obstetricians and Gynecologists,partial
264635,Otolaryngologist,29-1223.00,Psychiatrists,partial
264635,Otolaryngologist,29-1242.00,"Orthopedic Surgeons, Except Pediatric",partial
264635,Otolaryngologist,29-1243.00,Pediatric Surgeons,partial
264635,Otolaryngologist,29-1249.00,"Surgeons, All Other",partial
264635,Otolaryngologist,29-1212.00,Cardiologists,partial
264635,Otolaryngologist,29-1213.00,Dermatologists,partial
264635,Otolaryngologist,29-1214.00,Emergency Medicine Physicians,partial
264635,Otolaryngologist,29-1217.00,Neurologists,partial
264635,Otolaryngologist,29-1222.00,"Physicians, Pathologists",partial
264635,Otolaryngologist,29-1224.00,Radiologists,partial
264635,Otolaryngologist,29-1229.00,"Physicians, All Other",partial
264635,Otolaryngologist,29-1229.01,Allergists and Immunologists,partial
264635,Otolaryngologist,29-1229.02,Hospitalists,partial
264635,Otolaryngologist,29-1229.03,Urologists,partial
264635,Otolaryngologist,29-1229.04,Physical Medicine and Rehabilitation Physicians,partial
264635,Otolaryngologist,29-1229.05,Preventive Medicine Physicians,partial
264635,Otolaryngologist,29-1229.06,Sports Medicine Physicians,partial
264635,Otolaryngologist,29-1241.00,"Ophthalmologists, Except Pediatric",partial
264636,Paediatric Surgeon,29-1211.00,Anesthesiologists,partial
264636,Paediatric Surgeon,29-1218.00,Obstetricians and Gynecologists,partial
264636,Paediatric Surgeon,29-1223.00,Psychiatrists,partial
264636,Paediatric Surgeon,29-1242.00,"Orthopedic Surgeons, Except Pediatric",partial
264636,Paediatric Surgeon,29-1243.00,Pediatric Surgeons,partial
264636,Paediatric Surgeon,29-1249.00,"Surgeons, All Other",partial
264636,Paediatric Surgeon,29-1212.00,Cardiologists,partial
264636,Paediatric Surgeon,29-1213.00,Dermatologists,partial
264636,Paediatric Surgeon,29-1214.00,Emergency Medicine Physicians,partial
264636,Paediatric Surgeon,29-1217.00,Neurologists,partial
264636,Paediatric Surgeon,29-1222.00,"Physicians, Pathologists",partial
264636,Paediatric Surgeon,29-1224.00,Radiologists,partial
264636,Paediatric Surgeon,29-1229.00,"Physicians, All Other",partial
264636,Paediatric Surgeon,29-1229.01,Allergists and Immunologists,partial
264636,Paediatric Surgeon,29-1229.02,Hospitalists,partial
264636,Paediatric Surgeon,29-1229.03,Urologists,partial
264636,Paediatric Surgeon,29-1229.04,Physical Medicine and Rehabilitation Physicians,partial
264636,Paediatric Surgeon,29-1229.05,Preventive Medicine Physicians,partial
264636,Paediatric Surgeon,29-1229.06,Sports Medicine Physicians,partial
264636,Paediatric Surgeon,29-1241.00,"Ophthalmologists, Except Pediatric",partial
264637,Plastic and Reconstructive Surgeon,29-1211.00,Anesthesiologists,partial
264637,Plastic and Reconstructive Surgeon,29-1218.00,Obstetricians and Gynecologists,partial
264637,Plastic and Reconstructive Surgeon,29-1223.00,Psychiatrists,partial
264637,Plastic and Reconstructive Surgeon,29-1242.00,"Orthopedic Surgeons, Except Pediatric",partial
264637,Plastic and Reconstructive Surgeon,29-1243.00,Pediatric Surgeons,partial
264637,Plastic and Reconstructive Surgeon,29-1249.00,"Surgeons, All Other",partial
264637,Plastic and Reconstructive Surgeon,29-1212.00,Cardiologists,partial
264637,Plastic and Reconstructive Surgeon,29-1213.00,Dermatologists,partial
264637,Plastic and Reconstructive Surgeon,29-1214.00,Emergency Medicine Physicians,partial
264637,Plastic and Reconstructive Surgeon,29-1217.00,Neurologists,partial
264637,Plastic and Reconstructive Surgeon,29-1222.00,"Physicians, Pathologists",partial
264637,Plastic and Reconstructive Surgeon,29-1224.00,Radiologists,partial
264637,Plastic and Reconstructive Surgeon,29-1229.00,"Physicians, All Other",partial
264637,Plastic and Reconstructive Surgeon,29-1229.01,Allergists and Immunologists,partial
264637,Plastic and Reconstructive Surgeon,29-1229.02,Hospitalists,partial
264637,Plastic and Reconstructive Surgeon,29-1229.03,Urologists,partial
264637,Plastic and Reconstructive Surgeon,29-1229.04,Physical Medicine and Rehabilitation Physicians,partial
264637,Plastic and Reconstructive Surgeon,29-1229.05,Preventive Medicine Physicians,partial
264637,Plastic and Reconstructive Surgeon,29-1229.06,Sports Medicine Physicians,partial
264637,Plastic and Reconstructive Surgeon,29-1241.00,"Ophthalmologists, Except Pediatric",partial
264638,Urologist,29-1211.00,Anesthesiologists,partial
264638,Urologist,29-1218.00,Obstetricians and Gynecologists,partial
264638,Urologist,29-1223.00,Psychiatrists,partial
264638,Urologist,29-1242.00,"Orthopedic Surgeons, Except Pediatric",partial
264638,Urologist,29-1243.00,Pediatric Surgeons,partial
264638,Urologist,29-1249.00,"Surgeons, All Other",partial
264638,Urologist,29-1212.00,Cardiologists,partial
264638,Urologist,29-1213.00,Dermatologists,partial
264638,Urologist,29-1214.00,Emergency Medicine Physicians,partial
264638,Urologist,29-1217.00,Neurologists,partial
264638,Urologist,29-1222.00,"Physicians, Pathologists",partial
264638,Urologist,29-1224.00,Radiologists,partial
264638,Urologist,29-1229.00,"Physicians, All Other",partial
264638,Urologist,29-1229.01,Allergists and Immunologists,partial
264638,Urologist,29-1229.02,Hospitalists,partial
264638,Urologist,29-1229.03,Urologists,partial
264638,Urologist,29-1229.04,Physical Medicine and Rehabilitation Physicians,partial
264638,Urologist,29-1229.05,Preventive Medicine Physicians,partial
264638,Urologist,29-1229.06,Sports Medicine Physicians,partial
264638,Urologist,29-1241.00,"Ophthalmologists, Except Pediatric",partial
264641,Vascular Surgeon,29-1211.00,Anesthesiologists,partial
264641,Vascular Surgeon,29-1218.00,Obstetricians and Gynecologists,partial
264641,Vascular Surgeon,29-1223.00,Psychiatrists,partial
264641,Vascular Surgeon,29-1242.00,"Orthopedic Surgeons, Except Pediatric",partial
264641,Vascular Surgeon,29-1243.00,Pediatric Surgeons,partial
264641,Vascular Surgeon,29-1249.00,"Surgeons, All Other",partial
264641,Vascular Surgeon,29-1212.00,Cardiologists,partial
264641,Vascular Surgeon,29-1213.00,Dermatologists,partial
264641,Vascular Surgeon,29-1214.00,Emergency Medicine Physicians,partial
264641,Vascular Surgeon,29-1217.00,Neurologists,partial
264641,Vascular Surgeon,29-1222.00,"Physicians, Pathologists",partial
264641,Vascular Surgeon,29-1224.00,Radiologists,partial
264641,Vascular Surgeon,29-1229.00,"Physicians, All Other",partial
264641,Vascular Surgeon,29-1229.01,Allergists and Immunologists,partial
264641,Vascular Surgeon,29-1229.02,Hospitalists,partial
264641,Vascular Surgeon,29-1229.03,Urologists,partial
264641,Vascular Surgeon,29-1229.04,Physical Medicine and Rehabilitation Physicians,partial
264641,Vascular Surgeon,29-1229.05,Preventive Medicine Physicians,partial
264641,Vascular Surgeon,29-1229.06,Sports Medicine Physicians,partial
264641,Vascular Surgeon,29-1241.00,"Ophthalmologists, Except Pediatric",partial
264931,Dermatologist,29-1211.00,Anesthesiologists,partial
264931,Dermatologist,29-1218.00,Obstetricians and Gynecologists,partial
264931,Dermatologist,29-1223.00,Psychiatrists,partial
264931,Dermatologist,29-1242.00,"Orthopedic Surgeons, Except Pediatric",partial
264931,Dermatologist,29-1243.00,Pediatric Surgeons,partial
264931,Dermatologist,29-1249.00,"Surgeons, All Other",partial
264931,Dermatologist,29-1212.00,Cardiologists,partial
264931,Dermatologist,29-1213.00,Dermatologists,partial
264931,Dermatologist,29-1214.00,Emergency Medicine Physicians,partial
264931,Dermatologist,29-1217.00,Neurologists,partial
264931,Dermatologist,29-1222.00,"Physicians, Pathologists",partial
264931,Dermatologist,29-1224.00,Radiologists,partial
264931,Dermatologist,29-1229.00,"Physicians, All Other",partial
264931,Dermatologist,29-1229.01,Allergists and Immunologists,partial
264931,Dermatologist,29-1229.02,Hospitalists,partial
264931,Dermatologist,29-1229.03,Urologists,partial
264931,Dermatologist,29-1229.04,Physical Medicine and Rehabilitation Physicians,partial
264931,Dermatologist,29-1229.05,Preventive Medicine Physicians,partial
264931,Dermatologist,29-1229.06,Sports Medicine Physicians,partial
264931,Dermatologist,29-1241.00,"Ophthalmologists, Except Pediatric",partial
264932,Emergency Medicine Specialist,29-1211.00,Anesthesiologists,partial
264932,Emergency Medicine Specialist,29-1218.00,Obstetricians and Gynecologists,partial
264932,Emergency Medicine Specialist,29-1223.00,Psychiatrists,partial
264932,Emergency Medicine Specialist,29-1242.00,"Orthopedic Surgeons, Except Pediatric",partial
264932,Emergency Medicine Specialist,29-1243.00,Pediatric Surgeons,partial
264932,Emergency Medicine Specialist,29-1249.00,"Surgeons, All Other",partial
264932,Emergency Medicine Specialist,29-1212.00,Cardiologists,partial
264932,Emergency Medicine Specialist,29-1213.00,Dermatologists,partial
264932,Emergency Medicine Specialist,29-1214.00,Emergency Medicine Physicians,partial
264932,Emergency Medicine Specialist,29-1217.00,Neurologists,partial
264932,Emergency Medicine Specialist,29-1222.00,"Physicians, Pathologists",partial
264932,Emergency Medicine Specialist,29-1224.00,Radiologists,partial
264932,Emergency Medicine Specialist,29-1229.00,"Physicians, All Other",partial
264932,Emergency Medicine Specialist,29-1229.01,Allergists and Immunologists,partial
264932,Emergency Medicine Specialist,29-1229.02,Hospitalists,partial
264932,Emergency Medicine Specialist,29-1229.03,Urologists,partial
264932,Emergency Medicine Specialist,29-1229.04,Physical Medicine and Rehabilitation Physicians,partial
264932,Emergency Medicine Specialist,29-1229.05,Preventive Medicine Physicians,partial
264932,Emergency Medicine Specialist,29-1229.06,Sports Medicine Physicians,partial
264932,Emergency Medicine Specialist,29-1241.00,"Ophthalmologists, Except Pediatric",partial
264933,Obstetrician and Gynaecologist,29-1211.00,Anesthesiologists,partial
264933,Obstetrician and Gynaecologist,29-1218.00,Obstetricians and Gynecologists,partial
264933,Obstetrician and Gynaecologist,29-1223.00,Psychiatrists,partial
264933,Obstetrician and Gynaecologist,29-1242.00,"Orthopedic Surgeons, Except Pediatric",partial
264933,Obstetrician and Gynaecologist,29-1243.00,Pediatric Surgeons,partial
264933,Obstetrician and Gynaecologist,29-1249.00,"Surgeons, All Other",partial
264933,Obstetrician and Gynaecologist,29-1212.00,Cardiologists,partial
264933,Obstetrician and Gynaecologist,29-1213.00,Dermatologists,partial
264933,Obstetrician and Gynaecologist,29-1214.00,Emergency Medicine Physicians,partial
264933,Obstetrician and Gynaecologist,29-1217.00,Neurologists,partial
264933,Obstetrician and Gynaecologist,29-1222.00,"Physicians, Pathologists",partial
264933,Obstetrician and Gynaecologist,29-1224.00,Radiologists,partial
264933,Obstetrician and Gynaecologist,29-1229.00,"Physicians, All Other",partial
264933,Obstetrician and Gynaecologist,29-1229.01,Allergists and Immunologists,partial
264933,Obstetrician and Gynaecologist,29-1229.02,Hospitalists,partial
264933,Obstetrician and Gynaecologist,29-1229.03,Urologists,partial
264933,Obstetrician and Gynaecologist,29-1229.04,Physical Medicine and Rehabilitation Physicians,partial
264933,Obstetrician and Gynaecologist,29-1229.05,Preventive Medicine Physicians,partial
264933,Obstetrician and Gynaecologist,29-1229.06,Sports Medicine Physicians,partial
264933,Obstetrician and Gynaecologist,29-1241.00,"Ophthalmologists, Except Pediatric",partial
264934,Ophthalmologist,29-1211.00,Anesthesiologists,partial
264934,Ophthalmologist,29-1218.00,Obstetricians and Gynecologists,partial
264934,Ophthalmologist,29-1223.00,Psychiatrists,partial
264934,Ophthalmologist,29-1242.00,"Orthopedic Surgeons, Except Pediatric",partial
264934,Ophthalmologist,29-1243.00,Pediatric Surgeons,partial
264934,Ophthalmologist,29-1249.00,"Surgeons, All Other",partial
264934,Ophthalmologist,29-1212.00,Cardiologists,partial
264934,Ophthalmologist,29-1213.00,Dermatologists,partial
264934,Ophthalmologist,29-1214.00,Emergency Medicine Physicians,partial
264934,Ophthalmologist,29-1217.00,Neurologists,partial
264934,Ophthalmologist,29-1222.00,"Physicians, Pathologists",partial
264934,Ophthalmologist,29-1224.00,Radiologists,partial
264934,Ophthalmologist,29-1229.00,"Physicians, All Other",partial
264934,Ophthalmologist,29-1229.01,Allergists and Immunologists,partial
264934,Ophthalmologist,29-1229.02,Hospitalists,partial
264934,Ophthalmologist,29-1229.03,Urologists,partial
264934,Ophthalmologist,29-1229.04,Physical Medicine and Rehabilitation Physicians,partial
264934,Ophthalmologist,29-1229.05,Preventive Medicine Physicians,partial
264934,Ophthalmologist,29-1229.06,Sports Medicine Physicians,partial
264934,Ophthalmologist,29-1241.00,"Ophthalmologists, Except Pediatric",partial
264935,Pathologist,29-1211.00,Anesthesiologists,partial
264935,Pathologist,29-1218.00,Obstetricians and Gynecologists,partial
264935,Pathologist,29-1223.00,Psychiatrists,partial
264935,Pathologist,29-1242.00,"Orthopedic Surgeons, Except Pediatric",partial
264935,Pathologist,29-1243.00,Pediatric Surgeons,partial
264935,Pathologist,29-1249.00,"Surgeons, All Other",partial
264935,Pathologist,29-1212.00,Cardiologists,partial
264935,Pathologist,29-1213.00,Dermatologists,partial
264935,Pathologist,29-1214.00,Emergency Medicine Physicians,partial
264935,Pathologist,29-1217.00,Neurologists,partial
264935,Pathologist,29-1222.00,"Physicians, Pathologists",partial
264935,Pathologist,29-1224.00,Radiologists,partial
264935,Pathologist,29-1229.00,"Physicians, All Other",partial
264935,Pathologist,29-1229.01,Allergists and Immunologists,partial
264935,Pathologist,29-1229.02,Hospitalists,partial
264935,Pathologist,29-1229.03,Urologists,partial
264935,Pathologist,29-1229.04,Physical Medicine and Rehabilitation Physicians,partial
264935,Pathologist,29-1229.05,Preventive Medicine Physicians,partial
264935,Pathologist,29-1229.06,Sports Medicine Physicians,partial
264935,Pathologist,29-1241.00,"Ophthalmologists, Except Pediatric",partial
264936,Radiation Oncologist,29-1211.00,Anesthesiologists,partial
264936,Radiation Oncologist,29-1218.00,Obstetricians and Gynecologists,partial
264936,Radiation Oncologist,29-1223.00,Psychiatrists,partial
264936,Radiation Oncologist,29-1242.00,"Orthopedic Surgeons, Except Pediatric",partial
264936,Radiation Oncologist,29-1243.00,Pediatric Surgeons,partial
264936,Radiation Oncologist,29-1249.00,"Surgeons, All Other",partial
264936,Radiation Oncologist,29-1212.00,Cardiologists,partial
264936,Radiation Oncologist,29-1213.00,Dermatologists,partial
264936,Radiation Oncologist,29-1214.00,Emergency Medicine Physicians,partial
264936,Radiation Oncologist,29-1217.00,Neurologists,partial
264936,Radiation Oncologist,29-1222.00,"Physicians, Pathologists",partial
264936,Radiation Oncologist,29-1224.00,Radiologists,partial
264936,Radiation Oncologist,29-1229.00,"Physicians, All Other",partial
264936,Radiation Oncologist,29-1229.01,Allergists and Immunologists,partial
264936,Radiation Oncologist,29-1229.02,Hospitalists,partial
264936,Radiation Oncologist,29-1229.03,Urologists,partial
264936,Radiation Oncologist,29-1229.04,Physical Medicine and Rehabilitation Physicians,partial
264936,Radiation Oncologist,29-1229.05,Preventive Medicine Physicians,partial
264936,Radiation Oncologist,29-1229.06,Sports Medicine Physicians,partial
264936,Radiation Oncologist,29-1241.00,"Ophthalmologists, Except Pediatric",partial
264937,Radiologist,29-1211.00,Anesthesiologists,partial
264937,Radiologist,29-1218.00,Obstetricians and Gynecologists,partial
264937,Radiologist,29-1223.00,Psychiatrists,partial
264937,Radiologist,29-1242.00,"Orthopedic Surgeons, Except Pediatric",partial
264937,Radiologist,29-1243.00,Pediatric Surgeons,partial
264937,Radiologist,29-1249.00,"Surgeons, All Other",partial
264937,Radiologist,29-1212.00,Cardiologists,partial
264937,Radiologist,29-1213.00,Dermatologists,partial
264937,Radiologist,29-1214.00,Emergency Medicine Physicians,partial
264937,Radiologist,29-1217.00,Neurologists,partial
264937,Radiologist,29-1222.00,"Physicians, Pathologists",partial
264937,Radiologist,29-1224.00,Radiologists,partial
264937,Radiologist,29-1229.00,"Physicians, All Other",partial
264937,Radiologist,29-1229.01,Allergists and Immunologists,partial
264937,Radiologist,29-1229.02,Hospitalists,partial
264937,Radiologist,29-1229.03,Urologists,partial
264937,Radiologist,29-1229.04,Physical Medicine and Rehabilitation Physicians,partial
264937,Radiologist,29-1229.05,Preventive Medicine Physicians,partial
264937,Radiologist,29-1229.06,Sports Medicine Physicians,partial
264937,Radiologist,29-1241.00,"Ophthalmologists, Except Pediatric",partial
264999,Medical Practitioners nec,29-1211.00,Anesthesiologists,partial
264999,Medical Practitioners nec,29-1218.00,Obstetricians and Gynecologists,partial
264999,Medical Practitioners nec,29-1223.00,Psychiatrists,partial
264999,Medical Practitioners nec,29-1242.00,"Orthopedic Surgeons, Except Pediatric",partial
264999,Medical Practitioners nec,29-1243.00,Pediatric Surgeons,partial
264999,Medical Practitioners nec,29-1249.00,"Surgeons, All Other",partial
264999,Medical Practitioners nec,29-1212.00,Cardiologists,partial
264999,Medical Practitioners nec,29-1213.00,Dermatologists,partial
264999,Medical Practitioners nec,29-1214.00,Emergency Medicine Physicians,partial
264999,Medical Practitioners nec,29-1217.00,Neurologists,partial
264999,Medical Practitioners nec,29-1222.00,"Physicians, Pathologists",partial
264999,Medical Practitioners nec,29-1224.00,Radiologists,partial
264999,Medical Practitioners nec,29-1229.00,"Physicians, All Other",partial
264999,Medical Practitioners nec,29-1229.01,Allergists and Immunologists,partial
264999,Medical Practitioners nec,29-1229.02,Hospitalists,partial
264999,Medical Practitioners nec,29-1229.03,Urologists,partial
264999,Medical Practitioners nec,29-1229.04,Physical Medicine and Rehabilitation Physicians,partial
264999,Medical Practitioners nec,29-1229.05,Preventive Medicine Physicians,partial
264999,Medical Practitioners nec,29-1229.06,Sports Medicine Physicians,partial
264999,Medical Practitioners nec,29-1241.00,"Ophthalmologists, Except Pediatric",partial
265131,Midwife,29-1161.00,Nurse Midwives,exact
265231,Nurse Educator,29-1141.00,Registered Nurses,partial
265231,Nurse Educator,29-1141.01,Acute Care Nurses,partial
265231,Nurse Educator,29-1141.02,Advanced Practice Psychiatric Nurses,partial
265231,Nurse Educator,29-1141.03,Critical Care Nurses,partial
265231,Nurse Educator,29-1141.04,Clinical Nurse Specialists,partial
265231,Nurse Educator,29-1151.00,Nurse Anesthetists,partial
265231,Nurse Educator,29-1171.00,Nurse Practitioners,partial
265232,Nurse Researcher,29-1141.00,Registered Nurses,partial
265232,Nurse Researcher,29-1141.01,Acute Care Nurses,partial
265232,Nurse Researcher,29-1141.02,Advanced Practice Psychiatric Nurses,partial
265232,Nurse Researcher,29-1141.03,Critical Care Nurses,partial
265232,Nurse Researcher,29-1141.04,Clinical Nurse Specialists,partial
265232,Nurse Researcher,29-1151.00,Nurse Anesthetists,partial
265232,Nurse Researcher,29-1171.00,Nurse Practitioners,partial
265331,Nursing / Midwifery Unit Manager,29-1141.00,Registered Nurses,partial
265331,Nursing / Midwifery Unit Manager,29-1141.01,Acute Care Nurses,partial
265331,Nursing / Midwifery Unit Manager,29-1141.02,Advanced Practice Psychiatric Nurses,partial
265331,Nursing / Midwifery Unit Manager,29-1141.03,Critical Care Nurses,partial
265331,Nursing / Midwifery Unit Manager,29-1141.04,Clinical Nurse Specialists,partial
265331,Nursing / Midwifery Unit Manager,29-1151.00,Nurse Anesthetists,partial
265331,Nursing / Midwifery Unit Manager,29-1171.00,Nurse Practitioners,partial
265431,Nurse Practitioner,29-1141.00,Registered Nurses,partial
265431,Nurse Practitioner,29-1141.01,Acute Care Nurses,partial
265431,Nurse Practitioner,29-1141.02,Advanced Practice Psychiatric Nurses,partial
265431,Nurse Practitioner,29-1141.03,Critical Care Nurses,partial
265431,Nurse Practitioner,29-1141.04,Clinical Nurse Specialists,partial
265431,Nurse Practitioner,29-1151.00,Nurse Anesthetists,partial
265431,Nurse Practitioner,29-1171.00,Nurse Practitioners,partial
265432,Registered Nurse (Acute Care),29-1141.00,Registered Nurses,partial
265432,Registered Nurse (Acute Care),29-1141.01,Acute Care Nurses,partial
265432,Registered Nurse (Acute Care),29-1141.02,Advanced Practice Psychiatric Nurses,partial
265432,Registered Nurse (Acute Care),29-1141.03,Critical Care Nurses,partial
265432,Registered Nurse (Acute Care),29-1141.04,Clinical Nurse Specialists,partial
265432,Registered Nurse (Acute Care),29-1151.00,Nurse Anesthetists,partial
265432,Registered Nurse (Acute Care),29-1171.00,Nurse Practitioners,partial
265433,Registered Nurse (Aged Care),29-1141.00,Registered Nurses,partial
265433,Registered Nurse (Aged Care),29-1141.01,Acute Care Nurses,partial
265433,Registered Nurse (Aged Care),29-1141.02,Advanced Practice Psychiatric Nurses,partial
265433,Registered Nurse (Aged Care),29-1141.03,Critical Care Nurses,partial
265433,Registered Nurse (Aged Care),29-1141.04,Clinical Nurse Specialists,partial
265433,Registered Nurse (Aged Care),29-1151.00,Nurse Anesthetists,partial
265433,Registered Nurse (Aged Care),29-1171.00,Nurse Practitioners,partial
265434,Registered Nurse (Mental Health),29-1141.00,Registered Nurses,partial
265434,Registered Nurse (Mental Health),29-1141.01,Acute Care Nurses,partial
265434,Registered Nurse (Mental Health),29-1141.02,Advanced Practice Psychiatric Nurses,partial
265434,Registered Nurse (Mental Health),29-1141.03,Critical Care Nurses,partial
265434,Registered Nurse (Mental Health),29-1141.04,Clinical Nurse Specialists,partial
265434,Registered Nurse (Mental Health),29-1151.00,Nurse Anesthetists,partial
265434,Registered Nurse (Mental Health),29-1171.00,Nurse Practitioners,partial
265435,Registered Nurse (Primary Health Care),29-1141.00,Registered Nurses,partial
265435,Registered Nurse (Primary Health Care),29-1141.01,Acute Care Nurses,partial
265435,Registered Nurse (Primary Health Care),29-1141.02,Advanced Practice Psychiatric Nurses,partial
265435,Registered Nurse (Primary Health Care),29-1141.03,Critical Care Nurses,partial
265435,Registered Nurse (Primary Health Care),29-1141.04,Clinical Nurse Specialists,partial
265435,Registered Nurse (Primary Health Care),29-1151.00,Nurse Anesthetists,partial
265435,Registered Nurse (Primary Health Care),29-1171.00,Nurse Practitioners,partial
265499,Registered Nurses nec,29-1141.00,Registered Nurses,partial
265499,Registered Nurses nec,29-1141.01,Acute Care Nurses,partial
265499,Registered Nurses nec,29-1141.02,Advanced Practice Psychiatric Nurses,partial
265499,Registered Nurses nec,29-1141.03,Critical Care Nurses,partial
265499,Registered Nurses nec,29-1141.04,Clinical Nurse Specialists,partial
265499,Registered Nurses nec,29-1151.00,Nurse Anesthetists,partial
265499,Registered Nurses nec,29-1171.00,Nurse Practitioners,partial
269131,Dental Hygienist,29-1292.00,Dental Hygienists,partial
269131,Dental Hygienist,31-9091.00,Dental Assistants,partial
269132,Dental Prosthetist,29-2091.00,Orthotists and Prosthetists,partial
269132,Dental Prosthetist,29-2092.00,Hearing Aid Specialists,partial
269132,Dental Prosthetist,51-9081.00,Dental Laboratory Technicians,partial
269132,Dental Prosthetist,51-9082.00,Medical Appliance Technicians,partial
269133,Oral Health Therapist or Dental Therapist,29-1292.00,Dental Hygienists,partial
269133,Oral Health Therapist or Dental Therapist,31-9091.00,Dental Assistants,partial
269231,Dental Specialist,29-1021.00,"Dentists, General",partial
269231,Dental Specialist,29-1022.00,Oral and Maxillofacial Surgeons,partial
269231,Dental Specialist,29-1023.00,Orthodontists,partial
269231,Dental Specialist,29-1024.00,Prosthodontists,partial
269231,Dental Specialist,29-1029.00,"Dentists, All Other Specialists",partial
269232,Dentist,29-1021.00,"Dentists, General",partial
269232,Dentist,29-1022.00,Oral and Maxillofacial Surgeons,partial
269232,Dentist,29-1023.00,Orthodontists,partial
269232,Dentist,29-1024.00,Prosthodontists,partial
269232,Dentist,29-1029.00,"Dentists, All Other Specialists",partial
269331,Environmental Health Officer,21-1091.00,Health Education Specialists,partial
269331,Environmental Health Officer,19-5011.00,Occupational Health and Safety Specialists,partial
269331,Environmental Health Officer,19-5012.00,Occupational Health and Safety Technicians,partial
269331,Environmental Health Officer,45-2011.00,Agricultural Inspectors,partial
269331,Environmental Health Officer,53-1043.00,First-Line Supervisors of Material-Moving Machine and Vehicle Operators,partial
269331,Environmental Health Officer,53-1044.00,First-Line Supervisors of Passenger Attendants,partial
269331,Environmental Health Officer,53-1049.00,"First-Line Supervisors of Transportation Workers, All Other",partial
269331,Environmental Health Officer,53-6051.00,Transportation Inspectors,partial
269331,Environmental Health Officer,53-6051.01,Aviation Inspectors,partial
269331,Environmental Health Officer,53-6051.07,"Transportation Vehicle, Equipment and Systems Inspectors, Except Aviation",partial
269332,Health Promotion Officer,21-1094.00,Community Health Workers,exact
269431,Critical Care Paramedic,29-1071.00,Physician Assistants,partial
269431,Critical Care Paramedic,29-1071.01,Anesthesiologist Assistants,partial
269431,Critical Care Paramedic,29-2042.00,Emergency Medical Technicians,partial
269431,Critical Care Paramedic,29-2043.00,Paramedics,partial
269432,Paramedic,29-2042.00,Emergency Medical Technicians,partial
269432,Paramedic,29-2043.00,Paramedics,partial
269531,Veterinarian,29-1131.00,Veterinarians,exact
269532,Veterinary Technologist,29-2056.00,Veterinary Technologists and Technicians,partial
269532,Veterinary Technologist,31-9096.00,Veterinary Assistants and Laboratory Animal Caretakers,partial
269931,Acupuncturist,29-1291.00,Acupuncturists,partial
269931,Acupuncturist,29-1299.00,"Healthcare Diagnosing or Treating Practitioners, All Other",partial
269931,Acupuncturist,29-1299.01,Naturopathic Physicians,partial
269931,Acupuncturist,29-1299.02,Orthoptists,partial
269932,Chinese Medicine Practitioner,29-1291.00,Acupuncturists,partial
269932,Chinese Medicine Practitioner,29-1299.00,"Healthcare Diagnosing or Treating Practitioners, All Other",partial
269932,Chinese Medicine Practitioner,29-1299.01,Naturopathic Physicians,partial
269932,Chinese Medicine Practitioner,29-1299.02,Orthoptists,partial
269933,Naturopath,29-1291.00,Acupuncturists,partial
269933,Naturopath,29-1299.00,"Healthcare Diagnosing or Treating Practitioners, All Other",partial
269933,Naturopath,29-1299.01,Naturopathic Physicians,partial
269933,Naturopath,29-1299.02,Orthoptists,partial
269999,Health Professionals nec,29-1291.00,Acupuncturists,partial
269999,Health Professionals nec,29-1299.00,"Healthcare Diagnosing or Treating Practitioners, All Other",partial
269999,Health Professionals nec,29-1299.01,Naturopathic Physicians,partial
269999,Health Professionals nec,29-1299.02,Orthoptists,partial
269999,Health Professionals nec,29-1011.00,Chiropractors,partial
269999,Health Professionals nec,29-1081.00,Podiatrists,partial
269999,Health Professionals nec,29-1122.00,Occupational Therapists,partial
269999,Health Professionals nec,29-1122.01,"Low Vision Therapists, Orientation and Mobility Specialists, and Vision Rehabilitation Therapists",partial
269999,Health Professionals nec,29-1125.00,Recreational Therapists,partial
269999,Health Professionals nec,29-1129.00,"Therapists, All Other",partial
269999,Health Professionals nec,29-1129.01,Art Therapists,partial
269999,Health Professionals nec,29-1129.02,Music Therapists,partial
269999,Health Professionals nec,29-9092.00,Genetic Counselors,partial
269999,Health Professionals nec,29-9021.00,Health Information Technologists and Medical Registrars,partial
269999,Health Professionals nec,29-9093.00,Surgical Assistants,partial
269999,Health Professionals nec,29-9099.00,"Healthcare Practitioners and Technical Workers, All Other",partial
269999,Health Professionals nec,29-9099.01,Midwives,partial
271131,Cyber Governance Risk and Compliance Specialist,15-1212.00,Information Security Analysts,partial
271131,Cyber Governance Risk and Compliance Specialist,13-1082.00,Project Management Specialists,partial
271131,Cyber Governance Risk and Compliance Specialist,15-1243.00,Database Architects,partial
271131,Cyber Governance Risk and Compliance Specialist,15-1243.01,Data Warehousing Specialists,partial
271131,Cyber Governance Risk and Compliance Specialist,15-1253.00,Software Quality Assurance Analysts and Testers,partial
271131,Cyber Governance Risk and Compliance Specialist,15-1255.00,Web and Digital Interface Designers,partial
271131,Cyber Governance Risk and Compliance Specialist,15-1255.01,Video Game Designers,partial
271131,Cyber Governance Risk and Compliance Specialist,15-1299.00,"Computer Occupations, All Other",partial
271131,Cyber Governance Risk and Compliance Specialist,15-1299.01,Web Administrators,partial
271131,Cyber Governance Risk and Compliance Specialist,15-1299.02,Geographic Information Systems Technologists and Technicians,partial
271131,Cyber Governance Risk and Compliance Specialist,15-1299.03,Document Management Specialists,partial
271131,Cyber Governance Risk and Compliance Specialist,15-1299.04,Penetration Testers,partial
271131,Cyber Governance Risk and Compliance Specialist,15-1299.05,Information Security Engineers,partial
271131,Cyber Governance Risk and Compliance Specialist,15-1299.06,Digital Forensics Analysts,partial
271131,Cyber Governance Risk and Compliance Specialist,15-1299.07,Blockchain Engineers,partial
271131,Cyber Governance Risk and Compliance Specialist,15-1299.08,Computer Systems Engineers/Architects,partial
271131,Cyber Governance Risk and Compliance Specialist,15-1299.09,Information Technology Project Managers,partial
271132,Cyber Security Advice and Assessment Specialist,15-1212.00,Information Security Analysts,partial
271132,Cyber Security Advice and Assessment Specialist,13-1082.00,Project Management Specialists,partial
271132,Cyber Security Advice and Assessment Specialist,15-1243.00,Database Architects,partial
271132,Cyber Security Advice and Assessment Specialist,15-1243.01,Data Warehousing Specialists,partial
271132,Cyber Security Advice and Assessment Specialist,15-1253.00,Software Quality Assurance Analysts and Testers,partial
271132,Cyber Security Advice and Assessment Specialist,15-1255.00,Web and Digital Interface Designers,partial
271132,Cyber Security Advice and Assessment Specialist,15-1255.01,Video Game Designers,partial
271132,Cyber Security Advice and Assessment Specialist,15-1299.00,"Computer Occupations, All Other",partial
271132,Cyber Security Advice and Assessment Specialist,15-1299.01,Web Administrators,partial
271132,Cyber Security Advice and Assessment Specialist,15-1299.02,Geographic Information Systems Technologists and Technicians,partial
271132,Cyber Security Advice and Assessment Specialist,15-1299.03,Document Management Specialists,partial
271132,Cyber Security Advice and Assessment Specialist,15-1299.04,Penetration Testers,partial
271132,Cyber Security Advice and Assessment Specialist,15-1299.05,Information Security Engineers,partial
271132,Cyber Security Advice and Assessment Specialist,15-1299.06,Digital Forensics Analysts,partial
271132,Cyber Security Advice and Assessment Specialist,15-1299.07,Blockchain Engineers,partial
271132,Cyber Security Advice and Assessment Specialist,15-1299.08,Computer Systems Engineers/Architects,partial
271132,Cyber Security Advice and Assessment Specialist,15-1299.09,Information Technology Project Managers,partial
271133,Cyber Security Analyst,15-1212.00,Information Security Analysts,partial
271133,Cyber Security Analyst,13-1082.00,Project Management Specialists,partial
271133,Cyber Security Analyst,15-1243.00,Database Architects,partial
271133,Cyber Security Analyst,15-1243.01,Data Warehousing Specialists,partial
271133,Cyber Security Analyst,15-1253.00,Software Quality Assurance Analysts and Testers,partial
271133,Cyber Security Analyst,15-1255.00,Web and Digital Interface Designers,partial
271133,Cyber Security Analyst,15-1255.01,Video Game Designers,partial
271133,Cyber Security Analyst,15-1299.00,"Computer Occupations, All Other",partial
271133,Cyber Security Analyst,15-1299.01,Web Administrators,partial
271133,Cyber Security Analyst,15-1299.02,Geographic Information Systems Technologists and Technicians,partial
271133,Cyber Security Analyst,15-1299.03,Document Management Specialists,partial
271133,Cyber Security Analyst,15-1299.04,Penetration Testers,partial
271133,Cyber Security Analyst,15-1299.05,Information Security Engineers,partial
271133,Cyber Security Analyst,15-1299.06,Digital Forensics Analysts,partial
271133,Cyber Security Analyst,15-1299.07,Blockchain Engineers,partial
271133,Cyber Security Analyst,15-1299.08,Computer Systems Engineers/Architects,partial
271133,Cyber Security Analyst,15-1299.09,Information Technology Project Managers,partial
271134,Cyber Security Architect,15-1212.00,Information Security Analysts,partial
271134,Cyber Security Architect,13-1082.00,Project Management Specialists,partial
271134,Cyber Security Architect,15-1243.00,Database Architects,partial
271134,Cyber Security Architect,15-1243.01,Data Warehousing Specialists,partial
271134,Cyber Security Architect,15-1253.00,Software Quality Assurance Analysts and Testers,partial
271134,Cyber Security Architect,15-1255.00,Web and Digital Interface Designers,partial
271134,Cyber Security Architect,15-1255.01,Video Game Designers,partial
271134,Cyber Security Architect,15-1299.00,"Computer Occupations, All Other",partial
271134,Cyber Security Architect,15-1299.01,Web Administrators,partial
271134,Cyber Security Architect,15-1299.02,Geographic Information Systems Technologists and Technicians,partial
271134,Cyber Security Architect,15-1299.03,Document Management Specialists,partial
271134,Cyber Security Architect,15-1299.04,Penetration Testers,partial
271134,Cyber Security Architect,15-1299.05,Information Security Engineers,partial
271134,Cyber Security Architect,15-1299.06,Digital Forensics Analysts,partial
271134,Cyber Security Architect,15-1299.07,Blockchain Engineers,partial
271134,Cyber Security Architect,15-1299.08,Computer Systems Engineers/Architects,partial
271134,Cyber Security Architect,15-1299.09,Information Technology Project Managers,partial
271135,Cyber Security Engineer,15-1252.00,Software Developers,partial
271135,Cyber Security Engineer,15-1253.00,Software Quality Assurance Analysts and Testers,partial
271136,Cyber Security Operations Coordinator,15-1212.00,Information Security Analysts,partial
271136,Cyber Security Operations Coordinator,13-1082.00,Project Management Specialists,partial
271136,Cyber Security Operations Coordinator,15-1243.00,Database Architects,partial
271136,Cyber Security Operations Coordinator,15-1243.01,Data Warehousing Specialists,partial
271136,Cyber Security Operations Coordinator,15-1253.00,Software Quality Assurance Analysts and Testers,partial
271136,Cyber Security Operations Coordinator,15-1255.00,Web and Digital Interface Designers,partial
271136,Cyber Security Operations Coordinator,15-1255.01,Video Game Designers,partial
271136,Cyber Security Operations Coordinator,15-1299.00,"Computer Occupations, All Other",partial
271136,Cyber Security Operations Coordinator,15-1299.01,Web Administrators,partial
271136,Cyber Security Operations Coordinator,15-1299.02,Geographic Information Systems Technologists and Technicians,partial
271136,Cyber Security Operations Coordinator,15-1299.03,Document Management Specialists,partial
271136,Cyber Security Operations Coordinator,15-1299.04,Penetration Testers,partial
271136,Cyber Security Operations Coordinator,15-1299.05,Information Security Engineers,partial
271136,Cyber Security Operations Coordinator,15-1299.06,Digital Forensics Analysts,partial
271136,Cyber Security Operations Coordinator,15-1299.07,Blockchain Engineers,partial
271136,Cyber Security Operations Coordinator,15-1299.08,Computer Systems Engineers/Architects,partial
271136,Cyber Security Operations Coordinator,15-1299.09,Information Technology Project Managers,partial
271137,Penetration Tester,13-1082.00,Project Management Specialists,partial
271137,Penetration Tester,15-1243.00,Database Architects,partial
271137,Penetration Tester,15-1243.01,Data Warehousing Specialists,partial
271137,Penetration Tester,15-1253.00,Software Quality Assurance Analysts and Testers,partial
271137,Penetration Tester,15-1255.00,Web and Digital Interface Designers,partial
271137,Penetration Tester,15-1255.01,Video Game Designers,partial
271137,Penetration Tester,15-1299.00,"Computer Occupations, All Other",partial
271137,Penetration Tester,15-1299.01,Web Administrators,partial
271137,Penetration Tester,15-1299.02,Geographic Information Systems Technologists and Technicians,partial
271137,Penetration Tester,15-1299.03,Document Management Specialists,partial
271137,Penetration Tester,15-1299.04,Penetration Testers,partial
271137,Penetration Tester,15-1299.05,Information Security Engineers,partial
271137,Penetration Tester,15-1299.06,Digital Forensics Analysts,partial
271137,Penetration Tester,15-1299.07,Blockchain Engineers,partial
271137,Penetration Tester,15-1299.08,Computer Systems Engineers/Architects,partial
271137,Penetration Tester,15-1299.09,Information Technology Project Managers,partial
271231,Database Administrator,15-1242.00,Database Administrators,partial
271231,Database Administrator,15-1243.00,Database Architects,partial
271231,Database Administrator,15-1243.01,Data Warehousing Specialists,partial
271232,Systems Administrator,15-1244.00,Network and Computer Systems Administrators,exact
272131,ICT Network and Systems Engineer,15-1241.00,Computer Network Architects,exact
272131,ICT Network and Systems Engineer,15-1241.01,Telecommunications Engineering Specialists,exact
272132,Network Administrator,15-1244.00,Network and Computer Systems Administrators,exact
272133,Network Architect,15-1241.00,Computer Network Architects,exact
272133,Network Architect,15-1241.01,Telecommunications Engineering Specialists,exact
272231,ICT Quality Assurance Engineer,13-1082.00,Project Management Specialists,partial
272231,ICT Quality Assurance Engineer,15-1243.00,Database Architects,partial
272231,ICT Quality Assurance Engineer,15-1243.01,Data Warehousing Specialists,partial
272231,ICT Quality Assurance Engineer,15-1253.00,Software Quality Assurance Analysts and Testers,partial
272231,ICT Quality Assurance Engineer,15-1255.00,Web and Digital Interface Designers,partial
272231,ICT Quality Assurance Engineer,15-1255.01,Video Game Designers,partial
272231,ICT Quality Assurance Engineer,15-1299.00,"Computer Occupations, All Other",partial
272231,ICT Quality Assurance Engineer,15-1299.01,Web Administrators,partial
272231,ICT Quality Assurance Engineer,15-1299.02,Geographic Information Systems Technologists and Technicians,partial
272231,ICT Quality Assurance Engineer,15-1299.03,Document Management Specialists,partial
272231,ICT Quality Assurance Engineer,15-1299.04,Penetration Testers,partial
272231,ICT Quality Assurance Engineer,15-1299.05,Information Security Engineers,partial
272231,ICT Quality Assurance Engineer,15-1299.06,Digital Forensics Analysts,partial
272231,ICT Quality Assurance Engineer,15-1299.07,Blockchain Engineers,partial
272231,ICT Quality Assurance Engineer,15-1299.08,Computer Systems Engineers/Architects,partial
272231,ICT Quality Assurance Engineer,15-1299.09,Information Technology Project Managers,partial
272232,ICT Support Engineer,13-1082.00,Project Management Specialists,partial
272232,ICT Support Engineer,15-1243.00,Database Architects,partial
272232,ICT Support Engineer,15-1243.01,Data Warehousing Specialists,partial
272232,ICT Support Engineer,15-1253.00,Software Quality Assurance Analysts and Testers,partial
272232,ICT Support Engineer,15-1255.00,Web and Digital Interface Designers,partial
272232,ICT Support Engineer,15-1255.01,Video Game Designers,partial
272232,ICT Support Engineer,15-1299.00,"Computer Occupations, All Other",partial
272232,ICT Support Engineer,15-1299.01,Web Administrators,partial
272232,ICT Support Engineer,15-1299.02,Geographic Information Systems Technologists and Technicians,partial
272232,ICT Support Engineer,15-1299.03,Document Management Specialists,partial
272232,ICT Support Engineer,15-1299.04,Penetration Testers,partial
272232,ICT Support Engineer,15-1299.05,Information Security Engineers,partial
272232,ICT Support Engineer,15-1299.06,Digital Forensics Analysts,partial
272232,ICT Support Engineer,15-1299.07,Blockchain Engineers,partial
272232,ICT Support Engineer,15-1299.08,Computer Systems Engineers/Architects,partial
272232,ICT Support Engineer,15-1299.09,Information Technology Project Managers,partial
272233,ICT Test Analyst,13-1082.00,Project Management Specialists,partial
272233,ICT Test Analyst,15-1243.00,Database Architects,partial
272233,ICT Test Analyst,15-1243.01,Data Warehousing Specialists,partial
272233,ICT Test Analyst,15-1253.00,Software Quality Assurance Analysts and Testers,partial
272233,ICT Test Analyst,15-1255.00,Web and Digital Interface Designers,partial
272233,ICT Test Analyst,15-1255.01,Video Game Designers,partial
272233,ICT Test Analyst,15-1299.00,"Computer Occupations, All Other",partial
272233,ICT Test Analyst,15-1299.01,Web Administrators,partial
272233,ICT Test Analyst,15-1299.02,Geographic Information Systems Technologists and Technicians,partial
272233,ICT Test Analyst,15-1299.03,Document Management Specialists,partial
272233,ICT Test Analyst,15-1299.04,Penetration Testers,partial
272233,ICT Test Analyst,15-1299.05,Information Security Engineers,partial
272233,ICT Test Analyst,15-1299.06,Digital Forensics Analysts,partial
272233,ICT Test Analyst,15-1299.07,Blockchain Engineers,partial
272233,ICT Test Analyst,15-1299.08,Computer Systems Engineers/Architects,partial
272233,ICT Test Analyst,15-1299.09,Information Technology Project Managers,partial
272331,Telecommunications Engineer,17-2072.00,"Electronics Engineers, Except Computer",exact
272331,Telecommunications Engineer,17-2072.01,Radio Frequency Identification Device Specialists,exact
273131,Digital Game Developer,15-1254.00,Web Developers,partial
273131,Digital Game Developer,15-1255.00,Web and Digital Interface Designers,partial
273131,Digital Game Developer,15-1255.01,Video Game Designers,partial
273132,Web Developer,15-1254.00,Web Developers,partial
273132,Web Developer,15-1255.00,Web and Digital Interface Designers,partial
273132,Web Developer,15-1255.01,Video Game Designers,partial
273231,Cloud Architect,15-1221.00,Computer and Information Research Scientists,partial
273231,Cloud Architect,15-1211.00,Computer Systems Analysts,partial
273231,Cloud Architect,15-1211.01,Health Informatics Specialists,partial
273232,ICT Business Analyst,15-1221.00,Computer and Information Research Scientists,partial
273232,ICT Business Analyst,15-1211.00,Computer Systems Analysts,partial
273232,ICT Business Analyst,15-1211.01,Health Informatics Specialists,partial
273233,Solution Architect,15-1221.00,Computer and Information Research Scientists,partial
273233,Solution Architect,15-1211.00,Computer Systems Analysts,partial
273233,Solution Architect,15-1211.01,Health Informatics Specialists,partial
273234,Systems Analyst,15-1221.00,Computer and Information Research Scientists,partial
273234,Systems Analyst,15-1211.00,Computer Systems Analysts,partial
273234,Systems Analyst,15-1211.01,Health Informatics Specialists,partial
273331,Cloud Engineer,15-1252.00,Software Developers,partial
273331,Cloud Engineer,15-1253.00,Software Quality Assurance Analysts and Testers,partial
273332,DevOps Engineer,15-1252.00,Software Developers,partial
273332,DevOps Engineer,15-1253.00,Software Quality Assurance Analysts and Testers,partial
273333,Software Engineer,15-1252.00,Software Developers,partial
273333,Software Engineer,15-1253.00,Software Quality Assurance Analysts and Testers,partial
273333,Software Engineer,15-1251.00,Computer Programmers,partial
281131,Barrister,23-1011.00,Lawyers,exact
281231,Family Dispute Resolution Practitioner,23-1022.00,"Arbitrators, Mediators, and Conciliators",exact
281232,Intellectual Property Lawyer,23-1011.00,Lawyers,exact
281233,Judge,23-1021.00,"Administrative Law Judges, Adjudicators, and Hearing Officers",partial
281233,Judge,23-1023.00,"Judges, Magistrate Judges, and Magistrates",partial
281234,Judge's Associate,23-1022.00,"Arbitrators, Mediators, and Conciliators",exact
281235,Magistrate,23-1021.00,"Administrative Law Judges, Adjudicators, and Hearing Officers",partial
281235,Magistrate,23-1023.00,"Judges, Magistrate Judges, and Magistrates",partial
281236,Migration Agent,23-1022.00,"Arbitrators, Mediators, and Conciliators",exact
281237,Police Prosecutor,23-1011.00,Lawyers,exact
281238,Tribunal Member,23-1022.00,"Arbitrators, Mediators, and Conciliators",exact
281299,Judicial and Other Legal Professionals nec,23-1022.00,"Arbitrators, Mediators, and Conciliators",exact
281331,Solicitor,23-1011.00,Lawyers,exact
299131,Aeroplane Pilot,53-1043.00,First-Line Supervisors of Material-Moving Machine and Vehicle Operators,partial
299131,Aeroplane Pilot,53-1044.00,First-Line Supervisors of Passenger Attendants,partial
299131,Aeroplane Pilot,53-1049.00,"First-Line Supervisors of Transportation Workers, All Other",partial
299131,Aeroplane Pilot,53-2011.00,"Airline Pilots, Copilots, and Flight Engineers",partial
299131,Aeroplane Pilot,53-2012.00,Commercial Pilots,partial
299132,Air Traffic Controller,53-1043.00,First-Line Supervisors of Material-Moving Machine and Vehicle Operators,partial
299132,Air Traffic Controller,53-1044.00,First-Line Supervisors of Passenger Attendants,partial
299132,Air Traffic Controller,53-1049.00,"First-Line Supervisors of Transportation Workers, All Other",partial
299132,Air Traffic Controller,53-2021.00,Air Traffic Controllers,partial
299133,Flight Instructor,53-1043.00,First-Line Supervisors of Material-Moving Machine and Vehicle Operators,partial
299133,Flight Instructor,53-1044.00,First-Line Supervisors of Passenger Attendants,partial
299133,Flight Instructor,53-1049.00,"First-Line Supervisors of Transportation Workers, All Other",partial
299133,Flight Instructor,53-2011.00,"Airline Pilots, Copilots, and Flight Engineers",partial
299133,Flight Instructor,53-2012.00,Commercial Pilots,partial
299134,Helicopter Pilot,53-1043.00,First-Line Supervisors of Material-Moving Machine and Vehicle Operators,partial
299134,Helicopter Pilot,53-1044.00,First-Line Supervisors of Passenger Attendants,partial
299134,Helicopter Pilot,53-1049.00,"First-Line Supervisors of Transportation Workers, All Other",partial
299134,Helicopter Pilot,53-2011.00,"Airline Pilots, Copilots, and Flight Engineers",partial
299134,Helicopter Pilot,53-2012.00,Commercial Pilots,partial
299199,Air Transport Professionals nec,53-1043.00,First-Line Supervisors of Material-Moving Machine and Vehicle Operators,partial
299199,Air Transport Professionals nec,53-1044.00,First-Line Supervisors of Passenger Attendants,partial
299199,Air Transport Professionals nec,53-1049.00,"First-Line Supervisors of Transportation Workers, All Other",partial
299199,Air Transport Professionals nec,53-2011.00,"Airline Pilots, Copilots, and Flight Engineers",partial
299199,Air Transport Professionals nec,53-2012.00,Commercial Pilots,partial
299231,Specialist Police Officer,33-1012.00,First-Line Supervisors of Police and Detectives,partial
299231,Specialist Police Officer,33-3021.00,Detectives and Criminal Investigators,partial
299231,Specialist Police Officer,33-3021.02,Police Identification and Records Officers,partial
299231,Specialist Police Officer,33-3021.06,Intelligence Analysts,partial
299231,Specialist Police Officer,33-3051.00,Police and Sheriff's Patrol Officers,partial
299231,Specialist Police Officer,33-3051.04,Customs and Border Protection Officers,partial
299231,Specialist Police Officer,33-3052.00,Transit and Railroad Police,partial
311131,Agricultural and Agritech Technician,19-4012.00,Agricultural Technicians,partial
311131,Agricultural and Agritech Technician,19-4012.01,Precision Agriculture Technicians,partial
311131,Agricultural and Agritech Technician,19-4013.00,Food Science Technicians,partial
311132,Animal Husbandry Technician,19-4012.00,Agricultural Technicians,partial
311132,Animal Husbandry Technician,19-4012.01,Precision Agriculture Technicians,partial
311132,Animal Husbandry Technician,19-4013.00,Food Science Technicians,partial
311133,Aquaculture or Fisheries Technician,19-4012.00,Agricultural Technicians,partial
311133,Aquaculture or Fisheries Technician,19-4012.01,Precision Agriculture Technicians,partial
311133,Aquaculture or Fisheries Technician,19-4013.00,Food Science Technicians,partial
311134,Biosecurity Officer,13-1041.00,Compliance Officers,partial
311134,Biosecurity Officer,13-1041.01,Environmental Compliance Inspectors,partial
311134,Biosecurity Officer,13-1041.03,Equal Opportunity Representatives and Officers,partial
311134,Biosecurity Officer,13-1041.04,Government Property Inspectors and Investigators,partial
311134,Biosecurity Officer,13-1041.06,Coroners,partial
311134,Biosecurity Officer,13-1041.07,Regulatory Affairs Specialists,partial
311134,Biosecurity Officer,13-1041.08,Customs Brokers,partial
311134,Biosecurity Officer,33-1012.00,First-Line Supervisors of Police and Detectives,partial
311134,Biosecurity Officer,33-3051.00,Police and Sheriff's Patrol Officers,partial
311134,Biosecurity Officer,33-3051.04,Customs and Border Protection Officers,partial
311134,Biosecurity Officer,45-2011.00,Agricultural Inspectors,partial
311135,Fisheries Officer,45-2011.00,Agricultural Inspectors,exact
311136,Irrigation Designer,19-4012.00,Agricultural Technicians,partial
311136,Irrigation Designer,19-4012.01,Precision Agriculture Technicians,partial
311136,Irrigation Designer,19-4013.00,Food Science Technicians,partial
311137,Meat Inspector,19-5012.00,Occupational Health and Safety Technicians,partial
311137,Meat Inspector,45-2011.00,Agricultural Inspectors,partial
311137,Meat Inspector,53-1043.00,First-Line Supervisors of Material-Moving Machine and Vehicle Operators,partial
311137,Meat Inspector,53-1044.00,First-Line Supervisors of Passenger Attendants,partial
311137,Meat Inspector,53-1049.00,"First-Line Supervisors of Transportation Workers, All Other",partial
311137,Meat Inspector,53-6051.00,Transportation Inspectors,partial
311137,Meat Inspector,53-6051.01,Aviation Inspectors,partial
311137,Meat Inspector,53-6051.07,"Transportation Vehicle, Equipment and Systems Inspectors, Except Aviation",partial
311138,Primary Products Quality Assurance Officer,19-5012.00,Occupational Health and Safety Technicians,partial
311138,Primary Products Quality Assurance Officer,45-2011.00,Agricultural Inspectors,partial
311138,Primary Products Quality Assurance Officer,53-1043.00,First-Line Supervisors of Material-Moving Machine and Vehicle Operators,partial
311138,Primary Products Quality Assurance Officer,53-1044.00,First-Line Supervisors of Passenger Attendants,partial
311138,Primary Products Quality Assurance Officer,53-1049.00,"First-Line Supervisors of Transportation Workers, All Other",partial
311138,Primary Products Quality Assurance Officer,53-6051.00,Transportation Inspectors,partial
311138,Primary Products Quality Assurance Officer,53-6051.01,Aviation Inspectors,partial
311138,Primary Products Quality Assurance Officer,53-6051.07,"Transportation Vehicle, Equipment and Systems Inspectors, Except Aviation",partial
311199,Agricultural Technicians and Inspection Officers nec,19-5012.00,Occupational Health and Safety Technicians,partial
311199,Agricultural Technicians and Inspection Officers nec,45-2011.00,Agricultural Inspectors,partial
311199,Agricultural Technicians and Inspection Officers nec,53-1043.00,First-Line Supervisors of Material-Moving Machine and Vehicle Operators,partial
311199,Agricultural Technicians and Inspection Officers nec,53-1044.00,First-Line Supervisors of Passenger Attendants,partial
311199,Agricultural Technicians and Inspection Officers nec,53-1049.00,"First-Line Supervisors of Transportation Workers, All Other",partial
311199,Agricultural Technicians and Inspection Officers nec,53-6051.00,Transportation Inspectors,partial
311199,Agricultural Technicians and Inspection Officers nec,53-6051.01,Aviation Inspectors,partial
311199,Agricultural Technicians and Inspection Officers nec,53-6051.07,"Transportation Vehicle, Equipment and Systems Inspectors, Except Aviation",partial
311231,Anaesthetic Technician,29-1126.00,Respiratory Therapists,partial
311231,Anaesthetic Technician,29-2031.00,Cardiovascular Technologists and Technicians,partial
311231,Anaesthetic Technician,29-2051.00,Dietetic Technicians,partial
311231,Anaesthetic Technician,29-2053.00,Psychiatric Technicians,partial
311231,Anaesthetic Technician,29-2099.00,"Health Technologists and Technicians, All Other",partial
311231,Anaesthetic Technician,29-2099.01,Neurodiagnostic Technologists,partial
311231,Anaesthetic Technician,29-2099.05,Ophthalmic Medical Technologists,partial
311231,Anaesthetic Technician,29-2099.08,Patient Representatives,partial
311231,Anaesthetic Technician,29-2055.00,Surgical Technologists,partial
311231,Anaesthetic Technician,29-2036.00,Medical Dosimetrists,partial
311231,Anaesthetic Technician,29-9021.00,Health Information Technologists and Medical Registrars,partial
311231,Anaesthetic Technician,29-9093.00,Surgical Assistants,partial
311231,Anaesthetic Technician,29-9099.00,"Healthcare Practitioners and Technical Workers, All Other",partial
311231,Anaesthetic Technician,29-9099.01,Midwives,partial
311231,Anaesthetic Technician,31-2011.00,Occupational Therapy Assistants,partial
311231,Anaesthetic Technician,31-9099.00,"Healthcare Support Workers, All Other",partial
311231,Anaesthetic Technician,31-9099.01,Speech-Language Pathology Assistants,partial
311231,Anaesthetic Technician,31-9099.02,Endoscopy Technicians,partial
311232,Dental Technician,29-2091.00,Orthotists and Prosthetists,partial
311232,Dental Technician,29-2092.00,Hearing Aid Specialists,partial
311232,Dental Technician,51-9081.00,Dental Laboratory Technicians,partial
311232,Dental Technician,51-9082.00,Medical Appliance Technicians,partial
311233,Medical Laboratory Technician,29-2011.00,Medical and Clinical Laboratory Technologists,partial
311233,Medical Laboratory Technician,29-2011.01,Cytogenetic Technologists,partial
311233,Medical Laboratory Technician,29-2011.02,Cytotechnologists,partial
311233,Medical Laboratory Technician,29-2011.04,Histotechnologists,partial
311233,Medical Laboratory Technician,29-2012.00,Medical and Clinical Laboratory Technicians,partial
311233,Medical Laboratory Technician,29-2012.01,Histology Technicians,partial
311234,Operating Theatre Technician,29-1126.00,Respiratory Therapists,partial
311234,Operating Theatre Technician,29-2031.00,Cardiovascular Technologists and Technicians,partial
311234,Operating Theatre Technician,29-2051.00,Dietetic Technicians,partial
311234,Operating Theatre Technician,29-2053.00,Psychiatric Technicians,partial
311234,Operating Theatre Technician,29-2099.00,"Health Technologists and Technicians, All Other",partial
311234,Operating Theatre Technician,29-2099.01,Neurodiagnostic Technologists,partial
311234,Operating Theatre Technician,29-2099.05,Ophthalmic Medical Technologists,partial
311234,Operating Theatre Technician,29-2099.08,Patient Representatives,partial
311234,Operating Theatre Technician,29-2055.00,Surgical Technologists,partial
311234,Operating Theatre Technician,29-2036.00,Medical Dosimetrists,partial
311234,Operating Theatre Technician,29-9021.00,Health Information Technologists and Medical Registrars,partial
311234,Operating Theatre Technician,29-9093.00,Surgical Assistants,partial
311234,Operating Theatre Technician,29-9099.00,"Healthcare Practitioners and Technical Workers, All Other",partial
311234,Operating Theatre Technician,29-9099.01,Midwives,partial
311234,Operating Theatre Technician,31-2011.00,Occupational Therapy Assistants,partial
311234,Operating Theatre Technician,31-9099.00,"Healthcare Support Workers, All Other",partial
311234,Operating Theatre Technician,31-9099.01,Speech-Language Pathology Assistants,partial
311234,Operating Theatre Technician,31-9099.02,Endoscopy Technicians,partial
311235,Respiratory Technician,29-2091.00,Orthotists and Prosthetists,partial
311235,Respiratory Technician,29-2092.00,Hearing Aid Specialists,partial
311235,Respiratory Technician,51-9081.00,Dental Laboratory Technicians,partial
311235,Respiratory Technician,51-9082.00,Medical Appliance Technicians,partial
311299,Medical and Dental Technicians nec,29-2091.00,Orthotists and Prosthetists,partial
311299,Medical and Dental Technicians nec,29-2092.00,Hearing Aid Specialists,partial
311299,Medical and Dental Technicians nec,51-9081.00,Dental Laboratory Technicians,partial
311299,Medical and Dental Technicians nec,51-9082.00,Medical Appliance Technicians,partial
311299,Medical and Dental Technicians nec,29-2057.00,Ophthalmic Medical Technicians,partial
311299,Medical and Dental Technicians nec,31-9092.00,Medical Assistants,partial
311299,Medical and Dental Technicians nec,29-1126.00,Respiratory Therapists,partial
311299,Medical and Dental Technicians nec,29-2031.00,Cardiovascular Technologists and Technicians,partial
311299,Medical and Dental Technicians nec,29-2051.00,Dietetic Technicians,partial
311299,Medical and Dental Technicians nec,29-2053.00,Psychiatric Technicians,partial
311299,Medical and Dental Technicians nec,29-2099.00,"Health Technologists and Technicians, All Other",partial
311299,Medical and Dental Technicians nec,29-2099.01,Neurodiagnostic Technologists,partial
311299,Medical and Dental Technicians nec,29-2099.05,Ophthalmic Medical Technologists,partial
311299,Medical and Dental Technicians nec,29-2099.08,Patient Representatives,partial
311299,Medical and Dental Technicians nec,29-2055.00,Surgical Technologists,partial
311299,Medical and Dental Technicians nec,29-2036.00,Medical Dosimetrists,partial
311299,Medical and Dental Technicians nec,29-9021.00,Health Information Technologists and Medical Registrars,partial
311299,Medical and Dental Technicians nec,29-9093.00,Surgical Assistants,partial
311299,Medical and Dental Technicians nec,29-9099.00,"Healthcare Practitioners and Technical Workers, All Other",partial
311299,Medical and Dental Technicians nec,29-9099.01,Midwives,partial
311299,Medical and Dental Technicians nec,31-2011.00,Occupational Therapy Assistants,partial
311299,Medical and Dental Technicians nec,31-9099.00,"Healthcare Support Workers, All Other",partial
311299,Medical and Dental Technicians nec,31-9099.01,Speech-Language Pathology Assistants,partial
311299,Medical and Dental Technicians nec,31-9099.02,Endoscopy Technicians,partial
311331,Community Pharmacy Technician,29-2052.00,Pharmacy Technicians,exact
311332,Hospital Pharmacy Technician,29-2052.00,Pharmacy Technicians,exact
311431,Phlebotomist,31-1132.00,Orderlies,partial
311431,Phlebotomist,31-2012.00,Occupational Therapy Aides,partial
311431,Phlebotomist,31-2022.00,Physical Therapist Aides,partial
311431,Phlebotomist,31-9091.00,Dental Assistants,partial
311431,Phlebotomist,31-9093.00,Medical Equipment Preparers,partial
311431,Phlebotomist,31-9095.00,Pharmacy Aides,partial
311431,Phlebotomist,31-9097.00,Phlebotomists,partial
311431,Phlebotomist,31-9099.00,"Healthcare Support Workers, All Other",partial
311431,Phlebotomist,31-9099.01,Speech-Language Pathology Assistants,partial
311431,Phlebotomist,31-9099.02,Endoscopy Technicians,partial
311531,Chemical Technician,19-4031.00,Chemical Technicians,partial
311531,Chemical Technician,19-4043.00,"Geological Technicians, Except Hydrologic Technicians",partial
311531,Chemical Technician,19-4044.00,Hydrologic Technicians,partial
311531,Chemical Technician,19-4099.00,"Life, Physical, and Social Science Technicians, All Other",partial
311531,Chemical Technician,19-4099.01,Quality Control Analysts,partial
311531,Chemical Technician,19-4099.03,Remote Sensing Technicians,partial
311532,Earth Science Technician,19-4031.00,Chemical Technicians,partial
311532,Earth Science Technician,19-4043.00,"Geological Technicians, Except Hydrologic Technicians",partial
311532,Earth Science Technician,19-4044.00,Hydrologic Technicians,partial
311532,Earth Science Technician,19-4099.00,"Life, Physical, and Social Science Technicians, All Other",partial
311532,Earth Science Technician,19-4099.01,Quality Control Analysts,partial
311532,Earth Science Technician,19-4099.03,Remote Sensing Technicians,partial
311533,Geospatial Technician,17-3022.00,Civil Engineering Technologists and Technicians,partial
311533,Geospatial Technician,17-3031.00,Surveying and Mapping Technicians,partial
311533,Geospatial Technician,33-1021.00,First-Line Supervisors of Firefighting and Prevention Workers,partial
311533,Geospatial Technician,33-2021.00,Fire Inspectors and Investigators,partial
311533,Geospatial Technician,47-4011.00,Construction and Building Inspectors,partial
311533,Geospatial Technician,47-4011.01,Energy Auditors,partial
311533,Geospatial Technician,17-3011.00,Architectural and Civil Drafters,partial
311533,Geospatial Technician,17-3012.00,Electrical and Electronics Drafters,partial
311533,Geospatial Technician,17-3013.00,Mechanical Drafters,partial
311533,Geospatial Technician,17-3019.00,"Drafters, All Other",partial
311533,Geospatial Technician,27-1013.00,"Fine Artists, Including Painters, Sculptors, and Illustrators",partial
311534,Hydrographer,19-4031.00,Chemical Technicians,partial
311534,Hydrographer,19-4043.00,"Geological Technicians, Except Hydrologic Technicians",partial
311534,Hydrographer,19-4044.00,Hydrologic Technicians,partial
311534,Hydrographer,19-4099.00,"Life, Physical, and Social Science Technicians, All Other",partial
311534,Hydrographer,19-4099.01,Quality Control Analysts,partial
311534,Hydrographer,19-4099.03,Remote Sensing Technicians,partial
311535,Life Science Technician,19-4021.00,Biological Technicians,partial
311535,Life Science Technician,19-4042.00,"Environmental Science and Protection Technicians, Including Health",partial
311535,Life Science Technician,19-4071.00,Forest and Conservation Technicians,partial
311536,School Laboratory Technician,19-4031.00,Chemical Technicians,partial
311536,School Laboratory Technician,19-4043.00,"Geological Technicians, Except Hydrologic Technicians",partial
311536,School Laboratory Technician,19-4044.00,Hydrologic Technicians,partial
311536,School Laboratory Technician,19-4099.00,"Life, Physical, and Social Science Technicians, All Other",partial
311536,School Laboratory Technician,19-4099.01,Quality Control Analysts,partial
311536,School Laboratory Technician,19-4099.03,Remote Sensing Technicians,partial
311599,Science Technicians nec,19-4031.00,Chemical Technicians,partial
311599,Science Technicians nec,19-4043.00,"Geological Technicians, Except Hydrologic Technicians",partial
311599,Science Technicians nec,19-4044.00,Hydrologic Technicians,partial
311599,Science Technicians nec,19-4099.00,"Life, Physical, and Social Science Technicians, All Other",partial
311599,Science Technicians nec,19-4099.01,Quality Control Analysts,partial
311599,Science Technicians nec,19-4099.03,Remote Sensing Technicians,partial
311599,Science Technicians nec,17-3025.00,Environmental Engineering Technologists and Technicians,partial
311599,Science Technicians nec,17-3026.00,Industrial Engineering Technologists and Technicians,partial
311599,Science Technicians nec,17-3026.01,Nanotechnology Engineering Technologists and Technicians,partial
311599,Science Technicians nec,17-3028.00,Calibration Technologists and Technicians,partial
311599,Science Technicians nec,17-3029.00,"Engineering Technologists and Technicians, Except Drafters, All Other",partial
311599,Science Technicians nec,17-3029.01,Non-Destructive Testing Specialists,partial
311599,Science Technicians nec,17-3029.08,Photonics Technicians,partial
311599,Science Technicians nec,19-4051.00,Nuclear Technicians,partial
311599,Science Technicians nec,19-4051.02,Nuclear Monitoring Technicians,partial
311599,Science Technicians nec,19-4092.00,Forensic Science Technicians,partial
311599,Science Technicians nec,33-1021.00,First-Line Supervisors of Firefighting and Prevention Workers,partial
311599,Science Technicians nec,33-2021.00,Fire Inspectors and Investigators,partial
311599,Science Technicians nec,33-2022.00,Forest Fire Inspectors and Prevention Specialists,partial
311599,Science Technicians nec,53-6041.00,Traffic Technicians,partial
312131,Architectural Technician,17-3011.00,Architectural and Civil Drafters,partial
312131,Architectural Technician,17-3012.00,Electrical and Electronics Drafters,partial
312131,Architectural Technician,17-3013.00,Mechanical Drafters,partial
312131,Architectural Technician,17-3019.00,"Drafters, All Other",partial
312131,Architectural Technician,27-1013.00,"Fine Artists, Including Painters, Sculptors, and Illustrators",partial
312132,Building Designer,17-3011.00,Architectural and Civil Drafters,partial
312132,Building Designer,17-3012.00,Electrical and Electronics Drafters,partial
312132,Building Designer,17-3013.00,Mechanical Drafters,partial
312132,Building Designer,17-3019.00,"Drafters, All Other",partial
312132,Building Designer,27-1013.00,"Fine Artists, Including Painters, Sculptors, and Illustrators",partial
312133,Detailer Drafter,17-3011.00,Architectural and Civil Drafters,partial
312133,Detailer Drafter,17-3012.00,Electrical and Electronics Drafters,partial
312133,Detailer Drafter,17-3013.00,Mechanical Drafters,partial
312133,Detailer Drafter,17-3019.00,"Drafters, All Other",partial
312133,Detailer Drafter,27-1013.00,"Fine Artists, Including Painters, Sculptors, and Illustrators",partial
312134,Landscape Designer,17-1012.00,Landscape Architects,exact
312135,Surveying Technician,17-3022.00,Civil Engineering Technologists and Technicians,partial
312135,Surveying Technician,17-3031.00,Surveying and Mapping Technicians,partial
312135,Surveying Technician,33-1021.00,First-Line Supervisors of Firefighting and Prevention Workers,partial
312135,Surveying Technician,33-2021.00,Fire Inspectors and Investigators,partial
312135,Surveying Technician,47-4011.00,Construction and Building Inspectors,partial
312135,Surveying Technician,47-4011.01,Energy Auditors,partial
312135,Surveying Technician,17-3011.00,Architectural and Civil Drafters,partial
312135,Surveying Technician,17-3012.00,Electrical and Electronics Drafters,partial
312135,Surveying Technician,17-3013.00,Mechanical Drafters,partial
312135,Surveying Technician,17-3019.00,"Drafters, All Other",partial
312135,Surveying Technician,27-1013.00,"Fine Artists, Including Painters, Sculptors, and Illustrators",partial
312199,Building and Landscape Designers and Technicians nec,17-3011.00,Architectural and Civil Drafters,partial
312199,Building and Landscape Designers and Technicians nec,17-3012.00,Electrical and Electronics Drafters,partial
312199,Building and Landscape Designers and Technicians nec,17-3013.00,Mechanical Drafters,partial
312199,Building and Landscape Designers and Technicians nec,17-3019.00,"Drafters, All Other",partial
312199,Building and Landscape Designers and Technicians nec,27-1013.00,"Fine Artists, Including Painters, Sculptors, and Illustrators",partial
312199,Building and Landscape Designers and Technicians nec,17-3025.00,Environmental Engineering Technologists and Technicians,partial
312199,Building and Landscape Designers and Technicians nec,17-3026.00,Industrial Engineering Technologists and Technicians,partial
312199,Building and Landscape Designers and Technicians nec,17-3026.01,Nanotechnology Engineering Technologists and Technicians,partial
312199,Building and Landscape Designers and Technicians nec,17-3028.00,Calibration Technologists and Technicians,partial
312199,Building and Landscape Designers and Technicians nec,17-3029.00,"Engineering Technologists and Technicians, Except Drafters, All Other",partial
312199,Building and Landscape Designers and Technicians nec,17-3029.01,Non-Destructive Testing Specialists,partial
312199,Building and Landscape Designers and Technicians nec,17-3029.08,Photonics Technicians,partial
312199,Building and Landscape Designers and Technicians nec,19-4051.00,Nuclear Technicians,partial
312199,Building and Landscape Designers and Technicians nec,19-4051.02,Nuclear Monitoring Technicians,partial
312199,Building and Landscape Designers and Technicians nec,19-4092.00,Forensic Science Technicians,partial
312199,Building and Landscape Designers and Technicians nec,19-4044.00,Hydrologic Technicians,partial
312199,Building and Landscape Designers and Technicians nec,19-4099.00,"Life, Physical, and Social Science Technicians, All Other",partial
312199,Building and Landscape Designers and Technicians nec,19-4099.01,Quality Control Analysts,partial
312199,Building and Landscape Designers and Technicians nec,19-4099.03,Remote Sensing Technicians,partial
312199,Building and Landscape Designers and Technicians nec,33-1021.00,First-Line Supervisors of Firefighting and Prevention Workers,partial
312199,Building and Landscape Designers and Technicians nec,33-2021.00,Fire Inspectors and Investigators,partial
312199,Building and Landscape Designers and Technicians nec,33-2022.00,Forest Fire Inspectors and Prevention Specialists,partial
312199,Building and Landscape Designers and Technicians nec,53-6041.00,Traffic Technicians,partial
312231,Building Inspector,17-3022.00,Civil Engineering Technologists and Technicians,partial
312231,Building Inspector,17-3031.00,Surveying and Mapping Technicians,partial
312231,Building Inspector,33-1021.00,First-Line Supervisors of Firefighting and Prevention Workers,partial
312231,Building Inspector,33-2021.00,Fire Inspectors and Investigators,partial
312231,Building Inspector,47-4011.00,Construction and Building Inspectors,partial
312231,Building Inspector,47-4011.01,Energy Auditors,partial
312232,Energy Assessor,17-3025.00,Environmental Engineering Technologists and Technicians,partial
312232,Energy Assessor,17-3026.00,Industrial Engineering Technologists and Technicians,partial
312232,Energy Assessor,17-3026.01,Nanotechnology Engineering Technologists and Technicians,partial
312232,Energy Assessor,17-3028.00,Calibration Technologists and Technicians,partial
312232,Energy Assessor,17-3029.00,"Engineering Technologists and Technicians, Except Drafters, All Other",partial
312232,Energy Assessor,17-3029.01,Non-Destructive Testing Specialists,partial
312232,Energy Assessor,17-3029.08,Photonics Technicians,partial
312232,Energy Assessor,19-4051.00,Nuclear Technicians,partial
312232,Energy Assessor,19-4051.02,Nuclear Monitoring Technicians,partial
312232,Energy Assessor,19-4092.00,Forensic Science Technicians,partial
312232,Energy Assessor,19-4044.00,Hydrologic Technicians,partial
312232,Energy Assessor,19-4099.00,"Life, Physical, and Social Science Technicians, All Other",partial
312232,Energy Assessor,19-4099.01,Quality Control Analysts,partial
312232,Energy Assessor,19-4099.03,Remote Sensing Technicians,partial
312232,Energy Assessor,33-1021.00,First-Line Supervisors of Firefighting and Prevention Workers,partial
312232,Energy Assessor,33-2021.00,Fire Inspectors and Investigators,partial
312232,Energy Assessor,33-2022.00,Forest Fire Inspectors and Prevention Specialists,partial
312232,Energy Assessor,53-6041.00,Traffic Technicians,partial
312233,Plumbing Inspector,45-2011.00,Agricultural Inspectors,exact
312234,Safety Inspector,17-2031.00,Bioengineers and Biomedical Engineers,partial
312234,Safety Inspector,17-2111.00,"Health and Safety Engineers, Except Mining Safety Engineers and Inspectors",partial
312234,Safety Inspector,17-2111.02,Fire-Prevention and Protection Engineers,partial
312234,Safety Inspector,17-2131.00,Materials Engineers,partial
312234,Safety Inspector,17-2161.00,Nuclear Engineers,partial
312234,Safety Inspector,17-2199.00,"Engineers, All Other",partial
312234,Safety Inspector,17-2199.03,"Energy Engineers, Except Wind and Solar",partial
312234,Safety Inspector,17-2199.05,Mechatronics Engineers,partial
312234,Safety Inspector,17-2199.06,Microsystems Engineers,partial
312234,Safety Inspector,17-2199.07,Photonics Engineers,partial
312234,Safety Inspector,17-2199.08,Robotics Engineers,partial
312234,Safety Inspector,17-2199.09,Nanosystems Engineers,partial
312234,Safety Inspector,17-2199.10,Wind Energy Engineers,partial
312234,Safety Inspector,17-2199.11,Solar Energy Systems Engineers,partial
312234,Safety Inspector,17-3028.00,Calibration Technologists and Technicians,partial
312234,Safety Inspector,17-3029.00,"Engineering Technologists and Technicians, Except Drafters, All Other",partial
312234,Safety Inspector,17-3029.01,Non-Destructive Testing Specialists,partial
312234,Safety Inspector,17-3029.08,Photonics Technicians,partial
312234,Safety Inspector,19-4043.00,"Geological Technicians, Except Hydrologic Technicians",partial
312234,Safety Inspector,19-4044.00,Hydrologic Technicians,partial
312234,Safety Inspector,19-5012.00,Occupational Health and Safety Technicians,partial
312234,Safety Inspector,45-2011.00,Agricultural Inspectors,partial
312234,Safety Inspector,53-1043.00,First-Line Supervisors of Material-Moving Machine and Vehicle Operators,partial
312234,Safety Inspector,53-1044.00,First-Line Supervisors of Passenger Attendants,partial
312234,Safety Inspector,53-1049.00,"First-Line Supervisors of Transportation Workers, All Other",partial
312234,Safety Inspector,53-6051.00,Transportation Inspectors,partial
312234,Safety Inspector,53-6051.01,Aviation Inspectors,partial
312234,Safety Inspector,53-6051.07,"Transportation Vehicle, Equipment and Systems Inspectors, Except Aviation",partial
312331,Construction Estimator,17-3022.00,Civil Engineering Technologists and Technicians,partial
312331,Construction Estimator,17-3031.00,Surveying and Mapping Technicians,partial
312331,Construction Estimator,33-1021.00,First-Line Supervisors of Firefighting and Prevention Workers,partial
312331,Construction Estimator,33-2021.00,Fire Inspectors and Investigators,partial
312331,Construction Estimator,47-4011.00,Construction and Building Inspectors,partial
312331,Construction Estimator,47-4011.01,Energy Auditors,partial
312431,Civil Construction Leading Hand,47-1011.00,First-Line Supervisors of Construction Trades and Extraction Workers,exact
312431,Civil Construction Leading Hand,47-1011.03,Solar Energy Installation Managers,exact
312432,Construction Site Supervisor,47-1011.00,First-Line Supervisors of Construction Trades and Extraction Workers,exact
312432,Construction Site Supervisor,47-1011.03,Solar Energy Installation Managers,exact
313131,Civil Engineering Draftsperson,17-3011.00,Architectural and Civil Drafters,partial
313131,Civil Engineering Draftsperson,17-3012.00,Electrical and Electronics Drafters,partial
313131,Civil Engineering Draftsperson,17-3013.00,Mechanical Drafters,partial
313131,Civil Engineering Draftsperson,17-3019.00,"Drafters, All Other",partial
313131,Civil Engineering Draftsperson,27-1013.00,"Fine Artists, Including Painters, Sculptors, and Illustrators",partial
313132,Civil Engineering Technician,17-3022.00,Civil Engineering Technologists and Technicians,partial
313132,Civil Engineering Technician,17-3031.00,Surveying and Mapping Technicians,partial
313132,Civil Engineering Technician,33-1021.00,First-Line Supervisors of Firefighting and Prevention Workers,partial
313132,Civil Engineering Technician,33-2021.00,Fire Inspectors and Investigators,partial
313132,Civil Engineering Technician,47-4011.00,Construction and Building Inspectors,partial
313132,Civil Engineering Technician,47-4011.01,Energy Auditors,partial
313231,Electrical Engineering Draftsperson,17-3011.00,Architectural and Civil Drafters,partial
313231,Electrical Engineering Draftsperson,17-3012.00,Electrical and Electronics Drafters,partial
313231,Electrical Engineering Draftsperson,17-3013.00,Mechanical Drafters,partial
313231,Electrical Engineering Draftsperson,17-3019.00,"Drafters, All Other",partial
313231,Electrical Engineering Draftsperson,27-1013.00,"Fine Artists, Including Painters, Sculptors, and Illustrators",partial
313232,Electrical Engineering Technician,17-3023.00,Electrical and Electronic Engineering Technologists and Technicians,partial
313232,Electrical Engineering Technician,17-3024.00,Electro-Mechanical and Mechatronics Technologists and Technicians,partial
313232,Electrical Engineering Technician,17-3024.01,Robotics Technicians,partial
313331,Maintenance Planner,43-5061.00,"Production, Planning, and Expediting Clerks",exact
313431,Marine Engineer,53-1043.00,First-Line Supervisors of Material-Moving Machine and Vehicle Operators,partial
313431,Marine Engineer,53-1044.00,First-Line Supervisors of Passenger Attendants,partial
313431,Marine Engineer,53-1049.00,"First-Line Supervisors of Transportation Workers, All Other",partial
313431,Marine Engineer,53-5031.00,Ship Engineers,partial
313432,Marine Pilot,53-1043.00,First-Line Supervisors of Material-Moving Machine and Vehicle Operators,partial
313432,Marine Pilot,53-1044.00,First-Line Supervisors of Passenger Attendants,partial
313432,Marine Pilot,53-1049.00,"First-Line Supervisors of Transportation Workers, All Other",partial
313432,Marine Pilot,53-5021.00,"Captains, Mates, and Pilots of Water Vessels",partial
313433,Marine Surveyor,17-3021.00,Aerospace Engineering and Operations Technologists and Technicians,partial
313433,Marine Surveyor,17-3024.00,Electro-Mechanical and Mechatronics Technologists and Technicians,partial
313433,Marine Surveyor,17-3024.01,Robotics Technicians,partial
313433,Marine Surveyor,17-3027.00,Mechanical Engineering Technologists and Technicians,partial
313433,Marine Surveyor,17-3027.01,Automotive Engineering Technicians,partial
313433,Marine Surveyor,17-3028.00,Calibration Technologists and Technicians,partial
313433,Marine Surveyor,17-3029.00,"Engineering Technologists and Technicians, Except Drafters, All Other",partial
313433,Marine Surveyor,17-3029.01,Non-Destructive Testing Specialists,partial
313433,Marine Surveyor,17-3029.08,Photonics Technicians,partial
313434,Master Fisher,45-1011.00,"First-Line Supervisors of Farming, Fishing, and Forestry Workers",partial
313434,Master Fisher,45-3031.00,Fishing and Hunting Workers,partial
313435,Ship's Master,53-1043.00,First-Line Supervisors of Material-Moving Machine and Vehicle Operators,partial
313435,Ship's Master,53-1044.00,First-Line Supervisors of Passenger Attendants,partial
313435,Ship's Master,53-1049.00,"First-Line Supervisors of Transportation Workers, All Other",partial
313435,Ship's Master,53-5021.00,"Captains, Mates, and Pilots of Water Vessels",partial
313436,Ship's Officer,53-1043.00,First-Line Supervisors of Material-Moving Machine and Vehicle Operators,partial
313436,Ship's Officer,53-1044.00,First-Line Supervisors of Passenger Attendants,partial
313436,Ship's Officer,53-1049.00,"First-Line Supervisors of Transportation Workers, All Other",partial
313436,Ship's Officer,53-5021.00,"Captains, Mates, and Pilots of Water Vessels",partial
313499,"Marine Transport Masters, Officers and Technicians nec",53-1043.00,First-Line Supervisors of Material-Moving Machine and Vehicle Operators,partial
313499,"Marine Transport Masters, Officers and Technicians nec",53-1044.00,First-Line Supervisors of Passenger Attendants,partial
313499,"Marine Transport Masters, Officers and Technicians nec",53-1049.00,"First-Line Supervisors of Transportation Workers, All Other",partial
313499,"Marine Transport Masters, Officers and Technicians nec",53-5021.00,"Captains, Mates, and Pilots of Water Vessels",partial
313531,Mining Supervisor,47-1011.00,First-Line Supervisors of Construction Trades and Extraction Workers,exact
313531,Mining Supervisor,47-1011.03,Solar Energy Installation Managers,exact
313931,Biomedical Technician,17-3025.00,Environmental Engineering Technologists and Technicians,partial
313931,Biomedical Technician,17-3026.00,Industrial Engineering Technologists and Technicians,partial
313931,Biomedical Technician,17-3026.01,Nanotechnology Engineering Technologists and Technicians,partial
313931,Biomedical Technician,17-3028.00,Calibration Technologists and Technicians,partial
313931,Biomedical Technician,17-3029.00,"Engineering Technologists and Technicians, Except Drafters, All Other",partial
313931,Biomedical Technician,17-3029.01,Non-Destructive Testing Specialists,partial
313931,Biomedical Technician,17-3029.08,Photonics Technicians,partial
313931,Biomedical Technician,19-4051.00,Nuclear Technicians,partial
313931,Biomedical Technician,19-4051.02,Nuclear Monitoring Technicians,partial
313931,Biomedical Technician,19-4092.00,Forensic Science Technicians,partial
313931,Biomedical Technician,19-4044.00,Hydrologic Technicians,partial
313931,Biomedical Technician,19-4099.00,"Life, Physical, and Social Science Technicians, All Other",partial
313931,Biomedical Technician,19-4099.01,Quality Control Analysts,partial
313931,Biomedical Technician,19-4099.03,Remote Sensing Technicians,partial
313931,Biomedical Technician,33-1021.00,First-Line Supervisors of Firefighting and Prevention Workers,partial
313931,Biomedical Technician,33-2021.00,Fire Inspectors and Investigators,partial
313931,Biomedical Technician,33-2022.00,Forest Fire Inspectors and Prevention Specialists,partial
313931,Biomedical Technician,53-6041.00,Traffic Technicians,partial
313932,Electronic Engineering Technician,17-3023.00,Electrical and Electronic Engineering Technologists and Technicians,partial
313933,Mechanical Engineering Draftsperson,17-3011.00,Architectural and Civil Drafters,partial
313933,Mechanical Engineering Draftsperson,17-3012.00,Electrical and Electronics Drafters,partial
313933,Mechanical Engineering Draftsperson,17-3013.00,Mechanical Drafters,partial
313933,Mechanical Engineering Draftsperson,17-3019.00,"Drafters, All Other",partial
313933,Mechanical Engineering Draftsperson,27-1013.00,"Fine Artists, Including Painters, Sculptors, and Illustrators",partial
313934,Mechanical Engineering Technician,17-3021.00,Aerospace Engineering and Operations Technologists and Technicians,partial
313934,Mechanical Engineering Technician,17-3024.00,Electro-Mechanical and Mechatronics Technologists and Technicians,partial
313934,Mechanical Engineering Technician,17-3024.01,Robotics Technicians,partial
313934,Mechanical Engineering Technician,17-3027.00,Mechanical Engineering Technologists and Technicians,partial
313934,Mechanical Engineering Technician,17-3027.01,Automotive Engineering Technicians,partial
313934,Mechanical Engineering Technician,17-3028.00,Calibration Technologists and Technicians,partial
313934,Mechanical Engineering Technician,17-3029.00,"Engineering Technologists and Technicians, Except Drafters, All Other",partial
313934,Mechanical Engineering Technician,17-3029.01,Non-Destructive Testing Specialists,partial
313934,Mechanical Engineering Technician,17-3029.08,Photonics Technicians,partial
313935,Metallurgical or Materials Technician,17-3028.00,Calibration Technologists and Technicians,partial
313935,Metallurgical or Materials Technician,17-3029.00,"Engineering Technologists and Technicians, Except Drafters, All Other",partial
313935,Metallurgical or Materials Technician,17-3029.01,Non-Destructive Testing Specialists,partial
313935,Metallurgical or Materials Technician,17-3029.08,Photonics Technicians,partial
313935,Metallurgical or Materials Technician,19-4043.00,"Geological Technicians, Except Hydrologic Technicians",partial
313935,Metallurgical or Materials Technician,19-4044.00,Hydrologic Technicians,partial
313935,Metallurgical or Materials Technician,17-3025.00,Environmental Engineering Technologists and Technicians,partial
313935,Metallurgical or Materials Technician,17-3026.00,Industrial Engineering Technologists and Technicians,partial
313935,Metallurgical or Materials Technician,17-3026.01,Nanotechnology Engineering Technologists and Technicians,partial
313935,Metallurgical or Materials Technician,19-4051.00,Nuclear Technicians,partial
313935,Metallurgical or Materials Technician,19-4051.02,Nuclear Monitoring Technicians,partial
313935,Metallurgical or Materials Technician,19-4092.00,Forensic Science Technicians,partial
313935,Metallurgical or Materials Technician,19-4099.00,"Life, Physical, and Social Science Technicians, All Other",partial
313935,Metallurgical or Materials Technician,19-4099.01,Quality Control Analysts,partial
313935,Metallurgical or Materials Technician,19-4099.03,Remote Sensing Technicians,partial
313935,Metallurgical or Materials Technician,33-1021.00,First-Line Supervisors of Firefighting and Prevention Workers,partial
313935,Metallurgical or Materials Technician,33-2021.00,Fire Inspectors and Investigators,partial
313935,Metallurgical or Materials Technician,33-2022.00,Forest Fire Inspectors and Prevention Specialists,partial
313935,Metallurgical or Materials Technician,53-6041.00,Traffic Technicians,partial
313936,Non-destructive Testing Technician,17-3028.00,Calibration Technologists and Technicians,partial
313936,Non-destructive Testing Technician,17-3029.00,"Engineering Technologists and Technicians, Except Drafters, All Other",partial
313936,Non-destructive Testing Technician,17-3029.01,Non-Destructive Testing Specialists,partial
313936,Non-destructive Testing Technician,17-3029.08,Photonics Technicians,partial
313936,Non-destructive Testing Technician,19-4043.00,"Geological Technicians, Except Hydrologic Technicians",partial
313936,Non-destructive Testing Technician,19-4044.00,Hydrologic Technicians,partial
313936,Non-destructive Testing Technician,17-3025.00,Environmental Engineering Technologists and Technicians,partial
313936,Non-destructive Testing Technician,17-3026.00,Industrial Engineering Technologists and Technicians,partial
313936,Non-destructive Testing Technician,17-3026.01,Nanotechnology Engineering Technologists and Technicians,partial
313936,Non-destructive Testing Technician,19-4051.00,Nuclear Technicians,partial
313936,Non-destructive Testing Technician,19-4051.02,Nuclear Monitoring Technicians,partial
313936,Non-destructive Testing Technician,19-4092.00,Forensic Science Technicians,partial
313936,Non-destructive Testing Technician,19-4099.00,"Life, Physical, and Social Science Technicians, All Other",partial
313936,Non-destructive Testing Technician,19-4099.01,Quality Control Analysts,partial
313936,Non-destructive Testing Technician,19-4099.03,Remote Sensing Technicians,partial
313936,Non-destructive Testing Technician,33-1021.00,First-Line Supervisors of Firefighting and Prevention Workers,partial
313936,Non-destructive Testing Technician,33-2021.00,Fire Inspectors and Investigators,partial
313936,Non-destructive Testing Technician,33-2022.00,Forest Fire Inspectors and Prevention Specialists,partial
313936,Non-destructive Testing Technician,53-6041.00,Traffic Technicians,partial
313937,Other Draftsperson,17-3011.00,Architectural and Civil Drafters,partial
313937,Other Draftsperson,17-3012.00,Electrical and Electronics Drafters,partial
313937,Other Draftsperson,17-3013.00,Mechanical Drafters,partial
313937,Other Draftsperson,17-3019.00,"Drafters, All Other",partial
313937,Other Draftsperson,27-1013.00,"Fine Artists, Including Painters, Sculptors, and Illustrators",partial
313999,Engineering Technicians nec,17-3028.00,Calibration Technologists and Technicians,partial
313999,Engineering Technicians nec,17-3029.00,"Engineering Technologists and Technicians, Except Drafters, All Other",partial
313999,Engineering Technicians nec,17-3029.01,Non-Destructive Testing Specialists,partial
313999,Engineering Technicians nec,17-3029.08,Photonics Technicians,partial
313999,Engineering Technicians nec,17-3025.00,Environmental Engineering Technologists and Technicians,partial
313999,Engineering Technicians nec,17-3026.00,Industrial Engineering Technologists and Technicians,partial
313999,Engineering Technicians nec,17-3026.01,Nanotechnology Engineering Technologists and Technicians,partial
313999,Engineering Technicians nec,19-4051.00,Nuclear Technicians,partial
313999,Engineering Technicians nec,19-4051.02,Nuclear Monitoring Technicians,partial
313999,Engineering Technicians nec,19-4092.00,Forensic Science Technicians,partial
313999,Engineering Technicians nec,19-4044.00,Hydrologic Technicians,partial
313999,Engineering Technicians nec,19-4099.00,"Life, Physical, and Social Science Technicians, All Other",partial
313999,Engineering Technicians nec,19-4099.01,Quality Control Analysts,partial
313999,Engineering Technicians nec,19-4099.03,Remote Sensing Technicians,partial
313999,Engineering Technicians nec,33-1021.00,First-Line Supervisors of Firefighting and Prevention Workers,partial
313999,Engineering Technicians nec,33-2021.00,Fire Inspectors and Investigators,partial
313999,Engineering Technicians nec,33-2022.00,Forest Fire Inspectors and Prevention Specialists,partial
313999,Engineering Technicians nec,53-6041.00,Traffic Technicians,partial
314131,ICT Hardware Technician,49-1011.00,"First-Line Supervisors of Mechanics, Installers, and Repairers",partial
314131,ICT Hardware Technician,49-2011.00,"Computer, Automated Teller, and Office Machine Repairers",partial
314131,ICT Hardware Technician,49-2021.00,"Radio, Cellular, and Tower Equipment Installers and Repairers",partial
314131,ICT Hardware Technician,49-2022.00,"Telecommunications Equipment Installers and Repairers, Except Line Installers",partial
314131,ICT Hardware Technician,49-2093.00,"Electrical and Electronics Installers and Repairers, Transportation Equipment",partial
314131,ICT Hardware Technician,49-9052.00,Telecommunications Line Installers and Repairers,partial
314131,ICT Hardware Technician,49-2097.00,Audiovisual Equipment Installers and Repairers,partial
314132,Radiocommunications Technician,17-3023.00,Electrical and Electronic Engineering Technologists and Technicians,partial
314133,Telecommunications Field Engineer,17-3023.00,Electrical and Electronic Engineering Technologists and Technicians,exact
314134,Telecommunications Network Designer,17-3023.00,Electrical and Electronic Engineering Technologists and Technicians,exact
314135,Telecommunications Technical Officer or Technologist,17-3023.00,Electrical and Electronic Engineering Technologists and Technicians,exact
314136,Web Administrator,15-1254.00,Web Developers,partial
314136,Web Administrator,15-1255.00,Web and Digital Interface Designers,partial
314136,Web Administrator,15-1255.01,Video Game Designers,partial
314136,Web Administrator,15-1244.00,Network and Computer Systems Administrators,partial
314199,ICT and Telecommunications Technicians nec,15-1299.00,"Computer Occupations, All Other",partial
314199,ICT and Telecommunications Technicians nec,15-1299.01,Web Administrators,partial
314199,ICT and Telecommunications Technicians nec,15-1299.02,Geographic Information Systems Technologists and Technicians,partial
314199,ICT and Telecommunications Technicians nec,15-1299.03,Document Management Specialists,partial
314199,ICT and Telecommunications Technicians nec,15-1299.04,Penetration Testers,partial
314199,ICT and Telecommunications Technicians nec,15-1299.05,Information Security Engineers,partial
314199,ICT and Telecommunications Technicians nec,15-1299.06,Digital Forensics Analysts,partial
314199,ICT and Telecommunications Technicians nec,15-1299.07,Blockchain Engineers,partial
314199,ICT and Telecommunications Technicians nec,15-1299.08,Computer Systems Engineers/Architects,partial
314199,ICT and Telecommunications Technicians nec,15-1299.09,Information Technology Project Managers,partial
314199,ICT and Telecommunications Technicians nec,49-1011.00,"First-Line Supervisors of Mechanics, Installers, and Repairers",partial
314199,ICT and Telecommunications Technicians nec,49-2011.00,"Computer, Automated Teller, and Office Machine Repairers",partial
314199,ICT and Telecommunications Technicians nec,49-2021.00,"Radio, Cellular, and Tower Equipment Installers and Repairers",partial
314199,ICT and Telecommunications Technicians nec,49-2022.00,"Telecommunications Equipment Installers and Repairers, Except Line Installers",partial
314199,ICT and Telecommunications Technicians nec,49-2093.00,"Electrical and Electronics Installers and Repairers, Transportation Equipment",partial
314199,ICT and Telecommunications Technicians nec,49-9052.00,Telecommunications Line Installers and Repairers,partial
314199,ICT and Telecommunications Technicians nec,49-2097.00,Audiovisual Equipment Installers and Repairers,partial
314231,ICT Customer Support Officer,15-1232.00,Computer User Support Specialists,partial
314231,ICT Customer Support Officer,15-1231.00,Computer Network Support Specialists,partial
321131,Chef,35-1011.00,Chefs and Head Cooks,partial
321131,Chef,35-1012.00,First-Line Supervisors of Food Preparation and Serving Workers,partial
322131,Baker,51-3011.00,Bakers,exact
322231,Butcher or Smallgoods Maker,51-3021.00,Butchers and Meat Cutters,partial
322231,Butcher or Smallgoods Maker,51-3022.00,"Meat, Poultry, and Fish Cutters and Trimmers",partial
322231,Butcher or Smallgoods Maker,51-3023.00,Slaughterers and Meat Packers,partial
322231,Butcher or Smallgoods Maker,51-3091.00,"Food and Tobacco Roasting, Baking, and Drying Machine Operators and Tenders",partial
322331,Cook,35-1012.00,First-Line Supervisors of Food Preparation and Serving Workers,partial
322331,Cook,35-2012.00,"Cooks, Institution and Cafeteria",partial
322331,Cook,35-2013.00,"Cooks, Private Household",partial
322331,Cook,35-2014.00,"Cooks, Restaurant",partial
322331,Cook,35-2015.00,"Cooks, Short Order",partial
322331,Cook,35-2019.00,"Cooks, All Other",partial
322431,Pastrycook,51-3011.00,Bakers,exact
331131,Metal Fabricator,51-4121.00,"Welders, Cutters, Solderers, and Brazers",partial
331131,Metal Fabricator,51-4122.00,"Welding, Soldering, and Brazing Machine Setters, Operators, and Tenders",partial
331131,Metal Fabricator,47-2011.00,Boilermakers,partial
331131,Metal Fabricator,47-2211.00,Sheet Metal Workers,partial
331131,Metal Fabricator,51-4192.00,"Layout Workers, Metal and Plastic",partial
331131,Metal Fabricator,47-2171.00,Reinforcing Iron and Rebar Workers,partial
331131,Metal Fabricator,47-2221.00,Structural Iron and Steel Workers,partial
331131,Metal Fabricator,51-2041.00,Structural Metal Fabricators and Fitters,partial
331132,Pressure Welder,51-4121.00,"Welders, Cutters, Solderers, and Brazers",partial
331132,Pressure Welder,51-4122.00,"Welding, Soldering, and Brazing Machine Setters, Operators, and Tenders",partial
331133,Welder (First Class),51-4121.00,"Welders, Cutters, Solderers, and Brazers",partial
331133,Welder (First Class),51-4122.00,"Welding, Soldering, and Brazing Machine Setters, Operators, and Tenders",partial
331931,Blacksmith,51-4022.00,"Forging Machine Setters, Operators, and Tenders, Metal and Plastic",partial
331931,Blacksmith,51-4199.00,"Metal Workers and Plastic Workers, All Other",partial
331932,Electroplater,51-4193.00,"Plating Machine Setters, Operators, and Tenders, Metal and Plastic",partial
331932,Electroplater,51-9124.00,"Coating, Painting, and Spraying Machine Setters, Operators, and Tenders",partial
331932,Electroplater,51-9192.00,"Cleaning, Washing, and Metal Pickling Equipment Operators and Tenders",partial
331933,Farrier,51-4022.00,"Forging Machine Setters, Operators, and Tenders, Metal and Plastic",partial
331933,Farrier,51-4199.00,"Metal Workers and Plastic Workers, All Other",partial
331934,Metal Casting Trades Worker,51-4071.00,Foundry Mold and Coremakers,partial
331934,Metal Casting Trades Worker,51-4072.00,"Molding, Coremaking, and Casting Machine Setters, Operators, and Tenders, Metal and Plastic",partial
331935,Metal Polisher,51-4194.00,"Tool Grinders, Filers, and Sharpeners",partial
331935,Metal Polisher,51-9022.00,"Grinding and Polishing Workers, Hand",partial
331936,Sheetmetal Worker,47-2011.00,Boilermakers,partial
331936,Sheetmetal Worker,47-2211.00,Sheet Metal Workers,partial
331936,Sheetmetal Worker,51-4192.00,"Layout Workers, Metal and Plastic",partial
332131,Aircraft Maintenance Technician (Avionics),49-1011.00,"First-Line Supervisors of Mechanics, Installers, and Repairers",partial
332131,Aircraft Maintenance Technician (Avionics),49-2011.00,"Computer, Automated Teller, and Office Machine Repairers",partial
332131,Aircraft Maintenance Technician (Avionics),49-2091.00,Avionics Technicians,partial
332131,Aircraft Maintenance Technician (Avionics),49-2093.00,"Electrical and Electronics Installers and Repairers, Transportation Equipment",partial
332131,Aircraft Maintenance Technician (Avionics),49-2094.00,"Electrical and Electronics Repairers, Commercial and Industrial Equipment",partial
332131,Aircraft Maintenance Technician (Avionics),49-2095.00,"Electrical and Electronics Repairers, Powerhouse, Substation, and Relay",partial
332131,Aircraft Maintenance Technician (Avionics),49-2096.00,"Electronic Equipment Installers and Repairers, Motor Vehicles",partial
332132,Aircraft Maintenance Technician (Mechanical),49-1011.00,"First-Line Supervisors of Mechanics, Installers, and Repairers",partial
332132,Aircraft Maintenance Technician (Mechanical),49-3011.00,Aircraft Mechanics and Service Technicians,partial
332133,Aircraft Maintenance Technician (Structures),47-2011.00,Boilermakers,partial
332133,Aircraft Maintenance Technician (Structures),47-2211.00,Sheet Metal Workers,partial
332133,Aircraft Maintenance Technician (Structures),51-4192.00,"Layout Workers, Metal and Plastic",partial
332134,Licensed Aircraft Maintenance Engineer,49-1011.00,"First-Line Supervisors of Mechanics, Installers, and Repairers",partial
332134,Licensed Aircraft Maintenance Engineer,49-3011.00,Aircraft Mechanics and Service Technicians,partial
332134,Licensed Aircraft Maintenance Engineer,49-2011.00,"Computer, Automated Teller, and Office Machine Repairers",partial
332134,Licensed Aircraft Maintenance Engineer,49-2091.00,Avionics Technicians,partial
332134,Licensed Aircraft Maintenance Engineer,49-2093.00,"Electrical and Electronics Installers and Repairers, Transportation Equipment",partial
332134,Licensed Aircraft Maintenance Engineer,49-2094.00,"Electrical and Electronics Repairers, Commercial and Industrial Equipment",partial
332134,Licensed Aircraft Maintenance Engineer,49-2095.00,"Electrical and Electronics Repairers, Powerhouse, Substation, and Relay",partial
332134,Licensed Aircraft Maintenance Engineer,49-2096.00,"Electronic Equipment Installers and Repairers, Motor Vehicles",partial
332231,Fitter (General),51-9161.00,Computer Numerically Controlled Tool Operators,partial
332231,Fitter (General),51-4021.00,"Extruding and Drawing Machine Setters, Operators, and Tenders, Metal and Plastic",partial
332231,Fitter (General),51-4022.00,"Forging Machine Setters, Operators, and Tenders, Metal and Plastic",partial
332231,Fitter (General),51-4023.00,"Rolling Machine Setters, Operators, and Tenders, Metal and Plastic",partial
332231,Fitter (General),51-4031.00,"Cutting, Punching, and Press Machine Setters, Operators, and Tenders, Metal and Plastic",partial
332231,Fitter (General),51-4032.00,"Drilling and Boring Machine Tool Setters, Operators, and Tenders, Metal and Plastic",partial
332231,Fitter (General),51-4033.00,"Grinding, Lapping, Polishing, and Buffing Machine Tool Setters, Operators, and Tenders, Metal and Plastic",partial
332231,Fitter (General),51-4034.00,"Lathe and Turning Machine Tool Setters, Operators, and Tenders, Metal and Plastic",partial
332231,Fitter (General),51-4035.00,"Milling and Planing Machine Setters, Operators, and Tenders, Metal and Plastic",partial
332231,Fitter (General),51-4041.00,Machinists,partial
332231,Fitter (General),51-4081.00,"Multiple Machine Tool Setters, Operators, and Tenders, Metal and Plastic",partial
332231,Fitter (General),51-4199.00,"Metal Workers and Plastic Workers, All Other",partial
332231,Fitter (General),49-1011.00,"First-Line Supervisors of Mechanics, Installers, and Repairers",partial
332231,Fitter (General),49-3041.00,Farm Equipment Mechanics and Service Technicians,partial
332231,Fitter (General),49-3042.00,"Mobile Heavy Equipment Mechanics, Except Engines",partial
332231,Fitter (General),49-3043.00,Rail Car Repairers,partial
332231,Fitter (General),49-9041.00,Industrial Machinery Mechanics,partial
332231,Fitter (General),49-9043.00,"Maintenance Workers, Machinery",partial
332231,Fitter (General),49-9044.00,Millwrights,partial
332231,Fitter (General),49-9045.00,"Refractory Materials Repairers, Except Brickmasons",partial
332231,Fitter (General),49-9081.00,Wind Turbine Service Technicians,partial
332232,Fitter and Turner,51-9161.00,Computer Numerically Controlled Tool Operators,partial
332232,Fitter and Turner,51-4021.00,"Extruding and Drawing Machine Setters, Operators, and Tenders, Metal and Plastic",partial
332232,Fitter and Turner,51-4022.00,"Forging Machine Setters, Operators, and Tenders, Metal and Plastic",partial
332232,Fitter and Turner,51-4023.00,"Rolling Machine Setters, Operators, and Tenders, Metal and Plastic",partial
332232,Fitter and Turner,51-4031.00,"Cutting, Punching, and Press Machine Setters, Operators, and Tenders, Metal and Plastic",partial
332232,Fitter and Turner,51-4032.00,"Drilling and Boring Machine Tool Setters, Operators, and Tenders, Metal and Plastic",partial
332232,Fitter and Turner,51-4033.00,"Grinding, Lapping, Polishing, and Buffing Machine Tool Setters, Operators, and Tenders, Metal and Plastic",partial
332232,Fitter and Turner,51-4034.00,"Lathe and Turning Machine Tool Setters, Operators, and Tenders, Metal and Plastic",partial
332232,Fitter and Turner,51-4035.00,"Milling and Planing Machine Setters, Operators, and Tenders, Metal and Plastic",partial
332232,Fitter and Turner,51-4041.00,Machinists,partial
332232,Fitter and Turner,51-4081.00,"Multiple Machine Tool Setters, Operators, and Tenders, Metal and Plastic",partial
332232,Fitter and Turner,51-4199.00,"Metal Workers and Plastic Workers, All Other",partial
332233,Fitter-Welder,51-4121.00,"Welders, Cutters, Solderers, and Brazers",partial
332233,Fitter-Welder,51-4122.00,"Welding, Soldering, and Brazing Machine Setters, Operators, and Tenders",partial
332234,Metal Machinist (First Class),51-9161.00,Computer Numerically Controlled Tool Operators,partial
332234,Metal Machinist (First Class),51-4021.00,"Extruding and Drawing Machine Setters, Operators, and Tenders, Metal and Plastic",partial
332234,Metal Machinist (First Class),51-4022.00,"Forging Machine Setters, Operators, and Tenders, Metal and Plastic",partial
332234,Metal Machinist (First Class),51-4023.00,"Rolling Machine Setters, Operators, and Tenders, Metal and Plastic",partial
332234,Metal Machinist (First Class),51-4031.00,"Cutting, Punching, and Press Machine Setters, Operators, and Tenders, Metal and Plastic",partial
332234,Metal Machinist (First Class),51-4032.00,"Drilling and Boring Machine Tool Setters, Operators, and Tenders, Metal and Plastic",partial
332234,Metal Machinist (First Class),51-4033.00,"Grinding, Lapping, Polishing, and Buffing Machine Tool Setters, Operators, and Tenders, Metal and Plastic",partial
332234,Metal Machinist (First Class),51-4034.00,"Lathe and Turning Machine Tool Setters, Operators, and Tenders, Metal and Plastic",partial
332234,Metal Machinist (First Class),51-4035.00,"Milling and Planing Machine Setters, Operators, and Tenders, Metal and Plastic",partial
332234,Metal Machinist (First Class),51-4041.00,Machinists,partial
332234,Metal Machinist (First Class),51-4081.00,"Multiple Machine Tool Setters, Operators, and Tenders, Metal and Plastic",partial
332234,Metal Machinist (First Class),51-4199.00,"Metal Workers and Plastic Workers, All Other",partial
332299,Metal Fitters and Machinists nec,49-1011.00,"First-Line Supervisors of Mechanics, Installers, and Repairers",partial
332299,Metal Fitters and Machinists nec,49-3041.00,Farm Equipment Mechanics and Service Technicians,partial
332299,Metal Fitters and Machinists nec,49-3042.00,"Mobile Heavy Equipment Mechanics, Except Engines",partial
332299,Metal Fitters and Machinists nec,49-3043.00,Rail Car Repairers,partial
332299,Metal Fitters and Machinists nec,49-9041.00,Industrial Machinery Mechanics,partial
332299,Metal Fitters and Machinists nec,49-9043.00,"Maintenance Workers, Machinery",partial
332299,Metal Fitters and Machinists nec,49-9044.00,Millwrights,partial
332299,Metal Fitters and Machinists nec,49-9045.00,"Refractory Materials Repairers, Except Brickmasons",partial
332299,Metal Fitters and Machinists nec,49-9081.00,Wind Turbine Service Technicians,partial
332331,Engineering Patternmaker,49-9094.00,Locksmiths and Safe Repairers,partial
332331,Engineering Patternmaker,51-9162.00,Computer Numerically Controlled Tool Programmers,partial
332331,Engineering Patternmaker,51-4061.00,"Model Makers, Metal and Plastic",partial
332331,Engineering Patternmaker,51-4062.00,"Patternmakers, Metal and Plastic",partial
332331,Engineering Patternmaker,51-4111.00,Tool and Die Makers,partial
332331,Engineering Patternmaker,51-4192.00,"Layout Workers, Metal and Plastic",partial
332332,Engraver,51-9123.00,"Painting, Coating, and Decorating Workers",partial
332332,Engraver,51-9194.00,Etchers and Engravers,partial
332333,Gunsmith,49-9094.00,Locksmiths and Safe Repairers,partial
332333,Gunsmith,51-9162.00,Computer Numerically Controlled Tool Programmers,partial
332333,Gunsmith,51-4061.00,"Model Makers, Metal and Plastic",partial
332333,Gunsmith,51-4062.00,"Patternmakers, Metal and Plastic",partial
332333,Gunsmith,51-4111.00,Tool and Die Makers,partial
332333,Gunsmith,51-4192.00,"Layout Workers, Metal and Plastic",partial
332334,Locksmith,49-9094.00,Locksmiths and Safe Repairers,partial
332334,Locksmith,51-9162.00,Computer Numerically Controlled Tool Programmers,partial
332334,Locksmith,51-4061.00,"Model Makers, Metal and Plastic",partial
332334,Locksmith,51-4062.00,"Patternmakers, Metal and Plastic",partial
332334,Locksmith,51-4111.00,Tool and Die Makers,partial
332334,Locksmith,51-4192.00,"Layout Workers, Metal and Plastic",partial
332335,Precision Instrument Maker and Repairer,49-1011.00,"First-Line Supervisors of Mechanics, Installers, and Repairers",partial
332335,Precision Instrument Maker and Repairer,49-9061.00,Camera and Photographic Equipment Repairers,partial
332335,Precision Instrument Maker and Repairer,49-9062.00,Medical Equipment Repairers,partial
332335,Precision Instrument Maker and Repairer,49-9064.00,Watch and Clock Repairers,partial
332335,Precision Instrument Maker and Repairer,49-9069.00,"Precision Instrument and Equipment Repairers, All Other",partial
332336,Saw Technician,49-9094.00,Locksmiths and Safe Repairers,partial
332336,Saw Technician,51-9162.00,Computer Numerically Controlled Tool Programmers,partial
332336,Saw Technician,51-4061.00,"Model Makers, Metal and Plastic",partial
332336,Saw Technician,51-4062.00,"Patternmakers, Metal and Plastic",partial
332336,Saw Technician,51-4111.00,Tool and Die Makers,partial
332336,Saw Technician,51-4192.00,"Layout Workers, Metal and Plastic",partial
332336,Saw Technician,51-4194.00,"Tool Grinders, Filers, and Sharpeners",partial
332336,Saw Technician,51-9022.00,"Grinding and Polishing Workers, Hand",partial
332337,Toolmaker,49-9094.00,Locksmiths and Safe Repairers,partial
332337,Toolmaker,51-9162.00,Computer Numerically Controlled Tool Programmers,partial
332337,Toolmaker,51-4061.00,"Model Makers, Metal and Plastic",partial
332337,Toolmaker,51-4062.00,"Patternmakers, Metal and Plastic",partial
332337,Toolmaker,51-4111.00,Tool and Die Makers,partial
332337,Toolmaker,51-4192.00,"Layout Workers, Metal and Plastic",partial
332338,Watch and Clock Maker and Repairer,49-1011.00,"First-Line Supervisors of Mechanics, Installers, and Repairers",partial
332338,Watch and Clock Maker and Repairer,49-9061.00,Camera and Photographic Equipment Repairers,partial
332338,Watch and Clock Maker and Repairer,49-9062.00,Medical Equipment Repairers,partial
332338,Watch and Clock Maker and Repairer,49-9064.00,Watch and Clock Repairers,partial
332338,Watch and Clock Maker and Repairer,49-9069.00,"Precision Instrument and Equipment Repairers, All Other",partial
341131,Dog Handler or Trainer,31-9096.00,Veterinary Assistants and Laboratory Animal Caretakers,partial
341131,Dog Handler or Trainer,39-1014.00,"First-Line Supervisors of Entertainment and Recreation Workers, Except Gambling Services",partial
341131,Dog Handler or Trainer,39-1022.00,First-Line Supervisors of Personal Service Workers,partial
341131,Dog Handler or Trainer,53-1044.00,First-Line Supervisors of Passenger Attendants,partial
341131,Dog Handler or Trainer,39-2011.00,Animal Trainers,partial
341131,Dog Handler or Trainer,39-2021.00,Animal Caretakers,partial
341132,Horse Trainer,31-9096.00,Veterinary Assistants and Laboratory Animal Caretakers,partial
341132,Horse Trainer,39-1014.00,"First-Line Supervisors of Entertainment and Recreation Workers, Except Gambling Services",partial
341132,Horse Trainer,39-1022.00,First-Line Supervisors of Personal Service Workers,partial
341132,Horse Trainer,53-1044.00,First-Line Supervisors of Passenger Attendants,partial
341132,Horse Trainer,39-2011.00,Animal Trainers,partial
341132,Horse Trainer,39-2021.00,Animal Caretakers,partial
341133,Track Rider,45-1011.00,"First-Line Supervisors of Farming, Fishing, and Forestry Workers",partial
341133,Track Rider,45-2021.00,Animal Breeders,partial
341134,Zookeeper,31-9096.00,Veterinary Assistants and Laboratory Animal Caretakers,partial
341134,Zookeeper,39-1014.00,"First-Line Supervisors of Entertainment and Recreation Workers, Except Gambling Services",partial
341134,Zookeeper,39-1022.00,First-Line Supervisors of Personal Service Workers,partial
341134,Zookeeper,53-1044.00,First-Line Supervisors of Passenger Attendants,partial
341134,Zookeeper,39-2011.00,Animal Trainers,partial
341134,Zookeeper,39-2021.00,Animal Caretakers,partial
341199,Animal Trainers and Zookeepers nec,31-9096.00,Veterinary Assistants and Laboratory Animal Caretakers,partial
341199,Animal Trainers and Zookeepers nec,39-1014.00,"First-Line Supervisors of Entertainment and Recreation Workers, Except Gambling Services",partial
341199,Animal Trainers and Zookeepers nec,39-1022.00,First-Line Supervisors of Personal Service Workers,partial
341199,Animal Trainers and Zookeepers nec,53-1044.00,First-Line Supervisors of Passenger Attendants,partial
341199,Animal Trainers and Zookeepers nec,39-2011.00,Animal Trainers,partial
341199,Animal Trainers and Zookeepers nec,39-2021.00,Animal Caretakers,partial
341231,Veterinary Nurse,29-2056.00,Veterinary Technologists and Technicians,partial
341231,Veterinary Nurse,31-9096.00,Veterinary Assistants and Laboratory Animal Caretakers,partial
341231,Veterinary Nurse,39-1014.00,"First-Line Supervisors of Entertainment and Recreation Workers, Except Gambling Services",partial
341231,Veterinary Nurse,39-1022.00,First-Line Supervisors of Personal Service Workers,partial
341231,Veterinary Nurse,53-1044.00,First-Line Supervisors of Passenger Attendants,partial
341231,Veterinary Nurse,39-2011.00,Animal Trainers,partial
341231,Veterinary Nurse,39-2021.00,Animal Caretakers,partial
342131,Gardener (General),37-1012.00,"First-Line Supervisors of Landscaping, Lawn Service, and Groundskeeping Workers",partial
342131,Gardener (General),37-3013.00,Tree Trimmers and Pruners,partial
342131,Gardener (General),45-2091.00,Agricultural Equipment Operators,partial
342231,Arborist,37-1012.00,"First-Line Supervisors of Landscaping, Lawn Service, and Groundskeeping Workers",partial
342231,Arborist,37-3013.00,Tree Trimmers and Pruners,partial
342231,Arborist,45-2091.00,Agricultural Equipment Operators,partial
342232,Tree Worker,37-1012.00,"First-Line Supervisors of Landscaping, Lawn Service, and Groundskeeping Workers",partial
342232,Tree Worker,37-3013.00,Tree Trimmers and Pruners,partial
342232,Tree Worker,45-2091.00,Agricultural Equipment Operators,partial
342331,Florist,27-1023.00,Floral Designers,partial
342331,Florist,51-9083.00,Ophthalmic Laboratory Technicians,partial
342431,Irrigation Technician,37-1012.00,"First-Line Supervisors of Landscaping, Lawn Service, and Groundskeeping Workers",partial
342431,Irrigation Technician,37-3013.00,Tree Trimmers and Pruners,partial
342431,Irrigation Technician,45-2091.00,Agricultural Equipment Operators,partial
342432,Landscape Gardener,37-1012.00,"First-Line Supervisors of Landscaping, Lawn Service, and Groundskeeping Workers",partial
342432,Landscape Gardener,37-3013.00,Tree Trimmers and Pruners,partial
342432,Landscape Gardener,45-2091.00,Agricultural Equipment Operators,partial
342531,Sports Turf Manager,37-1012.00,"First-Line Supervisors of Landscaping, Lawn Service, and Groundskeeping Workers",partial
342531,Sports Turf Manager,37-3013.00,Tree Trimmers and Pruners,partial
342531,Sports Turf Manager,45-2091.00,Agricultural Equipment Operators,partial
342532,Sports Turf Trades Worker,37-1012.00,"First-Line Supervisors of Landscaping, Lawn Service, and Groundskeeping Workers",partial
342532,Sports Turf Trades Worker,37-3013.00,Tree Trimmers and Pruners,partial
342532,Sports Turf Trades Worker,45-2091.00,Agricultural Equipment Operators,partial
342931,Nurseryperson,37-1012.00,"First-Line Supervisors of Landscaping, Lawn Service, and Groundskeeping Workers",partial
342931,Nurseryperson,37-3013.00,Tree Trimmers and Pruners,partial
342931,Nurseryperson,45-2091.00,Agricultural Equipment Operators,partial
343131,Aquaculture Supervisor,45-1011.00,"First-Line Supervisors of Farming, Fishing, and Forestry Workers",partial
343131,Aquaculture Supervisor,45-2021.00,Animal Breeders,partial
343132,Fishing Leading Hand,45-1011.00,"First-Line Supervisors of Farming, Fishing, and Forestry Workers",partial
343132,Fishing Leading Hand,45-3031.00,Fishing and Hunting Workers,partial
343133,Forestry Operations Supervisor,45-1011.00,"First-Line Supervisors of Farming, Fishing, and Forestry Workers",partial
343133,Forestry Operations Supervisor,45-4011.00,Forest and Conservation Workers,partial
343133,Forestry Operations Supervisor,45-4021.00,Fallers,partial
343133,Forestry Operations Supervisor,45-4022.00,Logging Equipment Operators,partial
343133,Forestry Operations Supervisor,45-4023.00,Log Graders and Scalers,partial
343133,Forestry Operations Supervisor,45-4029.00,"Logging Workers, All Other",partial
343134,Horticultural Supervisor or Specialist,45-1011.00,"First-Line Supervisors of Farming, Fishing, and Forestry Workers",partial
343134,Horticultural Supervisor or Specialist,45-2091.00,Agricultural Equipment Operators,partial
343134,Horticultural Supervisor or Specialist,37-1012.00,"First-Line Supervisors of Landscaping, Lawn Service, and Groundskeeping Workers",partial
343134,Horticultural Supervisor or Specialist,37-3013.00,Tree Trimmers and Pruners,partial
343135,Senior Broadacre Crop and Livestock Farm Worker,45-1011.00,"First-Line Supervisors of Farming, Fishing, and Forestry Workers",partial
343135,Senior Broadacre Crop and Livestock Farm Worker,45-2021.00,Animal Breeders,partial
343135,Senior Broadacre Crop and Livestock Farm Worker,45-2091.00,Agricultural Equipment Operators,partial
343136,Senior Broadacre Crop Farm Worker,45-1011.00,"First-Line Supervisors of Farming, Fishing, and Forestry Workers",partial
343136,Senior Broadacre Crop Farm Worker,45-2091.00,Agricultural Equipment Operators,partial
343137,Vineyard Supervisor,45-1011.00,"First-Line Supervisors of Farming, Fishing, and Forestry Workers",partial
343137,Vineyard Supervisor,45-2091.00,Agricultural Equipment Operators,partial
343199,"Senior Aquaculture, Crop and Forestry Workers nec",45-1011.00,"First-Line Supervisors of Farming, Fishing, and Forestry Workers",partial
343199,"Senior Aquaculture, Crop and Forestry Workers nec",45-2091.00,Agricultural Equipment Operators,partial
343231,Senior Beef Cattle Station Worker,45-1011.00,"First-Line Supervisors of Farming, Fishing, and Forestry Workers",partial
343231,Senior Beef Cattle Station Worker,45-2021.00,Animal Breeders,partial
343232,Senior Cattle and Sheep Farm Worker,45-1011.00,"First-Line Supervisors of Farming, Fishing, and Forestry Workers",partial
343232,Senior Cattle and Sheep Farm Worker,45-2021.00,Animal Breeders,partial
343233,Senior Dairy Cattle Farm Worker,45-1011.00,"First-Line Supervisors of Farming, Fishing, and Forestry Workers",partial
343233,Senior Dairy Cattle Farm Worker,45-2021.00,Animal Breeders,partial
343234,Senior Horse Stable or Stud Worker,45-1011.00,"First-Line Supervisors of Farming, Fishing, and Forestry Workers",partial
343234,Senior Horse Stable or Stud Worker,45-2021.00,Animal Breeders,partial
343235,Senior Piggery Stockperson,45-1011.00,"First-Line Supervisors of Farming, Fishing, and Forestry Workers",partial
343235,Senior Piggery Stockperson,45-2021.00,Animal Breeders,partial
343236,Senior Sheep Farm Worker,45-1011.00,"First-Line Supervisors of Farming, Fishing, and Forestry Workers",partial
343236,Senior Sheep Farm Worker,45-2021.00,Animal Breeders,partial
343299,Senior Livestock Farm Workers nec,45-1011.00,"First-Line Supervisors of Farming, Fishing, and Forestry Workers",partial
343299,Senior Livestock Farm Workers nec,45-2021.00,Animal Breeders,partial
343331,Shearer,45-1011.00,"First-Line Supervisors of Farming, Fishing, and Forestry Workers",partial
343331,Shearer,45-2021.00,Animal Breeders,partial
343332,Wool Classer,51-9061.00,"Inspectors, Testers, Sorters, Samplers, and Weighers",exact
351131,Automotive Technician (General),49-1011.00,"First-Line Supervisors of Mechanics, Installers, and Repairers",partial
351131,Automotive Technician (General),49-3021.00,Automotive Body and Related Repairers,partial
351131,Automotive Technician (General),49-3022.00,Automotive Glass Installers and Repairers,partial
351131,Automotive Technician (General),49-3023.00,Automotive Service Technicians and Mechanics,partial
351131,Automotive Technician (General),49-3031.00,Bus and Truck Mechanics and Diesel Engine Specialists,partial
351131,Automotive Technician (General),49-3051.00,Motorboat Mechanics and Service Technicians,partial
351131,Automotive Technician (General),49-3052.00,Motorcycle Mechanics,partial
351131,Automotive Technician (General),49-3053.00,Outdoor Power Equipment and Other Small Engine Mechanics,partial
351131,Automotive Technician (General),49-3092.00,Recreational Vehicle Service Technicians,partial
351131,Automotive Technician (General),49-3093.00,Tire Repairers and Changers,partial
351231,Automotive Electrician,47-4021.00,Elevator and Escalator Installers and Repairers,partial
351231,Automotive Electrician,49-1011.00,"First-Line Supervisors of Mechanics, Installers, and Repairers",partial
351231,Automotive Electrician,49-2092.00,"Electric Motor, Power Tool, and Related Repairers",partial
351231,Automotive Electrician,49-2093.00,"Electrical and Electronics Installers and Repairers, Transportation Equipment",partial
351231,Automotive Electrician,49-2094.00,"Electrical and Electronics Repairers, Commercial and Industrial Equipment",partial
351231,Automotive Electrician,49-2095.00,"Electrical and Electronics Repairers, Powerhouse, Substation, and Relay",partial
351231,Automotive Electrician,49-2096.00,"Electronic Equipment Installers and Repairers, Motor Vehicles",partial
351231,Automotive Electrician,49-2098.00,Security and Fire Alarm Systems Installers,partial
351231,Automotive Electrician,49-3053.00,Outdoor Power Equipment and Other Small Engine Mechanics,partial
351231,Automotive Electrician,49-9011.00,Mechanical Door Repairers,partial
351231,Automotive Electrician,49-9012.00,"Control and Valve Installers and Repairers, Except Mechanical Door",partial
351231,Automotive Electrician,49-9031.00,Home Appliance Repairers,partial
351231,Automotive Electrician,49-9097.00,Signal and Track Switch Repairers,partial
351331,Panelbeater,47-2011.00,Boilermakers,partial
351331,Panelbeater,47-2211.00,Sheet Metal Workers,partial
351331,Panelbeater,51-4192.00,"Layout Workers, Metal and Plastic",partial
351431,Agricultural Mechanic,49-1011.00,"First-Line Supervisors of Mechanics, Installers, and Repairers",partial
351431,Agricultural Mechanic,49-3041.00,Farm Equipment Mechanics and Service Technicians,partial
351431,Agricultural Mechanic,49-3042.00,"Mobile Heavy Equipment Mechanics, Except Engines",partial
351431,Agricultural Mechanic,49-3043.00,Rail Car Repairers,partial
351431,Agricultural Mechanic,49-9041.00,Industrial Machinery Mechanics,partial
351431,Agricultural Mechanic,49-9043.00,"Maintenance Workers, Machinery",partial
351431,Agricultural Mechanic,49-9044.00,Millwrights,partial
351431,Agricultural Mechanic,49-9045.00,"Refractory Materials Repairers, Except Brickmasons",partial
351431,Agricultural Mechanic,49-9081.00,Wind Turbine Service Technicians,partial
351432,Bicycle Technician,49-1011.00,"First-Line Supervisors of Mechanics, Installers, and Repairers",partial
351432,Bicycle Technician,49-3091.00,Bicycle Repairers,partial
351433,Diesel Technician,49-1011.00,"First-Line Supervisors of Mechanics, Installers, and Repairers",partial
351433,Diesel Technician,49-3021.00,Automotive Body and Related Repairers,partial
351433,Diesel Technician,49-3022.00,Automotive Glass Installers and Repairers,partial
351433,Diesel Technician,49-3023.00,Automotive Service Technicians and Mechanics,partial
351433,Diesel Technician,49-3031.00,Bus and Truck Mechanics and Diesel Engine Specialists,partial
351433,Diesel Technician,49-3051.00,Motorboat Mechanics and Service Technicians,partial
351433,Diesel Technician,49-3052.00,Motorcycle Mechanics,partial
351433,Diesel Technician,49-3053.00,Outdoor Power Equipment and Other Small Engine Mechanics,partial
351433,Diesel Technician,49-3092.00,Recreational Vehicle Service Technicians,partial
351433,Diesel Technician,49-3093.00,Tire Repairers and Changers,partial
351434,Electric Vehicle Technician,47-4021.00,Elevator and Escalator Installers and Repairers,partial
351434,Electric Vehicle Technician,49-1011.00,"First-Line Supervisors of Mechanics, Installers, and Repairers",partial
351434,Electric Vehicle Technician,49-2092.00,"Electric Motor, Power Tool, and Related Repairers",partial
351434,Electric Vehicle Technician,49-2093.00,"Electrical and Electronics Installers and Repairers, Transportation Equipment",partial
351434,Electric Vehicle Technician,49-2094.00,"Electrical and Electronics Repairers, Commercial and Industrial Equipment",partial
351434,Electric Vehicle Technician,49-2095.00,"Electrical and Electronics Repairers, Powerhouse, Substation, and Relay",partial
351434,Electric Vehicle Technician,49-2096.00,"Electronic Equipment Installers and Repairers, Motor Vehicles",partial
351434,Electric Vehicle Technician,49-2098.00,Security and Fire Alarm Systems Installers,partial
351434,Electric Vehicle Technician,49-3053.00,Outdoor Power Equipment and Other Small Engine Mechanics,partial
351434,Electric Vehicle Technician,49-9011.00,Mechanical Door Repairers,partial
351434,Electric Vehicle Technician,49-9012.00,"Control and Valve Installers and Repairers, Except Mechanical Door",partial
351434,Electric Vehicle Technician,49-9031.00,Home Appliance Repairers,partial
351434,Electric Vehicle Technician,49-9097.00,Signal and Track Switch Repairers,partial
351435,Marine Technician,49-1011.00,"First-Line Supervisors of Mechanics, Installers, and Repairers",partial
351435,Marine Technician,49-3021.00,Automotive Body and Related Repairers,partial
351435,Marine Technician,49-3022.00,Automotive Glass Installers and Repairers,partial
351435,Marine Technician,49-3023.00,Automotive Service Technicians and Mechanics,partial
351435,Marine Technician,49-3031.00,Bus and Truck Mechanics and Diesel Engine Specialists,partial
351435,Marine Technician,49-3051.00,Motorboat Mechanics and Service Technicians,partial
351435,Marine Technician,49-3052.00,Motorcycle Mechanics,partial
351435,Marine Technician,49-3053.00,Outdoor Power Equipment and Other Small Engine Mechanics,partial
351435,Marine Technician,49-3092.00,Recreational Vehicle Service Technicians,partial
351435,Marine Technician,49-3093.00,Tire Repairers and Changers,partial
351436,Motorcycle Technician,49-1011.00,"First-Line Supervisors of Mechanics, Installers, and Repairers",partial
351436,Motorcycle Technician,49-3021.00,Automotive Body and Related Repairers,partial
351436,Motorcycle Technician,49-3022.00,Automotive Glass Installers and Repairers,partial
351436,Motorcycle Technician,49-3023.00,Automotive Service Technicians and Mechanics,partial
351436,Motorcycle Technician,49-3031.00,Bus and Truck Mechanics and Diesel Engine Specialists,partial
351436,Motorcycle Technician,49-3051.00,Motorboat Mechanics and Service Technicians,partial
351436,Motorcycle Technician,49-3052.00,Motorcycle Mechanics,partial
351436,Motorcycle Technician,49-3053.00,Outdoor Power Equipment and Other Small Engine Mechanics,partial
351436,Motorcycle Technician,49-3092.00,Recreational Vehicle Service Technicians,partial
351436,Motorcycle Technician,49-3093.00,Tire Repairers and Changers,partial
351437,Small Engine Technician,49-1011.00,"First-Line Supervisors of Mechanics, Installers, and Repairers",partial
351437,Small Engine Technician,49-3021.00,Automotive Body and Related Repairers,partial
351437,Small Engine Technician,49-3022.00,Automotive Glass Installers and Repairers,partial
351437,Small Engine Technician,49-3023.00,Automotive Service Technicians and Mechanics,partial
351437,Small Engine Technician,49-3031.00,Bus and Truck Mechanics and Diesel Engine Specialists,partial
351437,Small Engine Technician,49-3051.00,Motorboat Mechanics and Service Technicians,partial
351437,Small Engine Technician,49-3052.00,Motorcycle Mechanics,partial
351437,Small Engine Technician,49-3053.00,Outdoor Power Equipment and Other Small Engine Mechanics,partial
351437,Small Engine Technician,49-3092.00,Recreational Vehicle Service Technicians,partial
351437,Small Engine Technician,49-3093.00,Tire Repairers and Changers,partial
351531,Vehicle Body Builder,47-2011.00,Boilermakers,partial
351531,Vehicle Body Builder,47-2211.00,Sheet Metal Workers,partial
351531,Vehicle Body Builder,51-4192.00,"Layout Workers, Metal and Plastic",partial
351532,Vehicle Trimmer,51-6093.00,Upholsterers,exact
351631,Vehicle Painter,51-9124.00,"Coating, Painting, and Spraying Machine Setters, Operators, and Tenders",partial
361131,Floor Finisher,47-2051.00,Cement Masons and Concrete Finishers,partial
361131,Floor Finisher,47-2053.00,Terrazzo Workers and Finishers,partial
361131,Floor Finisher,47-4091.00,Segmental Pavers,partial
361131,Floor Finisher,47-2041.00,Carpet Installers,partial
361131,Floor Finisher,47-2042.00,"Floor Layers, Except Carpet, Wood, and Hard Tiles",partial
361131,Floor Finisher,47-2043.00,Floor Sanders and Finishers,partial
361131,Floor Finisher,47-2044.00,Tile and Stone Setters,partial
361131,Floor Finisher,47-2061.00,Construction Laborers,partial
361131,Floor Finisher,47-3011.00,"Helpers--Brickmasons, Blockmasons, Stonemasons, and Tile and Marble Setters",partial
361131,Floor Finisher,47-3012.00,Helpers--Carpenters,partial
361131,Floor Finisher,47-3013.00,Helpers--Electricians,partial
361131,Floor Finisher,47-3014.00,"Helpers--Painters, Paperhangers, Plasterers, and Stucco Masons",partial
361131,Floor Finisher,47-3015.00,"Helpers--Pipelayers, Plumbers, Pipefitters, and Steamfitters",partial
361131,Floor Finisher,47-3016.00,Helpers--Roofers,partial
361131,Floor Finisher,47-3019.00,"Helpers, Construction Trades, All Other",partial
361231,Painter,47-2141.00,"Painters, Construction and Maintenance",partial
361231,Painter,47-2142.00,Paperhangers,partial
362131,Glazier,47-2121.00,Glaziers,exact
362231,Plasterer (Wall and Ceiling),47-2081.00,Drywall and Ceiling Tile Installers,partial
362231,Plasterer (Wall and Ceiling),47-2082.00,Tapers,partial
362231,Plasterer (Wall and Ceiling),47-2161.00,Plasterers and Stucco Masons,partial
362232,Renderer (Solid Plaster),47-2081.00,Drywall and Ceiling Tile Installers,partial
362232,Renderer (Solid Plaster),47-2082.00,Tapers,partial
362232,Renderer (Solid Plaster),47-2161.00,Plasterers and Stucco Masons,partial
362331,Roof Tiler,47-2181.00,Roofers,exact
362431,Wall and Floor Tiler,47-2041.00,Carpet Installers,partial
362431,Wall and Floor Tiler,47-2042.00,"Floor Layers, Except Carpet, Wood, and Hard Tiles",partial
362431,Wall and Floor Tiler,47-2043.00,Floor Sanders and Finishers,partial
362431,Wall and Floor Tiler,47-2044.00,Tile and Stone Setters,partial
363131,Plumber (General),47-2151.00,Pipelayers,partial
363131,Plumber (General),47-2152.00,"Plumbers, Pipefitters, and Steamfitters",partial
363131,Plumber (General),47-2152.04,Solar Thermal Installers and Technicians,partial
363231,Gasfitter,47-2151.00,Pipelayers,partial
363231,Gasfitter,47-2152.00,"Plumbers, Pipefitters, and Steamfitters",partial
363231,Gasfitter,47-2152.04,Solar Thermal Installers and Technicians,partial
363331,Roof Plumber,47-2181.00,Roofers,partial
363331,Roof Plumber,47-2151.00,Pipelayers,partial
363331,Roof Plumber,47-2152.00,"Plumbers, Pipefitters, and Steamfitters",partial
363331,Roof Plumber,47-2152.04,Solar Thermal Installers and Technicians,partial
363931,Drainer,47-2151.00,Pipelayers,partial
363931,Drainer,47-2152.00,"Plumbers, Pipefitters, and Steamfitters",partial
363931,Drainer,47-2152.04,Solar Thermal Installers and Technicians,partial
363932,Fire Protection Plumber,47-2151.00,Pipelayers,partial
363932,Fire Protection Plumber,47-2152.00,"Plumbers, Pipefitters, and Steamfitters",partial
363932,Fire Protection Plumber,47-2152.04,Solar Thermal Installers and Technicians,partial
363933,Mechanical Services Plumber,47-2151.00,Pipelayers,partial
363933,Mechanical Services Plumber,47-2152.00,"Plumbers, Pipefitters, and Steamfitters",partial
363933,Mechanical Services Plumber,47-2152.04,Solar Thermal Installers and Technicians,partial
369131,Cabinet Maker,51-7011.00,Cabinetmakers and Bench Carpenters,partial
369131,Cabinet Maker,51-7021.00,Furniture Finishers,partial
369131,Cabinet Maker,51-7031.00,"Model Makers, Wood",partial
369131,Cabinet Maker,51-7032.00,"Patternmakers, Wood",partial
369931,Shopfitter,47-2031.00,Carpenters,exact
369932,Swimming Pool and Spa Builder,47-2231.00,Solar Photovoltaic Installers,partial
369932,Swimming Pool and Spa Builder,47-4031.00,Fence Erectors,partial
369932,Swimming Pool and Spa Builder,47-4041.00,Hazardous Materials Removal Workers,partial
369932,Swimming Pool and Spa Builder,47-4099.00,"Construction and Related Workers, All Other",partial
369932,Swimming Pool and Spa Builder,47-4099.03,Weatherization Installers and Technicians,partial
369932,Swimming Pool and Spa Builder,49-9095.00,Manufactured Building and Mobile Home Installers,partial
369933,Waterproofer,47-2131.00,"Insulation Workers, Floor, Ceiling, and Wall",partial
369933,Waterproofer,47-2132.00,"Insulation Workers, Mechanical",partial
371131,Bricklayer,47-2021.00,Brickmasons and Blockmasons,partial
371131,Bricklayer,49-9045.00,"Refractory Materials Repairers, Except Brickmasons",partial
371132,Stonemason,47-2022.00,Stonemasons,partial
371132,Stonemason,47-4091.00,Segmental Pavers,partial
371231,Concreter,47-2051.00,Cement Masons and Concrete Finishers,partial
371231,Concreter,47-2053.00,Terrazzo Workers and Finishers,partial
371231,Concreter,47-4091.00,Segmental Pavers,partial
372131,Carpenter and Joiner,47-2031.00,Carpenters,exact
372132,Carpenter,47-2031.00,Carpenters,exact
372133,Joiner,47-2031.00,Carpenters,exact
381131,Electrical Distribution Trades Worker,49-1011.00,"First-Line Supervisors of Mechanics, Installers, and Repairers",partial
381131,Electrical Distribution Trades Worker,49-9051.00,Electrical Power-Line Installers and Repairers,partial
381231,Electrician (General),47-2111.00,Electricians,partial
381231,Electrician (General),47-2231.00,Solar Photovoltaic Installers,partial
381231,Electrician (General),47-4021.00,Elevator and Escalator Installers and Repairers,partial
381231,Electrician (General),49-1011.00,"First-Line Supervisors of Mechanics, Installers, and Repairers",partial
381231,Electrician (General),49-2092.00,"Electric Motor, Power Tool, and Related Repairers",partial
381231,Electrician (General),49-2093.00,"Electrical and Electronics Installers and Repairers, Transportation Equipment",partial
381231,Electrician (General),49-2094.00,"Electrical and Electronics Repairers, Commercial and Industrial Equipment",partial
381231,Electrician (General),49-2095.00,"Electrical and Electronics Repairers, Powerhouse, Substation, and Relay",partial
381231,Electrician (General),49-2096.00,"Electronic Equipment Installers and Repairers, Motor Vehicles",partial
381231,Electrician (General),49-2098.00,Security and Fire Alarm Systems Installers,partial
381231,Electrician (General),49-3053.00,Outdoor Power Equipment and Other Small Engine Mechanics,partial
381231,Electrician (General),49-9011.00,Mechanical Door Repairers,partial
381231,Electrician (General),49-9012.00,"Control and Valve Installers and Repairers, Except Mechanical Door",partial
381231,Electrician (General),49-9031.00,Home Appliance Repairers,partial
381231,Electrician (General),49-9097.00,Signal and Track Switch Repairers,partial
381232,Electrical Fitter,47-4021.00,Elevator and Escalator Installers and Repairers,partial
381232,Electrical Fitter,49-1011.00,"First-Line Supervisors of Mechanics, Installers, and Repairers",partial
381232,Electrical Fitter,49-2092.00,"Electric Motor, Power Tool, and Related Repairers",partial
381232,Electrical Fitter,49-2093.00,"Electrical and Electronics Installers and Repairers, Transportation Equipment",partial
381232,Electrical Fitter,49-2094.00,"Electrical and Electronics Repairers, Commercial and Industrial Equipment",partial
381232,Electrical Fitter,49-2095.00,"Electrical and Electronics Repairers, Powerhouse, Substation, and Relay",partial
381232,Electrical Fitter,49-2096.00,"Electronic Equipment Installers and Repairers, Motor Vehicles",partial
381232,Electrical Fitter,49-2098.00,Security and Fire Alarm Systems Installers,partial
381232,Electrical Fitter,49-3053.00,Outdoor Power Equipment and Other Small Engine Mechanics,partial
381232,Electrical Fitter,49-9011.00,Mechanical Door Repairers,partial
381232,Electrical Fitter,49-9012.00,"Control and Valve Installers and Repairers, Except Mechanical Door",partial
381232,Electrical Fitter,49-9031.00,Home Appliance Repairers,partial
381232,Electrical Fitter,49-9097.00,Signal and Track Switch Repairers,partial
381233,Industrial Electrician,47-2111.00,Electricians,partial
381233,Industrial Electrician,47-2231.00,Solar Photovoltaic Installers,partial
381233,Industrial Electrician,47-4021.00,Elevator and Escalator Installers and Repairers,partial
381233,Industrial Electrician,49-1011.00,"First-Line Supervisors of Mechanics, Installers, and Repairers",partial
381233,Industrial Electrician,49-2092.00,"Electric Motor, Power Tool, and Related Repairers",partial
381233,Industrial Electrician,49-2093.00,"Electrical and Electronics Installers and Repairers, Transportation Equipment",partial
381233,Industrial Electrician,49-2094.00,"Electrical and Electronics Repairers, Commercial and Industrial Equipment",partial
381233,Industrial Electrician,49-2095.00,"Electrical and Electronics Repairers, Powerhouse, Substation, and Relay",partial
381233,Industrial Electrician,49-2096.00,"Electronic Equipment Installers and Repairers, Motor Vehicles",partial
381233,Industrial Electrician,49-2098.00,Security and Fire Alarm Systems Installers,partial
381233,Industrial Electrician,49-3053.00,Outdoor Power Equipment and Other Small Engine Mechanics,partial
381233,Industrial Electrician,49-9011.00,Mechanical Door Repairers,partial
381233,Industrial Electrician,49-9012.00,"Control and Valve Installers and Repairers, Except Mechanical Door",partial
381233,Industrial Electrician,49-9031.00,Home Appliance Repairers,partial
381233,Industrial Electrician,49-9097.00,Signal and Track Switch Repairers,partial
381234,Lift Mechanic,47-4021.00,Elevator and Escalator Installers and Repairers,partial
381234,Lift Mechanic,49-1011.00,"First-Line Supervisors of Mechanics, Installers, and Repairers",partial
381234,Lift Mechanic,49-2092.00,"Electric Motor, Power Tool, and Related Repairers",partial
381234,Lift Mechanic,49-2093.00,"Electrical and Electronics Installers and Repairers, Transportation Equipment",partial
381234,Lift Mechanic,49-2094.00,"Electrical and Electronics Repairers, Commercial and Industrial Equipment",partial
381234,Lift Mechanic,49-2095.00,"Electrical and Electronics Repairers, Powerhouse, Substation, and Relay",partial
381234,Lift Mechanic,49-2096.00,"Electronic Equipment Installers and Repairers, Motor Vehicles",partial
381234,Lift Mechanic,49-2098.00,Security and Fire Alarm Systems Installers,partial
381234,Lift Mechanic,49-3053.00,Outdoor Power Equipment and Other Small Engine Mechanics,partial
381234,Lift Mechanic,49-9011.00,Mechanical Door Repairers,partial
381234,Lift Mechanic,49-9012.00,"Control and Valve Installers and Repairers, Except Mechanical Door",partial
381234,Lift Mechanic,49-9031.00,Home Appliance Repairers,partial
381234,Lift Mechanic,49-9097.00,Signal and Track Switch Repairers,partial
382131,Air Conditioning and Refrigeration Technician,49-1011.00,"First-Line Supervisors of Mechanics, Installers, and Repairers",partial
382131,Air Conditioning and Refrigeration Technician,49-9021.00,"Heating, Air Conditioning, and Refrigeration Mechanics and Installers",partial
382231,Communications Operator,27-4011.00,Audio and Video Technicians,partial
382231,Communications Operator,27-4012.00,Broadcast Technicians,partial
382231,Communications Operator,43-2099.00,"Communications Equipment Operators, All Other",partial
382231,Communications Operator,27-4014.00,Sound Engineering Technicians,partial
382231,Communications Operator,27-4031.00,"Camera Operators, Television, Video, and Film",partial
382231,Communications Operator,27-4015.00,Lighting Technicians,partial
382231,Communications Operator,27-4099.00,"Media and Communication Equipment Workers, All Other",partial
382232,Electronic Equipment Trades Worker,49-1011.00,"First-Line Supervisors of Mechanics, Installers, and Repairers",partial
382232,Electronic Equipment Trades Worker,49-2011.00,"Computer, Automated Teller, and Office Machine Repairers",partial
382232,Electronic Equipment Trades Worker,49-2091.00,Avionics Technicians,partial
382232,Electronic Equipment Trades Worker,49-2093.00,"Electrical and Electronics Installers and Repairers, Transportation Equipment",partial
382232,Electronic Equipment Trades Worker,49-2094.00,"Electrical and Electronics Repairers, Commercial and Industrial Equipment",partial
382232,Electronic Equipment Trades Worker,49-2095.00,"Electrical and Electronics Repairers, Powerhouse, Substation, and Relay",partial
382232,Electronic Equipment Trades Worker,49-2096.00,"Electronic Equipment Installers and Repairers, Motor Vehicles",partial
382233,Electronic Instrument Technician,49-1011.00,"First-Line Supervisors of Mechanics, Installers, and Repairers",partial
382233,Electronic Instrument Technician,49-2011.00,"Computer, Automated Teller, and Office Machine Repairers",partial
382233,Electronic Instrument Technician,49-2091.00,Avionics Technicians,partial
382233,Electronic Instrument Technician,49-2093.00,"Electrical and Electronics Installers and Repairers, Transportation Equipment",partial
382233,Electronic Instrument Technician,49-2094.00,"Electrical and Electronics Repairers, Commercial and Industrial Equipment",partial
382233,Electronic Instrument Technician,49-2095.00,"Electrical and Electronics Repairers, Powerhouse, Substation, and Relay",partial
382233,Electronic Instrument Technician,49-2096.00,"Electronic Equipment Installers and Repairers, Motor Vehicles",partial
382234,Office Equipment Technician,49-1011.00,"First-Line Supervisors of Mechanics, Installers, and Repairers",partial
382234,Office Equipment Technician,49-2011.00,"Computer, Automated Teller, and Office Machine Repairers",partial
382234,Office Equipment Technician,49-2091.00,Avionics Technicians,partial
382234,Office Equipment Technician,49-2093.00,"Electrical and Electronics Installers and Repairers, Transportation Equipment",partial
382234,Office Equipment Technician,49-2094.00,"Electrical and Electronics Repairers, Commercial and Industrial Equipment",partial
382234,Office Equipment Technician,49-2095.00,"Electrical and Electronics Repairers, Powerhouse, Substation, and Relay",partial
382234,Office Equipment Technician,49-2096.00,"Electronic Equipment Installers and Repairers, Motor Vehicles",partial
382331,Cabler (Data and Telecommunications),49-1011.00,"First-Line Supervisors of Mechanics, Installers, and Repairers",partial
382331,Cabler (Data and Telecommunications),49-2011.00,"Computer, Automated Teller, and Office Machine Repairers",partial
382331,Cabler (Data and Telecommunications),49-2021.00,"Radio, Cellular, and Tower Equipment Installers and Repairers",partial
382331,Cabler (Data and Telecommunications),49-2022.00,"Telecommunications Equipment Installers and Repairers, Except Line Installers",partial
382331,Cabler (Data and Telecommunications),49-2093.00,"Electrical and Electronics Installers and Repairers, Transportation Equipment",partial
382331,Cabler (Data and Telecommunications),49-9052.00,Telecommunications Line Installers and Repairers,partial
382331,Cabler (Data and Telecommunications),49-2097.00,Audiovisual Equipment Installers and Repairers,partial
382332,Telecommunications Cable Technician,49-1011.00,"First-Line Supervisors of Mechanics, Installers, and Repairers",partial
382332,Telecommunications Cable Technician,49-2011.00,"Computer, Automated Teller, and Office Machine Repairers",partial
382332,Telecommunications Cable Technician,49-2021.00,"Radio, Cellular, and Tower Equipment Installers and Repairers",partial
382332,Telecommunications Cable Technician,49-2022.00,"Telecommunications Equipment Installers and Repairers, Except Line Installers",partial
382332,Telecommunications Cable Technician,49-2093.00,"Electrical and Electronics Installers and Repairers, Transportation Equipment",partial
382332,Telecommunications Cable Technician,49-9052.00,Telecommunications Line Installers and Repairers,partial
382332,Telecommunications Cable Technician,49-2097.00,Audiovisual Equipment Installers and Repairers,partial
382333,Telecommunications Linesworker,49-1011.00,"First-Line Supervisors of Mechanics, Installers, and Repairers",partial
382333,Telecommunications Linesworker,49-2011.00,"Computer, Automated Teller, and Office Machine Repairers",partial
382333,Telecommunications Linesworker,49-2021.00,"Radio, Cellular, and Tower Equipment Installers and Repairers",partial
382333,Telecommunications Linesworker,49-2022.00,"Telecommunications Equipment Installers and Repairers, Except Line Installers",partial
382333,Telecommunications Linesworker,49-2093.00,"Electrical and Electronics Installers and Repairers, Transportation Equipment",partial
382333,Telecommunications Linesworker,49-9052.00,Telecommunications Line Installers and Repairers,partial
382333,Telecommunications Linesworker,49-2097.00,Audiovisual Equipment Installers and Repairers,partial
382334,Telecommunications Technician,49-1011.00,"First-Line Supervisors of Mechanics, Installers, and Repairers",partial
382334,Telecommunications Technician,49-2011.00,"Computer, Automated Teller, and Office Machine Repairers",partial
382334,Telecommunications Technician,49-2021.00,"Radio, Cellular, and Tower Equipment Installers and Repairers",partial
382334,Telecommunications Technician,49-2022.00,"Telecommunications Equipment Installers and Repairers, Except Line Installers",partial
382334,Telecommunications Technician,49-2093.00,"Electrical and Electronics Installers and Repairers, Transportation Equipment",partial
382334,Telecommunications Technician,49-9052.00,Telecommunications Line Installers and Repairers,partial
382334,Telecommunications Technician,49-2097.00,Audiovisual Equipment Installers and Repairers,partial
391131,Gallery or Museum Technician,25-4013.00,Museum Technicians and Conservators,partial
391131,Gallery or Museum Technician,25-4031.00,Library Technicians,partial
391131,Gallery or Museum Technician,27-1012.00,Craft Artists,partial
391132,Library Technician,25-4013.00,Museum Technicians and Conservators,partial
391132,Library Technician,25-4031.00,Library Technicians,partial
391132,Library Technician,27-1012.00,Craft Artists,partial
391231,Audio Engineer,27-4011.00,Audio and Video Technicians,partial
391231,Audio Engineer,27-4012.00,Broadcast Technicians,partial
391231,Audio Engineer,43-2099.00,"Communications Equipment Operators, All Other",partial
391231,Audio Engineer,27-4014.00,Sound Engineering Technicians,partial
391231,Audio Engineer,27-4031.00,"Camera Operators, Television, Video, and Film",partial
391231,Audio Engineer,27-4015.00,Lighting Technicians,partial
391231,Audio Engineer,27-4099.00,"Media and Communication Equipment Workers, All Other",partial
391232,Broadcast Technician,27-4011.00,Audio and Video Technicians,partial
391232,Broadcast Technician,27-4012.00,Broadcast Technicians,partial
391232,Broadcast Technician,43-2099.00,"Communications Equipment Operators, All Other",partial
391232,Broadcast Technician,27-4014.00,Sound Engineering Technicians,partial
391232,Broadcast Technician,27-4031.00,"Camera Operators, Television, Video, and Film",partial
391232,Broadcast Technician,27-4015.00,Lighting Technicians,partial
391232,Broadcast Technician,27-4099.00,"Media and Communication Equipment Workers, All Other",partial
391233,"Camera Operator (Film, Television or Video)",27-4011.00,Audio and Video Technicians,partial
391233,"Camera Operator (Film, Television or Video)",27-4012.00,Broadcast Technicians,partial
391233,"Camera Operator (Film, Television or Video)",43-2099.00,"Communications Equipment Operators, All Other",partial
391233,"Camera Operator (Film, Television or Video)",27-4014.00,Sound Engineering Technicians,partial
391233,"Camera Operator (Film, Television or Video)",27-4031.00,"Camera Operators, Television, Video, and Film",partial
391233,"Camera Operator (Film, Television or Video)",27-4015.00,Lighting Technicians,partial
391233,"Camera Operator (Film, Television or Video)",27-4099.00,"Media and Communication Equipment Workers, All Other",partial
391234,Lighting Technician,27-1019.00,"Artists and Related Workers, All Other",partial
391234,Lighting Technician,27-2091.00,"Disc Jockeys, Except Radio",partial
391234,Lighting Technician,27-2099.00,"Entertainers and Performers, Sports and Related Workers, All Other",partial
391234,Lighting Technician,27-3099.00,"Media and Communication Workers, All Other",partial
391234,Lighting Technician,27-4015.00,Lighting Technicians,partial
391234,Lighting Technician,27-4099.00,"Media and Communication Equipment Workers, All Other",partial
391234,Lighting Technician,39-3092.00,Costume Attendants,partial
391234,Lighting Technician,39-3099.00,"Entertainment Attendants and Related Workers, All Other",partial
391299,Performing Arts Technicians nec,27-1019.00,"Artists and Related Workers, All Other",partial
391299,Performing Arts Technicians nec,27-2091.00,"Disc Jockeys, Except Radio",partial
391299,Performing Arts Technicians nec,27-2099.00,"Entertainers and Performers, Sports and Related Workers, All Other",partial
391299,Performing Arts Technicians nec,27-3099.00,"Media and Communication Workers, All Other",partial
391299,Performing Arts Technicians nec,27-4015.00,Lighting Technicians,partial
391299,Performing Arts Technicians nec,27-4099.00,"Media and Communication Equipment Workers, All Other",partial
391299,Performing Arts Technicians nec,39-3092.00,Costume Attendants,partial
391299,Performing Arts Technicians nec,39-3099.00,"Entertainment Attendants and Related Workers, All Other",partial
391299,Performing Arts Technicians nec,27-4011.00,Audio and Video Technicians,partial
391299,Performing Arts Technicians nec,27-4012.00,Broadcast Technicians,partial
391299,Performing Arts Technicians nec,43-2099.00,"Communications Equipment Operators, All Other",partial
391299,Performing Arts Technicians nec,27-4014.00,Sound Engineering Technicians,partial
391299,Performing Arts Technicians nec,27-4031.00,"Camera Operators, Television, Video, and Film",partial
391331,Photographer,27-4021.00,Photographers,exact
391431,Graphic Pre-press Operator,43-9031.00,Desktop Publishers,partial
391431,Graphic Pre-press Operator,51-5111.00,Prepress Technicians and Workers,partial
391432,Print Finisher,51-5113.00,Print Binding and Finishing Workers,exact
391433,Printing Machinist,51-5112.00,Printing Press Operators,exact
391434,Screen Printer,51-5112.00,Printing Press Operators,exact
391531,Signwriter,51-9123.00,"Painting, Coating, and Decorating Workers",partial
391531,Signwriter,51-9194.00,Etchers and Engravers,partial
391931,Interior Decorator,27-1025.00,Interior Designers,partial
391931,Interior Decorator,27-1026.00,Merchandise Displayers and Window Trimmers,partial
391931,Interior Decorator,27-1027.00,Set and Exhibit Designers,partial
391932,Jeweller,51-9071.00,Jewelers and Precious Stone and Metal Workers,exact
391932,Jeweller,51-9071.06,Gem and Diamond Workers,exact
391933,Musical Instrument Maker or Repairer,49-1011.00,"First-Line Supervisors of Mechanics, Installers, and Repairers",partial
391933,Musical Instrument Maker or Repairer,49-9063.00,Musical Instrument Repairers and Tuners,partial
392131,Barber,39-1014.00,"First-Line Supervisors of Entertainment and Recreation Workers, Except Gambling Services",partial
392131,Barber,39-1022.00,First-Line Supervisors of Personal Service Workers,partial
392131,Barber,53-1044.00,First-Line Supervisors of Passenger Attendants,partial
392131,Barber,39-5011.00,Barbers,partial
392131,Barber,39-5012.00,"Hairdressers, Hairstylists, and Cosmetologists",partial
392132,Hairdresser,39-1014.00,"First-Line Supervisors of Entertainment and Recreation Workers, Except Gambling Services",partial
392132,Hairdresser,39-1022.00,First-Line Supervisors of Personal Service Workers,partial
392132,Hairdresser,53-1044.00,First-Line Supervisors of Passenger Attendants,partial
392132,Hairdresser,39-5011.00,Barbers,partial
392132,Hairdresser,39-5012.00,"Hairdressers, Hairstylists, and Cosmetologists",partial
399131,Chemical Plant Operator,51-8091.00,Chemical Plant and System Operators,exact
399132,Gas or Petroleum Production Technician,51-1011.00,First-Line Supervisors of Production and Operating Workers,partial
399132,Gas or Petroleum Production Technician,51-8011.00,Nuclear Power Reactor Operators,partial
399132,Gas or Petroleum Production Technician,51-8012.00,Power Distributors and Dispatchers,partial
399132,Gas or Petroleum Production Technician,51-8013.00,Power Plant Operators,partial
399132,Gas or Petroleum Production Technician,51-8013.03,Biomass Plant Technicians,partial
399132,Gas or Petroleum Production Technician,51-8013.04,Hydroelectric Plant Technicians,partial
399132,Gas or Petroleum Production Technician,51-8092.00,Gas Plant Operators,partial
399132,Gas or Petroleum Production Technician,51-8093.00,"Petroleum Pump System Operators, Refinery Operators, and Gaugers",partial
399132,Gas or Petroleum Production Technician,53-7071.00,Gas Compressor and Gas Pumping Station Operators,partial
399132,Gas or Petroleum Production Technician,53-7072.00,"Pump Operators, Except Wellhead Pumpers",partial
399133,Power Generation Plant Operator,51-1011.00,First-Line Supervisors of Production and Operating Workers,partial
399133,Power Generation Plant Operator,51-8011.00,Nuclear Power Reactor Operators,partial
399133,Power Generation Plant Operator,51-8012.00,Power Distributors and Dispatchers,partial
399133,Power Generation Plant Operator,51-8013.00,Power Plant Operators,partial
399133,Power Generation Plant Operator,51-8013.03,Biomass Plant Technicians,partial
399133,Power Generation Plant Operator,51-8013.04,Hydroelectric Plant Technicians,partial
399231,Driller,47-5023.00,"Earth Drillers, Except Oil and Gas",partial
399231,Driller,47-5032.00,"Explosives Workers, Ordnance Handling Experts, and Blasters",partial
399231,Driller,47-5041.00,Continuous Mining Machine Operators,partial
399231,Driller,47-5049.00,"Underground Mining Machine Operators, All Other",partial
399231,Driller,47-5099.00,"Extraction Workers, All Other",partial
399231,Driller,47-5051.00,"Rock Splitters, Quarry",partial
399231,Driller,47-5043.00,"Roof Bolters, Mining",partial
399231,Driller,47-5022.00,"Excavating and Loading Machine and Dragline Operators, Surface Mining",partial
399231,Driller,53-7199.00,"Material Moving Workers, All Other",partial
399231,Driller,47-5044.00,"Loading and Moving Machine Operators, Underground Mining",partial
399231,Driller,47-5011.00,"Derrick Operators, Oil and Gas",partial
399231,Driller,47-5012.00,"Rotary Drill Operators, Oil and Gas",partial
399231,Driller,47-5013.00,"Service Unit Operators, Oil and Gas",partial
399231,Driller,47-5071.00,"Roustabouts, Oil and Gas",partial
399231,Driller,53-7073.00,Wellhead Pumpers,partial
399331,Pest Control Technician,37-1012.00,"First-Line Supervisors of Landscaping, Lawn Service, and Groundskeeping Workers",partial
399331,Pest Control Technician,37-2021.00,Pest Control Workers,partial
399331,Pest Control Technician,37-3012.00,"Pesticide Handlers, Sprayers, and Applicators, Vegetation",partial
399431,Apparel Cutter,51-6062.00,"Textile Cutting Machine Setters, Operators, and Tenders",partial
399431,Apparel Cutter,51-6092.00,Fabric and Apparel Patternmakers,partial
399431,Apparel Cutter,51-9031.00,"Cutters and Trimmers, Hand",partial
399432,Canvas Goods Fabricator,49-9099.00,"Installation, Maintenance, and Repair Workers, All Other",partial
399432,Canvas Goods Fabricator,49-9099.01,Geothermal Technicians,partial
399432,Canvas Goods Fabricator,51-6041.00,Shoe and Leather Workers and Repairers,partial
399432,Canvas Goods Fabricator,51-6051.00,"Sewers, Hand",partial
399433,Dressmaker or Tailor,51-6052.00,"Tailors, Dressmakers, and Custom Sewers",exact
399434,Garment Technician,51-6062.00,"Textile Cutting Machine Setters, Operators, and Tenders",partial
399434,Garment Technician,51-6092.00,Fabric and Apparel Patternmakers,partial
399434,Garment Technician,51-9031.00,"Cutters and Trimmers, Hand",partial
399435,Leather Goods Maker,49-9099.00,"Installation, Maintenance, and Repair Workers, All Other",partial
399435,Leather Goods Maker,49-9099.01,Geothermal Technicians,partial
399435,Leather Goods Maker,51-6041.00,Shoe and Leather Workers and Repairers,partial
399435,Leather Goods Maker,51-6051.00,"Sewers, Hand",partial
399436,Sail Maker,49-9099.00,"Installation, Maintenance, and Repair Workers, All Other",partial
399436,Sail Maker,49-9099.01,Geothermal Technicians,partial
399436,Sail Maker,51-6041.00,Shoe and Leather Workers and Repairers,partial
399436,Sail Maker,51-6051.00,"Sewers, Hand",partial
399437,Shoemaker,51-6041.00,Shoe and Leather Workers and Repairers,exact
399438,Upholsterer,51-6093.00,Upholsterers,exact
399531,Furniture Finisher,51-7011.00,Cabinetmakers and Bench Carpenters,partial
399531,Furniture Finisher,51-7021.00,Furniture Finishers,partial
399531,Furniture Finisher,51-7031.00,"Model Makers, Wood",partial
399531,Furniture Finisher,51-7032.00,"Patternmakers, Wood",partial
399532,Furniture Maker,51-7011.00,Cabinetmakers and Bench Carpenters,partial
399532,Furniture Maker,51-7021.00,Furniture Finishers,partial
399532,Furniture Maker,51-7031.00,"Model Makers, Wood",partial
399532,Furniture Maker,51-7032.00,"Patternmakers, Wood",partial
399533,Picture Framer,51-7011.00,Cabinetmakers and Bench Carpenters,partial
399533,Picture Framer,51-7021.00,Furniture Finishers,partial
399533,Picture Framer,51-7031.00,"Model Makers, Wood",partial
399533,Picture Framer,51-7032.00,"Patternmakers, Wood",partial
399534,Wood Machinist,51-7042.00,"Woodworking Machine Setters, Operators, and Tenders, Except Sawing",exact
399599,Wood Machinists and Other Wood Trades Workers nec,27-1012.00,Craft Artists,partial
399599,Wood Machinists and Other Wood Trades Workers nec,51-7099.00,"Woodworkers, All Other",partial
399931,Boat Builder and Repairer,47-2031.00,Carpenters,partial
399931,Boat Builder and Repairer,47-2011.00,Boilermakers,partial
399931,Boat Builder and Repairer,47-2211.00,Sheet Metal Workers,partial
399931,Boat Builder and Repairer,51-4192.00,"Layout Workers, Metal and Plastic",partial
399931,Boat Builder and Repairer,49-9096.00,Riggers,partial
399931,Boat Builder and Repairer,51-2051.00,Fiberglass Laminators and Fabricators,partial
399931,Boat Builder and Repairer,51-4021.00,"Extruding and Drawing Machine Setters, Operators, and Tenders, Metal and Plastic",partial
399931,Boat Builder and Repairer,51-4022.00,"Forging Machine Setters, Operators, and Tenders, Metal and Plastic",partial
399931,Boat Builder and Repairer,51-4023.00,"Rolling Machine Setters, Operators, and Tenders, Metal and Plastic",partial
399931,Boat Builder and Repairer,51-4031.00,"Cutting, Punching, and Press Machine Setters, Operators, and Tenders, Metal and Plastic",partial
399931,Boat Builder and Repairer,51-4032.00,"Drilling and Boring Machine Tool Setters, Operators, and Tenders, Metal and Plastic",partial
399931,Boat Builder and Repairer,51-4033.00,"Grinding, Lapping, Polishing, and Buffing Machine Tool Setters, Operators, and Tenders, Metal and Plastic",partial
399931,Boat Builder and Repairer,51-4034.00,"Lathe and Turning Machine Tool Setters, Operators, and Tenders, Metal and Plastic",partial
399931,Boat Builder and Repairer,51-4035.00,"Milling and Planing Machine Setters, Operators, and Tenders, Metal and Plastic",partial
399931,Boat Builder and Repairer,51-4072.00,"Molding, Coremaking, and Casting Machine Setters, Operators, and Tenders, Metal and Plastic",partial
399931,Boat Builder and Repairer,51-4191.00,"Heat Treating Equipment Setters, Operators, and Tenders, Metal and Plastic",partial
399931,Boat Builder and Repairer,51-4193.00,"Plating Machine Setters, Operators, and Tenders, Metal and Plastic",partial
399931,Boat Builder and Repairer,51-4199.00,"Metal Workers and Plastic Workers, All Other",partial
399932,Diver,49-9092.00,Commercial Divers,exact
399933,Fire Protection Equipment Technician,17-3025.00,Environmental Engineering Technologists and Technicians,partial
399933,Fire Protection Equipment Technician,17-3026.00,Industrial Engineering Technologists and Technicians,partial
399933,Fire Protection Equipment Technician,17-3026.01,Nanotechnology Engineering Technologists and Technicians,partial
399933,Fire Protection Equipment Technician,17-3028.00,Calibration Technologists and Technicians,partial
399933,Fire Protection Equipment Technician,17-3029.00,"Engineering Technologists and Technicians, Except Drafters, All Other",partial
399933,Fire Protection Equipment Technician,17-3029.01,Non-Destructive Testing Specialists,partial
399933,Fire Protection Equipment Technician,17-3029.08,Photonics Technicians,partial
399933,Fire Protection Equipment Technician,19-4051.00,Nuclear Technicians,partial
399933,Fire Protection Equipment Technician,19-4051.02,Nuclear Monitoring Technicians,partial
399933,Fire Protection Equipment Technician,19-4092.00,Forensic Science Technicians,partial
399933,Fire Protection Equipment Technician,19-4044.00,Hydrologic Technicians,partial
399933,Fire Protection Equipment Technician,19-4099.00,"Life, Physical, and Social Science Technicians, All Other",partial
399933,Fire Protection Equipment Technician,19-4099.01,Quality Control Analysts,partial
399933,Fire Protection Equipment Technician,19-4099.03,Remote Sensing Technicians,partial
399933,Fire Protection Equipment Technician,33-1021.00,First-Line Supervisors of Firefighting and Prevention Workers,partial
399933,Fire Protection Equipment Technician,33-2021.00,Fire Inspectors and Investigators,partial
399933,Fire Protection Equipment Technician,33-2022.00,Forest Fire Inspectors and Prevention Specialists,partial
399933,Fire Protection Equipment Technician,53-6041.00,Traffic Technicians,partial
399934,Gas Network Technician,47-2151.00,Pipelayers,partial
399934,Gas Network Technician,47-2152.00,"Plumbers, Pipefitters, and Steamfitters",partial
399934,Gas Network Technician,47-2152.04,Solar Thermal Installers and Technicians,partial
399935,Optical Mechanic,51-9022.00,"Grinding and Polishing Workers, Hand",partial
399935,Optical Mechanic,51-9031.00,"Cutters and Trimmers, Hand",partial
399935,Optical Mechanic,51-9195.00,"Molders, Shapers, and Casters, Except Metal and Plastic",partial
399935,Optical Mechanic,51-9195.03,"Stone Cutters and Carvers, Manufacturing",partial
399935,Optical Mechanic,51-9195.04,"Glass Blowers, Molders, Benders, and Finishers",partial
399935,Optical Mechanic,51-9195.05,"Potters, Manufacturing",partial
399935,Optical Mechanic,27-1023.00,Floral Designers,partial
399935,Optical Mechanic,51-9083.00,Ophthalmic Laboratory Technicians,partial
399936,Plastics Technician,17-3025.00,Environmental Engineering Technologists and Technicians,partial
399936,Plastics Technician,17-3026.00,Industrial Engineering Technologists and Technicians,partial
399936,Plastics Technician,17-3026.01,Nanotechnology Engineering Technologists and Technicians,partial
399936,Plastics Technician,17-3028.00,Calibration Technologists and Technicians,partial
399936,Plastics Technician,17-3029.00,"Engineering Technologists and Technicians, Except Drafters, All Other",partial
399936,Plastics Technician,17-3029.01,Non-Destructive Testing Specialists,partial
399936,Plastics Technician,17-3029.08,Photonics Technicians,partial
399936,Plastics Technician,19-4051.00,Nuclear Technicians,partial
399936,Plastics Technician,19-4051.02,Nuclear Monitoring Technicians,partial
399936,Plastics Technician,19-4092.00,Forensic Science Technicians,partial
399936,Plastics Technician,19-4044.00,Hydrologic Technicians,partial
399936,Plastics Technician,19-4099.00,"Life, Physical, and Social Science Technicians, All Other",partial
399936,Plastics Technician,19-4099.01,Quality Control Analysts,partial
399936,Plastics Technician,19-4099.03,Remote Sensing Technicians,partial
399936,Plastics Technician,33-1021.00,First-Line Supervisors of Firefighting and Prevention Workers,partial
399936,Plastics Technician,33-2021.00,Fire Inspectors and Investigators,partial
399936,Plastics Technician,33-2022.00,Forest Fire Inspectors and Prevention Specialists,partial
399936,Plastics Technician,53-6041.00,Traffic Technicians,partial
399937,Railway Network Controller,53-1043.00,First-Line Supervisors of Material-Moving Machine and Vehicle Operators,partial
399937,Railway Network Controller,53-1044.00,First-Line Supervisors of Passenger Attendants,partial
399937,Railway Network Controller,53-1049.00,"First-Line Supervisors of Transportation Workers, All Other",partial
399937,Railway Network Controller,53-4022.00,"Railroad Brake, Signal, and Switch Operators and Locomotive Firers",partial
399937,Railway Network Controller,53-4031.00,Railroad Conductors and Yardmasters,partial
399937,Railway Network Controller,53-4099.00,"Rail Transportation Workers, All Other",partial
399938,Shipwright,47-2031.00,Carpenters,partial
399938,Shipwright,47-2171.00,Reinforcing Iron and Rebar Workers,partial
399938,Shipwright,47-2221.00,Structural Iron and Steel Workers,partial
399938,Shipwright,51-2041.00,Structural Metal Fabricators and Fitters,partial
399938,Shipwright,49-9096.00,Riggers,partial
399999,Technicians and Trades Workers nec,49-1011.00,"First-Line Supervisors of Mechanics, Installers, and Repairers",partial
399999,Technicians and Trades Workers nec,49-3041.00,Farm Equipment Mechanics and Service Technicians,partial
399999,Technicians and Trades Workers nec,49-3042.00,"Mobile Heavy Equipment Mechanics, Except Engines",partial
399999,Technicians and Trades Workers nec,49-3043.00,Rail Car Repairers,partial
399999,Technicians and Trades Workers nec,49-9041.00,Industrial Machinery Mechanics,partial
399999,Technicians and Trades Workers nec,49-9043.00,"Maintenance Workers, Machinery",partial
399999,Technicians and Trades Workers nec,49-9044.00,Millwrights,partial
399999,Technicians and Trades Workers nec,49-9045.00,"Refractory Materials Repairers, Except Brickmasons",partial
399999,Technicians and Trades Workers nec,49-9081.00,Wind Turbine Service Technicians,partial
399999,Technicians and Trades Workers nec,49-3091.00,Bicycle Repairers,partial
399999,Technicians and Trades Workers nec,51-9022.00,"Grinding and Polishing Workers, Hand",partial
399999,Technicians and Trades Workers nec,51-9031.00,"Cutters and Trimmers, Hand",partial
399999,Technicians and Trades Workers nec,51-9195.00,"Molders, Shapers, and Casters, Except Metal and Plastic",partial
399999,Technicians and Trades Workers nec,51-9195.03,"Stone Cutters and Carvers, Manufacturing",partial
399999,Technicians and Trades Workers nec,51-9195.04,"Glass Blowers, Molders, Benders, and Finishers",partial
399999,Technicians and Trades Workers nec,51-9195.05,"Potters, Manufacturing",partial
399999,Technicians and Trades Workers nec,45-2041.00,"Graders and Sorters, Agricultural Products",partial
399999,Technicians and Trades Workers nec,51-6099.00,"Textile, Apparel, and Furnishings Workers, All Other",partial
399999,Technicians and Trades Workers nec,51-9061.00,"Inspectors, Testers, Sorters, Samplers, and Weighers",partial
399999,Technicians and Trades Workers nec,27-1023.00,Floral Designers,partial
399999,Technicians and Trades Workers nec,51-9083.00,Ophthalmic Laboratory Technicians,partial
411131,Child Protection Practitioner,21-1011.00,Substance Abuse and Behavioral Disorder Counselors,partial
411131,Child Protection Practitioner,21-1013.00,Marriage and Family Therapists,partial
411131,Child Protection Practitioner,21-1014.00,Mental Health Counselors,partial
411131,Child Protection Practitioner,21-1015.00,Rehabilitation Counselors,partial
411131,Child Protection Practitioner,21-1019.00,"Counselors, All Other",partial
411131,Child Protection Practitioner,21-1021.00,"Child, Family, and School Social Workers",partial
411131,Child Protection Practitioner,21-1022.00,Healthcare Social Workers,partial
411131,Child Protection Practitioner,21-1023.00,Mental Health and Substance Abuse Social Workers,partial
411131,Child Protection Practitioner,21-1029.00,"Social Workers, All Other",partial
411131,Child Protection Practitioner,21-1092.00,Probation Officers and Correctional Treatment Specialists,partial
411131,Child Protection Practitioner,21-1099.00,"Community and Social Service Specialists, All Other",partial
411132,Family Violence Practitioner,21-1011.00,Substance Abuse and Behavioral Disorder Counselors,partial
411132,Family Violence Practitioner,21-1013.00,Marriage and Family Therapists,partial
411132,Family Violence Practitioner,21-1014.00,Mental Health Counselors,partial
411132,Family Violence Practitioner,21-1015.00,Rehabilitation Counselors,partial
411132,Family Violence Practitioner,21-1019.00,"Counselors, All Other",partial
411132,Family Violence Practitioner,21-1021.00,"Child, Family, and School Social Workers",partial
411132,Family Violence Practitioner,21-1022.00,Healthcare Social Workers,partial
411132,Family Violence Practitioner,21-1023.00,Mental Health and Substance Abuse Social Workers,partial
411132,Family Violence Practitioner,21-1029.00,"Social Workers, All Other",partial
411132,Family Violence Practitioner,21-1092.00,Probation Officers and Correctional Treatment Specialists,partial
411132,Family Violence Practitioner,21-1099.00,"Community and Social Service Specialists, All Other",partial
411231,Community Development Officer,21-1093.00,Social and Human Service Assistants,exact
411232,Community Support Worker,21-1093.00,Social and Human Service Assistants,exact
411331,Diversional Therapist,29-1126.00,Respiratory Therapists,partial
411331,Diversional Therapist,29-2031.00,Cardiovascular Technologists and Technicians,partial
411331,Diversional Therapist,29-2051.00,Dietetic Technicians,partial
411331,Diversional Therapist,29-2053.00,Psychiatric Technicians,partial
411331,Diversional Therapist,29-2099.00,"Health Technologists and Technicians, All Other",partial
411331,Diversional Therapist,29-2099.01,Neurodiagnostic Technologists,partial
411331,Diversional Therapist,29-2099.05,Ophthalmic Medical Technologists,partial
411331,Diversional Therapist,29-2099.08,Patient Representatives,partial
411331,Diversional Therapist,29-2055.00,Surgical Technologists,partial
411331,Diversional Therapist,29-2036.00,Medical Dosimetrists,partial
411331,Diversional Therapist,29-9021.00,Health Information Technologists and Medical Registrars,partial
411331,Diversional Therapist,29-9093.00,Surgical Assistants,partial
411331,Diversional Therapist,29-9099.00,"Healthcare Practitioners and Technical Workers, All Other",partial
411331,Diversional Therapist,29-9099.01,Midwives,partial
411331,Diversional Therapist,31-2011.00,Occupational Therapy Assistants,partial
411331,Diversional Therapist,31-9099.00,"Healthcare Support Workers, All Other",partial
411331,Diversional Therapist,31-9099.01,Speech-Language Pathology Assistants,partial
411331,Diversional Therapist,31-9099.02,Endoscopy Technicians,partial
411332,Lifestyle Coordinator,29-1126.00,Respiratory Therapists,partial
411332,Lifestyle Coordinator,29-2031.00,Cardiovascular Technologists and Technicians,partial
411332,Lifestyle Coordinator,29-2051.00,Dietetic Technicians,partial
411332,Lifestyle Coordinator,29-2053.00,Psychiatric Technicians,partial
411332,Lifestyle Coordinator,29-2099.00,"Health Technologists and Technicians, All Other",partial
411332,Lifestyle Coordinator,29-2099.01,Neurodiagnostic Technologists,partial
411332,Lifestyle Coordinator,29-2099.05,Ophthalmic Medical Technologists,partial
411332,Lifestyle Coordinator,29-2099.08,Patient Representatives,partial
411332,Lifestyle Coordinator,29-2055.00,Surgical Technologists,partial
411332,Lifestyle Coordinator,29-2036.00,Medical Dosimetrists,partial
411332,Lifestyle Coordinator,29-9021.00,Health Information Technologists and Medical Registrars,partial
411332,Lifestyle Coordinator,29-9093.00,Surgical Assistants,partial
411332,Lifestyle Coordinator,29-9099.00,"Healthcare Practitioners and Technical Workers, All Other",partial
411332,Lifestyle Coordinator,29-9099.01,Midwives,partial
411332,Lifestyle Coordinator,31-2011.00,Occupational Therapy Assistants,partial
411332,Lifestyle Coordinator,31-9099.00,"Healthcare Support Workers, All Other",partial
411332,Lifestyle Coordinator,31-9099.01,Speech-Language Pathology Assistants,partial
411332,Lifestyle Coordinator,31-9099.02,Endoscopy Technicians,partial
411333,Lifestyle Officer,29-1126.00,Respiratory Therapists,partial
411333,Lifestyle Officer,29-2031.00,Cardiovascular Technologists and Technicians,partial
411333,Lifestyle Officer,29-2051.00,Dietetic Technicians,partial
411333,Lifestyle Officer,29-2053.00,Psychiatric Technicians,partial
411333,Lifestyle Officer,29-2099.00,"Health Technologists and Technicians, All Other",partial
411333,Lifestyle Officer,29-2099.01,Neurodiagnostic Technologists,partial
411333,Lifestyle Officer,29-2099.05,Ophthalmic Medical Technologists,partial
411333,Lifestyle Officer,29-2099.08,Patient Representatives,partial
411333,Lifestyle Officer,29-2055.00,Surgical Technologists,partial
411333,Lifestyle Officer,29-2036.00,Medical Dosimetrists,partial
411333,Lifestyle Officer,29-9021.00,Health Information Technologists and Medical Registrars,partial
411333,Lifestyle Officer,29-9093.00,Surgical Assistants,partial
411333,Lifestyle Officer,29-9099.00,"Healthcare Practitioners and Technical Workers, All Other",partial
411333,Lifestyle Officer,29-9099.01,Midwives,partial
411333,Lifestyle Officer,31-2011.00,Occupational Therapy Assistants,partial
411333,Lifestyle Officer,31-9099.00,"Healthcare Support Workers, All Other",partial
411333,Lifestyle Officer,31-9099.01,Speech-Language Pathology Assistants,partial
411333,Lifestyle Officer,31-9099.02,Endoscopy Technicians,partial
411431,Employment Consultant,13-1071.00,Human Resources Specialists,partial
411431,Employment Consultant,13-1075.00,Labor Relations Specialists,partial
411431,Employment Consultant,13-1141.00,"Compensation, Benefits, and Job Analysis Specialists",partial
411431,Employment Consultant,21-1012.00,"Educational, Guidance, and Career Counselors and Advisors",partial
411431,Employment Consultant,13-1074.00,Farm Labor Contractors,partial
411431,Employment Consultant,13-1011.00,"Agents and Business Managers of Artists, Performers, and Athletes",partial
411431,Employment Consultant,13-1051.00,Cost Estimators,partial
411431,Employment Consultant,13-1082.00,Project Management Specialists,partial
411431,Employment Consultant,13-1199.00,"Business Operations Specialists, All Other",partial
411431,Employment Consultant,13-1199.04,Business Continuity Planners,partial
411431,Employment Consultant,13-1199.05,Sustainability Specialists,partial
411431,Employment Consultant,13-1199.06,Online Merchants,partial
411431,Employment Consultant,13-1199.07,Security Management Specialists,partial
411431,Employment Consultant,13-2054.00,Financial Risk Specialists,partial
411431,Employment Consultant,13-2099.00,"Financial Specialists, All Other",partial
411431,Employment Consultant,13-2099.01,Financial Quantitative Analysts,partial
411431,Employment Consultant,13-2099.04,"Fraud Examiners, Investigators and Analysts",partial
411431,Employment Consultant,41-1012.00,First-Line Supervisors of Non-Retail Sales Workers,partial
411431,Employment Consultant,41-3011.00,Advertising Sales Agents,partial
411431,Employment Consultant,41-3041.00,Travel Agents,partial
411431,Employment Consultant,41-9099.00,"Sales and Related Workers, All Other",partial
411431,Employment Consultant,21-1093.00,Social and Human Service Assistants,partial
411531,Interpreter,19-3099.00,"Social Scientists and Related Workers, All Other",partial
411531,Interpreter,19-3099.01,Transportation Planners,partial
411531,Interpreter,27-3091.00,Interpreters and Translators,partial
411532,Translator,19-3099.00,"Social Scientists and Related Workers, All Other",partial
411532,Translator,19-3099.01,Transportation Planners,partial
411532,Translator,27-3091.00,Interpreters and Translators,partial
411631,Community Corrections Officer,21-1011.00,Substance Abuse and Behavioral Disorder Counselors,partial
411631,Community Corrections Officer,21-1013.00,Marriage and Family Therapists,partial
411631,Community Corrections Officer,21-1014.00,Mental Health Counselors,partial
411631,Community Corrections Officer,21-1015.00,Rehabilitation Counselors,partial
411631,Community Corrections Officer,21-1019.00,"Counselors, All Other",partial
411631,Community Corrections Officer,21-1021.00,"Child, Family, and School Social Workers",partial
411631,Community Corrections Officer,21-1022.00,Healthcare Social Workers,partial
411631,Community Corrections Officer,21-1023.00,Mental Health and Substance Abuse Social Workers,partial
411631,Community Corrections Officer,21-1029.00,"Social Workers, All Other",partial
411631,Community Corrections Officer,21-1092.00,Probation Officers and Correctional Treatment Specialists,partial
411631,Community Corrections Officer,21-1099.00,"Community and Social Service Specialists, All Other",partial
411632,Family Support Worker,21-1093.00,Social and Human Service Assistants,exact
411633,Financial Counsellor (Community),21-1011.00,Substance Abuse and Behavioral Disorder Counselors,partial
411633,Financial Counsellor (Community),21-1013.00,Marriage and Family Therapists,partial
411633,Financial Counsellor (Community),21-1014.00,Mental Health Counselors,partial
411633,Financial Counsellor (Community),21-1015.00,Rehabilitation Counselors,partial
411633,Financial Counsellor (Community),21-1019.00,"Counselors, All Other",partial
411633,Financial Counsellor (Community),21-1021.00,"Child, Family, and School Social Workers",partial
411633,Financial Counsellor (Community),21-1022.00,Healthcare Social Workers,partial
411633,Financial Counsellor (Community),21-1023.00,Mental Health and Substance Abuse Social Workers,partial
411633,Financial Counsellor (Community),21-1029.00,"Social Workers, All Other",partial
411633,Financial Counsellor (Community),21-1092.00,Probation Officers and Correctional Treatment Specialists,partial
411633,Financial Counsellor (Community),21-1099.00,"Community and Social Service Specialists, All Other",partial
411634,Housing Officer,21-1093.00,Social and Human Service Assistants,exact
411635,Refuge Worker,21-1093.00,Social and Human Service Assistants,exact
411636,Welfare Worker,21-1011.00,Substance Abuse and Behavioral Disorder Counselors,partial
411636,Welfare Worker,21-1013.00,Marriage and Family Therapists,partial
411636,Welfare Worker,21-1014.00,Mental Health Counselors,partial
411636,Welfare Worker,21-1015.00,Rehabilitation Counselors,partial
411636,Welfare Worker,21-1019.00,"Counselors, All Other",partial
411636,Welfare Worker,21-1021.00,"Child, Family, and School Social Workers",partial
411636,Welfare Worker,21-1022.00,Healthcare Social Workers,partial
411636,Welfare Worker,21-1023.00,Mental Health and Substance Abuse Social Workers,partial
411636,Welfare Worker,21-1029.00,"Social Workers, All Other",partial
411636,Welfare Worker,21-1092.00,Probation Officers and Correctional Treatment Specialists,partial
411636,Welfare Worker,21-1099.00,"Community and Social Service Specialists, All Other",partial
411731,Residential Youth Worker,21-1093.00,Social and Human Service Assistants,partial
411731,Residential Youth Worker,39-1014.00,"First-Line Supervisors of Entertainment and Recreation Workers, Except Gambling Services",partial
411731,Residential Youth Worker,39-1022.00,First-Line Supervisors of Personal Service Workers,partial
411731,Residential Youth Worker,53-1044.00,First-Line Supervisors of Passenger Attendants,partial
411731,Residential Youth Worker,39-9011.00,Childcare Workers,partial
411731,Residential Youth Worker,39-9011.01,Nannies,partial
411732,Youth Justice Worker,21-1093.00,Social and Human Service Assistants,exact
411733,Youth Worker,21-1093.00,Social and Human Service Assistants,exact
411931,Recreation Officer,21-1011.00,Substance Abuse and Behavioral Disorder Counselors,partial
411931,Recreation Officer,21-1013.00,Marriage and Family Therapists,partial
411931,Recreation Officer,21-1014.00,Mental Health Counselors,partial
411931,Recreation Officer,21-1015.00,Rehabilitation Counselors,partial
411931,Recreation Officer,21-1019.00,"Counselors, All Other",partial
411931,Recreation Officer,21-1021.00,"Child, Family, and School Social Workers",partial
411931,Recreation Officer,21-1022.00,Healthcare Social Workers,partial
411931,Recreation Officer,21-1023.00,Mental Health and Substance Abuse Social Workers,partial
411931,Recreation Officer,21-1029.00,"Social Workers, All Other",partial
411931,Recreation Officer,21-1092.00,Probation Officers and Correctional Treatment Specialists,partial
411931,Recreation Officer,21-1099.00,"Community and Social Service Specialists, All Other",partial
411932,Sports Development Officer,25-3021.00,Self-Enrichment Teachers,partial
411932,Sports Development Officer,27-2022.00,Coaches and Scouts,partial
411932,Sports Development Officer,27-2023.00,"Umpires, Referees, and Other Sports Officials",partial
411933,Volunteer Coordinator,21-1093.00,Social and Human Service Assistants,exact
421131,Aged Care Coordinator,21-1093.00,Social and Human Service Assistants,exact
421132,Aged Care Team Leader,31-1133.00,Psychiatric Aides,partial
421132,Aged Care Team Leader,31-1131.00,Nursing Assistants,partial
421132,Aged Care Team Leader,31-1121.00,Home Health Aides,partial
421132,Aged Care Team Leader,39-1014.00,"First-Line Supervisors of Entertainment and Recreation Workers, Except Gambling Services",partial
421132,Aged Care Team Leader,39-1022.00,First-Line Supervisors of Personal Service Workers,partial
421132,Aged Care Team Leader,53-1044.00,First-Line Supervisors of Passenger Attendants,partial
421132,Aged Care Team Leader,31-1122.00,Personal Care Aides,partial
421231,Community Aged Care Support Worker,31-1121.00,Home Health Aides,partial
421231,Community Aged Care Support Worker,39-1014.00,"First-Line Supervisors of Entertainment and Recreation Workers, Except Gambling Services",partial
421231,Community Aged Care Support Worker,39-1022.00,First-Line Supervisors of Personal Service Workers,partial
421231,Community Aged Care Support Worker,53-1044.00,First-Line Supervisors of Passenger Attendants,partial
421231,Community Aged Care Support Worker,31-1122.00,Personal Care Aides,partial
421331,Residential Aged Care Worker,31-1133.00,Psychiatric Aides,partial
421331,Residential Aged Care Worker,31-1131.00,Nursing Assistants,partial
422131,Disability Services Officer,21-1093.00,Social and Human Service Assistants,exact
422132,Residential Care Officer,21-1093.00,Social and Human Service Assistants,exact
422231,Disability Support Worker,31-1121.00,Home Health Aides,partial
422231,Disability Support Worker,39-1014.00,"First-Line Supervisors of Entertainment and Recreation Workers, Except Gambling Services",partial
422231,Disability Support Worker,39-1022.00,First-Line Supervisors of Personal Service Workers,partial
422231,Disability Support Worker,53-1044.00,First-Line Supervisors of Passenger Attendants,partial
422231,Disability Support Worker,31-1122.00,Personal Care Aides,partial
422232,Disability Team Leader,31-1121.00,Home Health Aides,partial
422232,Disability Team Leader,39-1014.00,"First-Line Supervisors of Entertainment and Recreation Workers, Except Gambling Services",partial
422232,Disability Team Leader,39-1022.00,First-Line Supervisors of Personal Service Workers,partial
422232,Disability Team Leader,53-1044.00,First-Line Supervisors of Passenger Attendants,partial
422232,Disability Team Leader,31-1122.00,Personal Care Aides,partial
431131,Early Childhood Education Room Leader,39-1014.00,"First-Line Supervisors of Entertainment and Recreation Workers, Except Gambling Services",partial
431131,Early Childhood Education Room Leader,39-1022.00,First-Line Supervisors of Personal Service Workers,partial
431131,Early Childhood Education Room Leader,53-1044.00,First-Line Supervisors of Passenger Attendants,partial
431131,Early Childhood Education Room Leader,39-9011.00,Childcare Workers,partial
431131,Early Childhood Education Room Leader,39-9011.01,Nannies,partial
431132,Early Childhood Educator,39-1014.00,"First-Line Supervisors of Entertainment and Recreation Workers, Except Gambling Services",partial
431132,Early Childhood Educator,39-1022.00,First-Line Supervisors of Personal Service Workers,partial
431132,Early Childhood Educator,53-1044.00,First-Line Supervisors of Passenger Attendants,partial
431132,Early Childhood Educator,39-9011.00,Childcare Workers,partial
431132,Early Childhood Educator,39-9011.01,Nannies,partial
431231,Family Day Care Coordinator,21-1093.00,Social and Human Service Assistants,partial
431231,Family Day Care Coordinator,39-1014.00,"First-Line Supervisors of Entertainment and Recreation Workers, Except Gambling Services",partial
431231,Family Day Care Coordinator,39-1022.00,First-Line Supervisors of Personal Service Workers,partial
431231,Family Day Care Coordinator,53-1044.00,First-Line Supervisors of Passenger Attendants,partial
431231,Family Day Care Coordinator,39-9011.00,Childcare Workers,partial
431231,Family Day Care Coordinator,39-9011.01,Nannies,partial
431232,Family Day Care Educator,39-1014.00,"First-Line Supervisors of Entertainment and Recreation Workers, Except Gambling Services",partial
431232,Family Day Care Educator,39-1022.00,First-Line Supervisors of Personal Service Workers,partial
431232,Family Day Care Educator,53-1044.00,First-Line Supervisors of Passenger Attendants,partial
431232,Family Day Care Educator,39-9011.00,Childcare Workers,partial
431232,Family Day Care Educator,39-9011.01,Nannies,partial
431331,Nanny,39-1014.00,"First-Line Supervisors of Entertainment and Recreation Workers, Except Gambling Services",partial
431331,Nanny,39-1022.00,First-Line Supervisors of Personal Service Workers,partial
431331,Nanny,53-1044.00,First-Line Supervisors of Passenger Attendants,partial
431331,Nanny,39-9011.00,Childcare Workers,partial
431331,Nanny,39-9011.01,Nannies,partial
431431,Out of School Hours Care Educator,39-1014.00,"First-Line Supervisors of Entertainment and Recreation Workers, Except Gambling Services",partial
431431,Out of School Hours Care Educator,39-1022.00,First-Line Supervisors of Personal Service Workers,partial
431431,Out of School Hours Care Educator,53-1044.00,First-Line Supervisors of Passenger Attendants,partial
431431,Out of School Hours Care Educator,39-9011.00,Childcare Workers,partial
431431,Out of School Hours Care Educator,39-9011.01,Nannies,partial
432131,Inclusion Support Assistant,25-9042.00,"Teaching Assistants, Preschool, Elementary, Middle, and Secondary School, Except Special Education",partial
432131,Inclusion Support Assistant,25-9043.00,"Teaching Assistants, Special Education",partial
432131,Inclusion Support Assistant,25-9049.00,"Teaching Assistants, All Other",partial
432231,Teaching Assistant,25-9042.00,"Teaching Assistants, Preschool, Elementary, Middle, and Secondary School, Except Special Education",partial
432231,Teaching Assistant,25-9043.00,"Teaching Assistants, Special Education",partial
432231,Teaching Assistant,25-9049.00,"Teaching Assistants, All Other",partial
432931,Aboriginal and Torres Strait Islander Education Officer,25-9042.00,"Teaching Assistants, Preschool, Elementary, Middle, and Secondary School, Except Special Education",partial
432931,Aboriginal and Torres Strait Islander Education Officer,25-9043.00,"Teaching Assistants, Special Education",partial
432931,Aboriginal and Torres Strait Islander Education Officer,25-9049.00,"Teaching Assistants, All Other",partial
432932,Boarding Supervisor,39-1014.00,"First-Line Supervisors of Entertainment and Recreation Workers, Except Gambling Services",partial
432932,Boarding Supervisor,39-1022.00,First-Line Supervisors of Personal Service Workers,partial
432932,Boarding Supervisor,53-1044.00,First-Line Supervisors of Passenger Attendants,partial
432932,Boarding Supervisor,39-9011.00,Childcare Workers,partial
432932,Boarding Supervisor,39-9011.01,Nannies,partial
441131,Enrolled Nurse,29-2061.00,Licensed Practical and Licensed Vocational Nurses,partial
441131,Enrolled Nurse,29-9021.00,Health Information Technologists and Medical Registrars,partial
441131,Enrolled Nurse,29-9093.00,Surgical Assistants,partial
441131,Enrolled Nurse,29-9099.00,"Healthcare Practitioners and Technical Workers, All Other",partial
441131,Enrolled Nurse,29-9099.01,Midwives,partial
441231,Massage Therapist,29-1291.00,Acupuncturists,partial
441231,Massage Therapist,29-1299.00,"Healthcare Diagnosing or Treating Practitioners, All Other",partial
441231,Massage Therapist,29-1299.01,Naturopathic Physicians,partial
441231,Massage Therapist,29-1299.02,Orthoptists,partial
441231,Massage Therapist,31-2021.00,Physical Therapist Assistants,partial
441231,Massage Therapist,31-9011.00,Massage Therapists,partial
441232,Myotherapist,29-1291.00,Acupuncturists,partial
441232,Myotherapist,29-1299.00,"Healthcare Diagnosing or Treating Practitioners, All Other",partial
441232,Myotherapist,29-1299.01,Naturopathic Physicians,partial
441232,Myotherapist,29-1299.02,Orthoptists,partial
441232,Myotherapist,31-2021.00,Physical Therapist Assistants,partial
441232,Myotherapist,31-9011.00,Massage Therapists,partial
441233,Remedial Massage Therapist,29-1291.00,Acupuncturists,partial
441233,Remedial Massage Therapist,29-1299.00,"Healthcare Diagnosing or Treating Practitioners, All Other",partial
441233,Remedial Massage Therapist,29-1299.01,Naturopathic Physicians,partial
441233,Remedial Massage Therapist,29-1299.02,Orthoptists,partial
441233,Remedial Massage Therapist,31-2021.00,Physical Therapist Assistants,partial
441233,Remedial Massage Therapist,31-9011.00,Massage Therapists,partial
441331,Mental Health Worker,21-1011.00,Substance Abuse and Behavioral Disorder Counselors,partial
441331,Mental Health Worker,21-1013.00,Marriage and Family Therapists,partial
441331,Mental Health Worker,21-1014.00,Mental Health Counselors,partial
441331,Mental Health Worker,21-1015.00,Rehabilitation Counselors,partial
441331,Mental Health Worker,21-1019.00,"Counselors, All Other",partial
441331,Mental Health Worker,21-1021.00,"Child, Family, and School Social Workers",partial
441331,Mental Health Worker,21-1022.00,Healthcare Social Workers,partial
441331,Mental Health Worker,21-1023.00,Mental Health and Substance Abuse Social Workers,partial
441331,Mental Health Worker,21-1029.00,"Social Workers, All Other",partial
441331,Mental Health Worker,21-1092.00,Probation Officers and Correctional Treatment Specialists,partial
441331,Mental Health Worker,21-1099.00,"Community and Social Service Specialists, All Other",partial
441931,Aboriginal and Torres Strait Islander Health Practitioner,21-1094.00,Community Health Workers,exact
441932,Aboriginal and Torres Strait Islander Health Worker,21-1094.00,Community Health Workers,exact
441933,Audiometrist,29-1127.00,Speech-Language Pathologists,partial
441933,Audiometrist,29-1181.00,Audiologists,partial
442131,Allied Health Assistant,29-1291.00,Acupuncturists,partial
442131,Allied Health Assistant,29-1299.00,"Healthcare Diagnosing or Treating Practitioners, All Other",partial
442131,Allied Health Assistant,29-1299.01,Naturopathic Physicians,partial
442131,Allied Health Assistant,29-1299.02,Orthoptists,partial
442131,Allied Health Assistant,31-2021.00,Physical Therapist Assistants,partial
442131,Allied Health Assistant,31-9011.00,Massage Therapists,partial
442131,Allied Health Assistant,29-1126.00,Respiratory Therapists,partial
442131,Allied Health Assistant,29-2031.00,Cardiovascular Technologists and Technicians,partial
442131,Allied Health Assistant,29-2051.00,Dietetic Technicians,partial
442131,Allied Health Assistant,29-2053.00,Psychiatric Technicians,partial
442131,Allied Health Assistant,29-2099.00,"Health Technologists and Technicians, All Other",partial
442131,Allied Health Assistant,29-2099.01,Neurodiagnostic Technologists,partial
442131,Allied Health Assistant,29-2099.05,Ophthalmic Medical Technologists,partial
442131,Allied Health Assistant,29-2099.08,Patient Representatives,partial
442131,Allied Health Assistant,29-2055.00,Surgical Technologists,partial
442131,Allied Health Assistant,29-2036.00,Medical Dosimetrists,partial
442131,Allied Health Assistant,29-9021.00,Health Information Technologists and Medical Registrars,partial
442131,Allied Health Assistant,29-9093.00,Surgical Assistants,partial
442131,Allied Health Assistant,29-9099.00,"Healthcare Practitioners and Technical Workers, All Other",partial
442131,Allied Health Assistant,29-9099.01,Midwives,partial
442131,Allied Health Assistant,31-2011.00,Occupational Therapy Assistants,partial
442131,Allied Health Assistant,31-9099.00,"Healthcare Support Workers, All Other",partial
442131,Allied Health Assistant,31-9099.01,Speech-Language Pathology Assistants,partial
442131,Allied Health Assistant,31-9099.02,Endoscopy Technicians,partial
442231,Assistant in Nursing,31-1133.00,Psychiatric Aides,partial
442231,Assistant in Nursing,31-1131.00,Nursing Assistants,partial
442331,Dental Assistant,29-1292.00,Dental Hygienists,partial
442331,Dental Assistant,31-9091.00,Dental Assistants,partial
442331,Dental Assistant,31-1132.00,Orderlies,partial
442331,Dental Assistant,31-2012.00,Occupational Therapy Aides,partial
442331,Dental Assistant,31-2022.00,Physical Therapist Aides,partial
442331,Dental Assistant,31-9093.00,Medical Equipment Preparers,partial
442331,Dental Assistant,31-9095.00,Pharmacy Aides,partial
442331,Dental Assistant,31-9097.00,Phlebotomists,partial
442331,Dental Assistant,31-9099.00,"Healthcare Support Workers, All Other",partial
442331,Dental Assistant,31-9099.01,Speech-Language Pathology Assistants,partial
442331,Dental Assistant,31-9099.02,Endoscopy Technicians,partial
442431,Optical Dispenser,29-2081.00,"Opticians, Dispensing",exact
442531,Patient Care Assistant,31-1133.00,Psychiatric Aides,partial
442531,Patient Care Assistant,31-1131.00,Nursing Assistants,partial
442532,Patient Services Assistant,31-1132.00,Orderlies,partial
442532,Patient Services Assistant,31-2012.00,Occupational Therapy Aides,partial
442532,Patient Services Assistant,31-2022.00,Physical Therapist Aides,partial
442532,Patient Services Assistant,31-9091.00,Dental Assistants,partial
442532,Patient Services Assistant,31-9093.00,Medical Equipment Preparers,partial
442532,Patient Services Assistant,31-9095.00,Pharmacy Aides,partial
442532,Patient Services Assistant,31-9097.00,Phlebotomists,partial
442532,Patient Services Assistant,31-9099.00,"Healthcare Support Workers, All Other",partial
442532,Patient Services Assistant,31-9099.01,Speech-Language Pathology Assistants,partial
442532,Patient Services Assistant,31-9099.02,Endoscopy Technicians,partial
442931,Patient Transport Officer,53-1043.00,First-Line Supervisors of Material-Moving Machine and Vehicle Operators,partial
442931,Patient Transport Officer,53-1044.00,First-Line Supervisors of Passenger Attendants,partial
442931,Patient Transport Officer,53-1049.00,"First-Line Supervisors of Transportation Workers, All Other",partial
442931,Patient Transport Officer,53-3011.00,"Ambulance Drivers and Attendants, Except Emergency Medical Technicians",partial
442931,Patient Transport Officer,53-3031.00,Driver/Sales Workers,partial
442931,Patient Transport Officer,53-3033.00,Light Truck Drivers,partial
442931,Patient Transport Officer,53-3053.00,Shuttle Drivers and Chauffeurs,partial
442931,Patient Transport Officer,53-3054.00,Taxi Drivers,partial
442999,Patient and Health Care Assistants nec,35-9031.00,"Hosts and Hostesses, Restaurant, Lounge, and Coffee Shop",partial
442999,Patient and Health Care Assistants nec,39-4012.00,Crematory Operators,partial
442999,Patient and Health Care Assistants nec,39-9099.00,"Personal Care and Service Workers, All Other",partial
442999,Patient and Health Care Assistants nec,39-1014.00,"First-Line Supervisors of Entertainment and Recreation Workers, Except Gambling Services",partial
442999,Patient and Health Care Assistants nec,39-1022.00,First-Line Supervisors of Personal Service Workers,partial
442999,Patient and Health Care Assistants nec,53-1044.00,First-Line Supervisors of Passenger Attendants,partial
442999,Patient and Health Care Assistants nec,39-9032.00,Recreation Workers,partial
442999,Patient and Health Care Assistants nec,39-9041.00,Residential Advisors,partial
442999,Patient and Health Care Assistants nec,31-1132.00,Orderlies,partial
442999,Patient and Health Care Assistants nec,31-2012.00,Occupational Therapy Aides,partial
442999,Patient and Health Care Assistants nec,31-2022.00,Physical Therapist Aides,partial
442999,Patient and Health Care Assistants nec,31-9091.00,Dental Assistants,partial
442999,Patient and Health Care Assistants nec,31-9093.00,Medical Equipment Preparers,partial
442999,Patient and Health Care Assistants nec,31-9095.00,Pharmacy Aides,partial
442999,Patient and Health Care Assistants nec,31-9097.00,Phlebotomists,partial
442999,Patient and Health Care Assistants nec,31-9099.00,"Healthcare Support Workers, All Other",partial
442999,Patient and Health Care Assistants nec,31-9099.01,Speech-Language Pathology Assistants,partial
442999,Patient and Health Care Assistants nec,31-9099.02,Endoscopy Technicians,partial
451131,Defence Force Member - Other Ranks,55-3011.00,Air Crew Members,partial
451131,Defence Force Member - Other Ranks,55-3012.00,Aircraft Launch and Recovery Specialists,partial
451131,Defence Force Member - Other Ranks,55-3013.00,Armored Assault Vehicle Crew Members,partial
451131,Defence Force Member - Other Ranks,55-3014.00,Artillery and Missile Crew Members,partial
451131,Defence Force Member - Other Ranks,55-3015.00,Command and Control Center Specialists,partial
451131,Defence Force Member - Other Ranks,55-3016.00,Infantry,partial
451131,Defence Force Member - Other Ranks,17-3029.00,"Engineering Technologists and Technicians, Except Drafters, All Other",partial
451131,Defence Force Member - Other Ranks,17-3029.01,Non-Destructive Testing Specialists,partial
451131,Defence Force Member - Other Ranks,17-3029.08,Photonics Technicians,partial
451131,Defence Force Member - Other Ranks,55-3018.00,Special Forces,partial
451131,Defence Force Member - Other Ranks,55-3019.00,"Military Enlisted Tactical Operations and Air/Weapons Specialists and Crew Members, All Other",partial
451231,Emergency Services Officer,33-1091.00,First-Line Supervisors of Security Workers,partial
451231,Emergency Services Officer,33-1099.00,"First-Line Supervisors of Protective Service Workers, All Other",partial
451231,Emergency Services Officer,33-3031.00,Fish and Game Wardens,partial
451231,Emergency Services Officer,33-3041.00,Parking Enforcement Workers,partial
451231,Emergency Services Officer,33-9011.00,Animal Control Workers,partial
451231,Emergency Services Officer,33-9091.00,Crossing Guards and Flaggers,partial
451231,Emergency Services Officer,33-9092.00,"Lifeguards, Ski Patrol, and Other Recreational Protective Service Workers",partial
451231,Emergency Services Officer,33-9094.00,School Bus Monitors,partial
451231,Emergency Services Officer,33-9099.00,"Protective Service Workers, All Other",partial
451231,Emergency Services Officer,33-9099.02,Retail Loss Prevention Specialists,partial
451231,Emergency Services Officer,43-5031.00,Public Safety Telecommunicators,partial
451232,Firefighter,33-1021.00,First-Line Supervisors of Firefighting and Prevention Workers,partial
451232,Firefighter,33-2011.00,Firefighters,partial
451331,General Duties Police Officer,33-1012.00,First-Line Supervisors of Police and Detectives,partial
451331,General Duties Police Officer,33-3051.00,Police and Sheriff's Patrol Officers,partial
451331,General Duties Police Officer,33-3051.04,Customs and Border Protection Officers,partial
451331,General Duties Police Officer,33-3052.00,Transit and Railroad Police,partial
451931,Border Enforcement Operations Officer,13-1041.00,Compliance Officers,partial
451931,Border Enforcement Operations Officer,13-1041.01,Environmental Compliance Inspectors,partial
451931,Border Enforcement Operations Officer,13-1041.03,Equal Opportunity Representatives and Officers,partial
451931,Border Enforcement Operations Officer,13-1041.04,Government Property Inspectors and Investigators,partial
451931,Border Enforcement Operations Officer,13-1041.06,Coroners,partial
451931,Border Enforcement Operations Officer,13-1041.07,Regulatory Affairs Specialists,partial
451931,Border Enforcement Operations Officer,13-1041.08,Customs Brokers,partial
451931,Border Enforcement Operations Officer,33-1012.00,First-Line Supervisors of Police and Detectives,partial
451931,Border Enforcement Operations Officer,33-3051.00,Police and Sheriff's Patrol Officers,partial
451931,Border Enforcement Operations Officer,33-3051.04,Customs and Border Protection Officers,partial
452131,Correctional Officer,33-1011.00,First-Line Supervisors of Correctional Officers,partial
452131,Correctional Officer,33-3012.00,Correctional Officers and Jailers,partial
452231,"Alarm, Security or Surveillance Monitor",33-1091.00,First-Line Supervisors of Security Workers,partial
452231,"Alarm, Security or Surveillance Monitor",33-1099.00,"First-Line Supervisors of Protective Service Workers, All Other",partial
452231,"Alarm, Security or Surveillance Monitor",33-9031.00,Gambling Surveillance Officers and Gambling Investigators,partial
452231,"Alarm, Security or Surveillance Monitor",33-9032.00,Security Guards,partial
452231,"Alarm, Security or Surveillance Monitor",33-9093.00,Transportation Security Screeners,partial
452232,Cash In Transit Officer,33-1091.00,First-Line Supervisors of Security Workers,partial
452232,Cash In Transit Officer,33-1099.00,"First-Line Supervisors of Protective Service Workers, All Other",partial
452232,Cash In Transit Officer,33-9031.00,Gambling Surveillance Officers and Gambling Investigators,partial
452232,Cash In Transit Officer,33-9032.00,Security Guards,partial
452232,Cash In Transit Officer,33-9093.00,Transportation Security Screeners,partial
452233,Crowd Controller,33-1091.00,First-Line Supervisors of Security Workers,partial
452233,Crowd Controller,33-1099.00,"First-Line Supervisors of Protective Service Workers, All Other",partial
452233,Crowd Controller,33-9031.00,Gambling Surveillance Officers and Gambling Investigators,partial
452233,Crowd Controller,33-9032.00,Security Guards,partial
452233,Crowd Controller,33-9093.00,Transportation Security Screeners,partial
452234,Private Investigator,23-1012.00,Judicial Law Clerks,partial
452234,Private Investigator,23-2011.00,Paralegals and Legal Assistants,partial
452234,Private Investigator,23-2093.00,"Title Examiners, Abstractors, and Searchers",partial
452234,Private Investigator,23-2099.00,"Legal Support Workers, All Other",partial
452234,Private Investigator,33-3011.00,Bailiffs,partial
452234,Private Investigator,33-9021.00,Private Detectives and Investigators,partial
452234,Private Investigator,33-9031.00,Gambling Surveillance Officers and Gambling Investigators,partial
452235,Protective Services Officer,33-1091.00,First-Line Supervisors of Security Workers,partial
452235,Protective Services Officer,33-1099.00,"First-Line Supervisors of Protective Service Workers, All Other",partial
452235,Protective Services Officer,33-9031.00,Gambling Surveillance Officers and Gambling Investigators,partial
452235,Protective Services Officer,33-9032.00,Security Guards,partial
452235,Protective Services Officer,33-9093.00,Transportation Security Screeners,partial
452236,Retail Loss Prevention Officer,33-1091.00,First-Line Supervisors of Security Workers,partial
452236,Retail Loss Prevention Officer,33-1099.00,"First-Line Supervisors of Protective Service Workers, All Other",partial
452236,Retail Loss Prevention Officer,33-9031.00,Gambling Surveillance Officers and Gambling Investigators,partial
452236,Retail Loss Prevention Officer,33-9032.00,Security Guards,partial
452236,Retail Loss Prevention Officer,33-9093.00,Transportation Security Screeners,partial
452237,Security Consultant,13-1011.00,"Agents and Business Managers of Artists, Performers, and Athletes",partial
452237,Security Consultant,13-1051.00,Cost Estimators,partial
452237,Security Consultant,13-1082.00,Project Management Specialists,partial
452237,Security Consultant,13-1199.00,"Business Operations Specialists, All Other",partial
452237,Security Consultant,13-1199.04,Business Continuity Planners,partial
452237,Security Consultant,13-1199.05,Sustainability Specialists,partial
452237,Security Consultant,13-1199.06,Online Merchants,partial
452237,Security Consultant,13-1199.07,Security Management Specialists,partial
452237,Security Consultant,13-2054.00,Financial Risk Specialists,partial
452237,Security Consultant,13-2099.00,"Financial Specialists, All Other",partial
452237,Security Consultant,13-2099.01,Financial Quantitative Analysts,partial
452237,Security Consultant,13-2099.04,"Fraud Examiners, Investigators and Analysts",partial
452237,Security Consultant,41-1012.00,First-Line Supervisors of Non-Retail Sales Workers,partial
452237,Security Consultant,41-3011.00,Advertising Sales Agents,partial
452237,Security Consultant,41-3041.00,Travel Agents,partial
452237,Security Consultant,41-9099.00,"Sales and Related Workers, All Other",partial
452237,Security Consultant,33-1091.00,First-Line Supervisors of Security Workers,partial
452237,Security Consultant,33-1099.00,"First-Line Supervisors of Protective Service Workers, All Other",partial
452237,Security Consultant,33-3031.00,Fish and Game Wardens,partial
452237,Security Consultant,33-3041.00,Parking Enforcement Workers,partial
452237,Security Consultant,33-9011.00,Animal Control Workers,partial
452237,Security Consultant,33-9091.00,Crossing Guards and Flaggers,partial
452237,Security Consultant,33-9092.00,"Lifeguards, Ski Patrol, and Other Recreational Protective Service Workers",partial
452237,Security Consultant,33-9094.00,School Bus Monitors,partial
452237,Security Consultant,33-9099.00,"Protective Service Workers, All Other",partial
452237,Security Consultant,33-9099.02,Retail Loss Prevention Specialists,partial
452237,Security Consultant,43-5031.00,Public Safety Telecommunicators,partial
452238,Security Officer,33-1091.00,First-Line Supervisors of Security Workers,partial
452238,Security Officer,33-1099.00,"First-Line Supervisors of Protective Service Workers, All Other",partial
452238,Security Officer,33-9031.00,Gambling Surveillance Officers and Gambling Investigators,partial
452238,Security Officer,33-9032.00,Security Guards,partial
452238,Security Officer,33-9093.00,Transportation Security Screeners,partial
452241,Security Screening Officer,33-1091.00,First-Line Supervisors of Security Workers,partial
452241,Security Screening Officer,33-1099.00,"First-Line Supervisors of Protective Service Workers, All Other",partial
452241,Security Screening Officer,33-9031.00,Gambling Surveillance Officers and Gambling Investigators,partial
452241,Security Screening Officer,33-9032.00,Security Guards,partial
452241,Security Screening Officer,33-9093.00,Transportation Security Screeners,partial
461131,Beauty Therapist,39-1014.00,"First-Line Supervisors of Entertainment and Recreation Workers, Except Gambling Services",partial
461131,Beauty Therapist,39-1022.00,First-Line Supervisors of Personal Service Workers,partial
461131,Beauty Therapist,53-1044.00,First-Line Supervisors of Passenger Attendants,partial
461131,Beauty Therapist,39-5012.00,"Hairdressers, Hairstylists, and Cosmetologists",partial
461131,Beauty Therapist,39-5091.00,"Makeup Artists, Theatrical and Performance",partial
461131,Beauty Therapist,39-5092.00,Manicurists and Pedicurists,partial
461131,Beauty Therapist,39-5093.00,Shampooers,partial
461131,Beauty Therapist,39-5094.00,Skincare Specialists,partial
461132,Dermal Therapist,39-1014.00,"First-Line Supervisors of Entertainment and Recreation Workers, Except Gambling Services",partial
461132,Dermal Therapist,39-1022.00,First-Line Supervisors of Personal Service Workers,partial
461132,Dermal Therapist,53-1044.00,First-Line Supervisors of Passenger Attendants,partial
461132,Dermal Therapist,39-5012.00,"Hairdressers, Hairstylists, and Cosmetologists",partial
461132,Dermal Therapist,39-5091.00,"Makeup Artists, Theatrical and Performance",partial
461132,Dermal Therapist,39-5092.00,Manicurists and Pedicurists,partial
461132,Dermal Therapist,39-5093.00,Shampooers,partial
461132,Dermal Therapist,39-5094.00,Skincare Specialists,partial
461231,Body Artist,27-1019.00,"Artists and Related Workers, All Other",partial
461231,Body Artist,27-2091.00,"Disc Jockeys, Except Radio",partial
461231,Body Artist,27-2099.00,"Entertainers and Performers, Sports and Related Workers, All Other",partial
461231,Body Artist,27-3099.00,"Media and Communication Workers, All Other",partial
461231,Body Artist,27-4015.00,Lighting Technicians,partial
461231,Body Artist,27-4099.00,"Media and Communication Equipment Workers, All Other",partial
461231,Body Artist,39-3092.00,Costume Attendants,partial
461231,Body Artist,39-3099.00,"Entertainment Attendants and Related Workers, All Other",partial
461232,Make-up Artist,39-1014.00,"First-Line Supervisors of Entertainment and Recreation Workers, Except Gambling Services",partial
461232,Make-up Artist,39-1022.00,First-Line Supervisors of Personal Service Workers,partial
461232,Make-up Artist,53-1044.00,First-Line Supervisors of Passenger Attendants,partial
461232,Make-up Artist,39-5012.00,"Hairdressers, Hairstylists, and Cosmetologists",partial
461232,Make-up Artist,39-5091.00,"Makeup Artists, Theatrical and Performance",partial
461232,Make-up Artist,39-5092.00,Manicurists and Pedicurists,partial
461232,Make-up Artist,39-5093.00,Shampooers,partial
461232,Make-up Artist,39-5094.00,Skincare Specialists,partial
461331,Civil Celebrant,35-9031.00,"Hosts and Hostesses, Restaurant, Lounge, and Coffee Shop",partial
461331,Civil Celebrant,39-4012.00,Crematory Operators,partial
461331,Civil Celebrant,39-9099.00,"Personal Care and Service Workers, All Other",partial
461331,Civil Celebrant,39-1014.00,"First-Line Supervisors of Entertainment and Recreation Workers, Except Gambling Services",partial
461331,Civil Celebrant,39-1022.00,First-Line Supervisors of Personal Service Workers,partial
461331,Civil Celebrant,53-1044.00,First-Line Supervisors of Passenger Attendants,partial
461331,Civil Celebrant,39-9032.00,Recreation Workers,partial
461331,Civil Celebrant,39-9041.00,Residential Advisors,partial
461332,Funeral Director,39-4011.00,Embalmers,partial
461332,Funeral Director,39-4021.00,Funeral Attendants,partial
461332,Funeral Director,39-4031.00,"Morticians, Undertakers, and Funeral Arrangers",partial
461333,Funeral Worker,39-4011.00,Embalmers,partial
461333,Funeral Worker,39-4021.00,Funeral Attendants,partial
461333,Funeral Worker,39-4031.00,"Morticians, Undertakers, and Funeral Arrangers",partial
461431,Dog Walker,35-9031.00,"Hosts and Hostesses, Restaurant, Lounge, and Coffee Shop",partial
461431,Dog Walker,39-4012.00,Crematory Operators,partial
461431,Dog Walker,39-9099.00,"Personal Care and Service Workers, All Other",partial
461431,Dog Walker,39-1014.00,"First-Line Supervisors of Entertainment and Recreation Workers, Except Gambling Services",partial
461431,Dog Walker,39-1022.00,First-Line Supervisors of Personal Service Workers,partial
461431,Dog Walker,53-1044.00,First-Line Supervisors of Passenger Attendants,partial
461431,Dog Walker,39-9032.00,Recreation Workers,partial
461431,Dog Walker,39-9041.00,Residential Advisors,partial
461432,Domestic Animal Attendant,31-9096.00,Veterinary Assistants and Laboratory Animal Caretakers,partial
461432,Domestic Animal Attendant,39-1014.00,"First-Line Supervisors of Entertainment and Recreation Workers, Except Gambling Services",partial
461432,Domestic Animal Attendant,39-1022.00,First-Line Supervisors of Personal Service Workers,partial
461432,Domestic Animal Attendant,53-1044.00,First-Line Supervisors of Passenger Attendants,partial
461432,Domestic Animal Attendant,39-2011.00,Animal Trainers,partial
461432,Domestic Animal Attendant,39-2021.00,Animal Caretakers,partial
461433,Pet Groomer,31-9096.00,Veterinary Assistants and Laboratory Animal Caretakers,partial
461433,Pet Groomer,39-1014.00,"First-Line Supervisors of Entertainment and Recreation Workers, Except Gambling Services",partial
461433,Pet Groomer,39-1022.00,First-Line Supervisors of Personal Service Workers,partial
461433,Pet Groomer,53-1044.00,First-Line Supervisors of Passenger Attendants,partial
461433,Pet Groomer,39-2011.00,Animal Trainers,partial
461433,Pet Groomer,39-2021.00,Animal Caretakers,partial
461499,Domestic Animal Care Workers nec,31-9096.00,Veterinary Assistants and Laboratory Animal Caretakers,partial
461499,Domestic Animal Care Workers nec,39-1014.00,"First-Line Supervisors of Entertainment and Recreation Workers, Except Gambling Services",partial
461499,Domestic Animal Care Workers nec,39-1022.00,First-Line Supervisors of Personal Service Workers,partial
461499,Domestic Animal Care Workers nec,53-1044.00,First-Line Supervisors of Passenger Attendants,partial
461499,Domestic Animal Care Workers nec,39-2011.00,Animal Trainers,partial
461499,Domestic Animal Care Workers nec,39-2021.00,Animal Caretakers,partial
461531,Driving Instructor,25-3021.00,Self-Enrichment Teachers,exact
461631,Gallery or Museum Guide,39-1014.00,"First-Line Supervisors of Entertainment and Recreation Workers, Except Gambling Services",partial
461631,Gallery or Museum Guide,39-1022.00,First-Line Supervisors of Personal Service Workers,partial
461631,Gallery or Museum Guide,53-1044.00,First-Line Supervisors of Passenger Attendants,partial
461631,Gallery or Museum Guide,39-7011.00,Tour Guides and Escorts,partial
461631,Gallery or Museum Guide,39-7012.00,Travel Guides,partial
461632,Tour Guide,39-1014.00,"First-Line Supervisors of Entertainment and Recreation Workers, Except Gambling Services",partial
461632,Tour Guide,39-1022.00,First-Line Supervisors of Personal Service Workers,partial
461632,Tour Guide,53-1044.00,First-Line Supervisors of Passenger Attendants,partial
461632,Tour Guide,39-7011.00,Tour Guides and Escorts,partial
461632,Tour Guide,39-7012.00,Travel Guides,partial
461633,Tourist Information Officer,41-1012.00,First-Line Supervisors of Non-Retail Sales Workers,partial
461633,Tourist Information Officer,41-3041.00,Travel Agents,partial
461633,Tourist Information Officer,43-4181.00,Reservation and Transportation Ticket Agents and Travel Clerks,partial
461731,Flight Attendant,53-1043.00,First-Line Supervisors of Material-Moving Machine and Vehicle Operators,partial
461731,Flight Attendant,53-1044.00,First-Line Supervisors of Passenger Attendants,partial
461731,Flight Attendant,53-1049.00,"First-Line Supervisors of Transportation Workers, All Other",partial
461731,Flight Attendant,53-2031.00,Flight Attendants,partial
461731,Flight Attendant,53-6061.00,Passenger Attendants,partial
461799,Travel Attendants nec,53-1043.00,First-Line Supervisors of Material-Moving Machine and Vehicle Operators,partial
461799,Travel Attendants nec,53-1044.00,First-Line Supervisors of Passenger Attendants,partial
461799,Travel Attendants nec,53-1049.00,"First-Line Supervisors of Transportation Workers, All Other",partial
461799,Travel Attendants nec,53-2031.00,Flight Attendants,partial
461799,Travel Attendants nec,53-6061.00,Passenger Attendants,partial
461831,Travel Consultant,41-1012.00,First-Line Supervisors of Non-Retail Sales Workers,partial
461831,Travel Consultant,41-3041.00,Travel Agents,partial
461831,Travel Consultant,43-4181.00,Reservation and Transportation Ticket Agents and Travel Clerks,partial
461931,Airline Customer Support Worker,41-1012.00,First-Line Supervisors of Non-Retail Sales Workers,partial
461931,Airline Customer Support Worker,41-3041.00,Travel Agents,partial
461931,Airline Customer Support Worker,43-4181.00,Reservation and Transportation Ticket Agents and Travel Clerks,partial
461932,Fashion Stylist,27-1019.00,"Artists and Related Workers, All Other",partial
461932,Fashion Stylist,27-2091.00,"Disc Jockeys, Except Radio",partial
461932,Fashion Stylist,27-2099.00,"Entertainers and Performers, Sports and Related Workers, All Other",partial
461932,Fashion Stylist,27-3099.00,"Media and Communication Workers, All Other",partial
461932,Fashion Stylist,27-4015.00,Lighting Technicians,partial
461932,Fashion Stylist,27-4099.00,"Media and Communication Equipment Workers, All Other",partial
461932,Fashion Stylist,39-3092.00,Costume Attendants,partial
461932,Fashion Stylist,39-3099.00,"Entertainment Attendants and Related Workers, All Other",partial
461933,First Aid Trainer,35-9031.00,"Hosts and Hostesses, Restaurant, Lounge, and Coffee Shop",partial
461933,First Aid Trainer,39-4012.00,Crematory Operators,partial
461933,First Aid Trainer,39-9099.00,"Personal Care and Service Workers, All Other",partial
461933,First Aid Trainer,39-1014.00,"First-Line Supervisors of Entertainment and Recreation Workers, Except Gambling Services",partial
461933,First Aid Trainer,39-1022.00,First-Line Supervisors of Personal Service Workers,partial
461933,First Aid Trainer,53-1044.00,First-Line Supervisors of Passenger Attendants,partial
461933,First Aid Trainer,39-9032.00,Recreation Workers,partial
461933,First Aid Trainer,39-9041.00,Residential Advisors,partial
461934,Hair or Beauty Salon Assistant,39-1014.00,"First-Line Supervisors of Entertainment and Recreation Workers, Except Gambling Services",partial
461934,Hair or Beauty Salon Assistant,39-1022.00,First-Line Supervisors of Personal Service Workers,partial
461934,Hair or Beauty Salon Assistant,53-1044.00,First-Line Supervisors of Passenger Attendants,partial
461934,Hair or Beauty Salon Assistant,39-5012.00,"Hairdressers, Hairstylists, and Cosmetologists",partial
461934,Hair or Beauty Salon Assistant,39-5091.00,"Makeup Artists, Theatrical and Performance",partial
461934,Hair or Beauty Salon Assistant,39-5092.00,Manicurists and Pedicurists,partial
461934,Hair or Beauty Salon Assistant,39-5093.00,Shampooers,partial
461934,Hair or Beauty Salon Assistant,39-5094.00,Skincare Specialists,partial
461935,Natural Remedy Consultant,29-9021.00,Health Information Technologists and Medical Registrars,partial
461935,Natural Remedy Consultant,29-9093.00,Surgical Assistants,partial
461935,Natural Remedy Consultant,29-9099.00,"Healthcare Practitioners and Technical Workers, All Other",partial
461935,Natural Remedy Consultant,29-9099.01,Midwives,partial
461936,Photographer's Assistant,27-4021.00,Photographers,partial
461936,Photographer's Assistant,51-9151.00,Photographic Process Workers and Processing Machine Operators,partial
461937,Religious Assistant,21-2099.00,"Religious Workers, All Other",exact
461938,Sex Worker or Escort,35-9031.00,"Hosts and Hostesses, Restaurant, Lounge, and Coffee Shop",partial
461938,Sex Worker or Escort,39-4012.00,Crematory Operators,partial
461938,Sex Worker or Escort,39-9099.00,"Personal Care and Service Workers, All Other",partial
461938,Sex Worker or Escort,39-1014.00,"First-Line Supervisors of Entertainment and Recreation Workers, Except Gambling Services",partial
461938,Sex Worker or Escort,39-1022.00,First-Line Supervisors of Personal Service Workers,partial
461938,Sex Worker or Escort,53-1044.00,First-Line Supervisors of Passenger Attendants,partial
461938,Sex Worker or Escort,39-9032.00,Recreation Workers,partial
461938,Sex Worker or Escort,39-9041.00,Residential Advisors,partial
461941,Weight Loss Consultant,39-1014.00,"First-Line Supervisors of Entertainment and Recreation Workers, Except Gambling Services",partial
461941,Weight Loss Consultant,39-1022.00,First-Line Supervisors of Personal Service Workers,partial
461941,Weight Loss Consultant,53-1044.00,First-Line Supervisors of Passenger Attendants,partial
461941,Weight Loss Consultant,39-5012.00,"Hairdressers, Hairstylists, and Cosmetologists",partial
461941,Weight Loss Consultant,39-5091.00,"Makeup Artists, Theatrical and Performance",partial
461941,Weight Loss Consultant,39-5092.00,Manicurists and Pedicurists,partial
461941,Weight Loss Consultant,39-5093.00,Shampooers,partial
461941,Weight Loss Consultant,39-5094.00,Skincare Specialists,partial
461999,Personal Service and Travel Workers nec,37-1011.00,First-Line Supervisors of Housekeeping and Janitorial Workers,partial
461999,Personal Service and Travel Workers nec,39-4012.00,Crematory Operators,partial
461999,Personal Service and Travel Workers nec,39-9099.00,"Personal Care and Service Workers, All Other",partial
461999,Personal Service and Travel Workers nec,27-2091.00,"Disc Jockeys, Except Radio",partial
461999,Personal Service and Travel Workers nec,27-2099.00,"Entertainers and Performers, Sports and Related Workers, All Other",partial
461999,Personal Service and Travel Workers nec,39-1014.00,"First-Line Supervisors of Entertainment and Recreation Workers, Except Gambling Services",partial
461999,Personal Service and Travel Workers nec,39-1022.00,First-Line Supervisors of Personal Service Workers,partial
461999,Personal Service and Travel Workers nec,53-1044.00,First-Line Supervisors of Passenger Attendants,partial
461999,Personal Service and Travel Workers nec,31-1122.00,Personal Care Aides,partial
461999,Personal Service and Travel Workers nec,35-9031.00,"Hosts and Hostesses, Restaurant, Lounge, and Coffee Shop",partial
461999,Personal Service and Travel Workers nec,39-9032.00,Recreation Workers,partial
461999,Personal Service and Travel Workers nec,39-9041.00,Residential Advisors,partial
462131,Fitness Instructor (General),25-3021.00,Self-Enrichment Teachers,partial
462131,Fitness Instructor (General),29-9091.00,Athletic Trainers,partial
462131,Fitness Instructor (General),39-1014.00,"First-Line Supervisors of Entertainment and Recreation Workers, Except Gambling Services",partial
462131,Fitness Instructor (General),39-1022.00,First-Line Supervisors of Personal Service Workers,partial
462131,Fitness Instructor (General),53-1044.00,First-Line Supervisors of Passenger Attendants,partial
462131,Fitness Instructor (General),39-9031.00,Exercise Trainers and Group Fitness Instructors,partial
462231,Pilates Instructor,25-3021.00,Self-Enrichment Teachers,partial
462231,Pilates Instructor,29-9091.00,Athletic Trainers,partial
462231,Pilates Instructor,39-1014.00,"First-Line Supervisors of Entertainment and Recreation Workers, Except Gambling Services",partial
462231,Pilates Instructor,39-1022.00,First-Line Supervisors of Personal Service Workers,partial
462231,Pilates Instructor,53-1044.00,First-Line Supervisors of Passenger Attendants,partial
462231,Pilates Instructor,39-9031.00,Exercise Trainers and Group Fitness Instructors,partial
462232,Yoga Teacher,25-3021.00,Self-Enrichment Teachers,partial
462232,Yoga Teacher,29-9091.00,Athletic Trainers,partial
462232,Yoga Teacher,39-1014.00,"First-Line Supervisors of Entertainment and Recreation Workers, Except Gambling Services",partial
462232,Yoga Teacher,39-1022.00,First-Line Supervisors of Personal Service Workers,partial
462232,Yoga Teacher,53-1044.00,First-Line Supervisors of Passenger Attendants,partial
462232,Yoga Teacher,39-9031.00,Exercise Trainers and Group Fitness Instructors,partial
462331,Lifeguard,33-1091.00,First-Line Supervisors of Security Workers,partial
462331,Lifeguard,33-1099.00,"First-Line Supervisors of Protective Service Workers, All Other",partial
462331,Lifeguard,33-3031.00,Fish and Game Wardens,partial
462331,Lifeguard,33-3041.00,Parking Enforcement Workers,partial
462331,Lifeguard,33-9011.00,Animal Control Workers,partial
462331,Lifeguard,33-9091.00,Crossing Guards and Flaggers,partial
462331,Lifeguard,33-9092.00,"Lifeguards, Ski Patrol, and Other Recreational Protective Service Workers",partial
462331,Lifeguard,33-9094.00,School Bus Monitors,partial
462331,Lifeguard,33-9099.00,"Protective Service Workers, All Other",partial
462331,Lifeguard,33-9099.02,Retail Loss Prevention Specialists,partial
462331,Lifeguard,43-5031.00,Public Safety Telecommunicators,partial
462399,Sport and Recreation Safety Patrollers nec,33-1091.00,First-Line Supervisors of Security Workers,partial
462399,Sport and Recreation Safety Patrollers nec,33-1099.00,"First-Line Supervisors of Protective Service Workers, All Other",partial
462399,Sport and Recreation Safety Patrollers nec,33-3031.00,Fish and Game Wardens,partial
462399,Sport and Recreation Safety Patrollers nec,33-3041.00,Parking Enforcement Workers,partial
462399,Sport and Recreation Safety Patrollers nec,33-9011.00,Animal Control Workers,partial
462399,Sport and Recreation Safety Patrollers nec,33-9091.00,Crossing Guards and Flaggers,partial
462399,Sport and Recreation Safety Patrollers nec,33-9092.00,"Lifeguards, Ski Patrol, and Other Recreational Protective Service Workers",partial
462399,Sport and Recreation Safety Patrollers nec,33-9094.00,School Bus Monitors,partial
462399,Sport and Recreation Safety Patrollers nec,33-9099.00,"Protective Service Workers, All Other",partial
462399,Sport and Recreation Safety Patrollers nec,33-9099.02,Retail Loss Prevention Specialists,partial
462399,Sport and Recreation Safety Patrollers nec,43-5031.00,Public Safety Telecommunicators,partial
462431,Basketball Coach,25-3021.00,Self-Enrichment Teachers,partial
462431,Basketball Coach,27-2022.00,Coaches and Scouts,partial
462431,Basketball Coach,27-2023.00,"Umpires, Referees, and Other Sports Officials",partial
462432,Diving Instructor (Open Water),25-3021.00,Self-Enrichment Teachers,partial
462432,Diving Instructor (Open Water),27-2022.00,Coaches and Scouts,partial
462432,Diving Instructor (Open Water),27-2023.00,"Umpires, Referees, and Other Sports Officials",partial
462433,Football Coach,25-3021.00,Self-Enrichment Teachers,partial
462433,Football Coach,27-2022.00,Coaches and Scouts,partial
462433,Football Coach,27-2023.00,"Umpires, Referees, and Other Sports Officials",partial
462434,Gymnastics Coach or Instructor,25-3021.00,Self-Enrichment Teachers,partial
462434,Gymnastics Coach or Instructor,27-2022.00,Coaches and Scouts,partial
462434,Gymnastics Coach or Instructor,27-2023.00,"Umpires, Referees, and Other Sports Officials",partial
462435,Horse Riding Coach or Instructor,25-3021.00,Self-Enrichment Teachers,partial
462435,Horse Riding Coach or Instructor,29-9091.00,Athletic Trainers,partial
462435,Horse Riding Coach or Instructor,39-1014.00,"First-Line Supervisors of Entertainment and Recreation Workers, Except Gambling Services",partial
462435,Horse Riding Coach or Instructor,39-1022.00,First-Line Supervisors of Personal Service Workers,partial
462435,Horse Riding Coach or Instructor,53-1044.00,First-Line Supervisors of Passenger Attendants,partial
462435,Horse Riding Coach or Instructor,39-9031.00,Exercise Trainers and Group Fitness Instructors,partial
462436,Martial Arts Instructor,25-3021.00,Self-Enrichment Teachers,partial
462436,Martial Arts Instructor,27-2022.00,Coaches and Scouts,partial
462436,Martial Arts Instructor,27-2023.00,"Umpires, Referees, and Other Sports Officials",partial
462437,Netball Coach,25-3021.00,Self-Enrichment Teachers,partial
462437,Netball Coach,27-2022.00,Coaches and Scouts,partial
462437,Netball Coach,27-2023.00,"Umpires, Referees, and Other Sports Officials",partial
462438,Outdoor Adventure Leader or Guide,25-3021.00,Self-Enrichment Teachers,partial
462438,Outdoor Adventure Leader or Guide,29-9091.00,Athletic Trainers,partial
462438,Outdoor Adventure Leader or Guide,39-1014.00,"First-Line Supervisors of Entertainment and Recreation Workers, Except Gambling Services",partial
462438,Outdoor Adventure Leader or Guide,39-1022.00,First-Line Supervisors of Personal Service Workers,partial
462438,Outdoor Adventure Leader or Guide,53-1044.00,First-Line Supervisors of Passenger Attendants,partial
462438,Outdoor Adventure Leader or Guide,39-9031.00,Exercise Trainers and Group Fitness Instructors,partial
462441,Snowsport Instructor,25-3021.00,Self-Enrichment Teachers,partial
462441,Snowsport Instructor,27-2022.00,Coaches and Scouts,partial
462441,Snowsport Instructor,27-2023.00,"Umpires, Referees, and Other Sports Officials",partial
462442,Swimming Instructor or Coach,25-3021.00,Self-Enrichment Teachers,partial
462442,Swimming Instructor or Coach,27-2022.00,Coaches and Scouts,partial
462442,Swimming Instructor or Coach,27-2023.00,"Umpires, Referees, and Other Sports Officials",partial
462443,Tennis Coach,25-3021.00,Self-Enrichment Teachers,partial
462443,Tennis Coach,27-2022.00,Coaches and Scouts,partial
462443,Tennis Coach,27-2023.00,"Umpires, Referees, and Other Sports Officials",partial
462499,Sports Coaches and Outdoor Adventure Guides nec,25-3021.00,Self-Enrichment Teachers,partial
462499,Sports Coaches and Outdoor Adventure Guides nec,27-2022.00,Coaches and Scouts,partial
462499,Sports Coaches and Outdoor Adventure Guides nec,27-2023.00,"Umpires, Referees, and Other Sports Officials",partial
462531,Dog and Horse Racing Official,25-3021.00,Self-Enrichment Teachers,partial
462531,Dog and Horse Racing Official,27-2022.00,Coaches and Scouts,partial
462531,Dog and Horse Racing Official,27-2023.00,"Umpires, Referees, and Other Sports Officials",partial
462532,Sports Umpire,25-3021.00,Self-Enrichment Teachers,partial
462532,Sports Umpire,27-2022.00,Coaches and Scouts,partial
462532,Sports Umpire,27-2023.00,"Umpires, Referees, and Other Sports Officials",partial
462599,Sports Officials and Umpires nec,25-3021.00,Self-Enrichment Teachers,partial
462599,Sports Officials and Umpires nec,27-2022.00,Coaches and Scouts,partial
462599,Sports Officials and Umpires nec,27-2023.00,"Umpires, Referees, and Other Sports Officials",partial
462631,Footballer,27-2021.00,Athletes and Sports Competitors,exact
462632,Golfer,27-2021.00,Athletes and Sports Competitors,exact
462633,Jockey,27-2021.00,Athletes and Sports Competitors,exact
462699,Sportspersons nec,27-2021.00,Athletes and Sports Competitors,exact
471131,Bar Attendant,35-3011.00,Bartenders,exact
471231,Barista,35-3011.00,Bartenders,exact
471331,Cafe Worker,35-3031.00,Waiters and Waitresses,partial
471331,Cafe Worker,35-3041.00,"Food Servers, Nonrestaurant",partial
471331,Cafe Worker,35-3023.00,Fast Food and Counter Workers,partial
471331,Cafe Worker,35-3023.01,Baristas,partial
471331,Cafe Worker,35-9011.00,Dining Room and Cafeteria Attendants and Bartender Helpers,partial
471431,Gaming Attendant,41-2011.00,Cashiers,partial
471431,Gaming Attendant,41-2012.00,Gambling Change Persons and Booth Cashiers,partial
471432,Gaming Dealer or Croupier,39-1013.00,First-Line Supervisors of Gambling Services Workers,partial
471432,Gaming Dealer or Croupier,39-3011.00,Gambling Dealers,partial
471432,Gaming Dealer or Croupier,39-3012.00,Gambling and Sports Book Writers and Runners,partial
471432,Gaming Dealer or Croupier,39-3019.00,"Gambling Service Workers, All Other",partial
471432,Gaming Dealer or Croupier,43-3041.00,Gambling Cage Workers,partial
471531,Bar Supervisor,35-3011.00,Bartenders,exact
471532,Cafe or Restaurant Supervisor,35-3031.00,Waiters and Waitresses,partial
471532,Cafe or Restaurant Supervisor,35-3041.00,"Food Servers, Nonrestaurant",partial
471533,Front Office Supervisor (Accommodation),11-9081.00,Lodging Managers,exact
471534,Gaming Supervisor,39-1013.00,First-Line Supervisors of Gambling Services Workers,partial
471534,Gaming Supervisor,39-3011.00,Gambling Dealers,partial
471534,Gaming Supervisor,39-3012.00,Gambling and Sports Book Writers and Runners,partial
471534,Gaming Supervisor,39-3019.00,"Gambling Service Workers, All Other",partial
471534,Gaming Supervisor,43-3041.00,Gambling Cage Workers,partial
471535,Housekeeping Supervisor,37-1011.00,First-Line Supervisors of Housekeeping and Janitorial Workers,exact
471631,Sommelier,35-3031.00,Waiters and Waitresses,partial
471631,Sommelier,35-3041.00,"Food Servers, Nonrestaurant",partial
471632,Waiter,35-3031.00,Waiters and Waitresses,partial
471632,Waiter,35-3041.00,"Food Servers, Nonrestaurant",partial
471931,Bar Useful,37-2011.00,"Janitors and Cleaners, Except Maids and Housekeeping Cleaners",partial
471931,Bar Useful,37-2012.00,Maids and Housekeeping Cleaners,partial
471931,Bar Useful,53-7061.00,Cleaners of Vehicles and Equipment,partial
471932,Doorperson or Porter,39-6011.00,Baggage Porters and Bellhops,partial
471932,Doorperson or Porter,43-5021.00,Couriers and Messengers,partial
471999,Hospitality Workers nec,35-9031.00,"Hosts and Hostesses, Restaurant, Lounge, and Coffee Shop",partial
471999,Hospitality Workers nec,39-4012.00,Crematory Operators,partial
471999,Hospitality Workers nec,39-9099.00,"Personal Care and Service Workers, All Other",partial
471999,Hospitality Workers nec,39-1014.00,"First-Line Supervisors of Entertainment and Recreation Workers, Except Gambling Services",partial
471999,Hospitality Workers nec,39-1022.00,First-Line Supervisors of Personal Service Workers,partial
471999,Hospitality Workers nec,53-1044.00,First-Line Supervisors of Passenger Attendants,partial
471999,Hospitality Workers nec,39-9032.00,Recreation Workers,partial
471999,Hospitality Workers nec,39-9041.00,Residential Advisors,partial
471999,Hospitality Workers nec,39-3021.00,Motion Picture Projectionists,partial
471999,Hospitality Workers nec,39-3031.00,"Ushers, Lobby Attendants, and Ticket Takers",partial
471999,Hospitality Workers nec,39-3091.00,Amusement and Recreation Attendants,partial
471999,Hospitality Workers nec,39-3093.00,"Locker Room, Coatroom, and Dressing Room Attendants",partial
471999,Hospitality Workers nec,53-6021.00,Parking Attendants,partial
511131,Contract Administrator,13-1011.00,"Agents and Business Managers of Artists, Performers, and Athletes",partial
511131,Contract Administrator,13-1051.00,Cost Estimators,partial
511131,Contract Administrator,13-1082.00,Project Management Specialists,partial
511131,Contract Administrator,13-1199.00,"Business Operations Specialists, All Other",partial
511131,Contract Administrator,13-1199.04,Business Continuity Planners,partial
511131,Contract Administrator,13-1199.05,Sustainability Specialists,partial
511131,Contract Administrator,13-1199.06,Online Merchants,partial
511131,Contract Administrator,13-1199.07,Security Management Specialists,partial
511131,Contract Administrator,13-2054.00,Financial Risk Specialists,partial
511131,Contract Administrator,13-2099.00,"Financial Specialists, All Other",partial
511131,Contract Administrator,13-2099.01,Financial Quantitative Analysts,partial
511131,Contract Administrator,13-2099.04,"Fraud Examiners, Investigators and Analysts",partial
511131,Contract Administrator,41-1012.00,First-Line Supervisors of Non-Retail Sales Workers,partial
511131,Contract Administrator,41-3011.00,Advertising Sales Agents,partial
511131,Contract Administrator,41-3041.00,Travel Agents,partial
511131,Contract Administrator,41-9099.00,"Sales and Related Workers, All Other",partial
511231,Program or Project Administrator,13-1011.00,"Agents and Business Managers of Artists, Performers, and Athletes",partial
511231,Program or Project Administrator,13-1051.00,Cost Estimators,partial
511231,Program or Project Administrator,13-1082.00,Project Management Specialists,partial
511231,Program or Project Administrator,13-1199.00,"Business Operations Specialists, All Other",partial
511231,Program or Project Administrator,13-1199.04,Business Continuity Planners,partial
511231,Program or Project Administrator,13-1199.05,Sustainability Specialists,partial
511231,Program or Project Administrator,13-1199.06,Online Merchants,partial
511231,Program or Project Administrator,13-1199.07,Security Management Specialists,partial
511231,Program or Project Administrator,13-2054.00,Financial Risk Specialists,partial
511231,Program or Project Administrator,13-2099.00,"Financial Specialists, All Other",partial
511231,Program or Project Administrator,13-2099.01,Financial Quantitative Analysts,partial
511231,Program or Project Administrator,13-2099.04,"Fraud Examiners, Investigators and Analysts",partial
511231,Program or Project Administrator,41-1012.00,First-Line Supervisors of Non-Retail Sales Workers,partial
511231,Program or Project Administrator,41-3011.00,Advertising Sales Agents,partial
511231,Program or Project Administrator,41-3041.00,Travel Agents,partial
511231,Program or Project Administrator,41-9099.00,"Sales and Related Workers, All Other",partial
521131,Conveyancer,23-1012.00,Judicial Law Clerks,partial
521131,Conveyancer,23-2011.00,Paralegals and Legal Assistants,partial
521131,Conveyancer,23-2093.00,"Title Examiners, Abstractors, and Searchers",partial
521131,Conveyancer,23-2099.00,"Legal Support Workers, All Other",partial
521131,Conveyancer,33-3011.00,Bailiffs,partial
521131,Conveyancer,33-9021.00,Private Detectives and Investigators,partial
521131,Conveyancer,33-9031.00,Gambling Surveillance Officers and Gambling Investigators,partial
521231,Clerk of Court,23-1012.00,Judicial Law Clerks,partial
521231,Clerk of Court,23-2011.00,Paralegals and Legal Assistants,partial
521231,Clerk of Court,23-2093.00,"Title Examiners, Abstractors, and Searchers",partial
521231,Clerk of Court,23-2099.00,"Legal Support Workers, All Other",partial
521231,Clerk of Court,33-3011.00,Bailiffs,partial
521231,Clerk of Court,33-9021.00,Private Detectives and Investigators,partial
521231,Clerk of Court,33-9031.00,Gambling Surveillance Officers and Gambling Investigators,partial
521232,Court Bailiff or Sheriff,23-1012.00,Judicial Law Clerks,partial
521232,Court Bailiff or Sheriff,23-2011.00,Paralegals and Legal Assistants,partial
521232,Court Bailiff or Sheriff,23-2093.00,"Title Examiners, Abstractors, and Searchers",partial
521232,Court Bailiff or Sheriff,23-2099.00,"Legal Support Workers, All Other",partial
521232,Court Bailiff or Sheriff,33-3011.00,Bailiffs,partial
521232,Court Bailiff or Sheriff,33-9021.00,Private Detectives and Investigators,partial
521232,Court Bailiff or Sheriff,33-9031.00,Gambling Surveillance Officers and Gambling Investigators,partial
521233,Court Orderly,23-1012.00,Judicial Law Clerks,partial
521233,Court Orderly,23-2011.00,Paralegals and Legal Assistants,partial
521233,Court Orderly,23-2093.00,"Title Examiners, Abstractors, and Searchers",partial
521233,Court Orderly,23-2099.00,"Legal Support Workers, All Other",partial
521233,Court Orderly,33-3011.00,Bailiffs,partial
521233,Court Orderly,33-9021.00,Private Detectives and Investigators,partial
521233,Court Orderly,33-9031.00,Gambling Surveillance Officers and Gambling Investigators,partial
521234,Law Clerk,23-1012.00,Judicial Law Clerks,partial
521234,Law Clerk,23-2011.00,Paralegals and Legal Assistants,partial
521234,Law Clerk,23-2093.00,"Title Examiners, Abstractors, and Searchers",partial
521234,Law Clerk,23-2099.00,"Legal Support Workers, All Other",partial
521234,Law Clerk,33-3011.00,Bailiffs,partial
521234,Law Clerk,33-9021.00,Private Detectives and Investigators,partial
521234,Law Clerk,33-9031.00,Gambling Surveillance Officers and Gambling Investigators,partial
521235,Legal Secretary,43-6012.00,Legal Secretaries and Administrative Assistants,exact
521236,Trust Officer,23-1012.00,Judicial Law Clerks,partial
521236,Trust Officer,23-2011.00,Paralegals and Legal Assistants,partial
521236,Trust Officer,23-2093.00,"Title Examiners, Abstractors, and Searchers",partial
521236,Trust Officer,23-2099.00,"Legal Support Workers, All Other",partial
521236,Trust Officer,33-3011.00,Bailiffs,partial
521236,Trust Officer,33-9021.00,Private Detectives and Investigators,partial
521236,Trust Officer,33-9031.00,Gambling Surveillance Officers and Gambling Investigators,partial
522131,Secretary (General),27-3092.00,Court Reporters and Simultaneous Captioners,partial
522131,Secretary (General),43-6011.00,Executive Secretaries and Executive Administrative Assistants,partial
522131,Secretary (General),43-6014.00,"Secretaries and Administrative Assistants, Except Legal, Medical, and Executive",partial
522231,Executive Assistant,27-3092.00,Court Reporters and Simultaneous Captioners,partial
522231,Executive Assistant,43-6011.00,Executive Secretaries and Executive Administrative Assistants,partial
531131,Bank Officer,43-3071.00,Tellers,partial
531131,Bank Officer,43-5051.00,Postal Service Clerks,partial
531231,Credit or Loans Officer,13-2071.00,Credit Counselors,partial
531231,Credit or Loans Officer,13-2072.00,Loan Officers,partial
531331,Business Broker,11-9141.00,"Property, Real Estate, and Community Association Managers",partial
531331,Business Broker,41-1012.00,First-Line Supervisors of Non-Retail Sales Workers,partial
531331,Business Broker,41-9021.00,Real Estate Brokers,partial
531331,Business Broker,41-9022.00,Real Estate Sales Agents,partial
531332,Commodities Trader,41-1012.00,First-Line Supervisors of Non-Retail Sales Workers,partial
531332,Commodities Trader,41-3031.00,"Securities, Commodities, and Financial Services Sales Agents",partial
531332,Commodities Trader,43-5011.00,Cargo and Freight Agents,partial
531332,Commodities Trader,43-5011.01,Freight Forwarders,partial
531333,Finance Broker,41-1012.00,First-Line Supervisors of Non-Retail Sales Workers,partial
531333,Finance Broker,41-3031.00,"Securities, Commodities, and Financial Services Sales Agents",partial
531334,Insurance Broker,13-2053.00,Insurance Underwriters,partial
531334,Insurance Broker,41-1012.00,First-Line Supervisors of Non-Retail Sales Workers,partial
531334,Insurance Broker,41-3021.00,Insurance Sales Agents,partial
531399,Financial and Insurance Brokers nec,41-1012.00,First-Line Supervisors of Non-Retail Sales Workers,partial
531399,Financial and Insurance Brokers nec,41-3031.00,"Securities, Commodities, and Financial Services Sales Agents",partial
531399,Financial and Insurance Brokers nec,13-1011.00,"Agents and Business Managers of Artists, Performers, and Athletes",partial
531399,Financial and Insurance Brokers nec,13-1051.00,Cost Estimators,partial
531399,Financial and Insurance Brokers nec,13-1082.00,Project Management Specialists,partial
531399,Financial and Insurance Brokers nec,13-1199.00,"Business Operations Specialists, All Other",partial
531399,Financial and Insurance Brokers nec,13-1199.04,Business Continuity Planners,partial
531399,Financial and Insurance Brokers nec,13-1199.05,Sustainability Specialists,partial
531399,Financial and Insurance Brokers nec,13-1199.06,Online Merchants,partial
531399,Financial and Insurance Brokers nec,13-1199.07,Security Management Specialists,partial
531399,Financial and Insurance Brokers nec,13-2054.00,Financial Risk Specialists,partial
531399,Financial and Insurance Brokers nec,13-2099.00,"Financial Specialists, All Other",partial
531399,Financial and Insurance Brokers nec,13-2099.01,Financial Quantitative Analysts,partial
531399,Financial and Insurance Brokers nec,13-2099.04,"Fraud Examiners, Investigators and Analysts",partial
531399,Financial and Insurance Brokers nec,41-3011.00,Advertising Sales Agents,partial
531399,Financial and Insurance Brokers nec,41-3041.00,Travel Agents,partial
531399,Financial and Insurance Brokers nec,41-9099.00,"Sales and Related Workers, All Other",partial
531431,Insurance Consultant,13-2053.00,Insurance Underwriters,partial
531431,Insurance Consultant,41-1012.00,First-Line Supervisors of Non-Retail Sales Workers,partial
531431,Insurance Consultant,41-3021.00,Insurance Sales Agents,partial
531431,Insurance Consultant,43-3099.00,"Financial Clerks, All Other",partial
531431,Insurance Consultant,43-4011.00,Brokerage Clerks,partial
531431,Insurance Consultant,43-4041.00,"Credit Authorizers, Checkers, and Clerks",partial
531431,Insurance Consultant,43-4131.00,Loan Interviewers and Clerks,partial
531431,Insurance Consultant,43-4141.00,New Accounts Clerks,partial
531431,Insurance Consultant,43-9041.00,Insurance Claims and Policy Processing Clerks,partial
531531,Insurance Investigator,13-1031.00,"Claims Adjusters, Examiners, and Investigators",partial
531531,Insurance Investigator,13-1032.00,"Insurance Appraisers, Auto Damage",partial
531531,Insurance Investigator,13-2022.00,Appraisers of Personal and Business Property,partial
531531,Insurance Investigator,13-2023.00,Appraisers and Assessors of Real Estate,partial
531532,Insurance Loss Adjuster,13-1031.00,"Claims Adjusters, Examiners, and Investigators",partial
531532,Insurance Loss Adjuster,13-1032.00,"Insurance Appraisers, Auto Damage",partial
531532,Insurance Loss Adjuster,13-2022.00,Appraisers of Personal and Business Property,partial
531532,Insurance Loss Adjuster,13-2023.00,Appraisers and Assessors of Real Estate,partial
531533,Insurance Risk Surveyor,13-1031.00,"Claims Adjusters, Examiners, and Investigators",partial
531533,Insurance Risk Surveyor,13-1032.00,"Insurance Appraisers, Auto Damage",partial
531533,Insurance Risk Surveyor,13-2022.00,Appraisers of Personal and Business Property,partial
531533,Insurance Risk Surveyor,13-2023.00,Appraisers and Assessors of Real Estate,partial
531931,Investment Administrator,43-3099.00,"Financial Clerks, All Other",partial
531931,Investment Administrator,43-4011.00,Brokerage Clerks,partial
531931,Investment Administrator,43-4041.00,"Credit Authorizers, Checkers, and Clerks",partial
531931,Investment Administrator,43-4131.00,Loan Interviewers and Clerks,partial
531931,Investment Administrator,43-4141.00,New Accounts Clerks,partial
531931,Investment Administrator,43-9041.00,Insurance Claims and Policy Processing Clerks,partial
531932,Paraplanner,43-3099.00,"Financial Clerks, All Other",partial
531932,Paraplanner,43-4011.00,Brokerage Clerks,partial
531932,Paraplanner,43-4041.00,"Credit Authorizers, Checkers, and Clerks",partial
531932,Paraplanner,43-4131.00,Loan Interviewers and Clerks,partial
531932,Paraplanner,43-4141.00,New Accounts Clerks,partial
531932,Paraplanner,43-9041.00,Insurance Claims and Policy Processing Clerks,partial
541131,Accounts Clerk,43-3021.00,Billing and Posting Clerks,partial
541131,Accounts Clerk,43-3031.00,"Bookkeeping, Accounting, and Auditing Clerks",partial
541231,Estimator,43-3021.00,Billing and Posting Clerks,partial
541231,Estimator,43-3031.00,"Bookkeeping, Accounting, and Auditing Clerks",partial
541331,Payroll Officer,43-3051.00,Payroll and Timekeeping Clerks,exact
542131,Bookkeeper,43-3031.00,"Bookkeeping, Accounting, and Auditing Clerks",partial
542131,Bookkeeper,43-3021.00,Billing and Posting Clerks,partial
549131,Betting Clerk,39-1013.00,First-Line Supervisors of Gambling Services Workers,partial
549131,Betting Clerk,39-3011.00,Gambling Dealers,partial
549131,Betting Clerk,39-3012.00,Gambling and Sports Book Writers and Runners,partial
549131,Betting Clerk,39-3019.00,"Gambling Service Workers, All Other",partial
549131,Betting Clerk,43-3041.00,Gambling Cage Workers,partial
549132,Bookmaker,39-1013.00,First-Line Supervisors of Gambling Services Workers,partial
549132,Bookmaker,39-3011.00,Gambling Dealers,partial
549132,Bookmaker,39-3012.00,Gambling and Sports Book Writers and Runners,partial
549132,Bookmaker,39-3019.00,"Gambling Service Workers, All Other",partial
549132,Bookmaker,43-3041.00,Gambling Cage Workers,partial
549133,Debt Collector,13-1131.00,Fundraisers,partial
549133,Debt Collector,43-3011.00,Bill and Account Collectors,partial
551131,Call or Contact Centre Operator,43-4051.00,Customer Service Representatives,partial
551131,Call or Contact Centre Operator,43-4171.00,Receptionists and Information Clerks,partial
551132,Call or Contact Centre Team Leader,43-1011.00,First-Line Supervisors of Office and Administrative Support Workers,exact
551231,Information Officer,43-4021.00,Correspondence Clerks,partial
551231,Information Officer,43-4171.00,Receptionists and Information Clerks,partial
551232,Switchboard Operator,43-2011.00,"Switchboard Operators, Including Answering Service",partial
551232,Switchboard Operator,43-2021.00,Telephone Operators,partial
552131,Medical Receptionist,31-9094.00,Medical Transcriptionists,partial
552131,Medical Receptionist,43-6013.00,Medical Secretaries and Administrative Assistants,partial
552131,Medical Receptionist,43-4171.00,Receptionists and Information Clerks,partial
552231,Ward Clerk,43-2099.00,"Communications Equipment Operators, All Other",partial
552231,Ward Clerk,43-4061.00,"Eligibility Interviewers, Government Programs",partial
552231,Ward Clerk,43-4199.00,"Information and Record Clerks, All Other",partial
553131,Receptionist (General),43-4171.00,Receptionists and Information Clerks,exact
553231,Hotel or Motel Receptionist,39-6012.00,Concierges,partial
553231,Hotel or Motel Receptionist,43-4081.00,"Hotel, Motel, and Resort Desk Clerks",partial
561131,General Clerk,43-3061.00,Procurement Clerks,partial
561131,General Clerk,43-9061.00,"Office Clerks, General",partial
561231,Data Entry Operator,43-9021.00,Data Entry Keyers,exact
561232,Machine Shorthand Reporter,27-3092.00,Court Reporters and Simultaneous Captioners,partial
561232,Machine Shorthand Reporter,43-6011.00,Executive Secretaries and Executive Administrative Assistants,partial
561233,Word Processing Operator,43-9022.00,Word Processors and Typists,exact
571131,Logistics Officer,43-5032.00,"Dispatchers, Except Police, Fire, and Ambulance",exact
571231,Order Clerk,43-5071.00,"Shipping, Receiving, and Inventory Clerks",partial
571231,Order Clerk,53-7065.00,Stockers and Order Fillers,partial
571231,Order Clerk,43-5111.00,"Weighers, Measurers, Checkers, and Samplers, Recordkeeping",partial
571331,Procurement Officer,43-5071.00,"Shipping, Receiving, and Inventory Clerks",partial
571331,Procurement Officer,53-7065.00,Stockers and Order Fillers,partial
571331,Procurement Officer,43-5111.00,"Weighers, Measurers, Checkers, and Samplers, Recordkeeping",partial
571332,Purchasing Officer,43-5071.00,"Shipping, Receiving, and Inventory Clerks",partial
571332,Purchasing Officer,53-7065.00,Stockers and Order Fillers,partial
571332,Purchasing Officer,43-5111.00,"Weighers, Measurers, Checkers, and Samplers, Recordkeeping",partial
571431,Stock Clerk,43-5071.00,"Shipping, Receiving, and Inventory Clerks",partial
571431,Stock Clerk,53-7065.00,Stockers and Order Fillers,partial
571431,Stock Clerk,43-5111.00,"Weighers, Measurers, Checkers, and Samplers, Recordkeeping",partial
571531,Warehouse Administrator,43-5071.00,"Shipping, Receiving, and Inventory Clerks",partial
571531,Warehouse Administrator,53-7065.00,Stockers and Order Fillers,partial
571531,Warehouse Administrator,43-5111.00,"Weighers, Measurers, Checkers, and Samplers, Recordkeeping",partial
571931,Freight Forwarder,43-5011.00,Cargo and Freight Agents,partial
571931,Freight Forwarder,43-5011.01,Freight Forwarders,partial
571931,Freight Forwarder,43-5071.00,"Shipping, Receiving, and Inventory Clerks",partial
571932,Production Coordinator (Logistics),43-5061.00,"Production, Planning, and Expediting Clerks",exact
591131,Aerodrome Reporting Officer,45-2011.00,Agricultural Inspectors,exact
591132,Council Ranger,19-5012.00,Occupational Health and Safety Technicians,partial
591132,Council Ranger,45-2011.00,Agricultural Inspectors,partial
591132,Council Ranger,53-1043.00,First-Line Supervisors of Material-Moving Machine and Vehicle Operators,partial
591132,Council Ranger,53-1044.00,First-Line Supervisors of Passenger Attendants,partial
591132,Council Ranger,53-1049.00,"First-Line Supervisors of Transportation Workers, All Other",partial
591132,Council Ranger,53-6051.00,Transportation Inspectors,partial
591132,Council Ranger,53-6051.01,Aviation Inspectors,partial
591132,Council Ranger,53-6051.07,"Transportation Vehicle, Equipment and Systems Inspectors, Except Aviation",partial
591132,Council Ranger,33-1091.00,First-Line Supervisors of Security Workers,partial
591132,Council Ranger,33-1099.00,"First-Line Supervisors of Protective Service Workers, All Other",partial
591132,Council Ranger,33-3031.00,Fish and Game Wardens,partial
591132,Council Ranger,33-3041.00,Parking Enforcement Workers,partial
591132,Council Ranger,33-9011.00,Animal Control Workers,partial
591132,Council Ranger,33-9091.00,Crossing Guards and Flaggers,partial
591132,Council Ranger,33-9092.00,"Lifeguards, Ski Patrol, and Other Recreational Protective Service Workers",partial
591132,Council Ranger,33-9094.00,School Bus Monitors,partial
591132,Council Ranger,33-9099.00,"Protective Service Workers, All Other",partial
591132,Council Ranger,33-9099.02,Retail Loss Prevention Specialists,partial
591132,Council Ranger,43-5031.00,Public Safety Telecommunicators,partial
591133,Electrical Asset Inspector,19-5012.00,Occupational Health and Safety Technicians,partial
591133,Electrical Asset Inspector,45-2011.00,Agricultural Inspectors,partial
591133,Electrical Asset Inspector,53-1043.00,First-Line Supervisors of Material-Moving Machine and Vehicle Operators,partial
591133,Electrical Asset Inspector,53-1044.00,First-Line Supervisors of Passenger Attendants,partial
591133,Electrical Asset Inspector,53-1049.00,"First-Line Supervisors of Transportation Workers, All Other",partial
591133,Electrical Asset Inspector,53-6051.00,Transportation Inspectors,partial
591133,Electrical Asset Inspector,53-6051.01,Aviation Inspectors,partial
591133,Electrical Asset Inspector,53-6051.07,"Transportation Vehicle, Equipment and Systems Inspectors, Except Aviation",partial
591134,"Invasive Pest, Weed and Disease Inspector",19-5012.00,Occupational Health and Safety Technicians,partial
591134,"Invasive Pest, Weed and Disease Inspector",45-2011.00,Agricultural Inspectors,partial
591134,"Invasive Pest, Weed and Disease Inspector",53-1043.00,First-Line Supervisors of Material-Moving Machine and Vehicle Operators,partial
591134,"Invasive Pest, Weed and Disease Inspector",53-1044.00,First-Line Supervisors of Passenger Attendants,partial
591134,"Invasive Pest, Weed and Disease Inspector",53-1049.00,"First-Line Supervisors of Transportation Workers, All Other",partial
591134,"Invasive Pest, Weed and Disease Inspector",53-6051.00,Transportation Inspectors,partial
591134,"Invasive Pest, Weed and Disease Inspector",53-6051.01,Aviation Inspectors,partial
591134,"Invasive Pest, Weed and Disease Inspector",53-6051.07,"Transportation Vehicle, Equipment and Systems Inspectors, Except Aviation",partial
591135,Meter Reader,43-5041.00,"Meter Readers, Utilities",partial
591135,Meter Reader,49-9091.00,"Coin, Vending, and Amusement Machine Servicers and Repairers",partial
591136,Motor Vehicle Licence Examiner,13-1041.00,Compliance Officers,partial
591136,Motor Vehicle Licence Examiner,13-1041.01,Environmental Compliance Inspectors,partial
591136,Motor Vehicle Licence Examiner,13-1041.03,Equal Opportunity Representatives and Officers,partial
591136,Motor Vehicle Licence Examiner,13-1041.04,Government Property Inspectors and Investigators,partial
591136,Motor Vehicle Licence Examiner,13-1041.06,Coroners,partial
591136,Motor Vehicle Licence Examiner,13-1041.07,Regulatory Affairs Specialists,partial
591136,Motor Vehicle Licence Examiner,13-1041.08,Customs Brokers,partial
591136,Motor Vehicle Licence Examiner,43-4031.00,"Court, Municipal, and License Clerks",partial
591137,Parking Officer,45-2011.00,Agricultural Inspectors,exact
591138,Transport Revenue Officer,13-1041.00,Compliance Officers,partial
591138,Transport Revenue Officer,13-1041.01,Environmental Compliance Inspectors,partial
591138,Transport Revenue Officer,13-1041.03,Equal Opportunity Representatives and Officers,partial
591138,Transport Revenue Officer,13-1041.04,Government Property Inspectors and Investigators,partial
591138,Transport Revenue Officer,13-1041.06,Coroners,partial
591138,Transport Revenue Officer,13-1041.07,Regulatory Affairs Specialists,partial
591138,Transport Revenue Officer,13-1041.08,Customs Brokers,partial
591138,Transport Revenue Officer,43-4031.00,"Court, Municipal, and License Clerks",partial
591138,Transport Revenue Officer,45-2011.00,Agricultural Inspectors,partial
591138,Transport Revenue Officer,53-1043.00,First-Line Supervisors of Material-Moving Machine and Vehicle Operators,partial
591138,Transport Revenue Officer,53-1044.00,First-Line Supervisors of Passenger Attendants,partial
591138,Transport Revenue Officer,53-1049.00,"First-Line Supervisors of Transportation Workers, All Other",partial
591138,Transport Revenue Officer,53-6061.00,Passenger Attendants,partial
591141,Water Inspector,19-5012.00,Occupational Health and Safety Technicians,partial
591141,Water Inspector,45-2011.00,Agricultural Inspectors,partial
591141,Water Inspector,53-1043.00,First-Line Supervisors of Material-Moving Machine and Vehicle Operators,partial
591141,Water Inspector,53-1044.00,First-Line Supervisors of Passenger Attendants,partial
591141,Water Inspector,53-1049.00,"First-Line Supervisors of Transportation Workers, All Other",partial
591141,Water Inspector,53-6051.00,Transportation Inspectors,partial
591141,Water Inspector,53-6051.01,Aviation Inspectors,partial
591141,Water Inspector,53-6051.07,"Transportation Vehicle, Equipment and Systems Inspectors, Except Aviation",partial
591231,Social Security Assessor,13-1041.00,Compliance Officers,partial
591231,Social Security Assessor,13-1041.01,Environmental Compliance Inspectors,partial
591231,Social Security Assessor,13-1041.03,Equal Opportunity Representatives and Officers,partial
591231,Social Security Assessor,13-1041.04,Government Property Inspectors and Investigators,partial
591231,Social Security Assessor,13-1041.06,Coroners,partial
591231,Social Security Assessor,13-1041.07,Regulatory Affairs Specialists,partial
591231,Social Security Assessor,13-1041.08,Customs Brokers,partial
591231,Social Security Assessor,43-4061.00,"Eligibility Interviewers, Government Programs",partial
591232,Taxation Compliance Officer,13-2081.00,"Tax Examiners and Collectors, and Revenue Agents",exact
591233,Visa and Citizenship Processing Officer,45-2011.00,Agricultural Inspectors,exact
591999,Inspectors and Regulatory Officers nec,19-5012.00,Occupational Health and Safety Technicians,partial
591999,Inspectors and Regulatory Officers nec,45-2011.00,Agricultural Inspectors,partial
591999,Inspectors and Regulatory Officers nec,53-1043.00,First-Line Supervisors of Material-Moving Machine and Vehicle Operators,partial
591999,Inspectors and Regulatory Officers nec,53-1044.00,First-Line Supervisors of Passenger Attendants,partial
591999,Inspectors and Regulatory Officers nec,53-1049.00,"First-Line Supervisors of Transportation Workers, All Other",partial
591999,Inspectors and Regulatory Officers nec,53-6051.00,Transportation Inspectors,partial
591999,Inspectors and Regulatory Officers nec,53-6051.01,Aviation Inspectors,partial
591999,Inspectors and Regulatory Officers nec,53-6051.07,"Transportation Vehicle, Equipment and Systems Inspectors, Except Aviation",partial
591999,Inspectors and Regulatory Officers nec,33-1091.00,First-Line Supervisors of Security Workers,partial
591999,Inspectors and Regulatory Officers nec,33-1099.00,"First-Line Supervisors of Protective Service Workers, All Other",partial
591999,Inspectors and Regulatory Officers nec,33-3031.00,Fish and Game Wardens,partial
591999,Inspectors and Regulatory Officers nec,33-3041.00,Parking Enforcement Workers,partial
591999,Inspectors and Regulatory Officers nec,33-9011.00,Animal Control Workers,partial
591999,Inspectors and Regulatory Officers nec,33-9091.00,Crossing Guards and Flaggers,partial
591999,Inspectors and Regulatory Officers nec,33-9092.00,"Lifeguards, Ski Patrol, and Other Recreational Protective Service Workers",partial
591999,Inspectors and Regulatory Officers nec,33-9094.00,School Bus Monitors,partial
591999,Inspectors and Regulatory Officers nec,33-9099.00,"Protective Service Workers, All Other",partial
591999,Inspectors and Regulatory Officers nec,33-9099.02,Retail Loss Prevention Specialists,partial
591999,Inspectors and Regulatory Officers nec,43-5031.00,Public Safety Telecommunicators,partial
599131,Filing or Registry Clerk,29-2072.00,Medical Records Specialists,partial
599131,Filing or Registry Clerk,29-9021.00,Health Information Technologists and Medical Registrars,partial
599131,Filing or Registry Clerk,43-4071.00,File Clerks,partial
599131,Filing or Registry Clerk,43-9071.00,"Office Machine Operators, Except Computer",partial
599132,Library Assistant,25-4031.00,Library Technicians,partial
599132,Library Assistant,43-4121.00,"Library Assistants, Clerical",partial
599231,Human Resources Administration Assistant,43-4161.00,"Human Resources Assistants, Except Payroll and Timekeeping",exact
599232,Rostering Officer,43-4161.00,"Human Resources Assistants, Except Payroll and Timekeeping",exact
599331,Mail Clerk,43-5021.00,Couriers and Messengers,partial
599331,Mail Clerk,43-5051.00,Postal Service Clerks,partial
599331,Mail Clerk,43-5052.00,Postal Service Mail Carriers,partial
599331,Mail Clerk,43-5053.00,"Postal Service Mail Sorters, Processors, and Processing Machine Operators",partial
599331,Mail Clerk,43-9051.00,"Mail Clerks and Mail Machine Operators, Except Postal Service",partial
599332,Postal Sorting Officer,43-5021.00,Couriers and Messengers,partial
599332,Postal Sorting Officer,43-5051.00,Postal Service Clerks,partial
599332,Postal Sorting Officer,43-5052.00,Postal Service Mail Carriers,partial
599332,Postal Sorting Officer,43-5053.00,"Postal Service Mail Sorters, Processors, and Processing Machine Operators",partial
599332,Postal Sorting Officer,43-9051.00,"Mail Clerks and Mail Machine Operators, Except Postal Service",partial
599931,Clinical Coder,29-2072.00,Medical Records Specialists,partial
599931,Clinical Coder,29-9021.00,Health Information Technologists and Medical Registrars,partial
599932,Customs Broker,43-5011.00,Cargo and Freight Agents,partial
599932,Customs Broker,43-5011.01,Freight Forwarders,partial
599932,Customs Broker,43-5071.00,"Shipping, Receiving, and Inventory Clerks",partial
599933,Facilities Administrator,13-1011.00,"Agents and Business Managers of Artists, Performers, and Athletes",partial
599933,Facilities Administrator,13-1051.00,Cost Estimators,partial
599933,Facilities Administrator,13-1082.00,Project Management Specialists,partial
599933,Facilities Administrator,13-1199.00,"Business Operations Specialists, All Other",partial
599933,Facilities Administrator,13-1199.04,Business Continuity Planners,partial
599933,Facilities Administrator,13-1199.05,Sustainability Specialists,partial
599933,Facilities Administrator,13-1199.06,Online Merchants,partial
599933,Facilities Administrator,13-1199.07,Security Management Specialists,partial
599933,Facilities Administrator,13-2054.00,Financial Risk Specialists,partial
599933,Facilities Administrator,13-2099.00,"Financial Specialists, All Other",partial
599933,Facilities Administrator,13-2099.01,Financial Quantitative Analysts,partial
599933,Facilities Administrator,13-2099.04,"Fraud Examiners, Investigators and Analysts",partial
599933,Facilities Administrator,41-1012.00,First-Line Supervisors of Non-Retail Sales Workers,partial
599933,Facilities Administrator,41-3011.00,Advertising Sales Agents,partial
599933,Facilities Administrator,41-3041.00,Travel Agents,partial
599933,Facilities Administrator,41-9099.00,"Sales and Related Workers, All Other",partial
599934,"Production Assistant (Audio, Screen or Live Performance)",27-1019.00,"Artists and Related Workers, All Other",partial
599934,"Production Assistant (Audio, Screen or Live Performance)",27-2091.00,"Disc Jockeys, Except Radio",partial
599934,"Production Assistant (Audio, Screen or Live Performance)",27-2099.00,"Entertainers and Performers, Sports and Related Workers, All Other",partial
599934,"Production Assistant (Audio, Screen or Live Performance)",27-3099.00,"Media and Communication Workers, All Other",partial
599934,"Production Assistant (Audio, Screen or Live Performance)",27-4015.00,Lighting Technicians,partial
599934,"Production Assistant (Audio, Screen or Live Performance)",27-4099.00,"Media and Communication Equipment Workers, All Other",partial
599934,"Production Assistant (Audio, Screen or Live Performance)",39-3092.00,Costume Attendants,partial
599934,"Production Assistant (Audio, Screen or Live Performance)",39-3099.00,"Entertainment Attendants and Related Workers, All Other",partial
599935,"Production Coordinator (Audio, Screen or Live Performance)",27-1019.00,"Artists and Related Workers, All Other",partial
599935,"Production Coordinator (Audio, Screen or Live Performance)",27-2091.00,"Disc Jockeys, Except Radio",partial
599935,"Production Coordinator (Audio, Screen or Live Performance)",27-2099.00,"Entertainers and Performers, Sports and Related Workers, All Other",partial
599935,"Production Coordinator (Audio, Screen or Live Performance)",27-3099.00,"Media and Communication Workers, All Other",partial
599935,"Production Coordinator (Audio, Screen or Live Performance)",27-4015.00,Lighting Technicians,partial
599935,"Production Coordinator (Audio, Screen or Live Performance)",27-4099.00,"Media and Communication Equipment Workers, All Other",partial
599935,"Production Coordinator (Audio, Screen or Live Performance)",39-3092.00,Costume Attendants,partial
599935,"Production Coordinator (Audio, Screen or Live Performance)",39-3099.00,"Entertainment Attendants and Related Workers, All Other",partial
599936,Radio Dispatcher,43-2099.00,"Communications Equipment Operators, All Other",partial
599936,Radio Dispatcher,43-4061.00,"Eligibility Interviewers, Government Programs",partial
599936,Radio Dispatcher,43-4199.00,"Information and Record Clerks, All Other",partial
599937,Strata Manager,11-9141.00,"Property, Real Estate, and Community Association Managers",partial
599937,Strata Manager,41-1012.00,First-Line Supervisors of Non-Retail Sales Workers,partial
599937,Strata Manager,41-9021.00,Real Estate Brokers,partial
599937,Strata Manager,41-9022.00,Real Estate Sales Agents,partial
599938,Survey Interviewer,43-4111.00,"Interviewers, Except Eligibility and Loan",exact
599941,Union Organiser,13-1071.00,Human Resources Specialists,partial
599941,Union Organiser,13-1075.00,Labor Relations Specialists,partial
599941,Union Organiser,13-1141.00,"Compensation, Benefits, and Job Analysis Specialists",partial
599941,Union Organiser,21-1012.00,"Educational, Guidance, and Career Counselors and Advisors",partial
599999,Clerical and Administrative Workers nec,43-3031.00,"Bookkeeping, Accounting, and Auditing Clerks",partial
599999,Clerical and Administrative Workers nec,15-2099.00,"Mathematical Science Occupations, All Other",partial
599999,Clerical and Administrative Workers nec,15-2099.01,Bioinformatics Technicians,partial
599999,Clerical and Administrative Workers nec,15-2051.00,Data Scientists,partial
599999,Clerical and Administrative Workers nec,15-2051.01,Business Intelligence Analysts,partial
599999,Clerical and Administrative Workers nec,15-2051.02,Clinical Data Managers,partial
599999,Clerical and Administrative Workers nec,19-4061.00,Social Science Research Assistants,partial
599999,Clerical and Administrative Workers nec,43-9111.00,Statistical Assistants,partial
599999,Clerical and Administrative Workers nec,13-1041.00,Compliance Officers,partial
599999,Clerical and Administrative Workers nec,13-1041.01,Environmental Compliance Inspectors,partial
599999,Clerical and Administrative Workers nec,13-1041.03,Equal Opportunity Representatives and Officers,partial
599999,Clerical and Administrative Workers nec,13-1041.04,Government Property Inspectors and Investigators,partial
599999,Clerical and Administrative Workers nec,13-1041.06,Coroners,partial
599999,Clerical and Administrative Workers nec,13-1041.07,Regulatory Affairs Specialists,partial
599999,Clerical and Administrative Workers nec,13-1041.08,Customs Brokers,partial
599999,Clerical and Administrative Workers nec,43-4031.00,"Court, Municipal, and License Clerks",partial
599999,Clerical and Administrative Workers nec,43-3099.00,"Financial Clerks, All Other",partial
599999,Clerical and Administrative Workers nec,43-4011.00,Brokerage Clerks,partial
599999,Clerical and Administrative Workers nec,43-4041.00,"Credit Authorizers, Checkers, and Clerks",partial
599999,Clerical and Administrative Workers nec,43-4131.00,Loan Interviewers and Clerks,partial
599999,Clerical and Administrative Workers nec,43-4141.00,New Accounts Clerks,partial
599999,Clerical and Administrative Workers nec,43-9041.00,Insurance Claims and Policy Processing Clerks,partial
599999,Clerical and Administrative Workers nec,43-5032.00,"Dispatchers, Except Police, Fire, and Ambulance",partial
599999,Clerical and Administrative Workers nec,43-9081.00,Proofreaders and Copy Markers,partial
599999,Clerical and Administrative Workers nec,39-1014.00,"First-Line Supervisors of Entertainment and Recreation Workers, Except Gambling Services",partial
599999,Clerical and Administrative Workers nec,39-1022.00,First-Line Supervisors of Personal Service Workers,partial
599999,Clerical and Administrative Workers nec,53-1044.00,First-Line Supervisors of Passenger Attendants,partial
599999,Clerical and Administrative Workers nec,31-1122.00,Personal Care Aides,partial
599999,Clerical and Administrative Workers nec,43-4021.00,Correspondence Clerks,partial
599999,Clerical and Administrative Workers nec,43-4151.00,Order Clerks,partial
599999,Clerical and Administrative Workers nec,43-4199.00,"Information and Record Clerks, All Other",partial
599999,Clerical and Administrative Workers nec,43-9199.00,"Office and Administrative Support Workers, All Other",partial
611131,Checkout Operator,41-2011.00,Cashiers,partial
611131,Checkout Operator,41-2012.00,Gambling Change Persons and Booth Cashiers,partial
619131,Marketing Assistant,43-4021.00,Correspondence Clerks,partial
619131,Marketing Assistant,43-4151.00,Order Clerks,partial
619131,Marketing Assistant,43-4199.00,"Information and Record Clerks, All Other",partial
619131,Marketing Assistant,43-9199.00,"Office and Administrative Support Workers, All Other",partial
619132,Model,41-9012.00,Models,exact
619133,Sales Demonstrator,41-9011.00,Demonstrators and Product Promoters,exact
619134,Telemarketer,41-9041.00,Telemarketers,exact
619135,Visual Merchandiser,27-1025.00,Interior Designers,partial
619135,Visual Merchandiser,27-1026.00,Merchandise Displayers and Window Trimmers,partial
619135,Visual Merchandiser,27-1027.00,Set and Exhibit Designers,partial
619931,Entertainment Venue Attendant,41-2011.00,Cashiers,partial
619931,Entertainment Venue Attendant,41-2012.00,Gambling Change Persons and Booth Cashiers,partial
619931,Entertainment Venue Attendant,39-3021.00,Motion Picture Projectionists,partial
619931,Entertainment Venue Attendant,39-3031.00,"Ushers, Lobby Attendants, and Ticket Takers",partial
619931,Entertainment Venue Attendant,39-3091.00,Amusement and Recreation Attendants,partial
619931,Entertainment Venue Attendant,39-3093.00,"Locker Room, Coatroom, and Dressing Room Attendants",partial
619931,Entertainment Venue Attendant,53-6021.00,Parking Attendants,partial
619932,Merchandise Planner,13-1021.00,"Buyers and Purchasing Agents, Farm Products",partial
619932,Merchandise Planner,13-1022.00,"Wholesale and Retail Buyers, Except Farm Products",partial
619932,Merchandise Planner,13-1023.00,"Purchasing Agents, Except Wholesale, Retail, and Farm Products",partial
619933,Personal Shopper,41-2021.00,Counter and Rental Clerks,partial
619933,Personal Shopper,41-9099.00,"Sales and Related Workers, All Other",partial
619934,Reservations Agent,41-1012.00,First-Line Supervisors of Non-Retail Sales Workers,partial
619934,Reservations Agent,41-3041.00,Travel Agents,partial
619934,Reservations Agent,43-4181.00,Reservation and Transportation Ticket Agents and Travel Clerks,partial
619934,Reservations Agent,41-2011.00,Cashiers,partial
619934,Reservations Agent,41-2012.00,Gambling Change Persons and Booth Cashiers,partial
619935,Retail Buyer,13-1021.00,"Buyers and Purchasing Agents, Farm Products",partial
619935,Retail Buyer,13-1022.00,"Wholesale and Retail Buyers, Except Farm Products",partial
619935,Retail Buyer,13-1023.00,"Purchasing Agents, Except Wholesale, Retail, and Farm Products",partial
619999,Sales Support Workers nec,13-1021.00,"Buyers and Purchasing Agents, Farm Products",partial
619999,Sales Support Workers nec,13-1022.00,"Wholesale and Retail Buyers, Except Farm Products",partial
619999,Sales Support Workers nec,13-1023.00,"Purchasing Agents, Except Wholesale, Retail, and Farm Products",partial
619999,Sales Support Workers nec,41-2021.00,Counter and Rental Clerks,partial
619999,Sales Support Workers nec,41-9099.00,"Sales and Related Workers, All Other",partial
621131,Insurance Agent,13-2053.00,Insurance Underwriters,partial
621131,Insurance Agent,41-1012.00,First-Line Supervisors of Non-Retail Sales Workers,partial
621131,Insurance Agent,41-3021.00,Insurance Sales Agents,partial
621231,Sales Representative (Building and Plumbing Supplies),41-1012.00,First-Line Supervisors of Non-Retail Sales Workers,partial
621231,Sales Representative (Building and Plumbing Supplies),41-3091.00,"Sales Representatives of Services, Except Advertising, Insurance, Financial Services, and Travel",partial
621231,Sales Representative (Building and Plumbing Supplies),41-4011.00,"Sales Representatives, Wholesale and Manufacturing, Technical and Scientific Products",partial
621231,Sales Representative (Building and Plumbing Supplies),41-4011.07,Solar Sales Representatives and Assessors,partial
621231,Sales Representative (Building and Plumbing Supplies),41-4012.00,"Sales Representatives, Wholesale and Manufacturing, Except Technical and Scientific Products",partial
621232,Sales Representative (Business Services),41-1012.00,First-Line Supervisors of Non-Retail Sales Workers,partial
621232,Sales Representative (Business Services),41-3091.00,"Sales Representatives of Services, Except Advertising, Insurance, Financial Services, and Travel",partial
621232,Sales Representative (Business Services),41-4011.00,"Sales Representatives, Wholesale and Manufacturing, Technical and Scientific Products",partial
621232,Sales Representative (Business Services),41-4011.07,Solar Sales Representatives and Assessors,partial
621232,Sales Representative (Business Services),41-4012.00,"Sales Representatives, Wholesale and Manufacturing, Except Technical and Scientific Products",partial
621232,Sales Representative (Business Services),13-1011.00,"Agents and Business Managers of Artists, Performers, and Athletes",partial
621232,Sales Representative (Business Services),13-1051.00,Cost Estimators,partial
621232,Sales Representative (Business Services),13-1082.00,Project Management Specialists,partial
621232,Sales Representative (Business Services),13-1199.00,"Business Operations Specialists, All Other",partial
621232,Sales Representative (Business Services),13-1199.04,Business Continuity Planners,partial
621232,Sales Representative (Business Services),13-1199.05,Sustainability Specialists,partial
621232,Sales Representative (Business Services),13-1199.06,Online Merchants,partial
621232,Sales Representative (Business Services),13-1199.07,Security Management Specialists,partial
621232,Sales Representative (Business Services),13-2054.00,Financial Risk Specialists,partial
621232,Sales Representative (Business Services),13-2099.00,"Financial Specialists, All Other",partial
621232,Sales Representative (Business Services),13-2099.01,Financial Quantitative Analysts,partial
621232,Sales Representative (Business Services),13-2099.04,"Fraud Examiners, Investigators and Analysts",partial
621232,Sales Representative (Business Services),41-3011.00,Advertising Sales Agents,partial
621232,Sales Representative (Business Services),41-3041.00,Travel Agents,partial
621232,Sales Representative (Business Services),41-9099.00,"Sales and Related Workers, All Other",partial
621233,Sales Representative (Motor Vehicle Parts and Accessories),41-1012.00,First-Line Supervisors of Non-Retail Sales Workers,partial
621233,Sales Representative (Motor Vehicle Parts and Accessories),41-3091.00,"Sales Representatives of Services, Except Advertising, Insurance, Financial Services, and Travel",partial
621233,Sales Representative (Motor Vehicle Parts and Accessories),41-4011.00,"Sales Representatives, Wholesale and Manufacturing, Technical and Scientific Products",partial
621233,Sales Representative (Motor Vehicle Parts and Accessories),41-4011.07,Solar Sales Representatives and Assessors,partial
621233,Sales Representative (Motor Vehicle Parts and Accessories),41-4012.00,"Sales Representatives, Wholesale and Manufacturing, Except Technical and Scientific Products",partial
621234,Sales Representative (Personal and Household Goods),41-1012.00,First-Line Supervisors of Non-Retail Sales Workers,partial
621234,Sales Representative (Personal and Household Goods),41-3091.00,"Sales Representatives of Services, Except Advertising, Insurance, Financial Services, and Travel",partial
621234,Sales Representative (Personal and Household Goods),41-4011.00,"Sales Representatives, Wholesale and Manufacturing, Technical and Scientific Products",partial
621234,Sales Representative (Personal and Household Goods),41-4011.07,Solar Sales Representatives and Assessors,partial
621234,Sales Representative (Personal and Household Goods),41-4012.00,"Sales Representatives, Wholesale and Manufacturing, Except Technical and Scientific Products",partial
621299,Sales Representatives nec,41-1012.00,First-Line Supervisors of Non-Retail Sales Workers,partial
621299,Sales Representatives nec,41-3091.00,"Sales Representatives of Services, Except Advertising, Insurance, Financial Services, and Travel",partial
621299,Sales Representatives nec,41-4011.00,"Sales Representatives, Wholesale and Manufacturing, Technical and Scientific Products",partial
621299,Sales Representatives nec,41-4011.07,Solar Sales Representatives and Assessors,partial
621299,Sales Representatives nec,41-4012.00,"Sales Representatives, Wholesale and Manufacturing, Except Technical and Scientific Products",partial
622131,Property Manager,11-9141.00,"Property, Real Estate, and Community Association Managers",partial
622131,Property Manager,41-1012.00,First-Line Supervisors of Non-Retail Sales Workers,partial
622131,Property Manager,41-9021.00,Real Estate Brokers,partial
622131,Property Manager,41-9022.00,Real Estate Sales Agents,partial
622231,Auctioneer,13-1011.00,"Agents and Business Managers of Artists, Performers, and Athletes",partial
622231,Auctioneer,13-1051.00,Cost Estimators,partial
622231,Auctioneer,13-1082.00,Project Management Specialists,partial
622231,Auctioneer,13-1199.00,"Business Operations Specialists, All Other",partial
622231,Auctioneer,13-1199.04,Business Continuity Planners,partial
622231,Auctioneer,13-1199.05,Sustainability Specialists,partial
622231,Auctioneer,13-1199.06,Online Merchants,partial
622231,Auctioneer,13-1199.07,Security Management Specialists,partial
622231,Auctioneer,13-2054.00,Financial Risk Specialists,partial
622231,Auctioneer,13-2099.00,"Financial Specialists, All Other",partial
622231,Auctioneer,13-2099.01,Financial Quantitative Analysts,partial
622231,Auctioneer,13-2099.04,"Fraud Examiners, Investigators and Analysts",partial
622231,Auctioneer,41-1012.00,First-Line Supervisors of Non-Retail Sales Workers,partial
622231,Auctioneer,41-3011.00,Advertising Sales Agents,partial
622231,Auctioneer,41-3041.00,Travel Agents,partial
622231,Auctioneer,41-9099.00,"Sales and Related Workers, All Other",partial
622232,Real Estate Agent,11-9141.00,"Property, Real Estate, and Community Association Managers",partial
622232,Real Estate Agent,41-1012.00,First-Line Supervisors of Non-Retail Sales Workers,partial
622232,Real Estate Agent,41-9021.00,Real Estate Brokers,partial
622232,Real Estate Agent,41-9022.00,Real Estate Sales Agents,partial
622233,Real Estate Representative,11-9141.00,"Property, Real Estate, and Community Association Managers",partial
622233,Real Estate Representative,41-1012.00,First-Line Supervisors of Non-Retail Sales Workers,partial
622233,Real Estate Representative,41-9021.00,Real Estate Brokers,partial
622233,Real Estate Representative,41-9022.00,Real Estate Sales Agents,partial
622234,Stock and Station Agent,13-1011.00,"Agents and Business Managers of Artists, Performers, and Athletes",partial
622234,Stock and Station Agent,13-1051.00,Cost Estimators,partial
622234,Stock and Station Agent,13-1082.00,Project Management Specialists,partial
622234,Stock and Station Agent,13-1199.00,"Business Operations Specialists, All Other",partial
622234,Stock and Station Agent,13-1199.04,Business Continuity Planners,partial
622234,Stock and Station Agent,13-1199.05,Sustainability Specialists,partial
622234,Stock and Station Agent,13-1199.06,Online Merchants,partial
622234,Stock and Station Agent,13-1199.07,Security Management Specialists,partial
622234,Stock and Station Agent,13-2054.00,Financial Risk Specialists,partial
622234,Stock and Station Agent,13-2099.00,"Financial Specialists, All Other",partial
622234,Stock and Station Agent,13-2099.01,Financial Quantitative Analysts,partial
622234,Stock and Station Agent,13-2099.04,"Fraud Examiners, Investigators and Analysts",partial
622234,Stock and Station Agent,41-1012.00,First-Line Supervisors of Non-Retail Sales Workers,partial
622234,Stock and Station Agent,41-3011.00,Advertising Sales Agents,partial
622234,Stock and Station Agent,41-3041.00,Travel Agents,partial
622234,Stock and Station Agent,41-9099.00,"Sales and Related Workers, All Other",partial
631131,Sales Assistant (General),41-9099.00,"Sales and Related Workers, All Other",partial
631131,Sales Assistant (General),43-3099.00,"Financial Clerks, All Other",partial
631131,Sales Assistant (General),39-1014.00,"First-Line Supervisors of Entertainment and Recreation Workers, Except Gambling Services",partial
631131,Sales Assistant (General),39-1022.00,First-Line Supervisors of Personal Service Workers,partial
631131,Sales Assistant (General),53-1044.00,First-Line Supervisors of Passenger Attendants,partial
631131,Sales Assistant (General),39-5012.00,"Hairdressers, Hairstylists, and Cosmetologists",partial
631131,Sales Assistant (General),39-5091.00,"Makeup Artists, Theatrical and Performance",partial
631131,Sales Assistant (General),39-5092.00,Manicurists and Pedicurists,partial
631131,Sales Assistant (General),39-5093.00,Shampooers,partial
631131,Sales Assistant (General),39-5094.00,Skincare Specialists,partial
631131,Sales Assistant (General),41-2022.00,Parts Salespersons,partial
631131,Sales Assistant (General),41-2031.00,Retail Salespersons,partial
631131,Sales Assistant (General),35-3023.00,Fast Food and Counter Workers,partial
631131,Sales Assistant (General),35-3023.01,Baristas,partial
631131,Sales Assistant (General),35-9011.00,Dining Room and Cafeteria Attendants and Bartender Helpers,partial
631231,Community Pharmacy Sales Assistant,41-2022.00,Parts Salespersons,partial
631231,Community Pharmacy Sales Assistant,41-2031.00,Retail Salespersons,partial
631331,ICT Sales Assistant,41-2022.00,Parts Salespersons,partial
631331,ICT Sales Assistant,41-2031.00,Retail Salespersons,partial
631431,Motor Vehicle or Caravan Salesperson,41-2022.00,Parts Salespersons,partial
631431,Motor Vehicle or Caravan Salesperson,41-2031.00,Retail Salespersons,partial
631432,Motor Vehicle Parts Interpreter,41-2022.00,Parts Salespersons,partial
631432,Motor Vehicle Parts Interpreter,41-2031.00,Retail Salespersons,partial
631531,Retail Supervisor,41-1011.00,First-Line Supervisors of Retail Sales Workers,exact
631631,Service Station Attendant,53-1043.00,First-Line Supervisors of Material-Moving Machine and Vehicle Operators,partial
631631,Service Station Attendant,53-1044.00,First-Line Supervisors of Passenger Attendants,partial
631631,Service Station Attendant,53-1049.00,"First-Line Supervisors of Transportation Workers, All Other",partial
631631,Service Station Attendant,53-6031.00,Automotive and Watercraft Service Attendants,partial
631931,Door-to-door Salesperson,41-9091.00,"Door-to-Door Sales Workers, News and Street Vendors, and Related Workers",exact
631932,Materials Recycler,53-7081.00,Refuse and Recyclable Material Collectors,exact
631933,Rental Salesperson,41-2021.00,Counter and Rental Clerks,partial
631933,Rental Salesperson,41-9099.00,"Sales and Related Workers, All Other",partial
631934,Street Vendor,41-9091.00,"Door-to-Door Sales Workers, News and Street Vendors, and Related Workers",partial
631934,Street Vendor,35-3041.00,"Food Servers, Nonrestaurant",partial
631999,Sales Assistants and Salespersons nec,41-2021.00,Counter and Rental Clerks,partial
631999,Sales Assistants and Salespersons nec,41-9099.00,"Sales and Related Workers, All Other",partial
711131,Chauffeur,53-1043.00,First-Line Supervisors of Material-Moving Machine and Vehicle Operators,partial
711131,Chauffeur,53-1044.00,First-Line Supervisors of Passenger Attendants,partial
711131,Chauffeur,53-1049.00,"First-Line Supervisors of Transportation Workers, All Other",partial
711131,Chauffeur,53-3011.00,"Ambulance Drivers and Attendants, Except Emergency Medical Technicians",partial
711131,Chauffeur,53-3031.00,Driver/Sales Workers,partial
711131,Chauffeur,53-3033.00,Light Truck Drivers,partial
711131,Chauffeur,53-3053.00,Shuttle Drivers and Chauffeurs,partial
711131,Chauffeur,53-3054.00,Taxi Drivers,partial
711132,Oversize Load Pilot Escort,53-1043.00,First-Line Supervisors of Material-Moving Machine and Vehicle Operators,partial
711132,Oversize Load Pilot Escort,53-1044.00,First-Line Supervisors of Passenger Attendants,partial
711132,Oversize Load Pilot Escort,53-1049.00,"First-Line Supervisors of Transportation Workers, All Other",partial
711132,Oversize Load Pilot Escort,53-3011.00,"Ambulance Drivers and Attendants, Except Emergency Medical Technicians",partial
711132,Oversize Load Pilot Escort,53-3031.00,Driver/Sales Workers,partial
711132,Oversize Load Pilot Escort,53-3033.00,Light Truck Drivers,partial
711132,Oversize Load Pilot Escort,53-3053.00,Shuttle Drivers and Chauffeurs,partial
711132,Oversize Load Pilot Escort,53-3054.00,Taxi Drivers,partial
711133,Rideshare Driver,53-1043.00,First-Line Supervisors of Material-Moving Machine and Vehicle Operators,partial
711133,Rideshare Driver,53-1044.00,First-Line Supervisors of Passenger Attendants,partial
711133,Rideshare Driver,53-1049.00,"First-Line Supervisors of Transportation Workers, All Other",partial
711133,Rideshare Driver,53-3011.00,"Ambulance Drivers and Attendants, Except Emergency Medical Technicians",partial
711133,Rideshare Driver,53-3031.00,Driver/Sales Workers,partial
711133,Rideshare Driver,53-3033.00,Light Truck Drivers,partial
711133,Rideshare Driver,53-3053.00,Shuttle Drivers and Chauffeurs,partial
711133,Rideshare Driver,53-3054.00,Taxi Drivers,partial
711134,Taxi Driver,53-1043.00,First-Line Supervisors of Material-Moving Machine and Vehicle Operators,partial
711134,Taxi Driver,53-1044.00,First-Line Supervisors of Passenger Attendants,partial
711134,Taxi Driver,53-1049.00,"First-Line Supervisors of Transportation Workers, All Other",partial
711134,Taxi Driver,53-3011.00,"Ambulance Drivers and Attendants, Except Emergency Medical Technicians",partial
711134,Taxi Driver,53-3031.00,Driver/Sales Workers,partial
711134,Taxi Driver,53-3033.00,Light Truck Drivers,partial
711134,Taxi Driver,53-3053.00,Shuttle Drivers and Chauffeurs,partial
711134,Taxi Driver,53-3054.00,Taxi Drivers,partial
711199,Automobile Drivers nec,53-1043.00,First-Line Supervisors of Material-Moving Machine and Vehicle Operators,partial
711199,Automobile Drivers nec,53-1044.00,First-Line Supervisors of Passenger Attendants,partial
711199,Automobile Drivers nec,53-1049.00,"First-Line Supervisors of Transportation Workers, All Other",partial
711199,Automobile Drivers nec,53-3011.00,"Ambulance Drivers and Attendants, Except Emergency Medical Technicians",partial
711199,Automobile Drivers nec,53-3031.00,Driver/Sales Workers,partial
711199,Automobile Drivers nec,53-3033.00,Light Truck Drivers,partial
711199,Automobile Drivers nec,53-3053.00,Shuttle Drivers and Chauffeurs,partial
711199,Automobile Drivers nec,53-3054.00,Taxi Drivers,partial
711231,Bus Driver,53-1043.00,First-Line Supervisors of Material-Moving Machine and Vehicle Operators,partial
711231,Bus Driver,53-1044.00,First-Line Supervisors of Passenger Attendants,partial
711231,Bus Driver,53-1049.00,"First-Line Supervisors of Transportation Workers, All Other",partial
711231,Bus Driver,53-3052.00,"Bus Drivers, Transit and Intercity",partial
711231,Bus Driver,53-3051.00,"Bus Drivers, School",partial
711231,Bus Driver,53-3053.00,Shuttle Drivers and Chauffeurs,partial
711231,Bus Driver,53-4041.00,Subway and Streetcar Operators,partial
711232,Charter and Tour Bus Driver,53-1043.00,First-Line Supervisors of Material-Moving Machine and Vehicle Operators,partial
711232,Charter and Tour Bus Driver,53-1044.00,First-Line Supervisors of Passenger Attendants,partial
711232,Charter and Tour Bus Driver,53-1049.00,"First-Line Supervisors of Transportation Workers, All Other",partial
711232,Charter and Tour Bus Driver,53-3052.00,"Bus Drivers, Transit and Intercity",partial
711232,Charter and Tour Bus Driver,53-3051.00,"Bus Drivers, School",partial
711232,Charter and Tour Bus Driver,53-3053.00,Shuttle Drivers and Chauffeurs,partial
711232,Charter and Tour Bus Driver,53-4041.00,Subway and Streetcar Operators,partial
711233,Passenger Coach Driver,53-1043.00,First-Line Supervisors of Material-Moving Machine and Vehicle Operators,partial
711233,Passenger Coach Driver,53-1044.00,First-Line Supervisors of Passenger Attendants,partial
711233,Passenger Coach Driver,53-1049.00,"First-Line Supervisors of Transportation Workers, All Other",partial
711233,Passenger Coach Driver,53-3052.00,"Bus Drivers, Transit and Intercity",partial
711233,Passenger Coach Driver,53-3051.00,"Bus Drivers, School",partial
711233,Passenger Coach Driver,53-3053.00,Shuttle Drivers and Chauffeurs,partial
711233,Passenger Coach Driver,53-4041.00,Subway and Streetcar Operators,partial
711331,Freight Train Driver,53-1043.00,First-Line Supervisors of Material-Moving Machine and Vehicle Operators,partial
711331,Freight Train Driver,53-1044.00,First-Line Supervisors of Passenger Attendants,partial
711331,Freight Train Driver,53-1049.00,"First-Line Supervisors of Transportation Workers, All Other",partial
711331,Freight Train Driver,53-4011.00,Locomotive Engineers,partial
711331,Freight Train Driver,53-4022.00,"Railroad Brake, Signal, and Switch Operators and Locomotive Firers",partial
711331,Freight Train Driver,53-4013.00,"Rail Yard Engineers, Dinkey Operators, and Hostlers",partial
711331,Freight Train Driver,53-4041.00,Subway and Streetcar Operators,partial
711331,Freight Train Driver,47-5044.00,"Loading and Moving Machine Operators, Underground Mining",partial
711332,Passenger Train Driver,53-1043.00,First-Line Supervisors of Material-Moving Machine and Vehicle Operators,partial
711332,Passenger Train Driver,53-1044.00,First-Line Supervisors of Passenger Attendants,partial
711332,Passenger Train Driver,53-1049.00,"First-Line Supervisors of Transportation Workers, All Other",partial
711332,Passenger Train Driver,53-4011.00,Locomotive Engineers,partial
711332,Passenger Train Driver,53-4022.00,"Railroad Brake, Signal, and Switch Operators and Locomotive Firers",partial
711332,Passenger Train Driver,53-4013.00,"Rail Yard Engineers, Dinkey Operators, and Hostlers",partial
711332,Passenger Train Driver,53-4041.00,Subway and Streetcar Operators,partial
711332,Passenger Train Driver,47-5044.00,"Loading and Moving Machine Operators, Underground Mining",partial
711333,Tram Driver,53-1043.00,First-Line Supervisors of Material-Moving Machine and Vehicle Operators,partial
711333,Tram Driver,53-1044.00,First-Line Supervisors of Passenger Attendants,partial
711333,Tram Driver,53-1049.00,"First-Line Supervisors of Transportation Workers, All Other",partial
711333,Tram Driver,53-3052.00,"Bus Drivers, Transit and Intercity",partial
711333,Tram Driver,53-3051.00,"Bus Drivers, School",partial
711333,Tram Driver,53-3053.00,Shuttle Drivers and Chauffeurs,partial
711333,Tram Driver,53-4041.00,Subway and Streetcar Operators,partial
712131,Furniture Removalist,53-1043.00,First-Line Supervisors of Material-Moving Machine and Vehicle Operators,partial
712131,Furniture Removalist,53-1044.00,First-Line Supervisors of Passenger Attendants,partial
712131,Furniture Removalist,53-1049.00,"First-Line Supervisors of Transportation Workers, All Other",partial
712131,Furniture Removalist,53-3032.00,Heavy and Tractor-Trailer Truck Drivers,partial
712231,Delivery Person,43-5021.00,Couriers and Messengers,partial
712231,Delivery Person,53-1043.00,First-Line Supervisors of Material-Moving Machine and Vehicle Operators,partial
712231,Delivery Person,53-1044.00,First-Line Supervisors of Passenger Attendants,partial
712231,Delivery Person,53-1049.00,"First-Line Supervisors of Transportation Workers, All Other",partial
712231,Delivery Person,53-3099.00,"Motor Vehicle Operators, All Other",partial
712231,Delivery Person,53-3011.00,"Ambulance Drivers and Attendants, Except Emergency Medical Technicians",partial
712231,Delivery Person,53-3031.00,Driver/Sales Workers,partial
712231,Delivery Person,53-3033.00,Light Truck Drivers,partial
712231,Delivery Person,53-3053.00,Shuttle Drivers and Chauffeurs,partial
712231,Delivery Person,53-3054.00,Taxi Drivers,partial
712231,Delivery Person,53-6032.00,Aircraft Service Attendants,partial
712231,Delivery Person,53-6099.00,"Transportation Workers, All Other",partial
712231,Delivery Person,53-7199.00,"Material Moving Workers, All Other",partial
712231,Delivery Person,39-6011.00,Baggage Porters and Bellhops,partial
712232,Postal Delivery Officer,43-5021.00,Couriers and Messengers,partial
712232,Postal Delivery Officer,43-5051.00,Postal Service Clerks,partial
712232,Postal Delivery Officer,43-5052.00,Postal Service Mail Carriers,partial
712232,Postal Delivery Officer,43-5053.00,"Postal Service Mail Sorters, Processors, and Processing Machine Operators",partial
712232,Postal Delivery Officer,43-9051.00,"Mail Clerks and Mail Machine Operators, Except Postal Service",partial
712232,Postal Delivery Officer,53-1043.00,First-Line Supervisors of Material-Moving Machine and Vehicle Operators,partial
712232,Postal Delivery Officer,53-1044.00,First-Line Supervisors of Passenger Attendants,partial
712232,Postal Delivery Officer,53-1049.00,"First-Line Supervisors of Transportation Workers, All Other",partial
712232,Postal Delivery Officer,53-3011.00,"Ambulance Drivers and Attendants, Except Emergency Medical Technicians",partial
712232,Postal Delivery Officer,53-3031.00,Driver/Sales Workers,partial
712232,Postal Delivery Officer,53-3033.00,Light Truck Drivers,partial
712232,Postal Delivery Officer,53-3053.00,Shuttle Drivers and Chauffeurs,partial
712232,Postal Delivery Officer,53-3054.00,Taxi Drivers,partial
713131,Truck Driver (General),53-1043.00,First-Line Supervisors of Material-Moving Machine and Vehicle Operators,partial
713131,Truck Driver (General),53-1044.00,First-Line Supervisors of Passenger Attendants,partial
713131,Truck Driver (General),53-1049.00,"First-Line Supervisors of Transportation Workers, All Other",partial
713131,Truck Driver (General),53-3032.00,Heavy and Tractor-Trailer Truck Drivers,partial
713132,Tow Truck Driver,53-1043.00,First-Line Supervisors of Material-Moving Machine and Vehicle Operators,partial
713132,Tow Truck Driver,53-1044.00,First-Line Supervisors of Passenger Attendants,partial
713132,Tow Truck Driver,53-1049.00,"First-Line Supervisors of Transportation Workers, All Other",partial
713132,Tow Truck Driver,53-3032.00,Heavy and Tractor-Trailer Truck Drivers,partial
713231,Articulated Truck Driver,53-1043.00,First-Line Supervisors of Material-Moving Machine and Vehicle Operators,partial
713231,Articulated Truck Driver,53-1044.00,First-Line Supervisors of Passenger Attendants,partial
713231,Articulated Truck Driver,53-1049.00,"First-Line Supervisors of Transportation Workers, All Other",partial
713231,Articulated Truck Driver,53-3032.00,Heavy and Tractor-Trailer Truck Drivers,partial
713232,Tanker Truck Driver,53-1043.00,First-Line Supervisors of Material-Moving Machine and Vehicle Operators,partial
713232,Tanker Truck Driver,53-1044.00,First-Line Supervisors of Passenger Attendants,partial
713232,Tanker Truck Driver,53-1049.00,"First-Line Supervisors of Transportation Workers, All Other",partial
713232,Tanker Truck Driver,53-3032.00,Heavy and Tractor-Trailer Truck Drivers,partial
721131,Storeperson,43-5071.00,"Shipping, Receiving, and Inventory Clerks",partial
721131,Storeperson,53-7065.00,Stockers and Order Fillers,partial
721131,Storeperson,43-5111.00,"Weighers, Measurers, Checkers, and Samplers, Recordkeeping",partial
721131,Storeperson,51-9198.00,Helpers--Production Workers,partial
721131,Storeperson,51-9161.00,Computer Numerically Controlled Tool Operators,partial
721131,Storeperson,51-9162.00,Computer Numerically Controlled Tool Programmers,partial
721131,Storeperson,51-9199.00,"Production Workers, All Other",partial
721131,Storeperson,53-7062.00,"Laborers and Freight, Stock, and Material Movers, Hand",partial
721131,Storeperson,53-7062.04,Recycling and Reclamation Workers,partial
721131,Storeperson,53-7063.00,Machine Feeders and Offbearers,partial
721131,Storeperson,53-1041.00,Aircraft Cargo Handling Supervisors,partial
721131,Storeperson,53-1042.00,"First-Line Supervisors of Helpers, Laborers, and Material Movers, Hand",partial
721131,Storeperson,53-1042.01,Recycling Coordinators,partial
721131,Storeperson,53-7121.00,"Tank Car, Truck, and Ship Loaders",partial
721132,Warehouse Supervisor,43-5071.00,"Shipping, Receiving, and Inventory Clerks",partial
721132,Warehouse Supervisor,53-7065.00,Stockers and Order Fillers,partial
721132,Warehouse Supervisor,43-5111.00,"Weighers, Measurers, Checkers, and Samplers, Recordkeeping",partial
721132,Warehouse Supervisor,51-9198.00,Helpers--Production Workers,partial
721132,Warehouse Supervisor,51-9161.00,Computer Numerically Controlled Tool Operators,partial
721132,Warehouse Supervisor,51-9162.00,Computer Numerically Controlled Tool Programmers,partial
721132,Warehouse Supervisor,51-9199.00,"Production Workers, All Other",partial
721132,Warehouse Supervisor,53-7062.00,"Laborers and Freight, Stock, and Material Movers, Hand",partial
721132,Warehouse Supervisor,53-7062.04,Recycling and Reclamation Workers,partial
721132,Warehouse Supervisor,53-7063.00,Machine Feeders and Offbearers,partial
721132,Warehouse Supervisor,53-1041.00,Aircraft Cargo Handling Supervisors,partial
721132,Warehouse Supervisor,53-1042.00,"First-Line Supervisors of Helpers, Laborers, and Material Movers, Hand",partial
721132,Warehouse Supervisor,53-1042.01,Recycling Coordinators,partial
721132,Warehouse Supervisor,53-7121.00,"Tank Car, Truck, and Ship Loaders",partial
731131,Industrial Spray Painter,51-9124.00,"Coating, Painting, and Spraying Machine Setters, Operators, and Tenders",partial
731132,Sandblaster,37-2019.00,"Building Cleaning Workers, All Other",partial
731132,Sandblaster,51-4193.00,"Plating Machine Setters, Operators, and Tenders, Metal and Plastic",partial
731132,Sandblaster,51-9124.00,"Coating, Painting, and Spraying Machine Setters, Operators, and Tenders",partial
731132,Sandblaster,51-9192.00,"Cleaning, Washing, and Metal Pickling Equipment Operators and Tenders",partial
731231,Paper and Pulp Production Operator,51-9162.00,Computer Numerically Controlled Tool Programmers,partial
731231,Paper and Pulp Production Operator,51-9191.00,Adhesive Bonding Machine Operators and Tenders,partial
731231,Paper and Pulp Production Operator,51-9196.00,"Paper Goods Machine Setters, Operators, and Tenders",partial
731231,Paper and Pulp Production Operator,51-9192.00,"Cleaning, Washing, and Metal Pickling Equipment Operators and Tenders",partial
731232,Timber and Wood Production Operator,51-9051.00,"Furnace, Kiln, Oven, Drier, and Kettle Operators and Tenders",partial
731232,Timber and Wood Production Operator,51-9191.00,Adhesive Bonding Machine Operators and Tenders,partial
731232,Timber and Wood Production Operator,51-7041.00,"Sawing Machine Setters, Operators, and Tenders, Wood",partial
731331,Plastics Fabricator or Welder,51-2051.00,Fiberglass Laminators and Fabricators,partial
731331,Plastics Fabricator or Welder,51-4021.00,"Extruding and Drawing Machine Setters, Operators, and Tenders, Metal and Plastic",partial
731331,Plastics Fabricator or Welder,51-4022.00,"Forging Machine Setters, Operators, and Tenders, Metal and Plastic",partial
731331,Plastics Fabricator or Welder,51-4023.00,"Rolling Machine Setters, Operators, and Tenders, Metal and Plastic",partial
731331,Plastics Fabricator or Welder,51-4031.00,"Cutting, Punching, and Press Machine Setters, Operators, and Tenders, Metal and Plastic",partial
731331,Plastics Fabricator or Welder,51-4032.00,"Drilling and Boring Machine Tool Setters, Operators, and Tenders, Metal and Plastic",partial
731331,Plastics Fabricator or Welder,51-4033.00,"Grinding, Lapping, Polishing, and Buffing Machine Tool Setters, Operators, and Tenders, Metal and Plastic",partial
731331,Plastics Fabricator or Welder,51-4034.00,"Lathe and Turning Machine Tool Setters, Operators, and Tenders, Metal and Plastic",partial
731331,Plastics Fabricator or Welder,51-4035.00,"Milling and Planing Machine Setters, Operators, and Tenders, Metal and Plastic",partial
731331,Plastics Fabricator or Welder,51-4072.00,"Molding, Coremaking, and Casting Machine Setters, Operators, and Tenders, Metal and Plastic",partial
731331,Plastics Fabricator or Welder,51-4191.00,"Heat Treating Equipment Setters, Operators, and Tenders, Metal and Plastic",partial
731331,Plastics Fabricator or Welder,51-4193.00,"Plating Machine Setters, Operators, and Tenders, Metal and Plastic",partial
731331,Plastics Fabricator or Welder,51-4199.00,"Metal Workers and Plastic Workers, All Other",partial
731332,Plastics Production Machine Operator,51-2051.00,Fiberglass Laminators and Fabricators,partial
731332,Plastics Production Machine Operator,51-4021.00,"Extruding and Drawing Machine Setters, Operators, and Tenders, Metal and Plastic",partial
731332,Plastics Production Machine Operator,51-4022.00,"Forging Machine Setters, Operators, and Tenders, Metal and Plastic",partial
731332,Plastics Production Machine Operator,51-4023.00,"Rolling Machine Setters, Operators, and Tenders, Metal and Plastic",partial
731332,Plastics Production Machine Operator,51-4031.00,"Cutting, Punching, and Press Machine Setters, Operators, and Tenders, Metal and Plastic",partial
731332,Plastics Production Machine Operator,51-4032.00,"Drilling and Boring Machine Tool Setters, Operators, and Tenders, Metal and Plastic",partial
731332,Plastics Production Machine Operator,51-4033.00,"Grinding, Lapping, Polishing, and Buffing Machine Tool Setters, Operators, and Tenders, Metal and Plastic",partial
731332,Plastics Production Machine Operator,51-4034.00,"Lathe and Turning Machine Tool Setters, Operators, and Tenders, Metal and Plastic",partial
731332,Plastics Production Machine Operator,51-4035.00,"Milling and Planing Machine Setters, Operators, and Tenders, Metal and Plastic",partial
731332,Plastics Production Machine Operator,51-4072.00,"Molding, Coremaking, and Casting Machine Setters, Operators, and Tenders, Metal and Plastic",partial
731332,Plastics Production Machine Operator,51-4191.00,"Heat Treating Equipment Setters, Operators, and Tenders, Metal and Plastic",partial
731332,Plastics Production Machine Operator,51-4193.00,"Plating Machine Setters, Operators, and Tenders, Metal and Plastic",partial
731332,Plastics Production Machine Operator,51-4199.00,"Metal Workers and Plastic Workers, All Other",partial
731333,Reinforced Plastic and Composite Production Worker,51-2051.00,Fiberglass Laminators and Fabricators,partial
731333,Reinforced Plastic and Composite Production Worker,51-4021.00,"Extruding and Drawing Machine Setters, Operators, and Tenders, Metal and Plastic",partial
731333,Reinforced Plastic and Composite Production Worker,51-4022.00,"Forging Machine Setters, Operators, and Tenders, Metal and Plastic",partial
731333,Reinforced Plastic and Composite Production Worker,51-4023.00,"Rolling Machine Setters, Operators, and Tenders, Metal and Plastic",partial
731333,Reinforced Plastic and Composite Production Worker,51-4031.00,"Cutting, Punching, and Press Machine Setters, Operators, and Tenders, Metal and Plastic",partial
731333,Reinforced Plastic and Composite Production Worker,51-4032.00,"Drilling and Boring Machine Tool Setters, Operators, and Tenders, Metal and Plastic",partial
731333,Reinforced Plastic and Composite Production Worker,51-4033.00,"Grinding, Lapping, Polishing, and Buffing Machine Tool Setters, Operators, and Tenders, Metal and Plastic",partial
731333,Reinforced Plastic and Composite Production Worker,51-4034.00,"Lathe and Turning Machine Tool Setters, Operators, and Tenders, Metal and Plastic",partial
731333,Reinforced Plastic and Composite Production Worker,51-4035.00,"Milling and Planing Machine Setters, Operators, and Tenders, Metal and Plastic",partial
731333,Reinforced Plastic and Composite Production Worker,51-4072.00,"Molding, Coremaking, and Casting Machine Setters, Operators, and Tenders, Metal and Plastic",partial
731333,Reinforced Plastic and Composite Production Worker,51-4191.00,"Heat Treating Equipment Setters, Operators, and Tenders, Metal and Plastic",partial
731333,Reinforced Plastic and Composite Production Worker,51-4193.00,"Plating Machine Setters, Operators, and Tenders, Metal and Plastic",partial
731333,Reinforced Plastic and Composite Production Worker,51-4199.00,"Metal Workers and Plastic Workers, All Other",partial
731334,Rubber Production Machine Operator,51-9021.00,"Crushing, Grinding, and Polishing Machine Setters, Operators, and Tenders",partial
731334,Rubber Production Machine Operator,51-9041.00,"Extruding, Forming, Pressing, and Compacting Machine Setters, Operators, and Tenders",partial
731334,Rubber Production Machine Operator,51-9051.00,"Furnace, Kiln, Oven, Drier, and Kettle Operators and Tenders",partial
731334,Rubber Production Machine Operator,51-9195.00,"Molders, Shapers, and Casters, Except Metal and Plastic",partial
731334,Rubber Production Machine Operator,51-9195.03,"Stone Cutters and Carvers, Manufacturing",partial
731334,Rubber Production Machine Operator,51-9195.04,"Glass Blowers, Molders, Benders, and Finishers",partial
731334,Rubber Production Machine Operator,51-9195.05,"Potters, Manufacturing",partial
731334,Rubber Production Machine Operator,51-9197.00,Tire Builders,partial
731399,Plastics and Rubber Production Machine Operators nec,51-2051.00,Fiberglass Laminators and Fabricators,partial
731399,Plastics and Rubber Production Machine Operators nec,51-4021.00,"Extruding and Drawing Machine Setters, Operators, and Tenders, Metal and Plastic",partial
731399,Plastics and Rubber Production Machine Operators nec,51-4022.00,"Forging Machine Setters, Operators, and Tenders, Metal and Plastic",partial
731399,Plastics and Rubber Production Machine Operators nec,51-4023.00,"Rolling Machine Setters, Operators, and Tenders, Metal and Plastic",partial
731399,Plastics and Rubber Production Machine Operators nec,51-4031.00,"Cutting, Punching, and Press Machine Setters, Operators, and Tenders, Metal and Plastic",partial
731399,Plastics and Rubber Production Machine Operators nec,51-4032.00,"Drilling and Boring Machine Tool Setters, Operators, and Tenders, Metal and Plastic",partial
731399,Plastics and Rubber Production Machine Operators nec,51-4033.00,"Grinding, Lapping, Polishing, and Buffing Machine Tool Setters, Operators, and Tenders, Metal and Plastic",partial
731399,Plastics and Rubber Production Machine Operators nec,51-4034.00,"Lathe and Turning Machine Tool Setters, Operators, and Tenders, Metal and Plastic",partial
731399,Plastics and Rubber Production Machine Operators nec,51-4035.00,"Milling and Planing Machine Setters, Operators, and Tenders, Metal and Plastic",partial
731399,Plastics and Rubber Production Machine Operators nec,51-4072.00,"Molding, Coremaking, and Casting Machine Setters, Operators, and Tenders, Metal and Plastic",partial
731399,Plastics and Rubber Production Machine Operators nec,51-4191.00,"Heat Treating Equipment Setters, Operators, and Tenders, Metal and Plastic",partial
731399,Plastics and Rubber Production Machine Operators nec,51-4193.00,"Plating Machine Setters, Operators, and Tenders, Metal and Plastic",partial
731399,Plastics and Rubber Production Machine Operators nec,51-4199.00,"Metal Workers and Plastic Workers, All Other",partial
731431,Sewing Machinist,51-6031.00,Sewing Machine Operators,exact
731432,Textile or Footwear Production Machine Operator,45-2041.00,"Graders and Sorters, Agricultural Products",partial
731432,Textile or Footwear Production Machine Operator,51-6099.00,"Textile, Apparel, and Furnishings Workers, All Other",partial
731432,Textile or Footwear Production Machine Operator,51-6064.00,"Textile Winding, Twisting, and Drawing Out Machine Setters, Operators, and Tenders",partial
731432,Textile or Footwear Production Machine Operator,51-6063.00,"Textile Knitting and Weaving Machine Setters, Operators, and Tenders",partial
731432,Textile or Footwear Production Machine Operator,51-6061.00,Textile Bleaching and Dyeing Machine Operators and Tenders,partial
731432,Textile or Footwear Production Machine Operator,51-6042.00,Shoe Machine Operators and Tenders,partial
731931,Chemical Production Machine Operator,51-9011.00,Chemical Equipment Operators and Tenders,partial
731931,Chemical Production Machine Operator,51-9012.00,"Separating, Filtering, Clarifying, Precipitating, and Still Machine Setters, Operators, and Tenders",partial
731931,Chemical Production Machine Operator,51-9195.00,"Molders, Shapers, and Casters, Except Metal and Plastic",partial
731931,Chemical Production Machine Operator,51-9195.03,"Stone Cutters and Carvers, Manufacturing",partial
731931,Chemical Production Machine Operator,51-9195.04,"Glass Blowers, Molders, Benders, and Finishers",partial
731931,Chemical Production Machine Operator,51-9195.05,"Potters, Manufacturing",partial
731932,Clay Products Machine Operator,51-6091.00,"Extruding and Forming Machine Setters, Operators, and Tenders, Synthetic and Glass Fibers",partial
731932,Clay Products Machine Operator,51-9021.00,"Crushing, Grinding, and Polishing Machine Setters, Operators, and Tenders",partial
731932,Clay Products Machine Operator,51-9023.00,"Mixing and Blending Machine Setters, Operators, and Tenders",partial
731932,Clay Products Machine Operator,51-9041.00,"Extruding, Forming, Pressing, and Compacting Machine Setters, Operators, and Tenders",partial
731932,Clay Products Machine Operator,51-9051.00,"Furnace, Kiln, Oven, Drier, and Kettle Operators and Tenders",partial
731932,Clay Products Machine Operator,51-9195.00,"Molders, Shapers, and Casters, Except Metal and Plastic",partial
731932,Clay Products Machine Operator,51-9195.03,"Stone Cutters and Carvers, Manufacturing",partial
731932,Clay Products Machine Operator,51-9195.04,"Glass Blowers, Molders, Benders, and Finishers",partial
731932,Clay Products Machine Operator,51-9195.05,"Potters, Manufacturing",partial
731933,Concrete Products Machine Operator,51-8099.00,"Plant and System Operators, All Other",partial
731933,Concrete Products Machine Operator,51-8099.01,Biofuels Processing Technicians,partial
731933,Concrete Products Machine Operator,51-9021.00,"Crushing, Grinding, and Polishing Machine Setters, Operators, and Tenders",partial
731933,Concrete Products Machine Operator,51-9023.00,"Mixing and Blending Machine Setters, Operators, and Tenders",partial
731933,Concrete Products Machine Operator,51-9032.00,"Cutting and Slicing Machine Setters, Operators, and Tenders",partial
731934,Crushing Machine Operator,51-9021.00,"Crushing, Grinding, and Polishing Machine Setters, Operators, and Tenders",partial
731934,Crushing Machine Operator,51-9192.00,"Cleaning, Washing, and Metal Pickling Equipment Operators and Tenders",partial
731934,Crushing Machine Operator,51-8099.00,"Plant and System Operators, All Other",partial
731934,Crushing Machine Operator,51-8099.01,Biofuels Processing Technicians,partial
731934,Crushing Machine Operator,51-9023.00,"Mixing and Blending Machine Setters, Operators, and Tenders",partial
731934,Crushing Machine Operator,51-9032.00,"Cutting and Slicing Machine Setters, Operators, and Tenders",partial
731935,Glass Production Machine Operator,51-6091.00,"Extruding and Forming Machine Setters, Operators, and Tenders, Synthetic and Glass Fibers",partial
731935,Glass Production Machine Operator,51-9021.00,"Crushing, Grinding, and Polishing Machine Setters, Operators, and Tenders",partial
731935,Glass Production Machine Operator,51-9023.00,"Mixing and Blending Machine Setters, Operators, and Tenders",partial
731935,Glass Production Machine Operator,51-9041.00,"Extruding, Forming, Pressing, and Compacting Machine Setters, Operators, and Tenders",partial
731935,Glass Production Machine Operator,51-9051.00,"Furnace, Kiln, Oven, Drier, and Kettle Operators and Tenders",partial
731935,Glass Production Machine Operator,51-9195.00,"Molders, Shapers, and Casters, Except Metal and Plastic",partial
731935,Glass Production Machine Operator,51-9195.03,"Stone Cutters and Carvers, Manufacturing",partial
731935,Glass Production Machine Operator,51-9195.04,"Glass Blowers, Molders, Benders, and Finishers",partial
731935,Glass Production Machine Operator,51-9195.05,"Potters, Manufacturing",partial
731936,Photographic Print Processor,31-1132.00,Orderlies,partial
731936,Photographic Print Processor,31-2012.00,Occupational Therapy Aides,partial
731936,Photographic Print Processor,31-2022.00,Physical Therapist Aides,partial
731936,Photographic Print Processor,31-9091.00,Dental Assistants,partial
731936,Photographic Print Processor,31-9093.00,Medical Equipment Preparers,partial
731936,Photographic Print Processor,31-9095.00,Pharmacy Aides,partial
731936,Photographic Print Processor,31-9097.00,Phlebotomists,partial
731936,Photographic Print Processor,31-9099.00,"Healthcare Support Workers, All Other",partial
731936,Photographic Print Processor,31-9099.01,Speech-Language Pathology Assistants,partial
731936,Photographic Print Processor,31-9099.02,Endoscopy Technicians,partial
731936,Photographic Print Processor,51-9151.00,Photographic Process Workers and Processing Machine Operators,partial
731937,Sterilisation Technician,31-1132.00,Orderlies,partial
731937,Sterilisation Technician,31-2012.00,Occupational Therapy Aides,partial
731937,Sterilisation Technician,31-2022.00,Physical Therapist Aides,partial
731937,Sterilisation Technician,31-9091.00,Dental Assistants,partial
731937,Sterilisation Technician,31-9093.00,Medical Equipment Preparers,partial
731937,Sterilisation Technician,31-9095.00,Pharmacy Aides,partial
731937,Sterilisation Technician,31-9097.00,Phlebotomists,partial
731937,Sterilisation Technician,31-9099.00,"Healthcare Support Workers, All Other",partial
731937,Sterilisation Technician,31-9099.01,Speech-Language Pathology Assistants,partial
731937,Sterilisation Technician,31-9099.02,Endoscopy Technicians,partial
731938,Stone Processing Machine Operator,51-8099.00,"Plant and System Operators, All Other",partial
731938,Stone Processing Machine Operator,51-8099.01,Biofuels Processing Technicians,partial
731938,Stone Processing Machine Operator,51-9021.00,"Crushing, Grinding, and Polishing Machine Setters, Operators, and Tenders",partial
731938,Stone Processing Machine Operator,51-9023.00,"Mixing and Blending Machine Setters, Operators, and Tenders",partial
731938,Stone Processing Machine Operator,51-9032.00,"Cutting and Slicing Machine Setters, Operators, and Tenders",partial
731999,Machine Operators nec,27-4011.00,Audio and Video Technicians,partial
731999,Machine Operators nec,27-4012.00,Broadcast Technicians,partial
731999,Machine Operators nec,43-2099.00,"Communications Equipment Operators, All Other",partial
731999,Machine Operators nec,27-4014.00,Sound Engineering Technicians,partial
731999,Machine Operators nec,27-4031.00,"Camera Operators, Television, Video, and Film",partial
731999,Machine Operators nec,27-4015.00,Lighting Technicians,partial
731999,Machine Operators nec,27-4099.00,"Media and Communication Equipment Workers, All Other",partial
731999,Machine Operators nec,51-8099.00,"Plant and System Operators, All Other",partial
731999,Machine Operators nec,51-8099.01,Biofuels Processing Technicians,partial
731999,Machine Operators nec,51-9021.00,"Crushing, Grinding, and Polishing Machine Setters, Operators, and Tenders",partial
731999,Machine Operators nec,51-9023.00,"Mixing and Blending Machine Setters, Operators, and Tenders",partial
731999,Machine Operators nec,51-9032.00,"Cutting and Slicing Machine Setters, Operators, and Tenders",partial
731999,Machine Operators nec,51-9151.00,Photographic Process Workers and Processing Machine Operators,partial
731999,Machine Operators nec,51-9141.00,Semiconductor Processing Technicians,partial
731999,Machine Operators nec,51-9191.00,Adhesive Bonding Machine Operators and Tenders,partial
731999,Machine Operators nec,51-9193.00,Cooling and Freezing Equipment Operators and Tenders,partial
731999,Machine Operators nec,53-7011.00,Conveyor Operators and Tenders,partial
732131,"Crane, Hoist or Lift Operator",39-3091.00,Amusement and Recreation Attendants,partial
732131,"Crane, Hoist or Lift Operator",53-1043.00,First-Line Supervisors of Material-Moving Machine and Vehicle Operators,partial
732131,"Crane, Hoist or Lift Operator",53-1044.00,First-Line Supervisors of Passenger Attendants,partial
732131,"Crane, Hoist or Lift Operator",53-1049.00,"First-Line Supervisors of Transportation Workers, All Other",partial
732131,"Crane, Hoist or Lift Operator",53-6011.00,Bridge and Lock Tenders,partial
732131,"Crane, Hoist or Lift Operator",53-7021.00,Crane and Tower Operators,partial
732131,"Crane, Hoist or Lift Operator",53-7041.00,Hoist and Winch Operators,partial
732231,Engineering Production Worker,51-4051.00,Metal-Refining Furnace Operators and Tenders,partial
732231,Engineering Production Worker,51-4121.00,"Welders, Cutters, Solderers, and Brazers",partial
732231,Engineering Production Worker,51-4122.00,"Welding, Soldering, and Brazing Machine Setters, Operators, and Tenders",partial
732231,Engineering Production Worker,47-2011.00,Boilermakers,partial
732231,Engineering Production Worker,47-2211.00,Sheet Metal Workers,partial
732231,Engineering Production Worker,51-4192.00,"Layout Workers, Metal and Plastic",partial
732231,Engineering Production Worker,51-9161.00,Computer Numerically Controlled Tool Operators,partial
732231,Engineering Production Worker,51-4021.00,"Extruding and Drawing Machine Setters, Operators, and Tenders, Metal and Plastic",partial
732231,Engineering Production Worker,51-4022.00,"Forging Machine Setters, Operators, and Tenders, Metal and Plastic",partial
732231,Engineering Production Worker,51-4023.00,"Rolling Machine Setters, Operators, and Tenders, Metal and Plastic",partial
732231,Engineering Production Worker,51-4031.00,"Cutting, Punching, and Press Machine Setters, Operators, and Tenders, Metal and Plastic",partial
732231,Engineering Production Worker,51-4032.00,"Drilling and Boring Machine Tool Setters, Operators, and Tenders, Metal and Plastic",partial
732231,Engineering Production Worker,51-4033.00,"Grinding, Lapping, Polishing, and Buffing Machine Tool Setters, Operators, and Tenders, Metal and Plastic",partial
732231,Engineering Production Worker,51-4034.00,"Lathe and Turning Machine Tool Setters, Operators, and Tenders, Metal and Plastic",partial
732231,Engineering Production Worker,51-4035.00,"Milling and Planing Machine Setters, Operators, and Tenders, Metal and Plastic",partial
732231,Engineering Production Worker,51-4041.00,Machinists,partial
732231,Engineering Production Worker,51-4081.00,"Multiple Machine Tool Setters, Operators, and Tenders, Metal and Plastic",partial
732231,Engineering Production Worker,51-4199.00,"Metal Workers and Plastic Workers, All Other",partial
732231,Engineering Production Worker,51-4194.00,"Tool Grinders, Filers, and Sharpeners",partial
732231,Engineering Production Worker,51-9022.00,"Grinding and Polishing Workers, Hand",partial
732231,Engineering Production Worker,51-4052.00,"Pourers and Casters, Metal",partial
732231,Engineering Production Worker,51-4191.00,"Heat Treating Equipment Setters, Operators, and Tenders, Metal and Plastic",partial
732231,Engineering Production Worker,51-4193.00,"Plating Machine Setters, Operators, and Tenders, Metal and Plastic",partial
732231,Engineering Production Worker,51-9124.00,"Coating, Painting, and Spraying Machine Setters, Operators, and Tenders",partial
732231,Engineering Production Worker,51-9192.00,"Cleaning, Washing, and Metal Pickling Equipment Operators and Tenders",partial
732331,Miner,47-5023.00,"Earth Drillers, Except Oil and Gas",partial
732331,Miner,47-5032.00,"Explosives Workers, Ordnance Handling Experts, and Blasters",partial
732331,Miner,47-5041.00,Continuous Mining Machine Operators,partial
732331,Miner,47-5049.00,"Underground Mining Machine Operators, All Other",partial
732331,Miner,47-5099.00,"Extraction Workers, All Other",partial
732331,Miner,47-5051.00,"Rock Splitters, Quarry",partial
732331,Miner,47-5043.00,"Roof Bolters, Mining",partial
732331,Miner,47-5022.00,"Excavating and Loading Machine and Dragline Operators, Surface Mining",partial
732331,Miner,53-7199.00,"Material Moving Workers, All Other",partial
732331,Miner,47-5044.00,"Loading and Moving Machine Operators, Underground Mining",partial
732332,Shot Firer,47-5032.00,"Explosives Workers, Ordnance Handling Experts, and Blasters",partial
732431,Wastewater or Water Plant Operator,51-1011.00,First-Line Supervisors of Production and Operating Workers,partial
732431,Wastewater or Water Plant Operator,51-8031.00,Water and Wastewater Treatment Plant and System Operators,partial
732431,Wastewater or Water Plant Operator,51-8099.00,"Plant and System Operators, All Other",partial
732431,Wastewater or Water Plant Operator,51-8099.01,Biofuels Processing Technicians,partial
732431,Wastewater or Water Plant Operator,53-7072.00,"Pump Operators, Except Wellhead Pumpers",partial
732931,Boiler or Engine Operator,51-8021.00,Stationary Engineers and Boiler Operators,exact
732932,Bulk Materials Handling Plant Operator,53-1041.00,Aircraft Cargo Handling Supervisors,partial
732932,Bulk Materials Handling Plant Operator,53-1042.00,"First-Line Supervisors of Helpers, Laborers, and Material Movers, Hand",partial
732932,Bulk Materials Handling Plant Operator,53-1042.01,Recycling Coordinators,partial
732932,Bulk Materials Handling Plant Operator,53-7062.00,"Laborers and Freight, Stock, and Material Movers, Hand",partial
732932,Bulk Materials Handling Plant Operator,53-7062.04,Recycling and Reclamation Workers,partial
732932,Bulk Materials Handling Plant Operator,53-7121.00,"Tank Car, Truck, and Ship Loaders",partial
732933,Concrete Batching Plant Operator,51-8099.00,"Plant and System Operators, All Other",partial
732933,Concrete Batching Plant Operator,51-8099.01,Biofuels Processing Technicians,partial
732933,Concrete Batching Plant Operator,51-9021.00,"Crushing, Grinding, and Polishing Machine Setters, Operators, and Tenders",partial
732933,Concrete Batching Plant Operator,51-9023.00,"Mixing and Blending Machine Setters, Operators, and Tenders",partial
732933,Concrete Batching Plant Operator,51-9032.00,"Cutting and Slicing Machine Setters, Operators, and Tenders",partial
732934,Concrete Pump Operator,51-8099.00,"Plant and System Operators, All Other",partial
732934,Concrete Pump Operator,51-8099.01,Biofuels Processing Technicians,partial
732934,Concrete Pump Operator,51-9021.00,"Crushing, Grinding, and Polishing Machine Setters, Operators, and Tenders",partial
732934,Concrete Pump Operator,51-9023.00,"Mixing and Blending Machine Setters, Operators, and Tenders",partial
732934,Concrete Pump Operator,51-9032.00,"Cutting and Slicing Machine Setters, Operators, and Tenders",partial
732935,Railway Signal Operator,53-1043.00,First-Line Supervisors of Material-Moving Machine and Vehicle Operators,partial
732935,Railway Signal Operator,53-1044.00,First-Line Supervisors of Passenger Attendants,partial
732935,Railway Signal Operator,53-1049.00,"First-Line Supervisors of Transportation Workers, All Other",partial
732935,Railway Signal Operator,53-4022.00,"Railroad Brake, Signal, and Switch Operators and Locomotive Firers",partial
732935,Railway Signal Operator,53-4031.00,Railroad Conductors and Yardmasters,partial
732935,Railway Signal Operator,53-4099.00,"Rail Transportation Workers, All Other",partial
732936,Weighbridge Operator,43-5071.00,"Shipping, Receiving, and Inventory Clerks",partial
732936,Weighbridge Operator,53-7065.00,Stockers and Order Fillers,partial
732936,Weighbridge Operator,43-5111.00,"Weighers, Measurers, Checkers, and Samplers, Recordkeeping",partial
732999,Stationary Plant Operators nec,51-1011.00,First-Line Supervisors of Production and Operating Workers,partial
732999,Stationary Plant Operators nec,51-8031.00,Water and Wastewater Treatment Plant and System Operators,partial
732999,Stationary Plant Operators nec,51-8099.00,"Plant and System Operators, All Other",partial
732999,Stationary Plant Operators nec,51-8099.01,Biofuels Processing Technicians,partial
732999,Stationary Plant Operators nec,53-7072.00,"Pump Operators, Except Wellhead Pumpers",partial
732999,Stationary Plant Operators nec,51-9021.00,"Crushing, Grinding, and Polishing Machine Setters, Operators, and Tenders",partial
732999,Stationary Plant Operators nec,51-9192.00,"Cleaning, Washing, and Metal Pickling Equipment Operators and Tenders",partial
732999,Stationary Plant Operators nec,51-9023.00,"Mixing and Blending Machine Setters, Operators, and Tenders",partial
732999,Stationary Plant Operators nec,51-9032.00,"Cutting and Slicing Machine Setters, Operators, and Tenders",partial
732999,Stationary Plant Operators nec,51-9141.00,Semiconductor Processing Technicians,partial
732999,Stationary Plant Operators nec,51-9191.00,Adhesive Bonding Machine Operators and Tenders,partial
732999,Stationary Plant Operators nec,51-9193.00,Cooling and Freezing Equipment Operators and Tenders,partial
732999,Stationary Plant Operators nec,53-7011.00,Conveyor Operators and Tenders,partial
741131,Agricultural and Horticultural Mobile Plant Operator,45-2091.00,Agricultural Equipment Operators,partial
741131,Agricultural and Horticultural Mobile Plant Operator,45-4022.00,Logging Equipment Operators,partial
741132,Logging Plant Operator,45-1011.00,"First-Line Supervisors of Farming, Fishing, and Forestry Workers",partial
741132,Logging Plant Operator,45-4011.00,Forest and Conservation Workers,partial
741132,Logging Plant Operator,45-4021.00,Fallers,partial
741132,Logging Plant Operator,45-4022.00,Logging Equipment Operators,partial
741132,Logging Plant Operator,45-4023.00,Log Graders and Scalers,partial
741132,Logging Plant Operator,45-4029.00,"Logging Workers, All Other",partial
741132,Logging Plant Operator,45-2091.00,Agricultural Equipment Operators,partial
741231,Earthmoving Plant Operator (General),47-2071.00,"Paving, Surfacing, and Tamping Equipment Operators",partial
741231,Earthmoving Plant Operator (General),47-2072.00,Pile Driver Operators,partial
741231,Earthmoving Plant Operator (General),47-2073.00,Operating Engineers and Other Construction Equipment Operators,partial
741231,Earthmoving Plant Operator (General),53-7031.00,Dredge Operators,partial
741231,Earthmoving Plant Operator (General),47-5022.00,"Excavating and Loading Machine and Dragline Operators, Surface Mining",partial
741231,Earthmoving Plant Operator (General),53-7199.00,"Material Moving Workers, All Other",partial
741232,Backhoe Operator,47-2071.00,"Paving, Surfacing, and Tamping Equipment Operators",partial
741232,Backhoe Operator,47-2072.00,Pile Driver Operators,partial
741232,Backhoe Operator,47-2073.00,Operating Engineers and Other Construction Equipment Operators,partial
741232,Backhoe Operator,53-7031.00,Dredge Operators,partial
741232,Backhoe Operator,47-5022.00,"Excavating and Loading Machine and Dragline Operators, Surface Mining",partial
741232,Backhoe Operator,53-7199.00,"Material Moving Workers, All Other",partial
741233,Bulldozer Operator,47-2071.00,"Paving, Surfacing, and Tamping Equipment Operators",partial
741233,Bulldozer Operator,47-2072.00,Pile Driver Operators,partial
741233,Bulldozer Operator,47-2073.00,Operating Engineers and Other Construction Equipment Operators,partial
741233,Bulldozer Operator,53-7031.00,Dredge Operators,partial
741233,Bulldozer Operator,47-5022.00,"Excavating and Loading Machine and Dragline Operators, Surface Mining",partial
741233,Bulldozer Operator,53-7199.00,"Material Moving Workers, All Other",partial
741234,Excavator Operator,47-2071.00,"Paving, Surfacing, and Tamping Equipment Operators",partial
741234,Excavator Operator,47-2072.00,Pile Driver Operators,partial
741234,Excavator Operator,47-2073.00,Operating Engineers and Other Construction Equipment Operators,partial
741234,Excavator Operator,53-7031.00,Dredge Operators,partial
741234,Excavator Operator,47-5022.00,"Excavating and Loading Machine and Dragline Operators, Surface Mining",partial
741234,Excavator Operator,53-7199.00,"Material Moving Workers, All Other",partial
741235,Grader Operator,47-2071.00,"Paving, Surfacing, and Tamping Equipment Operators",partial
741235,Grader Operator,47-2072.00,Pile Driver Operators,partial
741235,Grader Operator,47-2073.00,Operating Engineers and Other Construction Equipment Operators,partial
741235,Grader Operator,53-7031.00,Dredge Operators,partial
741235,Grader Operator,47-5022.00,"Excavating and Loading Machine and Dragline Operators, Surface Mining",partial
741235,Grader Operator,53-7199.00,"Material Moving Workers, All Other",partial
741236,Loader Operator,47-2071.00,"Paving, Surfacing, and Tamping Equipment Operators",partial
741236,Loader Operator,47-2072.00,Pile Driver Operators,partial
741236,Loader Operator,47-2073.00,Operating Engineers and Other Construction Equipment Operators,partial
741236,Loader Operator,53-7031.00,Dredge Operators,partial
741236,Loader Operator,47-5022.00,"Excavating and Loading Machine and Dragline Operators, Surface Mining",partial
741236,Loader Operator,53-7199.00,"Material Moving Workers, All Other",partial
741237,Tunnel Constructor,47-2071.00,"Paving, Surfacing, and Tamping Equipment Operators",partial
741237,Tunnel Constructor,47-2072.00,Pile Driver Operators,partial
741237,Tunnel Constructor,47-2073.00,Operating Engineers and Other Construction Equipment Operators,partial
741237,Tunnel Constructor,53-7031.00,Dredge Operators,partial
741237,Tunnel Constructor,47-5022.00,"Excavating and Loading Machine and Dragline Operators, Surface Mining",partial
741237,Tunnel Constructor,53-7199.00,"Material Moving Workers, All Other",partial
741331,Forklift Driver,53-1043.00,First-Line Supervisors of Material-Moving Machine and Vehicle Operators,partial
741331,Forklift Driver,53-1044.00,First-Line Supervisors of Passenger Attendants,partial
741331,Forklift Driver,53-1049.00,"First-Line Supervisors of Transportation Workers, All Other",partial
741331,Forklift Driver,53-7051.00,Industrial Truck and Tractor Operators,partial
741931,Aircraft Baggage Handler and Ground Crew,53-1041.00,Aircraft Cargo Handling Supervisors,partial
741931,Aircraft Baggage Handler and Ground Crew,53-1042.00,"First-Line Supervisors of Helpers, Laborers, and Material Movers, Hand",partial
741931,Aircraft Baggage Handler and Ground Crew,53-1042.01,Recycling Coordinators,partial
741931,Aircraft Baggage Handler and Ground Crew,53-7062.00,"Laborers and Freight, Stock, and Material Movers, Hand",partial
741931,Aircraft Baggage Handler and Ground Crew,53-7062.04,Recycling and Reclamation Workers,partial
741931,Aircraft Baggage Handler and Ground Crew,53-7121.00,"Tank Car, Truck, and Ship Loaders",partial
741932,Aircraft Refueller,53-1043.00,First-Line Supervisors of Material-Moving Machine and Vehicle Operators,partial
741932,Aircraft Refueller,53-1044.00,First-Line Supervisors of Passenger Attendants,partial
741932,Aircraft Refueller,53-1049.00,"First-Line Supervisors of Transportation Workers, All Other",partial
741932,Aircraft Refueller,53-3032.00,Heavy and Tractor-Trailer Truck Drivers,partial
741933,Linemarker,51-9141.00,Semiconductor Processing Technicians,partial
741933,Linemarker,51-9191.00,Adhesive Bonding Machine Operators and Tenders,partial
741933,Linemarker,51-9193.00,Cooling and Freezing Equipment Operators and Tenders,partial
741933,Linemarker,53-7011.00,Conveyor Operators and Tenders,partial
741934,Railway Shunter,53-1043.00,First-Line Supervisors of Material-Moving Machine and Vehicle Operators,partial
741934,Railway Shunter,53-1044.00,First-Line Supervisors of Passenger Attendants,partial
741934,Railway Shunter,53-1049.00,"First-Line Supervisors of Transportation Workers, All Other",partial
741934,Railway Shunter,53-4022.00,"Railroad Brake, Signal, and Switch Operators and Locomotive Firers",partial
741934,Railway Shunter,53-4031.00,Railroad Conductors and Yardmasters,partial
741934,Railway Shunter,53-4099.00,"Rail Transportation Workers, All Other",partial
741935,Railway Track Plant Operator,47-2071.00,"Paving, Surfacing, and Tamping Equipment Operators",partial
741935,Railway Track Plant Operator,47-2072.00,Pile Driver Operators,partial
741935,Railway Track Plant Operator,47-2073.00,Operating Engineers and Other Construction Equipment Operators,partial
741935,Railway Track Plant Operator,53-7031.00,Dredge Operators,partial
741935,Railway Track Plant Operator,47-5022.00,"Excavating and Loading Machine and Dragline Operators, Surface Mining",partial
741935,Railway Track Plant Operator,53-7199.00,"Material Moving Workers, All Other",partial
741936,Road Roller Operator,47-2071.00,"Paving, Surfacing, and Tamping Equipment Operators",partial
741936,Road Roller Operator,47-2072.00,Pile Driver Operators,partial
741936,Road Roller Operator,47-2073.00,Operating Engineers and Other Construction Equipment Operators,partial
741936,Road Roller Operator,53-7031.00,Dredge Operators,partial
741936,Road Roller Operator,47-5022.00,"Excavating and Loading Machine and Dragline Operators, Surface Mining",partial
741936,Road Roller Operator,53-7199.00,"Material Moving Workers, All Other",partial
741937,Stevedore,39-3091.00,Amusement and Recreation Attendants,partial
741937,Stevedore,53-1043.00,First-Line Supervisors of Material-Moving Machine and Vehicle Operators,partial
741937,Stevedore,53-1044.00,First-Line Supervisors of Passenger Attendants,partial
741937,Stevedore,53-1049.00,"First-Line Supervisors of Transportation Workers, All Other",partial
741937,Stevedore,53-6011.00,Bridge and Lock Tenders,partial
741937,Stevedore,53-7021.00,Crane and Tower Operators,partial
741937,Stevedore,53-7041.00,Hoist and Winch Operators,partial
741937,Stevedore,53-1041.00,Aircraft Cargo Handling Supervisors,partial
741937,Stevedore,53-1042.00,"First-Line Supervisors of Helpers, Laborers, and Material Movers, Hand",partial
741937,Stevedore,53-1042.01,Recycling Coordinators,partial
741937,Stevedore,53-7062.00,"Laborers and Freight, Stock, and Material Movers, Hand",partial
741937,Stevedore,53-7062.04,Recycling and Reclamation Workers,partial
741937,Stevedore,53-7121.00,"Tank Car, Truck, and Ship Loaders",partial
741938,Streetsweeper Operator,47-2071.00,"Paving, Surfacing, and Tamping Equipment Operators",partial
741938,Streetsweeper Operator,47-2072.00,Pile Driver Operators,partial
741938,Streetsweeper Operator,47-2073.00,Operating Engineers and Other Construction Equipment Operators,partial
741938,Streetsweeper Operator,53-7031.00,Dredge Operators,partial
741938,Streetsweeper Operator,47-5022.00,"Excavating and Loading Machine and Dragline Operators, Surface Mining",partial
741938,Streetsweeper Operator,53-7199.00,"Material Moving Workers, All Other",partial
741999,Mobile Plant Operators nec,47-2071.00,"Paving, Surfacing, and Tamping Equipment Operators",partial
741999,Mobile Plant Operators nec,47-2072.00,Pile Driver Operators,partial
741999,Mobile Plant Operators nec,47-2073.00,Operating Engineers and Other Construction Equipment Operators,partial
741999,Mobile Plant Operators nec,53-7031.00,Dredge Operators,partial
741999,Mobile Plant Operators nec,47-5022.00,"Excavating and Loading Machine and Dragline Operators, Surface Mining",partial
741999,Mobile Plant Operators nec,53-7199.00,"Material Moving Workers, All Other",partial
811131,Commercial Cleaner,37-1011.00,First-Line Supervisors of Housekeeping and Janitorial Workers,partial
811131,Commercial Cleaner,37-2019.00,"Building Cleaning Workers, All Other",partial
811131,Commercial Cleaner,37-2011.00,"Janitors and Cleaners, Except Maids and Housekeeping Cleaners",partial
811131,Commercial Cleaner,37-2012.00,Maids and Housekeeping Cleaners,partial
811131,Commercial Cleaner,53-7061.00,Cleaners of Vehicles and Equipment,partial
811231,Domestic Cleaner,37-2012.00,Maids and Housekeeping Cleaners,exact
811331,Drycleaner,51-6011.00,Laundry and Dry-Cleaning Workers,partial
811331,Drycleaner,51-6021.00,"Pressers, Textile, Garment, and Related Materials",partial
811332,Laundry Worker,51-6011.00,Laundry and Dry-Cleaning Workers,partial
811332,Laundry Worker,51-6021.00,"Pressers, Textile, Garment, and Related Materials",partial
811431,Commercial Housekeeper,37-1011.00,First-Line Supervisors of Housekeeping and Janitorial Workers,partial
811431,Commercial Housekeeper,37-2011.00,"Janitors and Cleaners, Except Maids and Housekeeping Cleaners",partial
811431,Commercial Housekeeper,37-2012.00,Maids and Housekeeping Cleaners,partial
811431,Commercial Housekeeper,53-7061.00,Cleaners of Vehicles and Equipment,partial
811432,Domestic Housekeeper,37-1011.00,First-Line Supervisors of Housekeeping and Janitorial Workers,partial
811432,Domestic Housekeeper,39-4012.00,Crematory Operators,partial
811432,Domestic Housekeeper,39-9099.00,"Personal Care and Service Workers, All Other",partial
811531,Vehicle Detailer,53-7061.00,Cleaners of Vehicles and Equipment,exact
811931,Carpet Cleaner,37-2019.00,"Building Cleaning Workers, All Other",partial
811931,Carpet Cleaner,47-4071.00,Septic Tank Servicers and Sewer Pipe Cleaners,partial
811932,Roof Gutter Cleaner,37-2019.00,"Building Cleaning Workers, All Other",partial
811932,Roof Gutter Cleaner,47-4071.00,Septic Tank Servicers and Sewer Pipe Cleaners,partial
811933,Window Cleaner,37-2011.00,"Janitors and Cleaners, Except Maids and Housekeeping Cleaners",exact
811999,Cleaners and Laundry Workers nec,37-2019.00,"Building Cleaning Workers, All Other",partial
811999,Cleaners and Laundry Workers nec,47-4071.00,Septic Tank Servicers and Sewer Pipe Cleaners,partial
811999,Cleaners and Laundry Workers nec,37-3019.00,"Grounds Maintenance Workers, All Other",partial
821131,Asbestos Removalist,47-2061.00,Construction Laborers,partial
821131,Asbestos Removalist,47-3011.00,"Helpers--Brickmasons, Blockmasons, Stonemasons, and Tile and Marble Setters",partial
821131,Asbestos Removalist,47-3012.00,Helpers--Carpenters,partial
821131,Asbestos Removalist,47-3013.00,Helpers--Electricians,partial
821131,Asbestos Removalist,47-3014.00,"Helpers--Painters, Paperhangers, Plasterers, and Stucco Masons",partial
821131,Asbestos Removalist,47-3015.00,"Helpers--Pipelayers, Plumbers, Pipefitters, and Steamfitters",partial
821131,Asbestos Removalist,47-3016.00,Helpers--Roofers,partial
821131,Asbestos Removalist,47-3019.00,"Helpers, Construction Trades, All Other",partial
821132,Builder's Labourer,47-2061.00,Construction Laborers,partial
821132,Builder's Labourer,47-3011.00,"Helpers--Brickmasons, Blockmasons, Stonemasons, and Tile and Marble Setters",partial
821132,Builder's Labourer,47-3012.00,Helpers--Carpenters,partial
821132,Builder's Labourer,47-3013.00,Helpers--Electricians,partial
821132,Builder's Labourer,47-3014.00,"Helpers--Painters, Paperhangers, Plasterers, and Stucco Masons",partial
821132,Builder's Labourer,47-3015.00,"Helpers--Pipelayers, Plumbers, Pipefitters, and Steamfitters",partial
821132,Builder's Labourer,47-3016.00,Helpers--Roofers,partial
821132,Builder's Labourer,47-3019.00,"Helpers, Construction Trades, All Other",partial
821133,Concreter's Labourer,47-2061.00,Construction Laborers,partial
821133,Concreter's Labourer,47-3011.00,"Helpers--Brickmasons, Blockmasons, Stonemasons, and Tile and Marble Setters",partial
821133,Concreter's Labourer,47-3012.00,Helpers--Carpenters,partial
821133,Concreter's Labourer,47-3013.00,Helpers--Electricians,partial
821133,Concreter's Labourer,47-3014.00,"Helpers--Painters, Paperhangers, Plasterers, and Stucco Masons",partial
821133,Concreter's Labourer,47-3015.00,"Helpers--Pipelayers, Plumbers, Pipefitters, and Steamfitters",partial
821133,Concreter's Labourer,47-3016.00,Helpers--Roofers,partial
821133,Concreter's Labourer,47-3019.00,"Helpers, Construction Trades, All Other",partial
821134,Demolition Labourer,47-2061.00,Construction Laborers,partial
821134,Demolition Labourer,47-3011.00,"Helpers--Brickmasons, Blockmasons, Stonemasons, and Tile and Marble Setters",partial
821134,Demolition Labourer,47-3012.00,Helpers--Carpenters,partial
821134,Demolition Labourer,47-3013.00,Helpers--Electricians,partial
821134,Demolition Labourer,47-3014.00,"Helpers--Painters, Paperhangers, Plasterers, and Stucco Masons",partial
821134,Demolition Labourer,47-3015.00,"Helpers--Pipelayers, Plumbers, Pipefitters, and Steamfitters",partial
821134,Demolition Labourer,47-3016.00,Helpers--Roofers,partial
821134,Demolition Labourer,47-3019.00,"Helpers, Construction Trades, All Other",partial
821135,Earthmoving Labourer,47-3019.00,"Helpers, Construction Trades, All Other",partial
821135,Earthmoving Labourer,47-4051.00,Highway Maintenance Workers,partial
821135,Earthmoving Labourer,47-4061.00,Rail-Track Laying and Maintenance Equipment Operators,partial
821231,Construction Rigger,49-9096.00,Riggers,exact
821232,Dogger,47-2061.00,Construction Laborers,partial
821232,Dogger,47-3011.00,"Helpers--Brickmasons, Blockmasons, Stonemasons, and Tile and Marble Setters",partial
821232,Dogger,47-3012.00,Helpers--Carpenters,partial
821232,Dogger,47-3013.00,Helpers--Electricians,partial
821232,Dogger,47-3014.00,"Helpers--Painters, Paperhangers, Plasterers, and Stucco Masons",partial
821232,Dogger,47-3015.00,"Helpers--Pipelayers, Plumbers, Pipefitters, and Steamfitters",partial
821232,Dogger,47-3016.00,Helpers--Roofers,partial
821232,Dogger,47-3019.00,"Helpers, Construction Trades, All Other",partial
821331,Fencer,47-2061.00,Construction Laborers,partial
821331,Fencer,47-3011.00,"Helpers--Brickmasons, Blockmasons, Stonemasons, and Tile and Marble Setters",partial
821331,Fencer,47-3012.00,Helpers--Carpenters,partial
821331,Fencer,47-3013.00,Helpers--Electricians,partial
821331,Fencer,47-3014.00,"Helpers--Painters, Paperhangers, Plasterers, and Stucco Masons",partial
821331,Fencer,47-3015.00,"Helpers--Pipelayers, Plumbers, Pipefitters, and Steamfitters",partial
821331,Fencer,47-3016.00,Helpers--Roofers,partial
821331,Fencer,47-3019.00,"Helpers, Construction Trades, All Other",partial
821431,Building Insulation Installer,47-2131.00,"Insulation Workers, Floor, Ceiling, and Wall",partial
821431,Building Insulation Installer,47-2132.00,"Insulation Workers, Mechanical",partial
821432,Garage Door Installer,47-2031.00,Carpenters,partial
821432,Garage Door Installer,47-2061.00,Construction Laborers,partial
821432,Garage Door Installer,47-3011.00,"Helpers--Brickmasons, Blockmasons, Stonemasons, and Tile and Marble Setters",partial
821432,Garage Door Installer,47-3012.00,Helpers--Carpenters,partial
821432,Garage Door Installer,47-3013.00,Helpers--Electricians,partial
821432,Garage Door Installer,47-3014.00,"Helpers--Painters, Paperhangers, Plasterers, and Stucco Masons",partial
821432,Garage Door Installer,47-3015.00,"Helpers--Pipelayers, Plumbers, Pipefitters, and Steamfitters",partial
821432,Garage Door Installer,47-3016.00,Helpers--Roofers,partial
821432,Garage Door Installer,47-3019.00,"Helpers, Construction Trades, All Other",partial
821433,Shed Builder,11-9021.00,Construction Managers,exact
821434,Window Furnishing Installer,47-2031.00,Carpenters,partial
821434,Window Furnishing Installer,47-2061.00,Construction Laborers,partial
821434,Window Furnishing Installer,47-3011.00,"Helpers--Brickmasons, Blockmasons, Stonemasons, and Tile and Marble Setters",partial
821434,Window Furnishing Installer,47-3012.00,Helpers--Carpenters,partial
821434,Window Furnishing Installer,47-3013.00,Helpers--Electricians,partial
821434,Window Furnishing Installer,47-3014.00,"Helpers--Painters, Paperhangers, Plasterers, and Stucco Masons",partial
821434,Window Furnishing Installer,47-3015.00,"Helpers--Pipelayers, Plumbers, Pipefitters, and Steamfitters",partial
821434,Window Furnishing Installer,47-3016.00,Helpers--Roofers,partial
821434,Window Furnishing Installer,47-3019.00,"Helpers, Construction Trades, All Other",partial
821499,Home Improvement and Insulation Installers nec,11-9021.00,Construction Managers,partial
821499,Home Improvement and Insulation Installers nec,47-2031.00,Carpenters,partial
821499,Home Improvement and Insulation Installers nec,47-2061.00,Construction Laborers,partial
821499,Home Improvement and Insulation Installers nec,47-3011.00,"Helpers--Brickmasons, Blockmasons, Stonemasons, and Tile and Marble Setters",partial
821499,Home Improvement and Insulation Installers nec,47-3012.00,Helpers--Carpenters,partial
821499,Home Improvement and Insulation Installers nec,47-3013.00,Helpers--Electricians,partial
821499,Home Improvement and Insulation Installers nec,47-3014.00,"Helpers--Painters, Paperhangers, Plasterers, and Stucco Masons",partial
821499,Home Improvement and Insulation Installers nec,47-3015.00,"Helpers--Pipelayers, Plumbers, Pipefitters, and Steamfitters",partial
821499,Home Improvement and Insulation Installers nec,47-3016.00,Helpers--Roofers,partial
821499,Home Improvement and Insulation Installers nec,47-3019.00,"Helpers, Construction Trades, All Other",partial
821531,Paving and Surfacing Labourer,47-3019.00,"Helpers, Construction Trades, All Other",partial
821531,Paving and Surfacing Labourer,47-4051.00,Highway Maintenance Workers,partial
821531,Paving and Surfacing Labourer,47-4061.00,Rail-Track Laying and Maintenance Equipment Operators,partial
821631,"Drainage, Sewerage and Stormwater Labourer",47-3019.00,"Helpers, Construction Trades, All Other",partial
821631,"Drainage, Sewerage and Stormwater Labourer",47-4051.00,Highway Maintenance Workers,partial
821631,"Drainage, Sewerage and Stormwater Labourer",47-4061.00,Rail-Track Laying and Maintenance Equipment Operators,partial
821632,Pipe Layer,47-2151.00,Pipelayers,partial
821632,Pipe Layer,47-2152.00,"Plumbers, Pipefitters, and Steamfitters",partial
821632,Pipe Layer,47-2152.04,Solar Thermal Installers and Technicians,partial
821633,Plumber's Assistant,47-2061.00,Construction Laborers,partial
821633,Plumber's Assistant,47-3011.00,"Helpers--Brickmasons, Blockmasons, Stonemasons, and Tile and Marble Setters",partial
821633,Plumber's Assistant,47-3012.00,Helpers--Carpenters,partial
821633,Plumber's Assistant,47-3013.00,Helpers--Electricians,partial
821633,Plumber's Assistant,47-3014.00,"Helpers--Painters, Paperhangers, Plasterers, and Stucco Masons",partial
821633,Plumber's Assistant,47-3015.00,"Helpers--Pipelayers, Plumbers, Pipefitters, and Steamfitters",partial
821633,Plumber's Assistant,47-3016.00,Helpers--Roofers,partial
821633,Plumber's Assistant,47-3019.00,"Helpers, Construction Trades, All Other",partial
821731,Scaffolder,47-2231.00,Solar Photovoltaic Installers,partial
821731,Scaffolder,47-4031.00,Fence Erectors,partial
821731,Scaffolder,47-4041.00,Hazardous Materials Removal Workers,partial
821731,Scaffolder,47-4099.00,"Construction and Related Workers, All Other",partial
821731,Scaffolder,47-4099.03,Weatherization Installers and Technicians,partial
821731,Scaffolder,49-9095.00,Manufactured Building and Mobile Home Installers,partial
821732,Steel Fixer,47-2061.00,Construction Laborers,partial
821732,Steel Fixer,47-3011.00,"Helpers--Brickmasons, Blockmasons, Stonemasons, and Tile and Marble Setters",partial
821732,Steel Fixer,47-3012.00,Helpers--Carpenters,partial
821732,Steel Fixer,47-3013.00,Helpers--Electricians,partial
821732,Steel Fixer,47-3014.00,"Helpers--Painters, Paperhangers, Plasterers, and Stucco Masons",partial
821732,Steel Fixer,47-3015.00,"Helpers--Pipelayers, Plumbers, Pipefitters, and Steamfitters",partial
821732,Steel Fixer,47-3016.00,Helpers--Roofers,partial
821732,Steel Fixer,47-3019.00,"Helpers, Construction Trades, All Other",partial
821733,Structural Steel Erector,47-2171.00,Reinforcing Iron and Rebar Workers,partial
821733,Structural Steel Erector,47-2221.00,Structural Iron and Steel Workers,partial
821733,Structural Steel Erector,51-2041.00,Structural Metal Fabricators and Fitters,partial
821931,Driller's Offsider,47-5081.00,Helpers--Extraction Workers,partial
821931,Driller's Offsider,47-5099.00,"Extraction Workers, All Other",partial
821932,Lagger,47-2131.00,"Insulation Workers, Floor, Ceiling, and Wall",partial
821932,Lagger,47-2132.00,"Insulation Workers, Mechanical",partial
821933,Mining Support Worker,47-5081.00,Helpers--Extraction Workers,partial
821933,Mining Support Worker,47-5099.00,"Extraction Workers, All Other",partial
821934,Rail Protection Officer,19-5012.00,Occupational Health and Safety Technicians,partial
821934,Rail Protection Officer,45-2011.00,Agricultural Inspectors,partial
821934,Rail Protection Officer,53-1043.00,First-Line Supervisors of Material-Moving Machine and Vehicle Operators,partial
821934,Rail Protection Officer,53-1044.00,First-Line Supervisors of Passenger Attendants,partial
821934,Rail Protection Officer,53-1049.00,"First-Line Supervisors of Transportation Workers, All Other",partial
821934,Rail Protection Officer,53-6051.00,Transportation Inspectors,partial
821934,Rail Protection Officer,53-6051.01,Aviation Inspectors,partial
821934,Rail Protection Officer,53-6051.07,"Transportation Vehicle, Equipment and Systems Inspectors, Except Aviation",partial
821935,Railway Track Worker,47-3019.00,"Helpers, Construction Trades, All Other",partial
821935,Railway Track Worker,47-4051.00,Highway Maintenance Workers,partial
821935,Railway Track Worker,47-4061.00,Rail-Track Laying and Maintenance Equipment Operators,partial
821936,Surveyor's Assistant,47-3019.00,"Helpers, Construction Trades, All Other",partial
821936,Surveyor's Assistant,47-4051.00,Highway Maintenance Workers,partial
821936,Surveyor's Assistant,47-4061.00,Rail-Track Laying and Maintenance Equipment Operators,partial
831131,Baking Factory Worker,51-3091.00,"Food and Tobacco Roasting, Baking, and Drying Machine Operators and Tenders",partial
831131,Baking Factory Worker,51-3092.00,Food Batchmakers,partial
831131,Baking Factory Worker,51-3093.00,Food Cooking Machine Operators and Tenders,partial
831131,Baking Factory Worker,51-3099.00,"Food Processing Workers, All Other",partial
831131,Baking Factory Worker,51-9041.00,"Extruding, Forming, Pressing, and Compacting Machine Setters, Operators, and Tenders",partial
831131,Baking Factory Worker,51-9193.00,Cooling and Freezing Equipment Operators and Tenders,partial
831132,Brewery Worker,51-3091.00,"Food and Tobacco Roasting, Baking, and Drying Machine Operators and Tenders",partial
831132,Brewery Worker,51-3092.00,Food Batchmakers,partial
831132,Brewery Worker,51-3093.00,Food Cooking Machine Operators and Tenders,partial
831132,Brewery Worker,51-3099.00,"Food Processing Workers, All Other",partial
831132,Brewery Worker,51-9041.00,"Extruding, Forming, Pressing, and Compacting Machine Setters, Operators, and Tenders",partial
831132,Brewery Worker,51-9193.00,Cooling and Freezing Equipment Operators and Tenders,partial
831133,Coffee Roaster,51-3093.00,Food Cooking Machine Operators and Tenders,partial
831133,Coffee Roaster,51-3099.00,"Food Processing Workers, All Other",partial
831133,Coffee Roaster,45-2011.00,Agricultural Inspectors,partial
831133,Coffee Roaster,45-2041.00,"Graders and Sorters, Agricultural Products",partial
831133,Coffee Roaster,51-9041.00,"Extruding, Forming, Pressing, and Compacting Machine Setters, Operators, and Tenders",partial
831133,Coffee Roaster,51-9195.00,"Molders, Shapers, and Casters, Except Metal and Plastic",partial
831133,Coffee Roaster,51-9195.03,"Stone Cutters and Carvers, Manufacturing",partial
831133,Coffee Roaster,51-9195.04,"Glass Blowers, Molders, Benders, and Finishers",partial
831133,Coffee Roaster,51-9195.05,"Potters, Manufacturing",partial
831133,Coffee Roaster,51-3091.00,"Food and Tobacco Roasting, Baking, and Drying Machine Operators and Tenders",partial
831133,Coffee Roaster,51-3092.00,Food Batchmakers,partial
831133,Coffee Roaster,51-9193.00,Cooling and Freezing Equipment Operators and Tenders,partial
831134,Confectionery Maker,51-3011.00,Bakers,partial
831134,Confectionery Maker,51-3091.00,"Food and Tobacco Roasting, Baking, and Drying Machine Operators and Tenders",partial
831134,Confectionery Maker,51-3092.00,Food Batchmakers,partial
831134,Confectionery Maker,51-3093.00,Food Cooking Machine Operators and Tenders,partial
831134,Confectionery Maker,51-3099.00,"Food Processing Workers, All Other",partial
831134,Confectionery Maker,51-9041.00,"Extruding, Forming, Pressing, and Compacting Machine Setters, Operators, and Tenders",partial
831134,Confectionery Maker,51-9193.00,Cooling and Freezing Equipment Operators and Tenders,partial
831135,Dairy Products Factory Worker,51-3092.00,Food Batchmakers,partial
831135,Dairy Products Factory Worker,51-9012.00,"Separating, Filtering, Clarifying, Precipitating, and Still Machine Setters, Operators, and Tenders",partial
831135,Dairy Products Factory Worker,51-3093.00,Food Cooking Machine Operators and Tenders,partial
831135,Dairy Products Factory Worker,51-3099.00,"Food Processing Workers, All Other",partial
831135,Dairy Products Factory Worker,45-2011.00,Agricultural Inspectors,partial
831135,Dairy Products Factory Worker,45-2041.00,"Graders and Sorters, Agricultural Products",partial
831135,Dairy Products Factory Worker,51-9041.00,"Extruding, Forming, Pressing, and Compacting Machine Setters, Operators, and Tenders",partial
831135,Dairy Products Factory Worker,51-9195.00,"Molders, Shapers, and Casters, Except Metal and Plastic",partial
831135,Dairy Products Factory Worker,51-9195.03,"Stone Cutters and Carvers, Manufacturing",partial
831135,Dairy Products Factory Worker,51-9195.04,"Glass Blowers, Molders, Benders, and Finishers",partial
831135,Dairy Products Factory Worker,51-9195.05,"Potters, Manufacturing",partial
831135,Dairy Products Factory Worker,51-3091.00,"Food and Tobacco Roasting, Baking, and Drying Machine Operators and Tenders",partial
831135,Dairy Products Factory Worker,51-9193.00,Cooling and Freezing Equipment Operators and Tenders,partial
831136,Fruit and Vegetable Factory Worker,51-3091.00,"Food and Tobacco Roasting, Baking, and Drying Machine Operators and Tenders",partial
831136,Fruit and Vegetable Factory Worker,51-3092.00,Food Batchmakers,partial
831136,Fruit and Vegetable Factory Worker,51-3093.00,Food Cooking Machine Operators and Tenders,partial
831136,Fruit and Vegetable Factory Worker,51-3099.00,"Food Processing Workers, All Other",partial
831136,Fruit and Vegetable Factory Worker,51-9041.00,"Extruding, Forming, Pressing, and Compacting Machine Setters, Operators, and Tenders",partial
831136,Fruit and Vegetable Factory Worker,51-9193.00,Cooling and Freezing Equipment Operators and Tenders,partial
831137,Grain Mill Worker,51-3091.00,"Food and Tobacco Roasting, Baking, and Drying Machine Operators and Tenders",partial
831137,Grain Mill Worker,51-3092.00,Food Batchmakers,partial
831137,Grain Mill Worker,51-3093.00,Food Cooking Machine Operators and Tenders,partial
831137,Grain Mill Worker,51-3099.00,"Food Processing Workers, All Other",partial
831137,Grain Mill Worker,51-9041.00,"Extruding, Forming, Pressing, and Compacting Machine Setters, Operators, and Tenders",partial
831137,Grain Mill Worker,51-9193.00,Cooling and Freezing Equipment Operators and Tenders,partial
831138,Sugar Mill Worker,51-3091.00,"Food and Tobacco Roasting, Baking, and Drying Machine Operators and Tenders",partial
831138,Sugar Mill Worker,51-3092.00,Food Batchmakers,partial
831138,Sugar Mill Worker,51-3093.00,Food Cooking Machine Operators and Tenders,partial
831138,Sugar Mill Worker,51-3099.00,"Food Processing Workers, All Other",partial
831138,Sugar Mill Worker,51-9041.00,"Extruding, Forming, Pressing, and Compacting Machine Setters, Operators, and Tenders",partial
831138,Sugar Mill Worker,51-9193.00,Cooling and Freezing Equipment Operators and Tenders,partial
831141,Winery Cellar Hand,51-3091.00,"Food and Tobacco Roasting, Baking, and Drying Machine Operators and Tenders",partial
831141,Winery Cellar Hand,51-3092.00,Food Batchmakers,partial
831141,Winery Cellar Hand,51-3093.00,Food Cooking Machine Operators and Tenders,partial
831141,Winery Cellar Hand,51-3099.00,"Food Processing Workers, All Other",partial
831141,Winery Cellar Hand,51-9041.00,"Extruding, Forming, Pressing, and Compacting Machine Setters, Operators, and Tenders",partial
831141,Winery Cellar Hand,51-9193.00,Cooling and Freezing Equipment Operators and Tenders,partial
831199,Food and Drink Factory Workers nec,51-3093.00,Food Cooking Machine Operators and Tenders,partial
831199,Food and Drink Factory Workers nec,51-3099.00,"Food Processing Workers, All Other",partial
831199,Food and Drink Factory Workers nec,45-2011.00,Agricultural Inspectors,partial
831199,Food and Drink Factory Workers nec,45-2041.00,"Graders and Sorters, Agricultural Products",partial
831199,Food and Drink Factory Workers nec,51-9041.00,"Extruding, Forming, Pressing, and Compacting Machine Setters, Operators, and Tenders",partial
831199,Food and Drink Factory Workers nec,51-9195.00,"Molders, Shapers, and Casters, Except Metal and Plastic",partial
831199,Food and Drink Factory Workers nec,51-9195.03,"Stone Cutters and Carvers, Manufacturing",partial
831199,Food and Drink Factory Workers nec,51-9195.04,"Glass Blowers, Molders, Benders, and Finishers",partial
831199,Food and Drink Factory Workers nec,51-9195.05,"Potters, Manufacturing",partial
831199,Food and Drink Factory Workers nec,51-3091.00,"Food and Tobacco Roasting, Baking, and Drying Machine Operators and Tenders",partial
831199,Food and Drink Factory Workers nec,51-3092.00,Food Batchmakers,partial
831199,Food and Drink Factory Workers nec,51-9193.00,Cooling and Freezing Equipment Operators and Tenders,partial
831231,Meat Boner and Slicer,51-3021.00,Butchers and Meat Cutters,partial
831231,Meat Boner and Slicer,51-3022.00,"Meat, Poultry, and Fish Cutters and Trimmers",partial
831231,Meat Boner and Slicer,51-3023.00,Slaughterers and Meat Packers,partial
831231,Meat Boner and Slicer,51-3091.00,"Food and Tobacco Roasting, Baking, and Drying Machine Operators and Tenders",partial
831232,Slaughterer,51-3021.00,Butchers and Meat Cutters,partial
831232,Slaughterer,51-3022.00,"Meat, Poultry, and Fish Cutters and Trimmers",partial
831232,Slaughterer,51-3023.00,Slaughterers and Meat Packers,partial
831232,Slaughterer,51-3091.00,"Food and Tobacco Roasting, Baking, and Drying Machine Operators and Tenders",partial
831331,Meat Process Worker,51-3021.00,Butchers and Meat Cutters,partial
831331,Meat Process Worker,51-3022.00,"Meat, Poultry, and Fish Cutters and Trimmers",partial
831331,Meat Process Worker,51-3023.00,Slaughterers and Meat Packers,partial
831331,Meat Process Worker,51-3091.00,"Food and Tobacco Roasting, Baking, and Drying Machine Operators and Tenders",partial
831331,Meat Process Worker,51-3092.00,Food Batchmakers,partial
831331,Meat Process Worker,51-3093.00,Food Cooking Machine Operators and Tenders,partial
831331,Meat Process Worker,51-3099.00,"Food Processing Workers, All Other",partial
831331,Meat Process Worker,51-9041.00,"Extruding, Forming, Pressing, and Compacting Machine Setters, Operators, and Tenders",partial
831331,Meat Process Worker,51-9193.00,Cooling and Freezing Equipment Operators and Tenders,partial
831332,Poultry Process Worker,51-3021.00,Butchers and Meat Cutters,partial
831332,Poultry Process Worker,51-3022.00,"Meat, Poultry, and Fish Cutters and Trimmers",partial
831332,Poultry Process Worker,51-3023.00,Slaughterers and Meat Packers,partial
831332,Poultry Process Worker,51-3091.00,"Food and Tobacco Roasting, Baking, and Drying Machine Operators and Tenders",partial
831332,Poultry Process Worker,51-3092.00,Food Batchmakers,partial
831332,Poultry Process Worker,51-3093.00,Food Cooking Machine Operators and Tenders,partial
831332,Poultry Process Worker,51-3099.00,"Food Processing Workers, All Other",partial
831332,Poultry Process Worker,51-9041.00,"Extruding, Forming, Pressing, and Compacting Machine Setters, Operators, and Tenders",partial
831332,Poultry Process Worker,51-9193.00,Cooling and Freezing Equipment Operators and Tenders,partial
831333,Seafood Process Worker,51-3021.00,Butchers and Meat Cutters,partial
831333,Seafood Process Worker,51-3022.00,"Meat, Poultry, and Fish Cutters and Trimmers",partial
831333,Seafood Process Worker,51-3023.00,Slaughterers and Meat Packers,partial
831333,Seafood Process Worker,51-3091.00,"Food and Tobacco Roasting, Baking, and Drying Machine Operators and Tenders",partial
831333,Seafood Process Worker,51-3092.00,Food Batchmakers,partial
831333,Seafood Process Worker,51-3093.00,Food Cooking Machine Operators and Tenders,partial
831333,Seafood Process Worker,51-3099.00,"Food Processing Workers, All Other",partial
831333,Seafood Process Worker,51-9041.00,"Extruding, Forming, Pressing, and Compacting Machine Setters, Operators, and Tenders",partial
831333,Seafood Process Worker,51-9193.00,Cooling and Freezing Equipment Operators and Tenders,partial
832131,Packer (General),51-9111.00,Packaging and Filling Machine Operators and Tenders,partial
832131,Packer (General),53-7064.00,"Packers and Packagers, Hand",partial
832132,Chocolate Packer,51-9111.00,Packaging and Filling Machine Operators and Tenders,partial
832132,Chocolate Packer,53-7064.00,"Packers and Packagers, Hand",partial
832133,Fruit and Vegetable Packer,51-9111.00,Packaging and Filling Machine Operators and Tenders,partial
832133,Fruit and Vegetable Packer,53-7064.00,"Packers and Packagers, Hand",partial
832134,Meat Packer,51-9111.00,Packaging and Filling Machine Operators and Tenders,partial
832134,Meat Packer,53-7064.00,"Packers and Packagers, Hand",partial
832135,Seafood Packer,51-9111.00,Packaging and Filling Machine Operators and Tenders,partial
832135,Seafood Packer,53-7064.00,"Packers and Packagers, Hand",partial
832231,Product Assembler,51-9162.00,Computer Numerically Controlled Tool Programmers,partial
832231,Product Assembler,51-2011.00,"Aircraft Structure, Surfaces, Rigging, and Systems Assemblers",partial
832231,Product Assembler,51-2031.00,Engine and Other Machine Assemblers,partial
832231,Product Assembler,51-2021.00,"Coil Winders, Tapers, and Finishers",partial
832231,Product Assembler,51-2022.00,Electrical and Electronic Equipment Assemblers,partial
832231,Product Assembler,51-2023.00,Electromechanical Equipment Assemblers,partial
832231,Product Assembler,51-2061.00,Timing Device Assemblers and Adjusters,partial
832231,Product Assembler,51-9194.00,Etchers and Engravers,partial
832231,Product Assembler,51-2092.00,Team Assemblers,partial
832231,Product Assembler,51-2099.00,"Assemblers and Fabricators, All Other",partial
839131,Cement and Concrete Plant Worker,51-9198.00,Helpers--Production Workers,partial
839131,Cement and Concrete Plant Worker,51-9161.00,Computer Numerically Controlled Tool Operators,partial
839131,Cement and Concrete Plant Worker,51-9162.00,Computer Numerically Controlled Tool Programmers,partial
839131,Cement and Concrete Plant Worker,51-9199.00,"Production Workers, All Other",partial
839131,Cement and Concrete Plant Worker,53-7062.00,"Laborers and Freight, Stock, and Material Movers, Hand",partial
839131,Cement and Concrete Plant Worker,53-7062.04,Recycling and Reclamation Workers,partial
839131,Cement and Concrete Plant Worker,53-7063.00,Machine Feeders and Offbearers,partial
839132,Chemical Plant Worker,51-9198.00,Helpers--Production Workers,partial
839132,Chemical Plant Worker,51-9161.00,Computer Numerically Controlled Tool Operators,partial
839132,Chemical Plant Worker,51-9162.00,Computer Numerically Controlled Tool Programmers,partial
839132,Chemical Plant Worker,51-9199.00,"Production Workers, All Other",partial
839132,Chemical Plant Worker,53-7062.00,"Laborers and Freight, Stock, and Material Movers, Hand",partial
839132,Chemical Plant Worker,53-7062.04,Recycling and Reclamation Workers,partial
839132,Chemical Plant Worker,53-7063.00,Machine Feeders and Offbearers,partial
839133,Fabric and Textile Factory Worker,51-9198.00,Helpers--Production Workers,partial
839133,Fabric and Textile Factory Worker,51-9161.00,Computer Numerically Controlled Tool Operators,partial
839133,Fabric and Textile Factory Worker,51-9162.00,Computer Numerically Controlled Tool Programmers,partial
839133,Fabric and Textile Factory Worker,51-9199.00,"Production Workers, All Other",partial
839133,Fabric and Textile Factory Worker,53-7062.00,"Laborers and Freight, Stock, and Material Movers, Hand",partial
839133,Fabric and Textile Factory Worker,53-7062.04,Recycling and Reclamation Workers,partial
839133,Fabric and Textile Factory Worker,53-7063.00,Machine Feeders and Offbearers,partial
839134,Glass Processing Worker,51-9198.00,Helpers--Production Workers,partial
839134,Glass Processing Worker,51-9161.00,Computer Numerically Controlled Tool Operators,partial
839134,Glass Processing Worker,51-9162.00,Computer Numerically Controlled Tool Programmers,partial
839134,Glass Processing Worker,51-9199.00,"Production Workers, All Other",partial
839134,Glass Processing Worker,53-7062.00,"Laborers and Freight, Stock, and Material Movers, Hand",partial
839134,Glass Processing Worker,53-7062.04,Recycling and Reclamation Workers,partial
839134,Glass Processing Worker,53-7063.00,Machine Feeders and Offbearers,partial
839135,Metal Engineering Process Worker,51-9198.00,Helpers--Production Workers,partial
839135,Metal Engineering Process Worker,51-9161.00,Computer Numerically Controlled Tool Operators,partial
839135,Metal Engineering Process Worker,51-9162.00,Computer Numerically Controlled Tool Programmers,partial
839135,Metal Engineering Process Worker,51-9199.00,"Production Workers, All Other",partial
839135,Metal Engineering Process Worker,53-7062.00,"Laborers and Freight, Stock, and Material Movers, Hand",partial
839135,Metal Engineering Process Worker,53-7062.04,Recycling and Reclamation Workers,partial
839135,Metal Engineering Process Worker,53-7063.00,Machine Feeders and Offbearers,partial
839136,Paper and Pulp Process Worker,51-9198.00,Helpers--Production Workers,partial
839136,Paper and Pulp Process Worker,51-9161.00,Computer Numerically Controlled Tool Operators,partial
839136,Paper and Pulp Process Worker,51-9162.00,Computer Numerically Controlled Tool Programmers,partial
839136,Paper and Pulp Process Worker,51-9199.00,"Production Workers, All Other",partial
839136,Paper and Pulp Process Worker,53-7062.00,"Laborers and Freight, Stock, and Material Movers, Hand",partial
839136,Paper and Pulp Process Worker,53-7062.04,Recycling and Reclamation Workers,partial
839136,Paper and Pulp Process Worker,53-7063.00,Machine Feeders and Offbearers,partial
839137,Plastics Factory Worker,51-9198.00,Helpers--Production Workers,partial
839137,Plastics Factory Worker,51-9161.00,Computer Numerically Controlled Tool Operators,partial
839137,Plastics Factory Worker,51-9162.00,Computer Numerically Controlled Tool Programmers,partial
839137,Plastics Factory Worker,51-9199.00,"Production Workers, All Other",partial
839137,Plastics Factory Worker,53-7062.00,"Laborers and Freight, Stock, and Material Movers, Hand",partial
839137,Plastics Factory Worker,53-7062.04,Recycling and Reclamation Workers,partial
839137,Plastics Factory Worker,53-7063.00,Machine Feeders and Offbearers,partial
839138,Recycling Worker,53-7081.00,Refuse and Recyclable Material Collectors,exact
839141,Timber and Wood Process Worker,51-9198.00,Helpers--Production Workers,partial
839141,Timber and Wood Process Worker,51-9161.00,Computer Numerically Controlled Tool Operators,partial
839141,Timber and Wood Process Worker,51-9162.00,Computer Numerically Controlled Tool Programmers,partial
839141,Timber and Wood Process Worker,51-9199.00,"Production Workers, All Other",partial
839141,Timber and Wood Process Worker,53-7062.00,"Laborers and Freight, Stock, and Material Movers, Hand",partial
839141,Timber and Wood Process Worker,53-7062.04,Recycling and Reclamation Workers,partial
839141,Timber and Wood Process Worker,53-7063.00,Machine Feeders and Offbearers,partial
839199,Materials and Chemical Process Workers nec,45-2041.00,"Graders and Sorters, Agricultural Products",partial
839199,Materials and Chemical Process Workers nec,51-6099.00,"Textile, Apparel, and Furnishings Workers, All Other",partial
839199,Materials and Chemical Process Workers nec,51-9198.00,Helpers--Production Workers,partial
839199,Materials and Chemical Process Workers nec,51-9161.00,Computer Numerically Controlled Tool Operators,partial
839199,Materials and Chemical Process Workers nec,51-9162.00,Computer Numerically Controlled Tool Programmers,partial
839199,Materials and Chemical Process Workers nec,51-9199.00,"Production Workers, All Other",partial
839199,Materials and Chemical Process Workers nec,53-7062.00,"Laborers and Freight, Stock, and Material Movers, Hand",partial
839199,Materials and Chemical Process Workers nec,53-7062.04,Recycling and Reclamation Workers,partial
839199,Materials and Chemical Process Workers nec,53-7063.00,Machine Feeders and Offbearers,partial
839231,Product Examiner,51-9061.00,"Inspectors, Testers, Sorters, Samplers, and Weighers",exact
839232,Product Grader,45-2011.00,Agricultural Inspectors,partial
839232,Product Grader,45-2041.00,"Graders and Sorters, Agricultural Products",partial
839232,Product Grader,51-9061.00,"Inspectors, Testers, Sorters, Samplers, and Weighers",partial
839233,Product Tester,45-2011.00,Agricultural Inspectors,partial
839233,Product Tester,45-2041.00,"Graders and Sorters, Agricultural Products",partial
839233,Product Tester,51-9061.00,"Inspectors, Testers, Sorters, Samplers, and Weighers",partial
841131,Cotton Farm Worker,45-2092.00,"Farmworkers and Laborers, Crop, Nursery, and Greenhouse",partial
841131,Cotton Farm Worker,45-2099.00,"Agricultural Workers, All Other",partial
841132,Fruit Farm Worker,45-2092.00,"Farmworkers and Laborers, Crop, Nursery, and Greenhouse",partial
841132,Fruit Farm Worker,45-2099.00,"Agricultural Workers, All Other",partial
841133,Fruit Picker,45-2092.00,"Farmworkers and Laborers, Crop, Nursery, and Greenhouse",partial
841133,Fruit Picker,45-2099.00,"Agricultural Workers, All Other",partial
841134,"Grain, Oilseed, Pulse and Pasture Farm Worker",45-2092.00,"Farmworkers and Laborers, Crop, Nursery, and Greenhouse",partial
841134,"Grain, Oilseed, Pulse and Pasture Farm Worker",45-2099.00,"Agricultural Workers, All Other",partial
841135,Mushroom Picker,45-2092.00,"Farmworkers and Laborers, Crop, Nursery, and Greenhouse",partial
841135,Mushroom Picker,45-2099.00,"Agricultural Workers, All Other",partial
841136,Nut Farm Worker,45-2092.00,"Farmworkers and Laborers, Crop, Nursery, and Greenhouse",partial
841136,Nut Farm Worker,45-2099.00,"Agricultural Workers, All Other",partial
841137,Sugar Cane Farm Worker,45-2092.00,"Farmworkers and Laborers, Crop, Nursery, and Greenhouse",partial
841137,Sugar Cane Farm Worker,45-2099.00,"Agricultural Workers, All Other",partial
841138,Vegetable Farm Worker,45-2092.00,"Farmworkers and Laborers, Crop, Nursery, and Greenhouse",partial
841138,Vegetable Farm Worker,45-2099.00,"Agricultural Workers, All Other",partial
841141,Vegetable Picker,45-2092.00,"Farmworkers and Laborers, Crop, Nursery, and Greenhouse",partial
841141,Vegetable Picker,45-2099.00,"Agricultural Workers, All Other",partial
841142,Vineyard Worker,45-2092.00,"Farmworkers and Laborers, Crop, Nursery, and Greenhouse",partial
841142,Vineyard Worker,45-2099.00,"Agricultural Workers, All Other",partial
841199,Crop Farm Workers nec,45-2092.00,"Farmworkers and Laborers, Crop, Nursery, and Greenhouse",partial
841199,Crop Farm Workers nec,45-2099.00,"Agricultural Workers, All Other",partial
841231,Beef Cattle Farm Worker,45-2093.00,"Farmworkers, Farm, Ranch, and Aquacultural Animals",partial
841231,Beef Cattle Farm Worker,45-2099.00,"Agricultural Workers, All Other",partial
841232,Cattle and Sheep Farm Worker,45-2093.00,"Farmworkers, Farm, Ranch, and Aquacultural Animals",partial
841232,Cattle and Sheep Farm Worker,45-2099.00,"Agricultural Workers, All Other",partial
841233,Dairy Cattle Farm Worker,45-2093.00,"Farmworkers, Farm, Ranch, and Aquacultural Animals",partial
841233,Dairy Cattle Farm Worker,45-2099.00,"Agricultural Workers, All Other",partial
841234,Livestock Husbandry Worker,45-2093.00,"Farmworkers, Farm, Ranch, and Aquacultural Animals",partial
841234,Livestock Husbandry Worker,45-2099.00,"Agricultural Workers, All Other",partial
841235,Piggery Farm Worker,45-2093.00,"Farmworkers, Farm, Ranch, and Aquacultural Animals",partial
841235,Piggery Farm Worker,45-2099.00,"Agricultural Workers, All Other",partial
841236,Poultry Farm Worker,45-2093.00,"Farmworkers, Farm, Ranch, and Aquacultural Animals",partial
841236,Poultry Farm Worker,45-2099.00,"Agricultural Workers, All Other",partial
841237,Sheep Farm Worker,45-2093.00,"Farmworkers, Farm, Ranch, and Aquacultural Animals",partial
841237,Sheep Farm Worker,45-2099.00,"Agricultural Workers, All Other",partial
841238,Stablehand,45-2093.00,"Farmworkers, Farm, Ranch, and Aquacultural Animals",partial
841238,Stablehand,45-2099.00,"Agricultural Workers, All Other",partial
841241,Wool Handler,45-2093.00,"Farmworkers, Farm, Ranch, and Aquacultural Animals",partial
841241,Wool Handler,45-2099.00,"Agricultural Workers, All Other",partial
841299,Livestock Farm Workers nec,45-2093.00,"Farmworkers, Farm, Ranch, and Aquacultural Animals",partial
841299,Livestock Farm Workers nec,45-2099.00,"Agricultural Workers, All Other",partial
841331,Aquaculture Worker,45-2093.00,"Farmworkers, Farm, Ranch, and Aquacultural Animals",partial
841331,Aquaculture Worker,45-3031.00,Fishing and Hunting Workers,partial
841332,Broadacre Crop and Livestock Farm Worker,45-2092.00,"Farmworkers and Laborers, Crop, Nursery, and Greenhouse",partial
841332,Broadacre Crop and Livestock Farm Worker,45-2093.00,"Farmworkers, Farm, Ranch, and Aquacultural Animals",partial
841332,Broadacre Crop and Livestock Farm Worker,45-2099.00,"Agricultural Workers, All Other",partial
841399,Mixed Production and Aquaculture Farm Workers nec,45-2092.00,"Farmworkers and Laborers, Crop, Nursery, and Greenhouse",partial
841399,Mixed Production and Aquaculture Farm Workers nec,45-2093.00,"Farmworkers, Farm, Ranch, and Aquacultural Animals",partial
841399,Mixed Production and Aquaculture Farm Workers nec,45-2099.00,"Agricultural Workers, All Other",partial
842131,Garden Labourer,37-3011.00,Landscaping and Groundskeeping Workers,partial
842131,Garden Labourer,37-3019.00,"Grounds Maintenance Workers, All Other",partial
842131,Garden Labourer,45-2092.00,"Farmworkers and Laborers, Crop, Nursery, and Greenhouse",partial
842231,Horticultural Nursery Assistant,37-3011.00,Landscaping and Groundskeeping Workers,partial
842231,Horticultural Nursery Assistant,37-3019.00,"Grounds Maintenance Workers, All Other",partial
842231,Horticultural Nursery Assistant,45-2092.00,"Farmworkers and Laborers, Crop, Nursery, and Greenhouse",partial
842931,Bush Regenerator,45-4011.00,Forest and Conservation Workers,partial
842931,Bush Regenerator,45-4029.00,"Logging Workers, All Other",partial
842932,Forestry Worker,45-1011.00,"First-Line Supervisors of Farming, Fishing, and Forestry Workers",partial
842932,Forestry Worker,45-4011.00,Forest and Conservation Workers,partial
842932,Forestry Worker,45-4021.00,Fallers,partial
842932,Forestry Worker,45-4022.00,Logging Equipment Operators,partial
842932,Forestry Worker,45-4023.00,Log Graders and Scalers,partial
842932,Forestry Worker,45-4029.00,"Logging Workers, All Other",partial
842933,Irrigation Assistant,45-2092.00,"Farmworkers and Laborers, Crop, Nursery, and Greenhouse",partial
842933,Irrigation Assistant,45-2099.00,"Agricultural Workers, All Other",partial
842933,Irrigation Assistant,37-3011.00,Landscaping and Groundskeeping Workers,partial
842933,Irrigation Assistant,37-3019.00,"Grounds Maintenance Workers, All Other",partial
842999,Garden and Forestry Workers nec,45-1011.00,"First-Line Supervisors of Farming, Fishing, and Forestry Workers",partial
842999,Garden and Forestry Workers nec,45-3031.00,Fishing and Hunting Workers,partial
842999,Garden and Forestry Workers nec,37-1012.00,"First-Line Supervisors of Landscaping, Lawn Service, and Groundskeeping Workers",partial
842999,Garden and Forestry Workers nec,37-2021.00,Pest Control Workers,partial
842999,Garden and Forestry Workers nec,37-3012.00,"Pesticide Handlers, Sprayers, and Applicators, Vegetation",partial
842999,Garden and Forestry Workers nec,53-7062.00,"Laborers and Freight, Stock, and Material Movers, Hand",partial
842999,Garden and Forestry Workers nec,53-7062.04,Recycling and Reclamation Workers,partial
851131,Fast Food Cook,35-2011.00,"Cooks, Fast Food",partial
851131,Fast Food Cook,35-2015.00,"Cooks, Short Order",partial
851231,Kitchenhand (General),35-2021.00,Food Preparation Workers,partial
851231,Kitchenhand (General),35-9011.00,Dining Room and Cafeteria Attendants and Bartender Helpers,partial
851231,Kitchenhand (General),35-9021.00,Dishwashers,partial
851231,Kitchenhand (General),35-9099.00,"Food Preparation and Serving Related Workers, All Other",partial
851232,Dishwasher,35-2021.00,Food Preparation Workers,partial
851232,Dishwasher,35-9011.00,Dining Room and Cafeteria Attendants and Bartender Helpers,partial
851232,Dishwasher,35-9021.00,Dishwashers,partial
851232,Dishwasher,35-9099.00,"Food Preparation and Serving Related Workers, All Other",partial
851233,Pastrycook's Assistant,35-2021.00,Food Preparation Workers,partial
851233,Pastrycook's Assistant,35-9011.00,Dining Room and Cafeteria Attendants and Bartender Helpers,partial
851233,Pastrycook's Assistant,35-9021.00,Dishwashers,partial
851233,Pastrycook's Assistant,35-9099.00,"Food Preparation and Serving Related Workers, All Other",partial
851299,Food Preparation Assistants nec,35-2021.00,Food Preparation Workers,partial
851299,Food Preparation Assistants nec,35-9011.00,Dining Room and Cafeteria Attendants and Bartender Helpers,partial
851299,Food Preparation Assistants nec,35-9021.00,Dishwashers,partial
851299,Food Preparation Assistants nec,35-9099.00,"Food Preparation and Serving Related Workers, All Other",partial
891131,Freight Handler (Rail or Road),53-1041.00,Aircraft Cargo Handling Supervisors,partial
891131,Freight Handler (Rail or Road),53-1042.00,"First-Line Supervisors of Helpers, Laborers, and Material Movers, Hand",partial
891131,Freight Handler (Rail or Road),53-1042.01,Recycling Coordinators,partial
891131,Freight Handler (Rail or Road),53-7062.00,"Laborers and Freight, Stock, and Material Movers, Hand",partial
891131,Freight Handler (Rail or Road),53-7062.04,Recycling and Reclamation Workers,partial
891131,Freight Handler (Rail or Road),53-7121.00,"Tank Car, Truck, and Ship Loaders",partial
891132,Truck Driver's Offsider,53-1041.00,Aircraft Cargo Handling Supervisors,partial
891132,Truck Driver's Offsider,53-1042.00,"First-Line Supervisors of Helpers, Laborers, and Material Movers, Hand",partial
891132,Truck Driver's Offsider,53-1042.01,Recycling Coordinators,partial
891132,Truck Driver's Offsider,53-7062.00,"Laborers and Freight, Stock, and Material Movers, Hand",partial
891132,Truck Driver's Offsider,53-7062.04,Recycling and Reclamation Workers,partial
891132,Truck Driver's Offsider,53-7121.00,"Tank Car, Truck, and Ship Loaders",partial
891231,Shelf Filler,53-7065.00,Stockers and Order Fillers,exact
899131,Caretaker,37-2011.00,"Janitors and Cleaners, Except Maids and Housekeeping Cleaners",exact
899231,Deck Hand,53-5011.00,Sailors and Marine Oilers,partial
899231,Deck Hand,53-5022.00,Motorboat Operators,partial
899232,Fishing Hand,45-1011.00,"First-Line Supervisors of Farming, Fishing, and Forestry Workers",partial
899232,Fishing Hand,45-3031.00,Fishing and Hunting Workers,partial
899331,Handyperson,37-3019.00,"Grounds Maintenance Workers, All Other",partial
899331,Handyperson,49-9071.00,"Maintenance and Repair Workers, General",partial
899331,Handyperson,49-9098.00,"Helpers--Installation, Maintenance, and Repair Workers",partial
899331,Handyperson,49-9099.00,"Installation, Maintenance, and Repair Workers, All Other",partial
899331,Handyperson,49-9099.01,Geothermal Technicians,partial
899431,Motor Vehicle Parts and Accessories Fitter (General),49-1011.00,"First-Line Supervisors of Mechanics, Installers, and Repairers",partial
899431,Motor Vehicle Parts and Accessories Fitter (General),49-3021.00,Automotive Body and Related Repairers,partial
899431,Motor Vehicle Parts and Accessories Fitter (General),49-3022.00,Automotive Glass Installers and Repairers,partial
899431,Motor Vehicle Parts and Accessories Fitter (General),49-3023.00,Automotive Service Technicians and Mechanics,partial
899431,Motor Vehicle Parts and Accessories Fitter (General),49-3031.00,Bus and Truck Mechanics and Diesel Engine Specialists,partial
899431,Motor Vehicle Parts and Accessories Fitter (General),49-3051.00,Motorboat Mechanics and Service Technicians,partial
899431,Motor Vehicle Parts and Accessories Fitter (General),49-3052.00,Motorcycle Mechanics,partial
899431,Motor Vehicle Parts and Accessories Fitter (General),49-3053.00,Outdoor Power Equipment and Other Small Engine Mechanics,partial
899431,Motor Vehicle Parts and Accessories Fitter (General),49-3092.00,Recreational Vehicle Service Technicians,partial
899431,Motor Vehicle Parts and Accessories Fitter (General),49-3093.00,Tire Repairers and Changers,partial
899432,Autoglazier,47-2121.00,Glaziers,exact
899433,Mechanic's Assistant,39-3021.00,Motion Picture Projectionists,partial
899433,Mechanic's Assistant,39-3031.00,"Ushers, Lobby Attendants, and Ticket Takers",partial
899433,Mechanic's Assistant,39-3091.00,Amusement and Recreation Attendants,partial
899433,Mechanic's Assistant,39-3093.00,"Locker Room, Coatroom, and Dressing Room Attendants",partial
899433,Mechanic's Assistant,53-6021.00,Parking Attendants,partial
899434,Tyre Fitter,49-1011.00,"First-Line Supervisors of Mechanics, Installers, and Repairers",partial
899434,Tyre Fitter,49-3021.00,Automotive Body and Related Repairers,partial
899434,Tyre Fitter,49-3022.00,Automotive Glass Installers and Repairers,partial
899434,Tyre Fitter,49-3023.00,Automotive Service Technicians and Mechanics,partial
899434,Tyre Fitter,49-3031.00,Bus and Truck Mechanics and Diesel Engine Specialists,partial
899434,Tyre Fitter,49-3051.00,Motorboat Mechanics and Service Technicians,partial
899434,Tyre Fitter,49-3052.00,Motorcycle Mechanics,partial
899434,Tyre Fitter,49-3053.00,Outdoor Power Equipment and Other Small Engine Mechanics,partial
899434,Tyre Fitter,49-3092.00,Recreational Vehicle Service Technicians,partial
899434,Tyre Fitter,49-3093.00,Tire Repairers and Changers,partial
899531,Rail Guard or Conductor,53-1043.00,First-Line Supervisors of Material-Moving Machine and Vehicle Operators,partial
899531,Rail Guard or Conductor,53-1044.00,First-Line Supervisors of Passenger Attendants,partial
899531,Rail Guard or Conductor,53-1049.00,"First-Line Supervisors of Transportation Workers, All Other",partial
899531,Rail Guard or Conductor,53-6061.00,Passenger Attendants,partial
899532,Railways Assistant,39-3021.00,Motion Picture Projectionists,partial
899532,Railways Assistant,39-3031.00,"Ushers, Lobby Attendants, and Ticket Takers",partial
899532,Railways Assistant,39-3091.00,Amusement and Recreation Attendants,partial
899532,Railways Assistant,39-3093.00,"Locker Room, Coatroom, and Dressing Room Attendants",partial
899532,Railways Assistant,53-6021.00,Parking Attendants,partial
899631,Road Traffic Controller,33-1091.00,First-Line Supervisors of Security Workers,partial
899631,Road Traffic Controller,33-1099.00,"First-Line Supervisors of Protective Service Workers, All Other",partial
899631,Road Traffic Controller,33-3031.00,Fish and Game Wardens,partial
899631,Road Traffic Controller,33-3041.00,Parking Enforcement Workers,partial
899631,Road Traffic Controller,33-9011.00,Animal Control Workers,partial
899631,Road Traffic Controller,33-9091.00,Crossing Guards and Flaggers,partial
899631,Road Traffic Controller,33-9092.00,"Lifeguards, Ski Patrol, and Other Recreational Protective Service Workers",partial
899631,Road Traffic Controller,33-9094.00,School Bus Monitors,partial
899631,Road Traffic Controller,33-9099.00,"Protective Service Workers, All Other",partial
899631,Road Traffic Controller,33-9099.02,Retail Loss Prevention Specialists,partial
899631,Road Traffic Controller,43-5031.00,Public Safety Telecommunicators,partial
899931,Car Park Attendant,39-3021.00,Motion Picture Projectionists,partial
899931,Car Park Attendant,39-3031.00,"Ushers, Lobby Attendants, and Ticket Takers",partial
899931,Car Park Attendant,39-3091.00,Amusement and Recreation Attendants,partial
899931,Car Park Attendant,39-3093.00,"Locker Room, Coatroom, and Dressing Room Attendants",partial
899931,Car Park Attendant,53-6021.00,Parking Attendants,partial
899932,Crossing Supervisor,33-1091.00,First-Line Supervisors of Security Workers,partial
899932,Crossing Supervisor,33-1099.00,"First-Line Supervisors of Protective Service Workers, All Other",partial
899932,Crossing Supervisor,33-3031.00,Fish and Game Wardens,partial
899932,Crossing Supervisor,33-3041.00,Parking Enforcement Workers,partial
899932,Crossing Supervisor,33-9011.00,Animal Control Workers,partial
899932,Crossing Supervisor,33-9091.00,Crossing Guards and Flaggers,partial
899932,Crossing Supervisor,33-9092.00,"Lifeguards, Ski Patrol, and Other Recreational Protective Service Workers",partial
899932,Crossing Supervisor,33-9094.00,School Bus Monitors,partial
899932,Crossing Supervisor,33-9099.00,"Protective Service Workers, All Other",partial
899932,Crossing Supervisor,33-9099.02,Retail Loss Prevention Specialists,partial
899932,Crossing Supervisor,43-5031.00,Public Safety Telecommunicators,partial
899933,Electrical or Telecommunications Trades Assistant,47-2061.00,Construction Laborers,partial
899933,Electrical or Telecommunications Trades Assistant,47-3011.00,"Helpers--Brickmasons, Blockmasons, Stonemasons, and Tile and Marble Setters",partial
899933,Electrical or Telecommunications Trades Assistant,47-3012.00,Helpers--Carpenters,partial
899933,Electrical or Telecommunications Trades Assistant,47-3013.00,Helpers--Electricians,partial
899933,Electrical or Telecommunications Trades Assistant,47-3014.00,"Helpers--Painters, Paperhangers, Plasterers, and Stucco Masons",partial
899933,Electrical or Telecommunications Trades Assistant,47-3015.00,"Helpers--Pipelayers, Plumbers, Pipefitters, and Steamfitters",partial
899933,Electrical or Telecommunications Trades Assistant,47-3016.00,Helpers--Roofers,partial
899933,Electrical or Telecommunications Trades Assistant,47-3019.00,"Helpers, Construction Trades, All Other",partial
899934,Leaflet or Newspaper Deliverer,39-6011.00,Baggage Porters and Bellhops,partial
899934,Leaflet or Newspaper Deliverer,43-5021.00,Couriers and Messengers,partial
899935,Recycling or Waste Collector,53-1043.00,First-Line Supervisors of Material-Moving Machine and Vehicle Operators,partial
899935,Recycling or Waste Collector,53-1044.00,First-Line Supervisors of Passenger Attendants,partial
899935,Recycling or Waste Collector,53-1049.00,"First-Line Supervisors of Transportation Workers, All Other",partial
899935,Recycling or Waste Collector,53-7081.00,Refuse and Recyclable Material Collectors,partial
899936,Sign Installer,39-3021.00,Motion Picture Projectionists,partial
899936,Sign Installer,39-3031.00,"Ushers, Lobby Attendants, and Ticket Takers",partial
899936,Sign Installer,39-3091.00,Amusement and Recreation Attendants,partial
899936,Sign Installer,39-3093.00,"Locker Room, Coatroom, and Dressing Room Attendants",partial
899936,Sign Installer,53-6021.00,Parking Attendants,partial
899937,Swimming Pool or Spa Technician,37-2019.00,"Building Cleaning Workers, All Other",partial
899937,Swimming Pool or Spa Technician,47-4071.00,Septic Tank Servicers and Sewer Pipe Cleaners,partial
899938,Trolley Collector,39-3021.00,Motion Picture Projectionists,partial
899938,Trolley Collector,39-3031.00,"Ushers, Lobby Attendants, and Ticket Takers",partial
899938,Trolley Collector,39-3091.00,Amusement and Recreation Attendants,partial
899938,Trolley Collector,39-3093.00,"Locker Room, Coatroom, and Dressing Room Attendants",partial
899938,Trolley Collector,53-6021.00,Parking Attendants,partial
899941,Vending Machine Attendant,43-5041.00,"Meter Readers, Utilities",partial
899941,Vending Machine Attendant,49-9091.00,"Coin, Vending, and Amusement Machine Servicers and Repairers",partial
899999,Labourers nec,45-1011.00,"First-Line Supervisors of Farming, Fishing, and Forestry Workers",partial
899999,Labourers nec,45-4011.00,Forest and Conservation Workers,partial
899999,Labourers nec,45-4021.00,Fallers,partial
899999,Labourers nec,45-4022.00,Logging Equipment Operators,partial
899999,Labourers nec,45-4023.00,Log Graders and Scalers,partial
899999,Labourers nec,45-4029.00,"Logging Workers, All Other",partial
899999,Labourers nec,53-6032.00,Aircraft Service Attendants,partial
899999,Labourers nec,53-6099.00,"Transportation Workers, All Other",partial
899999,Labourers nec,53-7199.00,"Material Moving Workers, All Other",partial
899999,Labourers nec,39-4012.00,Crematory Operators,partial
899999,Labourers nec,39-9099.00,"Personal Care and Service Workers, All Other",partial
899999,Labourers nec,39-3021.00,Motion Picture Projectionists,partial
899999,Labourers nec,39-3031.00,"Ushers, Lobby Attendants, and Ticket Takers",partial
899999,Labourers nec,39-3091.00,Amusement and Recreation Attendants,partial
899999,Labourers nec,39-3093.00,"Locker Room, Coatroom, and Dressing Room Attendants",partial
899999,Labourers nec,53-6021.00,Parking Attendants,partial
