anzsco_code,occupation,task
1111,Chief Executives and Managing Directors,"Determining objectives, strategies, policies and programs for organisations"
1111,Chief Executives and Managing Directors,Providing overall direction and management to organisations
1111,Chief Executives and Managing Directors,"Authorising material, human and financial resources to implement organisational policies and programs"
1111,Chief Executives and Managing Directors,Monitoring and evaluating performance of organisations against organisational objectives and strategies
1111,Chief Executives and Managing Directors,Consulting with senior subordinate staff and reviewing recommendations and reports
1111,Chief Executives and Managing Directors,"Preparing, or arranging for the preparation of, reports, budgets and forecasts and presenting them to governing bodies"
1111,Chief Executives and Managing Directors,"Representing the organisation at official occasions, in negotiations, at conventions, seminars, public hearings and forums, and liaising between areas of responsibility"
1111,Chief Executives and Managing Directors,Selecting and approving the selection of senior staff
1111,Chief Executives and Managing Directors,Ensuring the organisation complies with company laws and other relevant legislation
1112,General Managers,"Planning policy, and setting standards and objectives for organisations"
1112,General Managers,"Providing day-to-day direction and management of organisations, and directing and endorsing policy to fulfil objectives, achieve specific goals, and maximise profit and efficiency"
1112,General Managers,Assessing changing situations and responding accordingly by issuing commands and directives to subordinate staff
1112,General Managers,"Consulting with immediate subordinates and departmental heads on matters such as methods of operation, equipment requirements, finance, sales and human resources"
1112,General Managers,Authorising the funding of major policy implementation programs
1112,General Managers,"Representing the organisation at official occasions, in negotiations, at conventions, seminars, public hearings and forums, and liaising between areas of responsibility"
1112,General Managers,"Preparing, or arranging for the preparation of, reports, budgets and forecasts, and presenting them to governing bodies"
1112,General Managers,Selecting and managing the performance of senior staff
1112,General Managers,"May undertake responsibility for some or all of accounting, sales, marketing, human resources and other specialist operations"
1113,Legislators,"Developing national, state, territory or local government policy, and formulating, amending and repealing legislation and by-laws"
1113,Legislators,Helping constituents with a range of problems particularly with regard to matters concerning government and local agencies
1113,Legislators,Investigating matters of concern to the public and to particular persons and groups
1113,Legislators,Introducing proposals for government action and representing public and electoral interests
1113,Legislators,Issuing policy directions to government departments and exercising control over local government authorities
1113,Legislators,"Attending community functions and meetings of local groups to provide service to the community, gauge public opinion and provide information on government plans"
1113,Legislators,May serve as a member on parliamentary committees and inquiries
1113,Legislators,May present petitions on behalf of concerned groups
1211,Aquaculture Farmers,"Planning and coordinating the operation of hatcheries to produce fish fry, seed oysters, crayfish, marron and prawns taking into account environmental and market factors"
1211,Aquaculture Farmers,Monitoring the environment to maintain optimal growing conditions
1211,Aquaculture Farmers,Identifying and controlling environmental toxins and diseases
1211,Aquaculture Farmers,Monitoring stock growth rates to determine when to harvest
1211,Aquaculture Farmers,"Transporting fish, crayfish, marron, prawns and sticks of seed oysters to new tanks, ponds, cages and floating net pens"
1211,Aquaculture Farmers,"Directing and overseeing the harvesting, grading and packaging of fish, oysters and other aquatic stock"
1211,Aquaculture Farmers,"Organising the sale, purchase and transportation of fish stock"
1211,Aquaculture Farmers,"Maintaining and evaluating records of farming activities, monitoring market activity and planning production accordingly"
1211,Aquaculture Farmers,"Managing business capital including budgeting, taxation, debt and loan management"
1211,Aquaculture Farmers,"May select, train and supervise staff and contractors"
1212,Crop Farmers,"Planning and coordinating the production and marketing of crops, such as grain, cotton, sugar cane, fruit and nuts, vegetables, turf and flowers, from soil preparation to harvest taking into account environmental and market factors"
1212,Crop Farmers,"Selecting and planting seeds, seedlings and bulbs, and grafting new varieties to root stocks"
1212,Crop Farmers,"Maintaining crop production by cultivating, de-budding and pruning, and maintaining optimal growing conditions"
1212,Crop Farmers,"Organising and conducting farming operations, such as collecting, storing, grading and packaging produce, and organising the sale, purchase and despatch of produce"
1212,Crop Farmers,Directing and overseeing general farming activities such as fertilising and pest and weed control
1212,Crop Farmers,"Maintaining farm buildings, fences, equipment and water supply systems"
1212,Crop Farmers,"Maintaining and evaluating records of farming activities, monitoring market activity, and planning crop preparation and production to meet contract requirements and market demand"
1212,Crop Farmers,"Managing business capital including budgeting, taxation, debt and loan management"
1212,Crop Farmers,"May select, train and supervise staff and contractors"
1213,Livestock Farmers,"Breeding and raising livestock for the production of honey, meat, milk, skins, eggs and wool"
1213,Livestock Farmers,Monitoring and maintaining the health and condition of livestock
1213,Livestock Farmers,Providing pastures and fodder to maintain appropriate nutritional levels
1213,Livestock Farmers,Moving livestock to optimise feeding opportunities
1213,Livestock Farmers,"Organising and conducting farming operations such as catching, drenching and milking livestock, sterilising machines, and collecting, grading and packaging produce"
1213,Livestock Farmers,"Directing and overseeing general farming activities such as maintaining pens, sheds and cages, fertilising, controlling pests and weeds, and growing fodder"
1213,Livestock Farmers,"Maintaining fences, equipment and water supply systems"
1213,Livestock Farmers,"Organising the sale, purchase and transportation of livestock and produce"
1213,Livestock Farmers,"Maintaining and evaluating records of farming activities, monitoring market activity and planning production accordingly"
1213,Livestock Farmers,"Managing business capital including budgeting, taxation, debt and loan management"
1213,Livestock Farmers,"May select, train and supervise staff and contractors"
1214,Mixed Crop and Livestock Farmers,Planning and coordinating the production and marketing of crops and livestock
1214,Mixed Crop and Livestock Farmers,"Breeding and raising livestock for the production of meat, wool, skins, milk or eggs, and growing grain, seed crops, vegetables, fruit or nuts"
1214,Mixed Crop and Livestock Farmers,Monitoring and maintaining the health and condition of livestock
1214,Mixed Crop and Livestock Farmers,Providing pastures and fodder to maintain appropriate nutritional levels
1214,Mixed Crop and Livestock Farmers,"Selecting and purchasing seed for planting, planning and implementing breeding programs"
1214,Mixed Crop and Livestock Farmers,"Directing and overseeing general farming activities such as fertilising, and pest and weed control"
1214,Mixed Crop and Livestock Farmers,"Maintaining farm buildings, fences, equipment and water supply systems"
1214,Mixed Crop and Livestock Farmers,"Organising the sale, purchase and transportation of livestock and produce"
1214,Mixed Crop and Livestock Farmers,"Maintaining and evaluating records of farming activities, monitoring market activity and planning production accordingly"
1214,Mixed Crop and Livestock Farmers,"Managing business capital, monitoring market activity and planning production accordingly"
1214,Mixed Crop and Livestock Farmers,"May select, train and supervise staff and contractors"
1311,"Advertising, Public Relations and Sales Manager","Formulating and implementing policies and plans for advertising, public relations, sales and marketing in consultation with other managers"
1311,"Advertising, Public Relations and Sales Manager","Directing the development of initiatives for new products, marketing and advertising campaigns"
1311,"Advertising, Public Relations and Sales Manager","Organising and controlling sales activities by setting product mix, geographical sales areas and customer service standards"
1311,"Advertising, Public Relations and Sales Manager","Directing merchandising methods and distribution policy by coordinating the work of salespersons, and organising agents and distributors"
1311,"Advertising, Public Relations and Sales Manager",Directing sales methods and arrangements by setting prices and credit arrangements
1321,Corporate Services Managers,"Providing high level administrative, strategic planning and operational support, research and advice to senior management on administrative matters such as staff management, financial planning, facility management and information services"
1321,Corporate Services Managers,"Developing and managing the organisation's administrative, financial, physical and staff resources"
1321,Corporate Services Managers,"Developing and implementing administrative, financial and operational procedural statements and guidelines for use by staff in the organisation"
1321,Corporate Services Managers,"Analysing complex resource management issues and initiatives that affect the organisation, and preparing associated reports, correspondence and submissions"
1321,Corporate Services Managers,Providing information and support for the preparation of financial reports and budgets
1321,Corporate Services Managers,"Leading, managing and developing administrative staff to ensure smooth business operations and the provision of accurate and timely information"
1321,Corporate Services Managers,"Representing the organisation in negotiations, and at conventions, seminars, public hearings and forums, and promoting existing and new programs and policies"
1322,Finance Managers,"Determining, implementing, monitoring, reviewing and evaluating budgetary and accounting strategies, policies and plans in consultation with other managers"
1322,Finance Managers,Providing financial information and interpreting the implications for business performance and funding needs
1322,Finance Managers,"Coordinating the development, implementation and monitoring of accounting systems"
1322,Finance Managers,"Directing the preparation of financial reports summarising and forecasting the organisation's financial position such as income statements, balance sheets and analyses of future earnings and income"
1322,Finance Managers,Assessing capital finance proposals and the financial status of operational projects
1322,Finance Managers,"Advising on investment strategies, sources of funds and the distribution of earnings"
1322,Finance Managers,"Delivering long range profit forecasts, budgeting and financial reporting"
1322,Finance Managers,Ensuring compliance with financial legislation and standards
1323,Human Resource Managers,"Determining, implementing, monitoring, reviewing and evaluating human resource management strategies, policies and plans to meet business needs"
1323,Human Resource Managers,"Advising and assisting other managers in applying sound recruitment and selection practices, and appropriate induction, training and development programs"
1323,Human Resource Managers,"Developing and implementing performance management systems to plan, appraise and improve individual and team performance"
1323,Human Resource Managers,Representing the organisation in negotiations with unions and employees to determine remuneration and other conditions of employment
1323,Human Resource Managers,"Developing and implementing occupational health and safety programs and equal employment opportunity programs, and ensuring compliance with related statutory requirements"
1323,Human Resource Managers,Overseeing the application of redundancy and other employee retrenchment policies
1323,Human Resource Managers,Monitoring employment costs and productivity levels
1323,Human Resource Managers,May train and advise other managers in personnel and workplace relations matters
1324,Policy and Planning Managers,"Developing, implementing and monitoring strategic plans, programs, policies, processes, systems and procedures to achieve goals, objectives and work standards"
1324,Policy and Planning Managers,"Developing, implementing, administering and participating in policy research and analysis"
1324,Policy and Planning Managers,Coordinating the implementation of policies and practices
1324,Policy and Planning Managers,Establishing activity measures and measurements of accountability
1324,Policy and Planning Managers,Overseeing and participating in the development of policy documents and reports
1324,Policy and Planning Managers,"Consulting with and providing expert advice to government officials and board members on policy, program and legislative issues"
1324,Policy and Planning Managers,"Representing the organisation in negotiations, and at conventions, seminars, public hearings and forums convened to discuss policy issues"
1325,Research and Development Managers,"Determining, implementing and monitoring research and development strategies, policies and plans"
1325,Research and Development Managers,"Developing and implementing research projects, priorities and targets to support commercial and policy developments"
1325,Research and Development Managers,Leading major research projects and coordinating activities of other research workers
1325,Research and Development Managers,Assessing the benefits and monitoring the costs and effectiveness of research and development activities
1325,Research and Development Managers,Interpreting results of research projects and recommending associated product and service development innovations
1325,Research and Development Managers,Providing advice on research and development options available to the organisation
1325,Research and Development Managers,Monitoring leading-edge developments in relevant disciplines and assessing implications for the organisation
1325,Research and Development Managers,May publish results of significant research projects
1331,Construction Managers,Interpreting architectural drawings and specifications
1331,Construction Managers,"Coordinating labour resources, and procurement and delivery of materials, plant and equipment"
1331,Construction Managers,"Consulting with architects, engineering professionals and other professionals, and technical and trades workers"
1331,Construction Managers,"Negotiating with building owners, property developers and subcontractors involved in the construction process to ensure projects are completed on time and within budget"
1331,Construction Managers,Preparing tenders and contract bids
1331,Construction Managers,Operating and implementing coordinated work programs for sites
1331,Construction Managers,"Ensuring adherence to building legislation and standards of performance, quality, cost and safety"
1331,Construction Managers,Arranging submission of plans to local authorities
1331,Construction Managers,"Building under contract, or subcontracting specialised building services"
1331,Construction Managers,Overseeing the standard and progress of subcontractors' work
1331,Construction Managers,Arranging building inspections by local authorities
1332,Engineering Managers,"Determining, implementing and monitoring engineering strategies, policies and plans"
1332,Engineering Managers,"Interpreting plans, drawings and specifications, and providing advice on engineering methods and procedures to achieve construction and production requirements"
1332,Engineering Managers,Establishing project schedules and budgets
1332,Engineering Managers,"Ensuring conformity with specifications and plans, and with laws, regulations and safety standards"
1332,Engineering Managers,"Ensuring engineering standards of quality, cost, safety, timeliness and performance are observed"
1332,Engineering Managers,Overseeing maintenance requirements to optimise efficiency
1332,Engineering Managers,"Liaising with marketing, research and manufacturing managers regarding engineering aspects of new construction and product design"
1332,Engineering Managers,May contribute to research and development projects
1333,"Importers, Exporters and Wholesalers",Identifying local and overseas business opportunities
1333,"Importers, Exporters and Wholesalers","Developing and implementing business plans, and marketing, operating, human resource, pricing and credit policies and procedures"
1333,"Importers, Exporters and Wholesalers",Determining the mix of products and services to be provided and negotiating conditions of trade
1333,"Importers, Exporters and Wholesalers",Liaising with local and overseas suppliers and distributors about orders and products
1333,"Importers, Exporters and Wholesalers","Researching regulatory and statutory requirements affecting the importing, exporting, wholesaling and distribution of goods"
1333,"Importers, Exporters and Wholesalers","Monitoring business performance and preparing estimates, financial statements and reports of operations"
1333,"Importers, Exporters and Wholesalers",Appointing agents and distributors
1333,"Importers, Exporters and Wholesalers",Arranging the shipping of goods into and out of the country
1333,"Importers, Exporters and Wholesalers",Overseeing the display and sale of merchandise and preparation of product information for customer service staff and customers
1333,"Importers, Exporters and Wholesalers",Implementing after-sales service procedures
1334,Manufacturers,"Identifying business opportunities, devising new manufacturing processes and determining products to be manufactured"
1334,Manufacturers,"Developing business plans and implementing operational, marketing, human resource and pricing procedures"
1334,Manufacturers,Researching and implementing regulatory and statutory requirements affecting manufacturing operations and the environment
1334,Manufacturers,"Directing the activities of production, warehouse, distribution and other operating units"
1334,Manufacturers,"Maintaining quality control systems for manufacturing, waste disposal, delivery and other procedures"
1334,Manufacturers,"Coordinating orders for raw materials, supplies and equipment, and arranging packaging, delivery and wholesaling of products"
1334,Manufacturers,Overseeing the coordination of after-sales service
1334,Manufacturers,Overseeing the provision of quotes for the manufacture of specialised goods and arranging contracts with customers
1334,Manufacturers,May devise and oversee the implementation of production run schedules
1335,Production Managers,"Determining, implementing and monitoring production strategies, policies and plans"
1335,Production Managers,"Planning details of production activities in terms of output quality and quantity, cost, time available and labour requirements"
1335,Production Managers,"Controlling the operation of production plant and quality procedures through planning of maintenance, designation of operating hours and supply of parts and tools"
1335,Production Managers,"Monitoring production output and costs, and adjusting processes and resources to minimise costs"
1335,Production Managers,Informing other managers about production matters
1335,Production Managers,Overseeing the acquisition and installation of new plant and equipment
1335,Production Managers,"Directing research into production methods, and recommending and implementing initiatives"
1335,Production Managers,Controlling the preparation of production records and reports
1335,Production Managers,Coordinating the implementation of occupational health and safety requirements
1335,Production Managers,Directing staff activities and monitoring their performance
1336,"Supply, Distribution and Procurement Managers","Determining, implementing and monitoring purchasing, storage and distribution strategies, policies and plans"
1336,"Supply, Distribution and Procurement Managers",Preparing and implementing plans to maintain required stock levels at minimum cost
1336,"Supply, Distribution and Procurement Managers","Negotiating contracts with suppliers to meet quality, cost and delivery requirements"
1336,"Supply, Distribution and Procurement Managers",Monitoring and reviewing storage and inventory systems to meet supply requirements and control stock levels
1336,"Supply, Distribution and Procurement Managers","Operating recording systems to track all movements of supplies and finished goods, and ensuring re-ordering and re-stocking at optimal times"
1336,"Supply, Distribution and Procurement Managers",Liaising with other departments and customers concerning requirements for outward goods and associated forwarding transportation
1336,"Supply, Distribution and Procurement Managers","Overseeing the recording of purchase, storage and distribution transactions"
1336,"Supply, Distribution and Procurement Managers",Directing staff activities and monitoring their performance
1341,Child Care Centre Managers,"Developing and implementing programs to enhance the physical, social, emotional and intellectual development of young children"
1341,Child Care Centre Managers,"Providing care for children in before-school, after-school, day, and vacation care centres"
1341,Child Care Centre Managers,Directing and supervising child carers in providing care and supervision for young children
1341,Child Care Centre Managers,"Ensuring the centre is a safe area for children, staff and visitors"
1341,Child Care Centre Managers,Complying with relevant government requirements and standards
1341,Child Care Centre Managers,Liaising with parents
1341,Child Care Centre Managers,Maintaining records and accounts for the centre
1341,Child Care Centre Managers,Recruiting staff and coordinating professional development
1342,Health and Welfare Services Managers,"Providing overall direction and management for the service, facility, organisation or centre"
1342,Health and Welfare Services Managers,"Developing, implementing and monitoring procedures, policies and standards for medical, nursing, allied health and administrative staff"
1342,Health and Welfare Services Managers,Coordinating and administering health and welfare programs and clinical services
1342,Health and Welfare Services Managers,"Monitoring and evaluating resources devoted to health, welfare, recreation, housing, employment, training and other community facilities and centres"
1342,Health and Welfare Services Managers,"Controlling administrative operations such as budget planning, report preparation, expenditure on supplies, equipment and services"
1342,Health and Welfare Services Managers,"Liaising with other health and welfare providers, boards and funding bodies to discuss areas of health and welfare service cooperation and coordination"
1342,Health and Welfare Services Managers,Advising government bodies about measures to improve health and welfare services and facilities
1342,Health and Welfare Services Managers,"Representing the organisation in negotiations, and at conventions, seminars, public hearings and forums"
1342,Health and Welfare Services Managers,"Controlling selection, training and supervision of staff"
1343,School Principals,Determining educational programs based on curricula set by educational authorities
1343,School Principals,Implementing systems and procedures to monitor school performance and student enrolments
1343,School Principals,Directing administrative and clerical activities concerning student admissions and educational services
1343,School Principals,Preparing school budgets and maintaining budgetary controls
1343,School Principals,"Promoting the educational program, and representing schools in the wider community"
1343,School Principals,Supervising the maintenance of school facilities
1343,School Principals,Enforcing a disciplinary code to create a safe and conducive environment for students and teachers
1343,School Principals,Organising and implementing methods of raising additional funds in conjunction with parent groups
1343,School Principals,"Controlling selection, training and supervision of staff"
1343,School Principals,May teach students
1344,Other Education Managers,"Coordinating the educational, administrative and financial affairs of an educational institution or department within the institution"
1344,Other Education Managers,"Researching, developing, implementing, reviewing and evaluating educational and administrative policy"
1344,Other Education Managers,"Liaising between educational institutions, parents and the wider community"
1344,Other Education Managers,Providing advice on policy and procedures to staff and students
1344,Other Education Managers,Consulting with academic and administrative staff to coordinate educational programs
1344,Other Education Managers,Identifying and addressing present and future needs for student and staff development
1344,Other Education Managers,Researching educational systems and monitoring and evaluating new developments
1344,Other Education Managers,Researching and reporting on students' needs arising from curriculum implementation
1344,Other Education Managers,Developing and delivering training programs for teachers
1351,ICT Managers,Analysing information needs and specifying technology to meet those needs
1351,ICT Managers,"Formulating and directing information and communication technology (ict) strategies, policies and plans"
1351,ICT Managers,Directing the selection and installation of ict resources and the provision of user training
1351,ICT Managers,"Directing ict operations and setting priorities between system developments, maintenance and operations"
1351,ICT Managers,Overseeing the security of ict systems
1391,Commissioned Officers (Management),Establishing administrative and operational procedures by taking account of the organisation's operating environment
1391,Commissioned Officers (Management),"Making policy decisions and accepting responsibility for operations, performance of staff, achievement of targets and adherence to budgets, standards and procedures"
1391,Commissioned Officers (Management),Establishing lines of control and delegating responsibilities to subordinate staff
1391,Commissioned Officers (Management),Representing the organisation in dealings with other organisations and the public
1391,Commissioned Officers (Management),Controlling the collection and interpretation of management information to monitor performance
1391,Commissioned Officers (Management),"Controlling the use of, and accounting for, the assets and facilities of the organisation"
1391,Commissioned Officers (Management),Preparing budgets and other management plans
1391,Commissioned Officers (Management),"Preparing reports, authorising the release of information, and handling public relations activities"
1392,Senior Non-Commissioned Defence Force Officers,Supervising a small group of subordinates
1392,Senior Non-Commissioned Defence Force Officers,Maintaining discipline of subordinates
1392,Senior Non-Commissioned Defence Force Officers,"Monitoring the morale, welfare and behaviour of subordinates, and advising commanding officers accordingly"
1392,Senior Non-Commissioned Defence Force Officers,"Instructing subordinates in dress, deportment, demeanour, behaviour, drill and devotion to duty to maintain military standards"
1392,Senior Non-Commissioned Defence Force Officers,Conducting military drills and inspections
1392,Senior Non-Commissioned Defence Force Officers,Teaching military traditions and customs
1399,Other Specialist Managers,"Plans, organises, directs, controls, coordinates and promotes artistic and cultural policies, programs, projects and services"
1399,Other Specialist Managers,"Plans, organises, directs, controls and coordinates the development and implementation of an environmental management system within an organisation by identifying, solving and alleviating environmental issues, such as pollution and waste treatment, in compliance with environmental legislation and to ensure corporate sustainable development."
1399,Other Specialist Managers,"Plans, organises, directs, controls and coordinates the operations of a research or production laboratory"
1399,Other Specialist Managers,"Plans, organises, directs, controls and coordinates the deployment of quality systems and certification processes within an organisation"
1399,Other Specialist Managers,"Plans, organises, directs, controls, coordinates and promotes sport and recreational activities, and develops related policies"
1411,Cafe and Restaurant Managers,Planning menus in consultation with chefs
1411,Cafe and Restaurant Managers,Planning and organising special functions
1411,Cafe and Restaurant Managers,Arranging the purchasing and pricing of goods according to budget
1411,Cafe and Restaurant Managers,Maintaining records of stock levels and financial transactions
1411,Cafe and Restaurant Managers,"Ensuring dining facilities comply with health regulations and are clean, functional and of suitable appearance"
1411,Cafe and Restaurant Managers,Conferring with customers to assess their satisfaction with meals and service
1411,Cafe and Restaurant Managers,"Selecting, training and supervising waiting and kitchen staff"
1411,Cafe and Restaurant Managers,"May take reservations, greet guests and assist in taking orders"
1412,Caravan Park and Camping Ground Managers,"Taking reservations, registering guests, assigning accommodation and collecting payments"
1412,Caravan Park and Camping Ground Managers,"Arranging cleaning and maintenance of caravans, cabins, amenities blocks, recreation facilities and grounds"
1412,Caravan Park and Camping Ground Managers,Informing guests of local tourist attractions and recreational facilities
1412,Caravan Park and Camping Ground Managers,Attending to complaints lodged by customers
1412,Caravan Park and Camping Ground Managers,"Liaising with local government to ensure compliance with laws, regulations and ordinances"
1412,Caravan Park and Camping Ground Managers,"May operate an on-site shop, cafe or restaurant for guests"
1412,Caravan Park and Camping Ground Managers,"May sign, supervise and enforce terms of tenancy agreements in accordance with legislation and may obtain enforcement orders where tenants are in breach of requirements"
1412,Caravan Park and Camping Ground Managers,May act as licensee for the purchase and sale of liquor
1413,Hotel and Motel Managers,"Directing and overseeing reservation, reception, room service and housekeeping activities"
1413,Hotel and Motel Managers,"Supervising security arrangements, and garden and property maintenance"
1413,Hotel and Motel Managers,"Planning and supervising bar, restaurant, function and conference activities"
1413,Hotel and Motel Managers,"Observing liquor, gaming, and other laws and regulations"
1413,Hotel and Motel Managers,Assessing and reviewing customer satisfaction
1413,Hotel and Motel Managers,Overseeing accounting and purchasing activities
1413,Hotel and Motel Managers,Ensuring compliance with occupational health and safety regulations
1413,Hotel and Motel Managers,"May provide guests with local tourism information, and arrange tours and transportation"
1414,Licensed Club Managers,"Planning and supervising bar, restaurant and function services"
1414,Licensed Club Managers,"Planning, booking and supervising sporting, gaming and entertainment activities"
1414,Licensed Club Managers,Supervising security arrangements and property maintenance
1414,Licensed Club Managers,Arranging member subscriptions
1414,Licensed Club Managers,"Observing liquor, gaming, health and other laws and regulations"
1414,Licensed Club Managers,Ensuring compliance with occupational health and safety regulations
1414,Licensed Club Managers,Compiling and organising distribution of newsletters and other information to keep members informed of forthcoming events and facilities available
1414,Licensed Club Managers,Assessing and reviewing member satisfaction and preferences
1414,Licensed Club Managers,Liaising with community groups sponsored and assisted by the club
1414,Licensed Club Managers,"Selecting, training and supervising staff"
1419,Other Accommodation and Hospitality Managers,"Organises and controls the operations of a bed and breakfast to provide a short term, highly personalised accommodation and leisure service for guests including breakfast ensures guests' needs, wants and comfort are satisfied during their stay. registration or licensing may be required."
1421,Retail Managers,"Determining product mix, stock levels and service standards"
1421,Retail Managers,"Formulating and implementing purchasing and marketing policies, and setting prices"
1421,Retail Managers,Promoting and advertising the establishment's goods and services
1421,Retail Managers,Selling goods and services to customers and advising them on product use
1421,Retail Managers,Maintaining records of stock levels and financial transactions
1421,Retail Managers,Undertaking budgeting for the establishment
1421,Retail Managers,"Controlling selection, training and supervision of staff"
1421,Retail Managers,Ensuring compliance with occupational health and safety regulations
1491,"Amusement, Fitness and Sports Centre Managers","Planning and organising the range and mix of entertainment, attractions, amusement machines and fitness programs to be offered by the centre"
1491,"Amusement, Fitness and Sports Centre Managers",Organising publicity to promote facilities and attract clients
1491,"Amusement, Fitness and Sports Centre Managers",Scheduling games and competitions
1491,"Amusement, Fitness and Sports Centre Managers","Selecting, training and supervising staff"
1491,"Amusement, Fitness and Sports Centre Managers",Ensuring facilities are properly maintained and conform to safety standards
1491,"Amusement, Fitness and Sports Centre Managers","May undertake coaching, fitness instruction and training of clients"
1491,"Amusement, Fitness and Sports Centre Managers",May plan and organise catering facilities
1492,"Call, Contact Centre and Customer Service Managers","Developing and reviewing policies, programs and procedures concerning customer relations and goods and services provided"
1492,"Call, Contact Centre and Customer Service Managers",Ensuring operational efficiency within a call centre
1492,"Call, Contact Centre and Customer Service Managers",Providing direction and feedback to team members and assisting with recruitment
1492,"Call, Contact Centre and Customer Service Managers","Managing, motivating and developing staff providing customer services"
1492,"Call, Contact Centre and Customer Service Managers","Planning and implementing after-sales services to follow up customer satisfaction, ensure performance of goods purchased, and modify and improve services provided"
1492,"Call, Contact Centre and Customer Service Managers","Liaising with other organisational units, service agents and customers to identify and respond to customer expectations"
1492,"Call, Contact Centre and Customer Service Managers",May work in a call centre
1493,Conference and Event Organisers,"Promoting conferences, conventions and trade shows to potential customers"
1493,Conference and Event Organisers,"Responding to inquiries concerning services provided and costs for room and equipment hire, catering and related services"
1493,Conference and Event Organisers,Meeting with clients to discuss their needs and outlining package options to meet these needs
1493,Conference and Event Organisers,"Arranging and coordinating services, such as conference facilities, catering, signage, displays, audiovisual equipment, accommodation, transport and social events, for participants"
1493,Conference and Event Organisers,Organising registration of participants
1493,Conference and Event Organisers,Negotiating the type and costs of services to be provided within budget
1493,Conference and Event Organisers,Overseeing work by contractors and reporting on variations to work orders
1494,Transport Services Managers,"Organising the purchase and maintenance of transport vehicles, equipment and fuel"
1494,Transport Services Managers,"Liaising with clients to determine requirements and providing customers with advice and information regarding vehicle type, purchase or hire rates and obligations and handling complaints"
1494,Transport Services Managers,"Receiving orders and bookings, and planning and implementing transportation schedules"
1494,Transport Services Managers,Ensuring goods are stored and transported in conditions that will maintain their quality
1494,Transport Services Managers,Arranging collection and delivery of vehicles and goods
1494,Transport Services Managers,Maintaining business records and preparing operational statements and reports
1494,Transport Services Managers,"Coordinating activities associated with the arrival, departure, loading and unloading of trains"
1494,Transport Services Managers,Ensuring compliance with occupational health and safety regulations
1499,"Other Hospitality, Retail and Service Managers",Organises and controls the operations of an establishment which offers temporary boarding for dogs and cats
1499,"Other Hospitality, Retail and Service Managers",Organises and controls the operations of a cinema or theatre registration or licensing may be required
1499,"Other Hospitality, Retail and Service Managers","Organises, controls and coordinates the strategic and operational management of facilities in a public or private organisation"
1499,"Other Hospitality, Retail and Service Managers","Organises and controls the general operational activities of a branch of a bank, building society, credit union or similar financial institution"
2111,"Actors, Dancers and Other Entertainers","Reading scripts and undertaking research to gain understanding of parts, themes and characterisations"
2111,"Actors, Dancers and Other Entertainers","Learning lines and cues, rehearsing parts, and applying vocal and movement skills to the development of characterisation"
2111,"Actors, Dancers and Other Entertainers",Preparing for performances through rehearsals under the instruction and guidance of production directors
2111,"Actors, Dancers and Other Entertainers","Acting parts and portraying roles as developed in rehearsals in film, television, radio and stage productions"
2111,"Actors, Dancers and Other Entertainers",Practising dance routines and interpreting the choreographic content of the production
2111,"Actors, Dancers and Other Entertainers","Performing dances for audience entertainment, coordinating body movements and facial expression, usually with musical accompaniment"
2111,"Actors, Dancers and Other Entertainers",Composing and notating ballet compositions and other dance routines
2111,"Actors, Dancers and Other Entertainers",Creating and performing individual performance routines
2111,"Actors, Dancers and Other Entertainers","Rehearsing, auditioning and travelling between entertainment venues"
2112,Music Professionals,"Creating melodic, harmonic and rhythmic structures to express ideas and emotions in musical form"
2112,Music Professionals,Translating ideas and concepts into standard musical signs and symbols for reproduction and performance
2112,Music Professionals,"Undertaking research and liaising with clients when composing musical backing for television commercials, popular recordings, and radio, television and film productions"
2112,Music Professionals,Auditioning and selecting musicians and singers
2112,Music Professionals,Selecting music for performances and assigning instrumental parts to musicians
2112,Music Professionals,"Directing musical groups at rehearsals and performances to achieve desired effects such as tonal and harmonic balance, rhythm and tempo"
2112,Music Professionals,Studying and rehearsing repertoire and musical scores prior to performances
2112,Music Professionals,"Playing music in recital, as an accompanist, or as a member of an orchestra, band or other musical group, from score and by memory"
2112,Music Professionals,"Performing music and songs according to interpretation, direction and style of presentation, using highly developed aural skills to reproduce music"
2113,Photographers,Consulting with clients to determine objectives of photographic assignments
2113,Photographers,"Studying requirements of assignment and selecting type of camera, film, filter and lighting"
2113,Photographers,"Working from a studio, and transporting and setting up equipment at assigned locations"
2113,Photographers,Measuring light levels and determining exposure
2113,Photographers,"Adjusting camera angles, aperture settings and subjects to achieve desired composition"
2113,Photographers,Adjusting lighting and filters to accentuate highlights and colours
2113,Photographers,"Mixing photographic chemicals, processing film and developing prints"
2113,Photographers,Manipulating images using digital imaging techniques and creative darkroom techniques such as adjusting exposure and development times
2113,Photographers,"May make enlarged prints, and mount and frame prints"
2114,Visual Arts and Crafts Professionals,"Conceiving and developing ideas, designs and styles for paintings, drawings, pottery pieces and sculptures"
2114,Visual Arts and Crafts Professionals,"Arranging objects, positioning models, and selecting landscapes and other visual forms according to chosen subject matter"
2114,Visual Arts and Crafts Professionals,"Selecting artistic media, method and materials"
2114,Visual Arts and Crafts Professionals,Applying media to surfaces using appropriate techniques
2114,Visual Arts and Crafts Professionals,"Moulding clay into functional and artistic articles by wheel-throwing, moulding and hand-building"
2114,Visual Arts and Crafts Professionals,Mixing glazing materials and applying glazes to dried pottery by dipping and painting
2114,Visual Arts and Crafts Professionals,Placing finished and decorated pieces in kilns
2114,Visual Arts and Crafts Professionals,"Sketching designs of proposed sculptures, and making wax and plaster models"
2114,Visual Arts and Crafts Professionals,"Devising forms from metal using welding and metalworking equipment, and from stone using masonry tools"
2114,Visual Arts and Crafts Professionals,Carving and forming materials to desired shape using hand and power tools
2121,"Artistic Directors, Media Producers and Presenters","Managing artistic and media productions to meet quality, cost and timing specifications"
2121,"Artistic Directors, Media Producers and Presenters",Formulating and developing organisations' artistic policies and selecting and planning organisations' artistic programs
2121,"Artistic Directors, Media Producers and Presenters",Hiring and managing artistic staff
2121,"Artistic Directors, Media Producers and Presenters","Controlling the use of media production facilities such as studios and editing equipment, stage and film equipment and rehearsal time"
2121,"Artistic Directors, Media Producers and Presenters","Directing the formulation of media production strategies, policies and plans"
2121,"Artistic Directors, Media Producers and Presenters","Introducing programs, music, entertainment items, guests and celebrities"
2121,"Artistic Directors, Media Producers and Presenters","Preparing and reading news bulletins, making special announcements and providing commentary for sports and other events"
2121,"Artistic Directors, Media Producers and Presenters","Presenting opinions on sports, politics, and social and economic matters"
2121,"Artistic Directors, Media Producers and Presenters","Researching, investigating and compiling stories and programs"
2122,"Authors, and Book and Script Editors","Creating and developing ideas and themes for written works, such as novels, plays, musicals, screen productions, educational texts, information texts and multimedia products"
2122,"Authors, and Book and Script Editors","Researching subject matter through original and secondary materials, interviews and other media"
2122,"Authors, and Book and Script Editors","Planning, organising and writing material"
2122,"Authors, and Book and Script Editors","Reviewing and evaluating manuscripts of novels, biographies, short stories, poems, educational texts and other books, and ensuring coherence of style and development of theme, plot and characterisation"
2122,"Authors, and Book and Script Editors",Advising publishers about potential of works for publication and conditions of publication contract
2122,"Authors, and Book and Script Editors","Negotiating publication details such as royalties, publication dates and numbers of copies to be printed"
2122,"Authors, and Book and Script Editors","Reviewing and assessing stories and other material for film, television, radio and stage productions"
2122,"Authors, and Book and Script Editors","Directing the preparation of scripts to be read by announcers to introduce and connect parts of musicals, news, sports and special events programs"
2123,"Film, Television, Radio and Stage Directors",Studying scripts and scenarios to determine theme and setting
2123,"Film, Television, Radio and Stage Directors",Assessing locations and staging requirements for productions in association with specialist designers
2123,"Film, Television, Radio and Stage Directors","Overseeing creative aspects of film, television, radio and stage productions"
2123,"Film, Television, Radio and Stage Directors","Determining lighting, film, shutter angles, filter factors, camera distance, depth of field and focus, angles of view and other variables to achieve desired mood and effect"
2123,"Film, Television, Radio and Stage Directors",Viewing film and video tape to evaluate and select scenes and determine which scenes need to be re-shot
2123,"Film, Television, Radio and Stage Directors",Planning and organising the preparation and presentation of programs
2123,"Film, Television, Radio and Stage Directors","Supervising the positioning of scenery, props and lighting and sound equipment"
2123,"Film, Television, Radio and Stage Directors","Assessing technical requirements of productions by studying scripts and discussing program content, set locations and stage directions with production team"
2123,"Film, Television, Radio and Stage Directors","Creating, planning, writing scripts for, recording, videotaping and editing programs"
2124,Journalists and Other Writers,"Determining advertising approach by consulting clients and management, and studying products to establish principal selling features"
2124,Journalists and Other Writers,"Writing advertisements for press, radio, television, cinema screens, billboards, catalogues and shop displays"
2124,Journalists and Other Writers,Making decisions about the specific content of publications in conjunction with other senior editors and in accordance with editorial policies and guidelines
2124,Journalists and Other Writers,"Reviewing copy for publication to ensure conformity with accepted rules of grammar, style and format, coherence of story, and accuracy, legality and probity of content"
2124,Journalists and Other Writers,"Collecting and analysing facts about newsworthy events from interviews, printed matter, investigations and observations"
2124,Journalists and Other Writers,"Writing news reports, commentaries, articles and feature stories for newspapers, magazines, journals, television and radio on topics of public interest"
2124,Journalists and Other Writers,"Researching and writing technical, information-based material and documentation for manuals, text books, handbooks and multimedia products"
2124,Journalists and Other Writers,"Critically discussing daily news topics in the editorial columns of newspapers and reviewing books, films and plays"
2211,Accountants,Assisting in formulating budgetary and accounting policies
2211,Accountants,"Preparing financial statements for presentation to boards of directors, management, shareholders, and governing and statutory bodies"
2211,Accountants,"Conducting financial investigations, preparing reports, undertaking audits and advising on matters such as the purchase and sale of businesses, mergers, capital financing, suspected fraud, insolvency and taxation"
2211,Accountants,Examining operating costs and organisations' income and expenditure
2211,Accountants,Providing assurance about the accuracy of information contained in financial reports and their compliance with statutory requirements
2211,Accountants,"Providing financial and taxation advice on business structures, plans and operations"
2211,Accountants,Preparing taxation returns for individuals and organisations
2211,Accountants,Liaising with financial institutions and brokers to establish funds management arrangements
2211,Accountants,"Introducing and maintaining accounting systems, and advising on the selection and application of computer-based accounting systems"
2211,Accountants,Maintaining internal control systems
2211,Accountants,May appraise cash flow and financial risk of capital investment projects
2212,"Auditors, Company Secretaries and Corporate Treasurers","Arranging, giving notice of and attending meetings of directors and shareholders"
2212,"Auditors, Company Secretaries and Corporate Treasurers","Advising organisations' governing boards on matters concerning compliance with stock exchange listing rules, relevant legislation and corporation practice"
2212,"Auditors, Company Secretaries and Corporate Treasurers","Supervising organisations' share capital by preparing documents and share issues, and handling share transfers"
2212,"Auditors, Company Secretaries and Corporate Treasurers",Controlling treasury and treasury systems and establishing and reviewing risk management objectives and treasury policies
2212,"Auditors, Company Secretaries and Corporate Treasurers","Identifying, managing and reporting on financial risks"
2212,"Auditors, Company Secretaries and Corporate Treasurers","Assisting with equity management, debt management, securities and taxation planning issues"
2212,"Auditors, Company Secretaries and Corporate Treasurers","Collecting, analysing and interpreting information on the financial standing, cost structures and trading effectiveness of organisations"
2212,"Auditors, Company Secretaries and Corporate Treasurers","Devising, re-organising and establishing budgetary cost control and other accounting systems such as computer-based systems"
2212,"Auditors, Company Secretaries and Corporate Treasurers","Conducting audits and investigations and preparing financial statements and reports for management, shareholders, and governing and statutory bodies"
2212,"Auditors, Company Secretaries and Corporate Treasurers","Evaluating the cost effectiveness and risks of operational processes, activities, policies and systems"
2212,"Auditors, Company Secretaries and Corporate Treasurers",Reporting to management on the existence and effectiveness of the system of internal controls
2212,"Auditors, Company Secretaries and Corporate Treasurers","Establishing audit objectives, and designing and implementing audit methodologies, processes and audit report criteria"
2221,Financial Brokers,"Monitoring commodity prices, trends and other factors affecting the supply and demand for commodities"
2221,Financial Brokers,"Negotiating the purchase and sale of commodities such as grains, wool, minerals and metals"
2221,Financial Brokers,"Determining the specific financial and insurance requirements of clients, and researching and reviewing available finance and insurance products for suitability to meet clients' requirements"
2221,Financial Brokers,"Analysing clients' financial status, discussing financial options and developing financial strategies"
2221,Financial Brokers,Recommending loan combinations that meet clients' needs
2221,Financial Brokers,"Interviewing prospective clients to explain insurance policy conditions, risks covered, premium rates and benefits, and to make recommendations on the amount and type of cover"
2221,Financial Brokers,"Arranging insurance, home loan mortgages and other types of finance for clients through banks, lenders, financiers and insurance companies"
2221,Financial Brokers,"Preparing documents which set out the conditions of finance, repayments and loan periods"
2221,Financial Brokers,Identifying and advising on significant risk changes to clients' insurance
2221,Financial Brokers,"Broking complex and commercial leases, equipment finance, commercial finance, project finance and finance for property developers"
2222,Financial Dealers,"Obtaining information on securities, market conditions, government regulations and financial circumstances of clients"
2222,Financial Dealers,"Interpreting data from securities reports, financial periodicals and stock-quotation viewer screens"
2222,Financial Dealers,Analysing financial markets and financial market products
2222,Financial Dealers,"Providing information and offering advice on financial market matters, market conditions and the history and prospects of corporations"
2222,Financial Dealers,Executing buy and sell orders in the market place on behalf of clients
2222,Financial Dealers,Relaying trade information to clients such as the number of contracts bought and sold and the price
2222,Financial Dealers,"Monitoring futures prices and market changes, and bidding for commodity futures contracts"
2222,Financial Dealers,Recording and transmitting buy and sell orders
2222,Financial Dealers,Calculating and recording costs of transactions
2223,Financial Investment Advisers and Managers,"Interviewing prospective clients to determine financial status and objectives, discussing financial options and developing financial plans and investment strategies"
2223,Financial Investment Advisers and Managers,"Monitoring investment performance, and reviewing and revising investment plans based on modified needs and changes in markets"
2223,Financial Investment Advisers and Managers,Recommending and arranging insurance cover for clients
2223,Financial Investment Advisers and Managers,Arranging to buy and sell stocks and bonds for clients
2223,Financial Investment Advisers and Managers,"Advising on investment strategies, sources of funds and the distribution of earnings"
2223,Financial Investment Advisers and Managers,"Setting financial objectives, and developing and implementing strategies for achieving the financial objectives"
2223,Financial Investment Advisers and Managers,Managing funds raised from personal superannuation savings policies and unit trusts
2223,Financial Investment Advisers and Managers,Assisting in meeting superannuation compliance requirements
2223,Financial Investment Advisers and Managers,"Directing the collection of financial, accounting and investment information and the preparation of budgets, reports, forecasts and statutory returns"
2223,Financial Investment Advisers and Managers,May refer clients to other organisations to obtain services outlined in financial plans
2231,Human Resource Professionals,"Arranging for advertising of job vacancies, interviewing and testing of applicants, and selection of staff"
2231,Human Resource Professionals,Maintaining personnel records and associated human resource information systems
2231,Human Resource Professionals,"Providing advice and information to management on workplace relations policies and procedures, staff performance and disciplinary matters"
2231,Human Resource Professionals,"Arranging the induction of staff and providing information on conditions of service, salaries and promotional opportunities"
2231,Human Resource Professionals,"Receiving and recording job vacancy information from employers such as details about job description, wages and conditions of employment"
2231,Human Resource Professionals,Providing information on current job vacancies in the organisation to employers and job seekers
2231,Human Resource Professionals,"Undertaking negotiations on terms and conditions of employment, and examining and resolving disputes and grievances"
2231,Human Resource Professionals,"Studying and interpreting legislation, awards, collective agreements and employment contracts, wage payment systems and dispute settlement procedures"
2231,Human Resource Professionals,"Developing, planning and formulating enterprise agreements or collective contracts such as productivity-based wage adjustment procedures, workplace relations policies and programs, and procedures for their implementation"
2231,Human Resource Professionals,Overseeing the formation and conduct of workplace consultative committees and employee participation initiatives
2232,ICT Trainers,Identifying technical training needs and requirements of individuals and organisations
2232,ICT Trainers,Setting human resource development objectives and evaluating learning outcomes
2232,ICT Trainers,"Preparing and developing instructional training material and aids such as handbooks, visual aids, online tutorials, demonstration models, and supporting training reference documentation"
2232,ICT Trainers,"Designing, coordinating, scheduling and conducting ict training and development programs that can be delivered in the form of individual and group instruction, and facilitating workshops, meetings, demonstrations and conferences"
2232,ICT Trainers,Liaising with external training providers to arrange delivery of specific training and development programs
2232,ICT Trainers,"Promoting internal and external training and development, and evaluating these promotional activities"
2232,ICT Trainers,"Monitoring and performing ongoing evaluation and assessment of training quality and effectiveness, and reviewing and modifying training objectives, methods and course deliverables"
2232,ICT Trainers,"Gathering, investigating and researching background materials to gain a full understanding of the ict subject matter and systems"
2232,ICT Trainers,"Keeping up-to-date with new product version releases, advances in programming languages, application development software, and general information technology trends"
2232,ICT Trainers,"Writing end user products and materials such as user training, tutorial and instruction manuals, online help, and operating and maintenance instructions"
2233,Training and Development Professionals,Identifying training needs and requirements of individuals and organisations
2233,Training and Development Professionals,Setting human resource development objectives and evaluating learning outcomes
2233,Training and Development Professionals,"Preparing and developing instructional training material and aids such as handbooks, visual aids, online tutorials, demonstration models, and supporting training reference documentation"
2233,Training and Development Professionals,"Designing, coordinating, scheduling and conducting training and development programs that can be delivered in the form of individual and group instruction, and facilitating workshops, meetings, demonstrations and conferences"
2233,Training and Development Professionals,Liaising with external training providers to arrange delivery of specific training and development programs
2233,Training and Development Professionals,"Promoting internal and external training and development, and evaluating these promotional activities"
2233,Training and Development Professionals,"Monitoring and performing ongoing evaluation and assessment of training quality and effectiveness, and reviewing and modifying training objectives, methods and course deliverables"
2233,Training and Development Professionals,"Gathering, investigating and researching background materials to gain an understanding of various subject matters and systems"
2233,Training and Development Professionals,"Advising management on the development and placement of staff, and providing career counselling for employees"
2241,"Actuaries, Mathematicians and Statisticians","Defining, analysing and solving complex financial and business problems relating to areas such as insurance premiums, annuities, superannuation funds, pensions and dividends"
2241,"Actuaries, Mathematicians and Statisticians","Examining financial projections for general insurance companies, finance companies, government and other organisations"
2241,"Actuaries, Mathematicians and Statisticians","Designing new types of policies, assessing risks and analysing investments in life insurance, superannuation funds, health insurance, friendly societies, financial markets and other areas"
2241,"Actuaries, Mathematicians and Statisticians",Formulating mathematical models to simulate processes
2241,"Actuaries, Mathematicians and Statisticians","Applying models to experimental observations, and adjusting and recasting the models"
2241,"Actuaries, Mathematicians and Statisticians",Using numerical analysis methods to develop algorithms and perform computations
2241,"Actuaries, Mathematicians and Statisticians",Liaising with management and clients to determine the subject or area to be surveyed or examined
2241,"Actuaries, Mathematicians and Statisticians","Specifying the data to be collected, and the methodology to be used in collection and analysis"
2241,"Actuaries, Mathematicians and Statisticians",Evaluating and describing the reliability and utility of source information
2241,"Actuaries, Mathematicians and Statisticians","Analysing and interpreting data, and producing relevant statistics to describe and infer particular trends and patterns"
2242,"Archivists, Curators and Records Managers","Evaluating and preserving records for administrative, historical, legal, evidential and other purposes"
2242,"Archivists, Curators and Records Managers","Preparing record-keeping systems, indexes, guides and procedures for archival research and for the retention and destruction of records"
2242,"Archivists, Curators and Records Managers","Identifying and classifying specimens and objects, and arranging restoration work"
2242,"Archivists, Curators and Records Managers",Examining items and arranging examinations to determine condition and authenticity
2242,"Archivists, Curators and Records Managers",Designing and revising medical record forms
2242,"Archivists, Curators and Records Managers",Managing organisations' central records systems
2242,"Archivists, Curators and Records Managers","Analysing the record-keeping needs of organisations, and translating these needs into record management systems"
2242,"Archivists, Curators and Records Managers","Maintaining computerised and other record management systems and record forms, and advising on their usage"
2242,"Archivists, Curators and Records Managers","Controlling access to confidential information, and recommending codes of practice and procedures for accessing records"
2242,"Archivists, Curators and Records Managers","Developing record cataloguing, coding and classification systems, and monitoring their use"
2243,Economists,"Analysing interrelationships between economic variables and studying the effects of government fiscal and monetary policies, expenditure, taxation and other budgetary policies on the economy and the community"
2243,Economists,"Researching, analysing and assessing the effects of labour market programs and industry policies and programs on economic growth, welfare, education and training"
2243,Economists,"Investigating international and national economic situations, and particular features such as industries, regions and socioeconomic groups"
2243,Economists,"Studying workplace issues such as enterprise bargaining and wage fixation, and the effect of workplace policies on productivity and economic growth"
2243,Economists,"Analysing trends and advising on economic issues such as taxation levels, prices, employment and unemployment, imports and exports, and interest and exchange rates"
2243,Economists,"Forecasting changes in the economic environment for short-term budgeting, long-term planning and investment evaluation"
2243,Economists,"Formulating recommendations, policies and plans for the economy, corporate strategies and investment, and undertaking feasibility studies for projects"
2243,Economists,Preparing reports on research findings
2244,Intelligence and Policy Analysts,Determining organisational and client intelligence requirements
2244,Intelligence and Policy Analysts,"Organising, collecting, collating and analysing data, and developing intelligence information such as electronic surveillance"
2244,Intelligence and Policy Analysts,"Compiling and disseminating intelligence information using briefings, maps, charts, reports and other methods"
2244,Intelligence and Policy Analysts,Ascertaining the accuracy of data collected and reliability of sources
2244,Intelligence and Policy Analysts,Conducting threat and risk assessments and developing responses
2244,Intelligence and Policy Analysts,Liaising and consulting with program administrators and other interested parties to identify policy needs
2244,Intelligence and Policy Analysts,Reviewing existing policies and legislation to identify anomalies and out-of-date provisions
2244,Intelligence and Policy Analysts,"Researching social, economic and industrial trends, and client expectations of programs and services provided"
2244,Intelligence and Policy Analysts,"Formulating and analysing policy options, preparing briefing papers and recommendations for policy changes, and advising on preferred options"
2244,Intelligence and Policy Analysts,"Assessing impacts, financial implications, interactions with other programs and political and administrative feasibility of policies"
2245,Land Economists and Valuers,Providing advice on land and property financing and valuation matters
2245,Land Economists and Valuers,Researching and advising on the administration and use of land and property
2245,Land Economists and Valuers,Developing and implementing sales and leasing proposals for commercial land and property
2245,Land Economists and Valuers,Providing asset management services for the administration and use of land and property
2245,Land Economists and Valuers,Analysing land and property investments
2245,Land Economists and Valuers,Managing land and property portfolios and commercial property developments
2245,Land Economists and Valuers,"Calculating values by considering market demand, condition of items, future trends and other factors"
2245,Land Economists and Valuers,"Examining property, selecting methods of valuation, and submitting written assessments"
2245,Land Economists and Valuers,"Giving evidence in legal proceedings, mediating on valuation matters and providing rental determinations for arbitration purposes"
2246,Librarians,Developing and implementing library and information policies and services
2246,Librarians,"Examining publications and materials, interviewing publishers' representatives, and consulting with others to select library materials"
2246,Librarians,"Reviewing, evaluating and modifying services in response to user needs"
2246,Librarians,Providing assistance to clients in accessing library resources
2246,Librarians,"Managing library systems for recording and organising library holdings, acquisitions and purchases, reader registrations and loan transactions, and supervising indexing, filing and retrieval activities"
2246,Librarians,Managing inter-library loan systems and information networks
2246,Librarians,Undertaking information research activities on behalf of clients
2246,Librarians,"Selecting, ordering, classifying and cataloguing library and information resources"
2246,Librarians,Monitoring collection development and culling programs
2246,Librarians,Supervising and training other library staff
2246,Librarians,May plan and direct library promotion and outreach activities
2247,Management and Organisation Analysts,"Assisting and encouraging the development of objectives, strategies and plans aimed at achieving customer satisfaction and the efficient use of organisations' resources"
2247,Management and Organisation Analysts,Discussing business and organisational shortcomings with clients
2247,Management and Organisation Analysts,Analysing and evaluating current systems and structures
2247,Management and Organisation Analysts,Discussing current systems with staff and observing systems at all levels of organisation
2247,Management and Organisation Analysts,Directing clients towards more efficient organisation and developing solutions to organisational problems
2247,Management and Organisation Analysts,Undertaking and reviewing work studies by analysing existing and proposed methods and procedures such as administrative and clerical procedures
2247,Management and Organisation Analysts,"Recording and analysing organisations' work flow charts, records, reports, manuals and job descriptions"
2247,Management and Organisation Analysts,"Preparing and recommending proposals to revise methods and procedures, alter work flows, redefine job functions and resolve organisational problems"
2247,Management and Organisation Analysts,"Assisting in implementing approved recommendations, issuing revised instructions and procedure manuals, and drafting other documentation"
2247,Management and Organisation Analysts,Reviewing operating procedures and advising of departures from procedures and standards
2249,Other Information and Organisation Professionals,"Manages the electorate office of a politician, and liaises with constituents and the media on their behalf"
2249,Other Information and Organisation Professionals,"Establishes and facilitates communication between different community groups, organisations and governments"
2249,Other Information and Organisation Professionals,"Provides information and advice to potential migrants, prepares and lodges visa applications, and acts as an intermediary to legally represent clients during visa processing and before review bodies liaises with legal professionals in relation to judicial review matters. registration or licensing may be required"
2249,Other Information and Organisation Professionals,Investigates and reports on patent applications to assess their compliance with the requirements of the patents act
2251,Advertising and Marketing Professionals,"Planning, developing and organising advertising policies and campaigns to support sales objectives"
2251,Advertising and Marketing Professionals,"Advising executives and clients on advertising strategies and campaigns to reach target markets, creating consumer awareness and effectively promoting the attributes of goods and services"
2251,Advertising and Marketing Professionals,"Coordinating production of advertising campaigns involving specialised activities, such as artwork, copywriting, media scripting, television and film production and media placement, within time and budget constraints"
2251,Advertising and Marketing Professionals,Analysing data regarding consumer patterns and preferences
2251,Advertising and Marketing Professionals,Interpreting and predicting current and future consumer trends
2251,Advertising and Marketing Professionals,Researching potential demand and market characteristics for new goods and services and collecting and analysing data and other statistical information
2251,Advertising and Marketing Professionals,"Supporting business growth and development through the preparation and execution of marketing objectives, policies and programs"
2251,Advertising and Marketing Professionals,Commissioning and undertaking market research to identify market opportunities for new and existing goods and services
2251,Advertising and Marketing Professionals,"Advising on all elements of marketing such as product mix, pricing, advertising and sales promotion, selling, and distribution channels"
2252,ICT Sales Professionals,Compiling lists of prospective client businesses using trade directories and other sources
2252,ICT Sales Professionals,"Acquiring and updating knowledge of employer's and competitors' goods and services, and market conditions"
2252,ICT Sales Professionals,Visiting regular and prospective client businesses to establish and act on selling opportunities
2252,ICT Sales Professionals,Assessing customers' needs and explaining the goods and services which meet their needs
2252,ICT Sales Professionals,Promoting employers' ict goods and services to existing and prospective clients
2252,ICT Sales Professionals,"Quoting and negotiating prices and credit terms, and completing contracts and recording orders"
2252,ICT Sales Professionals,"Arranging delivery of goods, installation of equipment and the provision of services"
2252,ICT Sales Professionals,Reporting to sales management on sales made and the marketability of ict goods and services
2252,ICT Sales Professionals,"Following up with clients to ensure satisfaction with ict goods and services purchased, arranging modifications and resolving any problems arising"
2252,ICT Sales Professionals,"Preparing sales reports, and maintaining and submitting records of business expenses incurred"
2253,Public Relations Professionals,Planning and organising publicity campaigns and communication strategies
2253,Public Relations Professionals,"Advising executives on the public relations implications of their policies, programs and practices"
2253,Public Relations Professionals,Preparing and controlling the issue of news and press releases
2253,Public Relations Professionals,"Undertaking and commissioning public opinion research, analysing the findings and planning public relations and promotional campaigns"
2253,Public Relations Professionals,"Organising special events, seminars, entertainment, competitions and social functions to promote goodwill and favourable publicity"
2253,Public Relations Professionals,Representing organisations and arranging executive interviews with publicity media
2253,Public Relations Professionals,"Attending business, social and other functions to promote the organisation"
2253,Public Relations Professionals,Commissioning and obtaining photographs and other illustrative material
2253,Public Relations Professionals,"Selecting, appraising and revising material submitted by publicity writers, photographers, illustrators and others to create favourable publicity"
2254,Technical Sales Representatives,Compiling lists of prospective client businesses using directories and other sources
2254,Technical Sales Representatives,"Acquiring and updating knowledge of employers' and competitors' goods and services, and market conditions"
2254,Technical Sales Representatives,Visiting regular and prospective client businesses to establish and act on selling opportunities
2254,Technical Sales Representatives,Assessing customers' needs and recommending and explaining goods and services to them
2254,Technical Sales Representatives,"Monitoring customers' changing needs and competitor activity, and reporting these developments to sales management"
2254,Technical Sales Representatives,"Quoting and negotiating prices and credit terms, and completing contracts and recording orders"
2254,Technical Sales Representatives,"Arranging delivery of goods, installation of equipment and the provision of services"
2254,Technical Sales Representatives,Reporting to sales management on sales made and the marketability of goods and services
2254,Technical Sales Representatives,"Following up with clients to ensure satisfaction with goods and services purchased, and resolving any problems arising"
2254,Technical Sales Representatives,Preparing sales reports and maintaining and submitting records of business expenses incurred
2311,Air Transport Professionals,Preparing and submitting flight plans giving consideration to factors such as weather conditions and aircraft performance
2311,Air Transport Professionals,Flying aircraft in accordance with established air traffic control and aircraft operating procedures
2311,Air Transport Professionals,Providing flight information for flight crews and air traffic services staff
2311,Air Transport Professionals,"Controlling aircraft movements, and directing aircraft taxiing, take-offs and landings by radio"
2311,Air Transport Professionals,Providing pre-flight briefings and aeronautical information services
2311,Air Transport Professionals,Completing cockpit preparations and external inspections to determine that aircraft are acceptable for flight
2311,Air Transport Professionals,Monitoring aircraft performance and reporting on mechanical condition
2311,Air Transport Professionals,"Giving in-flight instruction, supervising solo flights, accompanying students on training flights and demonstrating techniques for controlling aircraft"
2312,Marine Transport Professionals,"Directing fishing operations by using knowledge about the species sought, fishing areas, seasons and the capabilities of the vessel and crew"
2312,Marine Transport Professionals,"Directing crew in catching fish, molluscs and crustacea at varying depths using nets, lines, poles, pots and traps"
2312,Marine Transport Professionals,"Planning, controlling and coordinating the operational and maintenance requirements of a ship's propulsion and domestic plant and equipment"
2312,Marine Transport Professionals,"Operating plant and equipment and performing routine maintenance on ship's systems including mechanical, electrical, hydraulic, pneumatic, steam generating, and fire prevention and control systems"
2312,Marine Transport Professionals,Controlling and directing shipping operations to ensure the safe and efficient loading and transport of cargo and passengers
2312,Marine Transport Professionals,Ensuring compliance with regulations pertaining to safety at sea and protection of the marine environment
2312,Marine Transport Professionals,"Directing the activities of the deck crew for navigational support tasks, berthing and unberthing, maintenance, cleaning and painting of superstructures, and repair and replacement of defective deck gear and equipment"
2312,Marine Transport Professionals,Navigating a ship by supervising the ship's course and speed according to predetermined passage plans and safety procedures
2312,Marine Transport Professionals,"Examining and approving design plans of hulls and equipment such as main propulsion engines, auxiliary boilers and turbines, electrical power generating plant, refrigeration and airconditioning plant and pumping systems"
2312,Marine Transport Professionals,Conducting periodic surveys throughout a ship's life to ensure standards are maintained
2321,Architects and Landscape Architects,"Obtaining advice from clients and management to determine type, style and size of planned buildings and alterations to existing buildings"
2321,Architects and Landscape Architects,"Providing information regarding designs, materials and estimated building times"
2321,Architects and Landscape Architects,"Preparing project documentation, including sketches and scale drawings, and integrating structural, mechanical and aesthetic elements in final designs"
2321,Architects and Landscape Architects,Writing specifications and contract documents for use by builders and calling tenders on behalf of clients
2321,Architects and Landscape Architects,"Consulting with professionals and clients about external area designs, costs and construction"
2321,Architects and Landscape Architects,"Compiling and analysing site and community data about geographical and ecological features, landforms, soils, vegetation, site hydrology, visual characteristics and human-made structures, to formulate land use and development recommendations, and for preparing environmental impact statements"
2321,Architects and Landscape Architects,"Preparing reports, site plans, working drawings, specifications and cost estimates for land development, showing location and details of proposals, including ground modelling, structures, vegetation and access"
2321,Architects and Landscape Architects,"Inspecting construction work in progress to ensure compliance with plans, specifications and quality standards"
2322,Surveyors and Spatial Scientists,"Designing and compiling map manuscripts using digital and graphical source material, including aerial photographs, satellite imagery, survey documents, existing maps and records, reports and statistics"
2322,Surveyors and Spatial Scientists,"Advising surveyors and other professionals on the data requirements for map production, and on the aesthetic, technical and economic considerations of scales, details to be illustrated, place names and reproduction techniques"
2322,Surveyors and Spatial Scientists,Supervising and coordinating the work of cartographic technicians in the production and reproduction of maps
2322,Surveyors and Spatial Scientists,"Determining the position of points of interest on the earth's surface including marine floors, and preparing the final product data in digital form"
2322,Surveyors and Spatial Scientists,"Supervising the preparation of plans, maps, charts and drawings to give pictorial representations and managing automated spatial information systems"
2322,Surveyors and Spatial Scientists,"Undertaking research and development of surveying and photogrammetric measurement systems, cadastral systems and land information systems"
2322,Surveyors and Spatial Scientists,Planning and designing land subdivision projects and negotiating details with local governments and other authorities
2322,Surveyors and Spatial Scientists,"Advising architects, engineering professionals, environmental and other scientists or other relevant professionals on the technical requirements of surveying, mapping and spatial information systems"
2322,Surveyors and Spatial Scientists,"Compiling and evaluating data, interpreting codes of practice, and writing reports concerning survey measurement, land use and tenure"
2322,Surveyors and Spatial Scientists,Preparing site plans and survey reports required for conveyancing and land ownership matters
2323,"Fashion, Industrial and Jewellery Designers",Determining the objectives and constraints of the design brief by consulting with clients and stakeholders
2323,"Fashion, Industrial and Jewellery Designers","Undertaking product research and analysing functional, commercial, cultural and aesthetic requirements"
2323,"Fashion, Industrial and Jewellery Designers","Formulating design concepts for clothing, textiles, industrial, commercial and consumer products, and jewellery"
2323,"Fashion, Industrial and Jewellery Designers","Preparing sketches, diagrams, illustrations, plans, samples and models to communicate design concepts"
2323,"Fashion, Industrial and Jewellery Designers","Negotiating design solutions with clients, management, and sales and manufacturing staff"
2323,"Fashion, Industrial and Jewellery Designers","Selecting, specifying and recommending functional and aesthetic materials, production methods and finishes for manufacture"
2323,"Fashion, Industrial and Jewellery Designers",Detailing and documenting the selected design for production
2323,"Fashion, Industrial and Jewellery Designers",Preparing and commissioning prototypes and samples
2323,"Fashion, Industrial and Jewellery Designers","Supervising the preparation of patterns, programs and tooling, and the manufacture process"
2324,"Graphic and Web Designers, and Illustrators",Determining the objectives and constraints of the design brief by consulting with clients and stakeholders
2324,"Graphic and Web Designers, and Illustrators",Undertaking research and analysing functional communication requirements
2324,"Graphic and Web Designers, and Illustrators",Formulating design concepts for the subject to be communicated
2324,"Graphic and Web Designers, and Illustrators","Preparing sketches, diagrams, illustrations and layouts to communicate design concepts"
2324,"Graphic and Web Designers, and Illustrators","Negotiating design solutions with clients, management, sales and production staff"
2324,"Graphic and Web Designers, and Illustrators","Selecting, specifying or recommending functional and aesthetic materials and media for publication, delivery or display"
2324,"Graphic and Web Designers, and Illustrators",Detailing and documenting the selected design for production
2324,"Graphic and Web Designers, and Illustrators",Supervising or carrying out production in the chosen media
2324,"Graphic and Web Designers, and Illustrators",May archive information for future client use
2325,Interior Designers,Determining the objectives and constraints of the design brief by consulting with clients and stakeholders
2325,Interior Designers,"Researching and analysing spatial, functional, efficiency, safety and aesthetic requirements"
2325,Interior Designers,Formulating design concepts for building interiors
2325,Interior Designers,"Preparing sketches, diagrams, illustrations and plans to communicate design concepts"
2325,Interior Designers,"Negotiating design solutions with clients, management, suppliers and construction staff"
2325,Interior Designers,"Selecting, specifying and recommending functional and aesthetic materials, furniture and products for interiors"
2325,Interior Designers,Detailing and documenting selected design for construction
2325,Interior Designers,Supervising the construction of interiors
2326,Urban and Regional Planners,"Compiling and analysing data on economic, legal, political, cultural, demographic, sociological, physical and environmental factors affecting land use"
2326,Urban and Regional Planners,"Conferring with government authorities, communities, architects, social scientists, legal professionals, and planning, development and environmental specialists"
2326,Urban and Regional Planners,"Devising and recommending use and development of land, and presenting narrative and graphic plans, programs and designs to groups and individuals"
2326,Urban and Regional Planners,Advising governments and organisations on urban and regional planning and resource planning
2326,Urban and Regional Planners,Reviewing and evaluating environmental impact reports
2326,Urban and Regional Planners,"Staying up-to-date with changes in building and zoning codes, regulations and other legal issues"
2326,Urban and Regional Planners,May serve as mediators in disputes over planning proposals and projects
2326,Urban and Regional Planners,May speak at public meetings and appear before government to explain planning proposals
2331,Chemical and Materials Engineers,"Preparing designs for chemical process systems and planning control systems for processes such as those used to remove and separate components, effect chemical changes, test and evaluate fuels, transfer heat, and control the storing and handling of solids,liquids and gases"
2331,Chemical and Materials Engineers,Monitoring the operation and maintenance of equipment to achieve maximum efficiency under safe operating conditions
2331,Chemical and Materials Engineers,Ensuring correct materials and equipment are used and that they conform to specifications
2331,Chemical and Materials Engineers,Diagnosing malfunctions in chemical plants and instituting remedial action
2331,Chemical and Materials Engineers,Studying product utilisation and pollution control problems
2331,Chemical and Materials Engineers,"Reviewing plans for new products and submitting material selection recommendations in accordance with design specifications and factors such as strength, weight and cost"
2331,Chemical and Materials Engineers,Planning and implementing laboratory operations to develop new materials and fabrication procedures for new materials to fulfil production cost and performance standards
2331,Chemical and Materials Engineers,"Conferring with producers of materials, such as metals, ceramics, polymers, cements and elastomers, during the investigation and evaluation of materials suitable for specific product applications"
2331,Chemical and Materials Engineers,"Reviewing product failure data and implementing laboratory tests to establish or reject possible causes, and advising on ways to overcome any problems"
2332,Civil Engineering Professionals,"Determining construction methods, materials and quality standards, and drafting and interpreting specifications, drawings, plans, construction methods and procedures"
2332,Civil Engineering Professionals,"Organising and directing site labour and the delivery of construction materials, plant and equipment, and establishing detailed programs for the coordination of site activities"
2332,Civil Engineering Professionals,"Obtaining soil and rock samples at different depths across sites and testing samples to determine strength, compressibility and other factors that affect the behaviour of soil and rock when a structure is imposed and determining the safe loading for the soil"
2332,Civil Engineering Professionals,"Studying architectural and engineering drawings and specifications to estimate total costs, and preparing detailed cost plans and estimates as tools to assist in budgetary control"
2332,Civil Engineering Professionals,"Monitoring changes to designs, assessing effects on cost, and measuring, valuing and negotiating variations to designs"
2332,Civil Engineering Professionals,Analysing structural systems for both static and dynamic loads
2332,Civil Engineering Professionals,"Designing structures to ensure they do not collapse, bend, twist or vibrate in undesirable ways"
2332,Civil Engineering Professionals,Assessing present and future travel flow patterns taking into account population increase and needs change
2332,Civil Engineering Professionals,"Designing the physical aspects of transportation systems such as highways, railroads, urban transit, air transportation, logistical supply systems and their terminals"
2333,Electrical Engineers,Planning and designing power stations and power generation equipment
2333,Electrical Engineers,"Determining the type and arrangement of circuits, transformers, circuit-breakers, transmission lines and other equipment"
2333,Electrical Engineers,"Developing products such as electric motors, components, equipment and appliances"
2333,Electrical Engineers,"Interpreting specifications, drawings, standards and regulations relating to electric power equipment and use"
2333,Electrical Engineers,"Organising and managing resources used in the supply of electrical components, machines, appliances and equipment"
2333,Electrical Engineers,"Establishing delivery and installation schedules for machines, switchgear, cables and fittings"
2333,Electrical Engineers,"Supervising the operation and maintenance of power stations, transmission and distribution systems and industrial plants"
2333,Electrical Engineers,"Designing and installing control and signalling equipment for road, rail and air traffic"
2333,Electrical Engineers,"May specialise in research in areas such as power generation and transmission systems, transformers, switchgear and electric motors, telemetry and control systems"
2334,Electronics Engineers,"Designing electronic components, circuits and systems used for computer, communication and control systems, and other industrial applications"
2334,Electronics Engineers,"Designing software, especially embedded software, to be used within such systems"
2334,Electronics Engineers,"Developing apparatus and procedures to test electronic components, circuits and systems"
2334,Electronics Engineers,"Supervising installation and commissioning of computer, communication and control systems, and ensuring proper control and protection methods"
2334,Electronics Engineers,"Establishing and monitoring performance and safety standards and procedures for operation, modification, maintenance and repair of such systems"
2334,Electronics Engineers,"Designing communications bearers based on wired, optical fibre and wireless communication media"
2334,Electronics Engineers,"Analysing communications traffic and level of service, and determining the type of installation, location, layout and transmission medium for communication systems"
2334,Electronics Engineers,Designing and developing signal processing algorithms and implementing these through appropriate choice of hardware and software
2335,"Industrial, Mechanical and Production Engineers","Studying functional statements, organisational charts and project information to determine functions and responsibilities of workers and work units and to identify areas of duplication"
2335,"Industrial, Mechanical and Production Engineers",Establishing work measurement programs and analysing work samples to develop standards for labour utilisation
2335,"Industrial, Mechanical and Production Engineers","Analysing workforce utilisation, facility layout, operational data and production schedules and costs to determine optimum worker and equipment efficiencies"
2335,"Industrial, Mechanical and Production Engineers","Designing mechanical equipment, machines, components, products for manufacture, and plant and systems for construction"
2335,"Industrial, Mechanical and Production Engineers","Developing specifications for manufacture, and determining materials, equipment, piping, material flows, capacities and layout of plant and systems"
2335,"Industrial, Mechanical and Production Engineers","Organising and managing project labour and the delivery of materials, plant and equipment"
2335,"Industrial, Mechanical and Production Engineers","Establishing standards and policies for installation, modification, quality control, testing, inspection and maintenance according to engineering principles and safety regulations"
2335,"Industrial, Mechanical and Production Engineers",Inspecting plant to ensure optimum performance is maintained
2335,"Industrial, Mechanical and Production Engineers","Directing the maintenance of plant buildings and equipment, and coordinating the requirements for new designs, surveys and maintenance schedules"
2336,Mining Engineers,"Conducting preliminary surveys of mineral, petroleum and natural gas deposits with prospectors, geologists, geophysicists, other mineral scientists and other engineers to determine the resources present, the feasibility of extracting the reserves, and the design and development of the extraction process"
2336,Mining Engineers,"Preparing operation and project cost estimates and production schedules, and reporting progress, production and costs compared to budget"
2336,Mining Engineers,"Determining the most suitable methods of ore extraction taking account of such factors as depth of overburden, and attitude and physical characteristics of deposits and surrounding strata"
2336,Mining Engineers,"Preparing plans for tunnels and chambers, location and construction of mine shafts, layout of mine development and the application of appropriate mining techniques, often using computer modelling"
2336,Mining Engineers,"Assessing the natural, technical, financial and safety risks associated with the phases of the project development, construction and operations"
2336,Mining Engineers,"Determining the safety of processes, order of extraction and safety of mine walls, evaluating the risk of slippage and advising on the prevention of slippage and rock falls"
2336,Mining Engineers,"Planning and coordinating the utilisation of labour and equipment consistent with efficiency targets, statutes, safety guidelines and environmental conditions"
2336,Mining Engineers,"Planning and conducting research and providing advice on engineering operations for the exploration, location and extraction of petroleum and natural gas"
2336,Mining Engineers,Determining location for drilling
2336,Mining Engineers,Deciding on types of derrick and equipment including seabed platforms
2336,Mining Engineers,Devising methods of controlling the flow of oil and gas from wells
2339,Other Engineering Professionals,"Performs and supervises engineering work concerned with the design, development, manufacture, maintenance and modification of aircraft for flight"
2339,Other Engineering Professionals,"Performs and supervises engineering work related to the use and development of agricultural land, buildings, machines and equipment"
2339,Other Engineering Professionals,"Applies knowledge and methodology of physics, engineering, mathematics, computing, physical chemistry and materials science to problems in biology and the treatment and prevention of human disease"
2339,Other Engineering Professionals,Analyses and modifies new and existing engineering technologies and applies them in the testing and implementation of engineering projects
2339,Other Engineering Professionals,"Assesses the impact on air, water, soil and noise levels in the vicinity of engineering projects, plans and designs equipment and processes for the treatment and safe disposal of waste material, and assesses what may cause problems for the environment in the long-term. registration or licensing is required"
2339,Other Engineering Professionals,Designs and oversees the construction and repair of marine craft and floating structures
2341,Agricultural and Forestry Scientists,"Collecting and analysing data and samples of produce, feed, soil and other factors affecting production"
2341,Agricultural and Forestry Scientists,"Advising farmers and farm managers on techniques for improving the production of crops and livestock, and alternative agricultural options"
2341,Agricultural and Forestry Scientists,"Advising farmers on issues such as livestock and crop disease, control of pests and weeds, soil improvement, animal husbandry and feeding programs"
2341,Agricultural and Forestry Scientists,"Studying the environmental factors affecting commercial crop production, pasture growth, animal breeding, and the growth and health of forest trees"
2341,Agricultural and Forestry Scientists,"Studying the effects of cultivation techniques, soils, insects and plant diseases on animal, crop and forest production"
2341,Agricultural and Forestry Scientists,Developing procedures and techniques for solving agricultural problems and improving the efficiency of production
2341,Agricultural and Forestry Scientists,"Managing forest resources to maximise their long-term commercial, recreational and environmental benefits for the community"
2341,Agricultural and Forestry Scientists,"Studying the propagation and culture of forest trees, methods for improving the growth of stock, and the effects of thinning on forest yields"
2341,Agricultural and Forestry Scientists,Preparing plans for reafforestation and devising efficient harvesting systems
2341,Agricultural and Forestry Scientists,"Investigating, planning and implementing management procedures to cope with the effects of fires, floods, droughts, soil erosion, insect pests and diseases"
2342,"Chemists, and Food and Wine Scientists",Conducting experiments and tests to identify the chemical composition and reactive properties of natural substances and processed materials
2342,"Chemists, and Food and Wine Scientists","Analysing and conducting research to develop theories, techniques and processes, and testing the reliability of outcomes under different conditions"
2342,"Chemists, and Food and Wine Scientists",Developing practical applications of experimental and research findings
2342,"Chemists, and Food and Wine Scientists","Testing food products for flavour, colour, taste, texture and nutritional content"
2342,"Chemists, and Food and Wine Scientists","Advising on preserving, processing, packaging, storing and delivering foods"
2342,"Chemists, and Food and Wine Scientists",Developing quality control procedures and safety standards for the manufacture of food products
2342,"Chemists, and Food and Wine Scientists","Examining grape samples to assess ripeness, sugar and acid content, and determining suitability for processing"
2342,"Chemists, and Food and Wine Scientists","Coordinating winemaking processes, directing workers in testing and crushing grapes, fermenting juices, and fortifying, clarifying, maturing and finishing wines"
2342,"Chemists, and Food and Wine Scientists",Blending wines according to formulae and knowledge of winemaking techniques
2343,Environmental Scientists,"Evaluating habitat, wildlife and fisheries needs, and formulating shortand long-term management goals and objectives"
2343,Environmental Scientists,Enforcing laws and regulations to conserve and protect fish and wildlife
2343,Environmental Scientists,Carrying out environmental impact assessments for a wide range of development projects
2343,Environmental Scientists,Proposing solutions to address negative environmental impact
2343,Environmental Scientists,"Studying the effects of factors, such as terrain, altitude, climatic and environmental change, sources of nutrition, predators and the impacts of humans, on animal and plant life"
2343,Environmental Scientists,"Studying and analysing pollution, atmospheric conditions, demographic characteristics, ecology, mineral, soil and water samples"
2343,Environmental Scientists,"Developing conservation and management policies for biological resources, such as fish populations and forests, and establishing standards and developing approaches for the control of pollution and the rehabilitation of areas disturbed by activities such as mining, timber felling and overgrazing"
2343,Environmental Scientists,Implementing policies and organising activities in designated parks and other areas to conserve and protect natural and cultural heritage
2343,Environmental Scientists,"Participating in management planning by providing environmental information and making inventories of plants, animals and items of cultural and heritage significance"
2344,"Geologists, Geophysicists and Hydrogeologists","Conducting preliminary surveys of mineral, petroleum and natural gas deposits with prospectors, mining engineers, metallurgists, and other mineral scientists and engineers"
2344,"Geologists, Geophysicists and Hydrogeologists",Preparing and supervising the production of laboratory reports and scientific papers
2344,"Geologists, Geophysicists and Hydrogeologists","Conducting studies of the structure, nature and formation of the earth's crust and the minerals contained in it"
2344,"Geologists, Geophysicists and Hydrogeologists","Studying and dating fossils and rock strata to develop knowledge of the evolution and biology of life forms, and to assess their commercial applications"
2344,"Geologists, Geophysicists and Hydrogeologists","Studying the effects of natural events, such as erosion, sedimentation, earthquakes and volcanic activity, on the formation of the earth's surface and sea beds"
2344,"Geologists, Geophysicists and Hydrogeologists","Carrying out exploration to determine the resources present by sampling, examining and analysing geological specimens, rock cores, cuttings and samples using optical, chemical, electronic and mechanical techniques"
2344,"Geologists, Geophysicists and Hydrogeologists",Conducting surveys of variations in the earth's gravitational and magnetic fields to determine its physical features
2344,"Geologists, Geophysicists and Hydrogeologists",Investigating the propagation of seismic waves to determine the structure and stability of the earth's mantle and crust
2344,"Geologists, Geophysicists and Hydrogeologists",Studying the causes of earthquakes and other stress states of the earth's crust
2344,"Geologists, Geophysicists and Hydrogeologists","Performing laboratory and field studies, and aerial, ground and drill hole surveys"
2345,Life Scientists,"Designing and conducting experiments, making observations and measurements, researching information, analysing data, preparing or supervising the preparation of laboratory reports and scientific papers, presenting findings at scientific meetings and conferences, and supervising the work of staff"
2345,Life Scientists,"Studying the forms and structures of bodily organs and tissues by systematic observation, dissection and microscopic examination"
2345,Life Scientists,"Investigating the chemical structure and function of living cells and their isolated components, organs and tissues in humans, animals, plants, and micro-organisms"
2345,Life Scientists,"Examining micro-organisms, such as bacteria, fungi, yeast and their enzymes, and using the knowledge gained to create and develop new, and improve existing, products, materials and processes"
2345,Life Scientists,"Investigating the effects of environmental factors, such as rainfall, temperature, sunlight, soil, topography and disease, on plant growth"
2345,Life Scientists,"Planning and undertaking experiments to study, measure and understand marine animals and plants"
2345,Life Scientists,"Studying the growth and characteristics of micro-organisms, such as bacteria, algae and fungi, and the effects they have on plants, animals and humans to develop medical, veterinary, industrial, environmental and other practical applications"
2345,Life Scientists,"Investigating the interrelationships between animals in their natural surroundings, in captivity and in laboratories"
2346,Medical Laboratory Scientists,Preparing tissue sections for microscopic examination
2346,Medical Laboratory Scientists,Examining and analysing samples to study the effects of microbial infections
2346,Medical Laboratory Scientists,Analysing samples of body tissue and fluids to develop techniques to aid in the diagnosis and treatment of diseases
2346,Medical Laboratory Scientists,Advising medical practitioners on the interpretation of tests and methods for use in the diagnosis and treatment of disease
2346,Medical Laboratory Scientists,Setting up the steps and rules of laboratory medical testing
2346,Medical Laboratory Scientists,Operating and maintaining laboratory equipment
2346,Medical Laboratory Scientists,Maintaining laboratory quality assurance and safety standards
2346,Medical Laboratory Scientists,Preparing scientific papers and reports
2347,Veterinarians,"Treating animals medically and surgically, and administering and prescribing drugs, analgesics, and general and local anaesthetics"
2347,Veterinarians,"Determining the presence and nature of abnormal conditions by physical examination, laboratory testing and through diagnostic imaging techniques including radiography and ultrasound"
2347,Veterinarians,"Performing surgery, dressing wounds and setting broken bones"
2347,Veterinarians,Rendering obstetric services to animals
2347,Veterinarians,Participating in programs designed to prevent the occurrence and spread of animal diseases
2347,Veterinarians,"Inoculating animals against, and testing for, infectious diseases and notifying authorities of outbreaks of infectious animal diseases"
2347,Veterinarians,Performing autopsies to determine cause of death
2347,Veterinarians,"Advising clients on health, nutrition and feeding, hygiene, breeding and care of animals"
2347,Veterinarians,May provide professional services to commercial firms producing biological and pharmaceutical products
2347,Veterinarians,"May specialise in the treatment of a particular animal group or in a particular specialty area such as cardiology, chiropractic, dermatology or critical care"
2349,Other Natural and Physical Science Professionals,"Plans and organises the conservation of materials and objects in libraries, archives, museums, art galleries and other institutions"
2349,Other Natural and Physical Science Professionals,"Researches, develops, controls and provides advice on processes used in extracting metals from their ores, and processes used for casting, alloying, heat treating or welding refined metals, alloys and other materials to produce commercial metal products or develop new alloys and processes. registration or licensing may be required"
2349,Other Natural and Physical Science Professionals,"Studies the physics and dynamics of the atmosphere to increase understanding of weather and climate, and to forecast changes in the weather and long-term climatic trends"
2349,Other Natural and Physical Science Professionals,"Studies matter, space, time, energy, forces and fields and the interrelationship between these physical phenomena to further understanding of the laws governing the behaviour of the universe, and seeks to apply these laws to solve practical problems and discover new information about the earth and the universe."
2411,Early Childhood (Pre-primary School) Teachers,Planning and structuring learning in both indoor and outdoor environments using a variety of materials and equipment to facilitate students' development
2411,Early Childhood (Pre-primary School) Teachers,"Providing a variety of experiences and activities to develop motor skills, cooperative social skills, confidence and understanding"
2411,Early Childhood (Pre-primary School) Teachers,"Promoting language development through story telling, role play, songs, rhymes and informal discussions held individually and within groups"
2411,Early Childhood (Pre-primary School) Teachers,"Observing students to evaluate progress and to detect signs of ill health, emotional disturbance and other disabilities"
2411,Early Childhood (Pre-primary School) Teachers,"Observing nutritional health, welfare and safety needs of students and identifying factors which may impede students' progress"
2411,Early Childhood (Pre-primary School) Teachers,Discussing students' progress with parents
2411,Early Childhood (Pre-primary School) Teachers,"Attending parent interviews, and staff and committee meetings"
2411,Early Childhood (Pre-primary School) Teachers,Participating in community and family support programs as appropriate
2411,Early Childhood (Pre-primary School) Teachers,Supervising student teachers on placement
2412,Primary School Teachers,"Teaching literacy, numeracy, social science, creative expression and physical education skills to primary school students"
2412,Primary School Teachers,Presenting prescribed curriculum using a range of teaching techniques and materials
2412,Primary School Teachers,"Developing students' interests, abilities and coordination by way of creative activities"
2412,Primary School Teachers,Guiding discussions and supervising work in class
2412,Primary School Teachers,"Preparing, administering and marking tests, projects and assignments to evaluate students' progress and recording the results"
2412,Primary School Teachers,"Discussing individual progress and problems with students and parents, and seeking advice from student counsellors and senior teachers"
2412,Primary School Teachers,Maintaining discipline in classrooms and other school areas
2412,Primary School Teachers,"Participating in staff meetings, educational conferences and workshops"
2412,Primary School Teachers,"Liaising with parent, community and business groups"
2412,Primary School Teachers,Maintaining class and scholastic records
2412,Primary School Teachers,"Performing extra-curricular tasks such as assisting with sport, school concerts, excursions and special interest programs"
2412,Primary School Teachers,Supervising student teachers on placement
2413,Middle School Teachers,Presenting prescribed curriculum using a range of teaching techniques and materials
2413,Middle School Teachers,"Developing students' interests, abilities and coordination by way of creative activities"
2413,Middle School Teachers,Guiding discussions and supervising work in class
2413,Middle School Teachers,"Preparing, administering and marking tests, projects and assignments to evaluate students' progress and recording the results"
2413,Middle School Teachers,"Discussing individual progress and problems with students and parents, and seeking advice from student counsellors and senior teachers"
2413,Middle School Teachers,Maintaining discipline in classrooms and other school areas
2413,Middle School Teachers,"Participating in staff meetings, educational conferences and workshops"
2413,Middle School Teachers,"Liaising with parent, community and business groups"
2413,Middle School Teachers,Maintaining class and scholastic records
2413,Middle School Teachers,"Performing extra-curricular tasks such as assisting with sport, school concerts, excursions and special interest programs"
2413,Middle School Teachers,Supervising student teachers on placement
2414,Secondary School Teachers,Presenting prescribed curriculum using a range of teaching techniques and materials
2414,Secondary School Teachers,"Developing students' interests, abilities and coordination by way of creative activities"
2414,Secondary School Teachers,Guiding discussions and supervising work in class
2414,Secondary School Teachers,"Preparing, administering and marking tests, projects and assignments to evaluate students' progress and recording the results"
2414,Secondary School Teachers,"Discussing individual progress and problems with students and parents, and seeking advice from student counsellors and senior teachers"
2414,Secondary School Teachers,Maintaining discipline in classrooms and other school areas
2414,Secondary School Teachers,"Participating in staff meetings, educational conferences and workshops"
2414,Secondary School Teachers,"Liaising with parent, community and business groups"
2414,Secondary School Teachers,Maintaining class and scholastic records
2414,Secondary School Teachers,"Performing extra-curricular tasks such as assisting with sport, school concerts, excursions and special interest programs"
2414,Secondary School Teachers,Supervising student teachers on placement
2415,Special Education Teachers,"Assessing students' abilities and limitations with regard to intellectual, physical, social and emotional disabilities, exceptional intellectual gifts, or specific problems of language and culture"
2415,Special Education Teachers,"Planning, organising and implementing special programs to provide remedial or advanced tuition"
2415,Special Education Teachers,Administering various forms of assessment and interpreting the results
2415,Special Education Teachers,"Teaching basic academic subjects, and practical and self-help skills to hearing and sight impaired students"
2415,Special Education Teachers,"Devising instructional materials, methods and aids to assist in training and rehabilitation"
2415,Special Education Teachers,"Advising, instructing and counselling parents and teachers on the availability and use of special techniques"
2415,Special Education Teachers,"Stimulating and developing interests, abilities, manual skills and coordination"
2415,Special Education Teachers,Conferring with other staff members to plan and schedule lessons for special needs students
2415,Special Education Teachers,Preparing and maintaining student data and other records and submitting reports
2421,University Lecturers and Tutors,"Preparing and delivering lectures, and conducting tutorials, seminars and laboratory sessions"
2421,University Lecturers and Tutors,"Preparing and marking essays, assignments and examinations"
2421,University Lecturers and Tutors,Advising students on academic and related matters
2421,University Lecturers and Tutors,"Attending departmental and faculty meetings, conferences and seminars"
2421,University Lecturers and Tutors,Supervising work programs of postgraduate and honours students and tutorial staff
2421,University Lecturers and Tutors,"Participating in setting course and degree requirements, curriculum revision and academic planning"
2421,University Lecturers and Tutors,"Serving on council, senate, faculty and other committees and professorial boards"
2421,University Lecturers and Tutors,Conducting research and undertaking consultancies in a particular field of knowledge
2421,University Lecturers and Tutors,Stimulating and guiding class discussions
2421,University Lecturers and Tutors,Compiling bibliographies of specialised materials for reading assignments
2422,Vocational Education Teachers,Identifying the various needs of students and creating effective learning options to meet these needs
2422,Vocational Education Teachers,"Liaising with individuals, industry and education sectors to ensure provision of relevant programs and services"
2422,Vocational Education Teachers,"Planning, designing and developing course curriculum and method of instruction"
2422,Vocational Education Teachers,Advising students on courses and related matters
2422,Vocational Education Teachers,"Teaching students using teaching aids including presentation of lesson materials, discussions, workshops, laboratory sessions, multimedia aids and computer tutorials"
2422,Vocational Education Teachers,"Marking and grading students' assignments, papers and exams and providing feedback to students about their progress"
2422,Vocational Education Teachers,"Maintaining records of students' progress, attendance and training activities"
2422,Vocational Education Teachers,"Consulting with education managers, librarians, student counsellors and other support staff"
2491,Education Advisers and Reviewers,"Consulting with teachers, principals and administrative officials of educational institutions to coordinate educational programs and provide advice"
2491,Education Advisers and Reviewers,Identifying and evaluating developments in education by conducting research into educational systems
2491,Education Advisers and Reviewers,"Serving on committees to identify present and future needs within the educational system, and planning, developing and modifying facilities and programs"
2491,Education Advisers and Reviewers,"Documenting subjects and courses developed, and evaluating new courses"
2491,Education Advisers and Reviewers,Organising and conducting workshops and conferences to train teachers in new programs and methods
2491,Education Advisers and Reviewers,"Applying knowledge of learning processes and school structures to develop operational and training programs, and submitting them for decision and funding"
2491,Education Advisers and Reviewers,"Visiting schools and observing teachers in the classroom, noting pupil response, motivation and teaching techniques"
2491,Education Advisers and Reviewers,"Discussing programs, records and teachers with school principals to record academic performance of schools, welfare of pupils and performance of individual teachers"
2491,Education Advisers and Reviewers,"Making suggestions to government officials about improvements to educational facilities, equipment, buildings and staff to ensure continued standards of education"
2492,Private Tutors and Teachers,Planning programs of study for individual students and groups
2492,Private Tutors and Teachers,Preparing and presenting material on the theory of the subject area
2492,Private Tutors and Teachers,Instructing and demonstrating practical aspects of the subject area
2492,Private Tutors and Teachers,Assigning problems and exercises relative to students' training needs and talents
2492,Private Tutors and Teachers,"Assessing students and offering advice, criticism and encouragement"
2492,Private Tutors and Teachers,"Revising curricula, course content, course materials and methods of instruction"
2492,Private Tutors and Teachers,"Preparing students for examinations, performance and assessments"
2492,Private Tutors and Teachers,"Keeping abreast of developments in the subject area by attending professional conferences, seminars and courses, reading current literature, and talking with colleagues"
2492,Private Tutors and Teachers,May arrange visits and tours to professional exhibitions and performances
2492,Private Tutors and Teachers,May organise for exhibitions or performances of students' work
2493,Teachers of English to Speakers of Other Languages,Assessing the extent of language difficulties in students for whom english is a second language
2493,Teachers of English to Speakers of Other Languages,"Teaching students individually and in small groups out of the regular classroom, and assisting students within normal classroom settings"
2493,Teachers of English to Speakers of Other Languages,Teaching students english language skills using a variety of methods including lecture and visual demonstration
2493,Teachers of English to Speakers of Other Languages,Providing assistance to other classroom teachers by designing special teaching programs for students with english language difficulties
2493,Teachers of English to Speakers of Other Languages,Designing and producing teaching materials and adapting existing materials
2493,Teachers of English to Speakers of Other Languages,Preparing course outlines and goals
2493,Teachers of English to Speakers of Other Languages,"Assigning lessons, correcting homework, and preparing and grading exams"
2493,Teachers of English to Speakers of Other Languages,"Analysing, recording and reporting progress to regular classroom teachers, parents and students"
2511,Nutrition Professionals,"Planning diets and menus, and instructing people on the requirements and importance of diet and on the planning and preparation of food"
2511,Nutrition Professionals,Supervising the preparation and serving of meals
2511,Nutrition Professionals,"Collecting, organising and assessing data relating to health and nutritional status of individuals, groups and communities"
2511,Nutrition Professionals,Monitoring food intake and quality to provide nutritional care
2511,Nutrition Professionals,Calculating nutritional values of food served
2511,Nutrition Professionals,"Planning, conducting and evaluating nutrition intervention programs and compiling educational material"
2511,Nutrition Professionals,"Providing nutrition assessments, nutrition management, and nutrition education, research and training"
2511,Nutrition Professionals,Consulting with other health professionals and related workers to manage the dietary and nutritional needs of patients
2512,Medical Imaging Professionals,Receiving referrals from medical practitioners to perform medical imaging and radiation treatment of patients
2512,Medical Imaging Professionals,"Determining the appropriate equipment to use, such as x-ray equipment, radiation scanners, fluoroscopes, ultrasound equipment, nuclear instrumentation, angiography equipment and computed tomography (ct) equipment, and selecting the appropriate equipment settings to provide the diagnostic information requested by medical practitioners"
2512,Medical Imaging Professionals,"Calculating details of procedures such as length and intensity of exposure to radiation, size and strength of dosage of isotopes, and settings of recording equipment"
2512,Medical Imaging Professionals,Explaining procedures to patients and answering patients' inquiries about processes
2512,Medical Imaging Professionals,Ensuring patients' welfare during procedures
2512,Medical Imaging Professionals,"Positioning patients, screens and equipment preparatory to procedures"
2512,Medical Imaging Professionals,"Viewing the screen and deciding if images are satisfactory for diagnostic purposes, and selecting images to show medical practitioners"
2512,Medical Imaging Professionals,Conveying findings of procedures to medical practitioners
2513,Occupational and Environmental Health Professionals,"Developing, implementing and reviewing environmental health management plans and occupational health and safety plans"
2513,Occupational and Environmental Health Professionals,"Preparing and implementing plans and strategies for the safe, economic and suitable disposal of commercial, industrial, medical and household wastes"
2513,Occupational and Environmental Health Professionals,"Advising on and enforcing legislation, implementing prevention programs and strategies for communicable diseases, food safety, waste water treatment and disposal systems, recreation and domestic water quality, contaminated and hazardous substances, and minimising air, sea, water and noise pollution to improve health outcomes"
2513,Occupational and Environmental Health Professionals,"Identifying hazards, and assessing and controlling risks in the workplace"
2513,Occupational and Environmental Health Professionals,"Developing, implementing and monitoring programs minimising workplace and environmental pollution involving chemical and physical hazards"
2513,Occupational and Environmental Health Professionals,"Promoting ergonomic principles within the workplace such as matching furniture, equipment and work activities to the needs of employees"
2513,Occupational and Environmental Health Professionals,"Inspecting and auditing workplaces, processes, plant, and chemical and physical hazards for legislative compliance"
2513,Occupational and Environmental Health Professionals,Training employees in personal protective equipment and safe working procedures
2513,Occupational and Environmental Health Professionals,"Recording and investigating injuries and equipment damage, and reporting safety performance"
2513,Occupational and Environmental Health Professionals,Coordinating the return of injured workers into the workplace
2514,Optometrists and Orthoptists,Examining patients' eyes and setting tests to determine the nature and extent of vision problems and abnormalities
2514,Optometrists and Orthoptists,"Assessing ocular health and visual function by measuring visual acuity and refractive error, and testing the function of visual pathways, visual fields, eye movements, freedom of vision and intraocular pressure, and performing other tests using special eye test equipment"
2514,Optometrists and Orthoptists,"Detecting, diagnosing and managing eye disease, referring patients to, and receiving referrals from other health providers, and prescribing medications for the treatment of eye disease"
2514,Optometrists and Orthoptists,Diagnosing eye movement disorders and defects of binocular function
2514,Optometrists and Orthoptists,"Prescribing lenses, contact lenses and low vision aids, and checking suitability and comfort"
2514,Optometrists and Orthoptists,Prescribing exercises to coordinate movement and focusing of eyes
2514,Optometrists and Orthoptists,"Managing programs for eye movement disorders, and instructing and counselling patients in the use of corrective techniques and eye exercises"
2514,Optometrists and Orthoptists,"Advising on visual health matters such as contact lens care, vision care for the elderly, optics, visual ergonomics, and occupational and industrial eye safety"
2514,Optometrists and Orthoptists,Conducting preventative screening programs
2514,Optometrists and Orthoptists,Conducting rehabilitation programs for the visually impaired
2515,Pharmacists,"Receiving prescriptions, checking patients' medicine histories, and ensuring optimal dosage and methods of administration and drug compatibility before dispensing"
2515,Pharmacists,"Preparing or supervising the preparation and labelling of liquid medicines, ointments, powders, tablets and other medications to fill prescriptions"
2515,Pharmacists,Advising prescribers on drug incompatibility and contra-indications
2515,Pharmacists,"Reviewing and monitoring the medicine therapy of individual patients, and assessing the effectiveness of the total medicine therapy"
2515,Pharmacists,"Maintaining prescription files and recording issue of narcotics, poisons and habit-forming drugs"
2515,Pharmacists,"Storing and preserving vaccines, serums and other drugs subject to deterioration"
2515,Pharmacists,"Supplying non-prescription medicines, and diagnostic and therapeutic aids"
2515,Pharmacists,"Supervising and coordinating the work of pharmacy technicians, pharmacy interns and pharmacy sales assistants"
2515,Pharmacists,"Conducting research to develop and improve pharmaceuticals, cosmetics and related chemical products"
2515,Pharmacists,"Conferring with chemists, engineering professionals and other professionals about manufacturing techniques and ingredients"
2515,Pharmacists,"Testing and analysing drugs to determine their identity, purity and strength in relation to specified standards"
2515,Pharmacists,Developing standards for drugs used in pharmaceuticals
2519,Other Health Diagnostic and Promotion Professionals,"Assists health and community groups to improve the health of individuals and the community by raising awareness of healthy lifestyles, disease and disability, and other health-related issues"
2519,Other Health Diagnostic and Promotion Professionals,"Designs, builds, fits and repairs splints, braces, callipers, artificial limbs and related appliances to restore function or compensate for muscular and skeletal disabilities"
2521,Chiropractors and Osteopaths,"Administering a variety of neurological, musculoskeletal and functional tests to identify and assess physical problems and ailments of patients"
2521,Chiropractors and Osteopaths,Planning and discussing effective management of patients' dysfunction
2521,Chiropractors and Osteopaths,"Designing, reviewing, monitoring, assessing and evaluating treatment programs"
2521,Chiropractors and Osteopaths,"Assisting and improving the function of all body systems such as musculoskeletal, neurological, cardiovascular, respiratory, gastrointestinal, endocrine and genitourinary systems"
2521,Chiropractors and Osteopaths,"Recording detailed patient medical histories, treatments delivered and the patients' responses and progress to treatments"
2521,Chiropractors and Osteopaths,"Referring patients to specialists and liaising with other health professionals in relation to patients' problems, needs and progress"
2521,Chiropractors and Osteopaths,"Educating patients, their partners, family and friends in therapeutic procedures, such as home exercises and lifestyle changes, to enhance patients' health and wellbeing"
2522,Complementary Health Therapists,"Assessing patients to determine the nature of the disorder, illness, problem or need by questioning, examining and observing"
2522,Complementary Health Therapists,"Developing and implementing treatment plans using applications such as acupuncture, homoeopathic and herbal medicine, and dance, drama, hypnotic and music therapies"
2522,Complementary Health Therapists,Evaluating and documenting patients' progress through treatment plans
2522,Complementary Health Therapists,Providing dietary and lifestyle advice and guidelines
2522,Complementary Health Therapists,"Prescribing natural medicines, such as herbal, mineral and animal extracts, to stimulate the body's capacity for self-healing"
2523,Dental Practitioners,"Diagnosing dental diseases using a range of methods such as radiographs, salivary tests and medical histories"
2523,Dental Practitioners,"Providing preventative oral health care such as periodontal treatments, fluoride applications and oral health promotion"
2523,Dental Practitioners,"Providing restorative oral care such as implants, complex crown and bridge restorations, and orthodontics, and repairing damaged and decayed teeth"
2523,Dental Practitioners,Providing oral surgical treatments such as biopsy of tissue and prescription of medication
2523,Dental Practitioners,Performing routine orthodontic treatment
2523,Dental Practitioners,Restoring oral function with removable and fixed oral prostheses
2523,Dental Practitioners,Assisting in diagnosing general diseases having oral manifestations such as diabetes
2523,Dental Practitioners,Educating patients to take care of their mouth and teeth
2523,Dental Practitioners,"Leading a dental team which may comprise dental hygienists, dental therapists, dental assistants and other dental specialists"
2524,Occupational Therapists,"Assessing clients' emotional, psychological, developmental and physical capabilities using clinical observations and standardised tests"
2524,Occupational Therapists,"Assessing clients' functional potential in their home, leisure, work and school environments, and recommending environmental adaptations to maximise their performance"
2524,Occupational Therapists,"Planning and directing programs through the use of vocational, recreational, remedial, social and educational activities on an individual and group basis"
2524,Occupational Therapists,"Providing advice to family members, carers, employers and teachers about adapting clients' home, leisure, work and school environments"
2524,Occupational Therapists,"Providing adaptive equipment, such as wheel chairs and splints, to assist clients to overcome their functional limitations"
2524,Occupational Therapists,Working with other health professionals in overall case management of clients
2524,Occupational Therapists,"Working with other professionals in providing specialist advice to specific client groups such as those requiring driver rehabilitation, third-party compensation and medico-legal representation"
2524,Occupational Therapists,Recording clients' progress and maintaining professional relationships in accordance with relevant legislative requirements and ethical guidelines
2525,Physiotherapists,"Administering muscle, nerve, joint and functional ability tests to identify and assess physical problems of patients"
2525,Physiotherapists,Designing treatment programs to address patients' problems
2525,Physiotherapists,"Treating patients to reduce pain, improve circulation, strengthen muscles, improve cardiothoracic, cardiovascular and respiratory functions, restore joint mobility, and improve balance and coordination"
2525,Physiotherapists,"Using the therapeutic properties of exercise, heat, cold, massage, manipulation, hydrotherapy, electrotherapy, ultraviolet and infra-red light and ultrasound in the treatment of patients"
2525,Physiotherapists,"Reviewing, continually monitoring, assessing and evaluating programs and treatments"
2525,Physiotherapists,"Consulting with other health professionals as required about patients' problems, needs and progress"
2525,Physiotherapists,Instructing patients and their families in procedures to be continued at home
2525,Physiotherapists,Recording treatments given and patients' responses and progress
2525,Physiotherapists,Developing and implementing screening and preventative health promotion programs
2526,Podiatrists,"Examining patients' feet to determine the nature and extent of conditions, deformities and injuries"
2526,Podiatrists,"Examining and treating foot disabilities caused by diseases such as diabetes, peripheral vascular disorders, rheumatoid arthritis and other neuropathies"
2526,Podiatrists,Prescribing and arranging the fabrication of footwear to correct foot abnormalities
2526,Podiatrists,Performing minor surgery to remove and improve abnormal conditions
2526,Podiatrists,"Prescribing and fitting replaceable pads, palliative and functional supports and other devices for the protection and correction of foot abnormalities"
2526,Podiatrists,Advising patients about continued treatment and foot care
2526,Podiatrists,May provide rehabilitation services to the physically handicapped
2526,Podiatrists,May refer patients to or have patients referred from medical practitioners
2527,Audiologists and Speech Pathologists \ Therapists,Administering and interpreting a wide range of audiometric tests to determine hearing efficiency and locate sites of detected hearing problems
2527,Audiologists and Speech Pathologists \ Therapists,"Interpreting audiometric test results alongside other medical, social and behavioural diagnostic data"
2527,Audiologists and Speech Pathologists \ Therapists,Evaluating total response pattern and acoustic tests to distinguish between organic and non-organic hearing loss
2527,Audiologists and Speech Pathologists \ Therapists,"Planning, directing and participating in counselling, speech reading and other rehabilitation programs"
2527,Audiologists and Speech Pathologists \ Therapists,Prescribing appropriate hearing aids and instructing patients in use
2527,Audiologists and Speech Pathologists \ Therapists,Administering tests and observing patients to determine nature and extent of disorders
2527,Audiologists and Speech Pathologists \ Therapists,Planning and conducting programs of remedial exercise to correct disorders such as stuttering and abnormal articulation
2527,Audiologists and Speech Pathologists \ Therapists,"Administering individual and group therapy for rehabilitation of patients with communication problems caused by defective hearing, cerebral palsy, surgery and injury"
2527,Audiologists and Speech Pathologists \ Therapists,Advising on treatment for children with difficulties in learning to speak
2527,Audiologists and Speech Pathologists \ Therapists,"Counselling and guiding language-handicapped individuals, their families, teachers and employers"
2531,General Practitioners and Resident Medical Officers,"Conducting examinations and questioning patients to determine the nature of disorders and illnesses, and recording patients' medical information"
2531,General Practitioners and Resident Medical Officers,"Ordering laboratory tests, x-rays and other diagnostic procedures, and interpreting findings to assist in diagnosis"
2531,General Practitioners and Resident Medical Officers,"Providing overall care for patients, and prescribing and administering treatments, medications and other remedial measures"
2531,General Practitioners and Resident Medical Officers,Monitoring patients' progress and response to treatment
2531,General Practitioners and Resident Medical Officers,"Advising on diet, exercise and other habits which aid prevention and treatment of disease and disorders"
2531,General Practitioners and Resident Medical Officers,"Referring patients to, and exchanging medical information with, specialist medical practitioners"
2531,General Practitioners and Resident Medical Officers,"Reporting births, deaths and notifiable diseases to government authorities"
2531,General Practitioners and Resident Medical Officers,Arranging the admission of patients to hospitals
2532,Anaesthetists,Performing pre-operative examinations of patients to determine appropriate anaesthetic and sedation in concurrence with internal medicine specialists and surgeons
2532,Anaesthetists,Discussing the anaesthetic process with patients and obtaining their informed consent prior to surgery
2532,Anaesthetists,"Administering local, regional and general anaesthetics using a variety of methods such as inhalational and intravenous administration"
2532,Anaesthetists,"Supervising the transfer of patients to operating theatres, positioning on operating tables, keeping patients warm, and responding quickly and accurately if any problems arise"
2532,Anaesthetists,Monitoring patients throughout surgical procedures and in immediate post-operative procedures
2532,Anaesthetists,"Recording details of anaesthetic and sedation administered, and the condition of patients before, during and after anaesthesia"
2532,Anaesthetists,"Liaising with other health care workers to provide diagnosis and treatment for patients with chronic pain, and to diagnose and treat patients requiring intensive care or resuscitation"
2532,Anaesthetists,"May instruct medical, nursing, student and ancillary staff on the signs, symptoms and diagnosis of allergic and anaphylactic reactions to anaesthetic agents, and supervision and treatment of life threatening emergencies"
2533,Specialist Physicians,"Examining patients to determine the nature and extent of problems after referral from general medical practitioners and other medical specialists, and undertaking laboratory tests and diagnostic procedures"
2533,Specialist Physicians,Analysing test results and other medical information to make diagnoses
2533,Specialist Physicians,"Prescribing and administering drugs, and remedial and therapeutic treatment and procedures"
2533,Specialist Physicians,Recording medical information and data
2533,Specialist Physicians,Reporting specified contagious and notifiable diseases to government health and immigration authorities
2533,Specialist Physicians,May admit or refer patients to hospitals
2533,Specialist Physicians,May consult other medical specialists
2534,Psychiatrists,"Assessing patients' mental and physical status to determine the nature and extent of mental, emotional and behavioural disorders"
2534,Psychiatrists,"Assessing patients' medical, psychiatric and psychological histories"
2534,Psychiatrists,Examining patients to determine general physical condition
2534,Psychiatrists,"Ordering laboratory tests, imaging, neuropsychological tests and other diagnostic procedures"
2534,Psychiatrists,Examining the results of tests and examinations to determine the most appropriate forms of treatment
2534,Psychiatrists,"Prescribing and administering medication, psychotherapy, and other physical treatments and rehabilitation programs"
2534,Psychiatrists,Arranging admission to hospitals and providing in-patient treatment
2534,Psychiatrists,"Consulting, supervising and working with other medical practitioners and health professionals"
2534,Psychiatrists,Determining whether patients require involuntary treatment in accordance with relevant mental health acts
2534,Psychiatrists,Assisting courts and other statutory bodies in managing patients in legal and forensic settings
2534,Psychiatrists,"Teaching medical students and registrars, and assessing their progress by administering tests"
2535,Surgeons,"Examining patients to determine the necessity of operations, estimating and explaining risks to patients, and selecting the best operational procedures"
2535,Surgeons,"Reviewing reports on patients' general physical condition, reactions to medications and medical histories"
2535,Surgeons,Consulting with anaesthetists regarding the correct anaesthesia for patients
2535,Surgeons,Performing surgical operations
2535,Surgeons,"Examining instruments, equipment, and surgical set-up to ensure that antiseptic and aseptic methods have been followed"
2535,Surgeons,"Instructing other medical, nursing and associated staff regarding the preparation of patients and instrument and equipment requirements"
2535,Surgeons,"Prescribing post-operative care, and observing and investigating patients' progress"
2535,Surgeons,Maintaining records of operations performed
2535,Surgeons,May specialise in particular types of operations
2539,Other Medical Practitioners,"Provides diagnostic, treatment and preventative medical services related to disorders of the human skin"
2539,Other Medical Practitioners,"Provides diagnostic medical services, and manages patients with acute and urgent illness and injury"
2539,Other Medical Practitioners,"Provides diagnostic, treatment and preventative medical and surgical services related to the care of women, foetuses and children during pregnancy and childbirth, and to disorders of the female genital, urinary, rectal and reproductive organs"
2539,Other Medical Practitioners,"Provides diagnostic, treatment and preventative medical services related to diseases, injuries and deficiencies of the human eye and associated structures"
2539,Other Medical Practitioners,"Identifies the cause and processes of disease and illness by examining changes in body tissue and in blood and other body fluids, and conducts tests on samples of tissues, blood and body secretions"
2539,Other Medical Practitioners,"Provides diagnostic medical services, and medical care and management of patients utilising radiant energy techniques such as general radiography, angiography, fluoroscopy, mammography, ultrasound, computed tomography, magnetic resonance imaging, nuclear medicine and bone densitometry. registration or licensing is required"
2541,Midwives,"Providing advice and support during pre-conception, intrapartum, antenatal and postnatal periods in partnership with women"
2541,Midwives,Providing care and management of pregnancy and birth
2541,Midwives,Assessing progress and recognising warning signs of abnormal and potentially abnormal pregnancies requiring referral to an obstetrician
2541,Midwives,Monitoring the condition of women and foetuses during pregnancy and throughout labour
2541,Midwives,"Conducting health education classes and seminars to promote the health of mothers and babies such as reproductive health, antenatal education, preparation for parenthood and breastfeeding"
2541,Midwives,"Providing advice on nutrition, childcare and family planning"
2542,Nurse Educators and Researchers,"Researching, planning, developing and implementing nursing curricula"
2542,Nurse Educators and Researchers,Facilitating practical experience for general and specialist nurses
2542,Nurse Educators and Researchers,Evaluating ongoing and changing educational needs and monitoring course outcomes
2542,Nurse Educators and Researchers,"Participating in developing and implementing policies affecting nursing, nurse education and health"
2542,Nurse Educators and Researchers,"Undertaking and promoting nursing and interdisciplinary research projects, and disseminating research information"
2542,Nurse Educators and Researchers,Promoting utilisation of current research findings into clinical nursing practice and patient management
2542,Nurse Educators and Researchers,"Promoting the implementation of research and research findings into organisation-wide functions such as safety, quality and risk management"
2542,Nurse Educators and Researchers,Providing support and education for other nurses undertaking research
2543,Nurse Managers,"Developing, implementing and monitoring policies and objectives of nursing care as they apply to units, staff and community groups"
2543,Nurse Managers,"Coordinating the allocation of human and material resources for a health service unit such as recruitment of staff, human resource management, preparation of budgets and fiscal management"
2543,Nurse Managers,"Monitoring and controlling the performance of nursing and support staff within the unit, and providing leadership"
2543,Nurse Managers,"Initiating studies to evaluate the effectiveness of nursing services in the unit in relation to objectives, costs and nursing care"
2543,Nurse Managers,Promoting working relationships with community agencies and health and education providers
2543,Nurse Managers,"Contributing to organisational objectives in relation to quality, safety and risk management"
2544,Registered Nurses,"Assessing, planning, implementing and evaluating nursing care for patients according to accepted nursing practice and standards"
2544,Registered Nurses,"Working in consultation with other health professionals and members of health teams, and coordinating the care of patients"
2544,Registered Nurses,"Providing interventions, treatments and therapies such as medications, and monitoring responses to treatment and care plan"
2544,Registered Nurses,Promoting health and assisting in preventing ill health by participating in health education and other health promotion activities
2544,Registered Nurses,Answering questions and providing information to patients and families about treatment and care
2544,Registered Nurses,Supervising and coordinating the work of enrolled nurses and other health care workers
2611,ICT Business and Systems Analysts,Working with users to formulate and document business requirements
2611,ICT Business and Systems Analysts,"Identifying, investigating, and analysing business processes, procedures and work practices"
2611,ICT Business and Systems Analysts,"Identifying and evaluating inefficiencies and recommending optimal business practices, and system functionality and behaviour"
2611,ICT Business and Systems Analysts,"Using project management methodologies, principles and techniques to develop project plans and to cost, resource and manage projects"
2611,ICT Business and Systems Analysts,"Taking responsibility for deploying functional solutions, such as creating, adopting and implementing system test plans, which ensure acceptable quality and integrity of the system"
2611,ICT Business and Systems Analysts,"Creating user and training documentation, and conducting formal training classes"
2611,ICT Business and Systems Analysts,Developing functional specifications for use by system developers
2611,ICT Business and Systems Analysts,Using data and process modelling techniques to create clear system specifications for the design and development of system software
2611,ICT Business and Systems Analysts,"Acting as a central reference and information source, providing guidance and assistance in the system project decision making process"
2612,Multimedia Specialists and Web Developers,"Analysing, designing and developing internet sites applying a mixture of artistry and creativity with software programming and scripting languages and interfacing with operating environments"
2612,Multimedia Specialists and Web Developers,"Designing and developing digital animations, imaging, presentations, games, audio and video clips, and internet applications using multimedia software, tools and utilities, interactive graphics and programming languages"
2612,Multimedia Specialists and Web Developers,"Communicating with network specialists regarding web-related issues, such as security and hosting web sites, to control and enforce internet and web server security, space allocation, user access, business continuity, web site backup and disaster recovery planning"
2612,Multimedia Specialists and Web Developers,"Designing, developing and integrating computer code with other specialised inputs, such as image files, audio files and scripting languages, to produce, maintain and support web sites"
2612,Multimedia Specialists and Web Developers,"Assisting in analysing, specifying and developing internet strategies, web-based methodologies and development plans"
2613,Software and Applications Programmers,"Researching, consulting, analysing and evaluating system program needs"
2613,Software and Applications Programmers,"Identifying technology limitations and deficiencies in existing systems and associated processes, procedures and methods"
2613,Software and Applications Programmers,"Testing, debugging, diagnosing and correcting errors and faults in an applications programming language within established testing protocols, guidelines and quality standards to ensure programs and applications perform to specification"
2613,Software and Applications Programmers,"Writing and maintaining program code to meet system requirements, system designs and technical specifications in accordance with quality accredited standards"
2613,Software and Applications Programmers,"Writing, updating and maintaining technical program, end user documentation and operational procedures"
2613,Software and Applications Programmers,"Providing advice, guidance and expertise in developing proposals and strategies for software design activities such as financial evaluation and costings for recommending software purchases and upgrades"
2621,"Database and Systems Administrators, and ICT Security Specialists","Designing and maintaining database architecture, data structures, tables, dictionaries and naming conventions to ensure the accuracy and completeness of all data master files"
2621,"Database and Systems Administrators, and ICT Security Specialists","Performing the operational establishment and preventive maintenance of backups, recovery procedures, and enforcing security and integrity controls"
2621,"Database and Systems Administrators, and ICT Security Specialists","Implementing and administering database documentation, guidelines, policies and procedures"
2621,"Database and Systems Administrators, and ICT Security Specialists","Testing database systems and upgrades, such as debugging, tracking, reproduction, logging and resolving all identified problems, according to approved quality testing scripts, procedures and processes"
2621,"Database and Systems Administrators, and ICT Security Specialists","Accepting responsibility for the processes, procedures and operational management associated with system security and disaster recovery planning"
2621,"Database and Systems Administrators, and ICT Security Specialists","Liaising with security vendors, suppliers, service providers and external resources; analysing, recommending, installing and maintaining software security applications; and monitoring contractual obligations, performance delivery and service level agreements"
2621,"Database and Systems Administrators, and ICT Security Specialists","Troubleshooting and providing service support in diagnosing, resolving and repairing server-related hardware and software malfunctions, encompassing workstations and communication infrastructure"
2621,"Database and Systems Administrators, and ICT Security Specialists","Preparing and maintaining documentation, policies and instructions, and recording and detailing operational procedures and system logs"
2621,"Database and Systems Administrators, and ICT Security Specialists","Ensuring that the design of computer sites allows all components to fit together and work properly, and monitoring and adjusting the performance of networks"
2621,"Database and Systems Administrators, and ICT Security Specialists",Continually surveying the current computer site to determine future network needs and making recommendations for enhancements in the implementation of future servers and networks
2631,Computer Network Professionals,"Analysing, developing, interpreting and evaluating complex system design and architecture specifications, data models and diagrams in the development, configuration and integration of computer systems"
2631,Computer Network Professionals,"Researching, analysing, evaluating and monitoring network infrastructure to ensure networks are configured to operate at optimal performance"
2631,Computer Network Professionals,"Assessing and recommending improvements to network operations and integrated hardware, software, communications and operating systems"
2631,Computer Network Professionals,Providing specialist skills in supporting and troubleshooting network problems and emergencies
2631,Computer Network Professionals,"Installing, configuring, testing, maintaining and administering new and upgraded networks, software database applications, servers and workstations"
2631,Computer Network Professionals,Providing network programming in support of specific business needs and requirements
2631,Computer Network Professionals,"Preparing and maintaining procedures and documentation for network inventory, and recording diagnosis and resolution of network faults, enhancements and modifications to networks, and maintenance instructions"
2631,Computer Network Professionals,"Monitoring network traffic, and activity, capacity and usage to ensure continued integrity and optimal network performance"
2632,ICT Support and Test Engineers,"Scheduling and conducting quality audit inspections, and analysing and reviewing systems, data and documentation"
2632,ICT Support and Test Engineers,Identifying variations and potential high risk areas in securing adherence to standards and procedures
2632,ICT Support and Test Engineers,Recommending corrective action plans and improvements in the resolution of non-compliance with standards detected through monitoring and auditing of processes and procedures
2632,ICT Support and Test Engineers,"Communicating, educating and liaising with users and management to ensure awareness and adherence to standards, procedures and quality control issues and activities"
2632,ICT Support and Test Engineers,"Assisting in troubleshooting, diagnosing, testing and resolving system problems and issues"
2632,ICT Support and Test Engineers,"Developing, conducting and providing technical guidance and training in application software and operational procedures"
2632,ICT Support and Test Engineers,"Analysing, evaluating and diagnosing technical problems and issues such as installation, maintenance, repair, upgrade and configuration and troubleshooting of desktops, software, hardware, printers, internet, email, databases, operating systems and security policies and procedures to ensure optimal database and system integrity, security, backup, reliability and performance"
2632,ICT Support and Test Engineers,"Testing, identifying and diagnosing functionality errors and faults in systems, and programming code within established testing protocols, guidelines and quality standards to ensure systems perform to specification"
2632,ICT Support and Test Engineers,"Performing organisational systems architecture reviews and assessments, and recommending current and future hardware and software strategies and directions"
2632,ICT Support and Test Engineers,"Creating and reviewing technical documentation such as procedural, instructional and operational guides and manuals, technical reports and specifications and maintenance inventory systems"
2633,Telecommunications Engineering Professionals,"Planning, designing, building, configuring and commissioning telecommunications devices, networks and systems, such as voice, radio, two-way, data, microwave, satellite and digital data systems, and ensuring telecommunications systems interconnect with equipment from different manufacturers, service providers and users"
2633,Telecommunications Engineering Professionals,"Compiling engineering project proposals to define goals, identify scope, background and need, and ascertain cost of equipment, parts and services"
2633,Telecommunications Engineering Professionals,Evaluating and procuring new products and services from vendors
2633,Telecommunications Engineering Professionals,"Ensuring compliance with laws, regulations, policies and procedures in the provision of telecommunications systems"
2633,Telecommunications Engineering Professionals,"Selecting and developing new telecommunications sites by locating sites, filing documents, drawing up documents for approval, drafting construction drawings and following through to approval"
2633,Telecommunications Engineering Professionals,"Determining appropriate configurations of telecommunications hardware and software, ensuring desired performance of telecommunications equipment"
2633,Telecommunications Engineering Professionals,"Preparing and interpreting specifications, drawings and regulations for the use of telecommunications equipment"
2633,Telecommunications Engineering Professionals,"Determining the type and arrangement of circuits, transformers, circuit-breakers, transmission lines and equipment"
2633,Telecommunications Engineering Professionals,"Identifying and analysing problems and needs of existing telecommunications systems, such as interference, intelligibility and clarity, to determine the most appropriate means of reducing, eliminating and avoiding current and future problems and improve communications"
2633,Telecommunications Engineering Professionals,"Monitoring telecommunications systems to assess need for updates, upgrades, enhancements, preventive maintenance and new systems"
2633,Telecommunications Engineering Professionals,"Assessing performance levels of system hardware and software to project future needs, and developing shortand long-terms plans for updating equipment, adding capabilities, enhancing existing systems and providing improved telecommunications"
2711,Barristers,"Receiving written information in the form of briefs and verbal instructions concerning cases from solicitors, other specialist legal professionals and clients"
2711,Barristers,Providing advice and written opinions on points of law
2711,Barristers,Conferring with clients and witnesses in preparation for court proceedings
2711,Barristers,"Drawing up pleadings, affidavits and other court documents"
2711,Barristers,Researching statutes and previous court decisions relevant to cases
2711,Barristers,"Outlining the facts to the court, calling and questioning witnesses, and making addresses to the court to argue a client's case"
2711,Barristers,Providing opinion on complex legal issues
2711,Barristers,May draw up or settle documents
2712,Judicial and Other Legal Professionals,Researching statutes and previous court decisions relevant to cases
2712,Judicial and Other Legal Professionals,Conducting trials and hearings
2712,Judicial and Other Legal Professionals,Calling and questioning witnesses
2712,Judicial and Other Legal Professionals,Hearing and evaluating arguments and evidence in civil and criminal summary matters
2712,Judicial and Other Legal Professionals,"Deciding penalties and sentences within statutory limits, such as fines, bonds and detention, awarding damages in civil matters, and issuing court orders"
2712,Judicial and Other Legal Professionals,Exercising arbitral powers if resolution is not achieved or seems improbable through conciliation
2712,Judicial and Other Legal Professionals,Preparing settlement memoranda and obtaining signatures of parties
2712,Judicial and Other Legal Professionals,"Advising government of legal, constitutional and parliamentary matters and drafting bills and attending committee meetings during consideration of bills"
2712,Judicial and Other Legal Professionals,Preparing advice on matters associated with intellectual property rights
2712,Judicial and Other Legal Professionals,Advising clients and agents on legal and technical matters
2713,Solicitors,"Interviewing clients to determine the nature of problems, and recommending and undertaking appropriate legal action"
2713,Solicitors,"Preparing cases for court by conducting investigations, undertaking research, arranging witness preparation and attendance, and giving notice of court actions"
2713,Solicitors,Representing clients in court
2713,Solicitors,"Managing conveyancing and other property matters by preparing contracts of sale, mortgage documents, lease documents and other documents relating to the transfer of land and buildings"
2713,Solicitors,Preparing and critically reviewing contracts between parties
2713,Solicitors,Preparing wills
2713,Solicitors,"Providing advice on family law, company law, partnerships, commercial law and trusts"
2713,Solicitors,May act as trustee or guardian
2713,Solicitors,May act as executor of clients' wills
2721,Counsellors,"Working with clients on career, study and employment options by obtaining and examining information relevant to their abilities and needs"
2721,Counsellors,Providing information and resources to assist clients with job-seeking skills
2721,Counsellors,Assessing client needs in relation to treatment for drug and alcohol abuse
2721,Counsellors,"Conducting counselling interviews with individuals, couples and family groups"
2721,Counsellors,"Assisting the understanding and adjustment of attitudes, expectations and behaviour to develop more effective interpersonal and marital relationships"
2721,Counsellors,Presenting alternative approaches and discussing potential for attitude and behaviour change
2721,Counsellors,Consulting with clients to develop rehabilitation plans taking account of vocational and social needs
2721,Counsellors,"Contributing information, understanding and advice on the learning and behaviour of students, especially those with special needs, and assisting parents and teachers in dealing with these needs"
2721,Counsellors,May work in a call centre
2722,Ministers of Religion,Preparing and conducting services of public worship and acknowledgments of faith
2722,Ministers of Religion,"Preparing and delivering sermons, homilies and special talks, and planning music for services"
2722,Ministers of Religion,"Participating in the social and welfare activities of communities, encouraging people to be aware of their responsibilities, and organising participation in community projects"
2722,Ministers of Religion,"Conducting classes of religious instruction, and supervising prayer and discussion groups, retreats and seminars"
2722,Ministers of Religion,Conducting premarital and family counselling and referring people to professional service agencies where necessary
2722,Ministers of Religion,"Performing marriages, funerals and special memorial services according to tradition and ecclesiastical and civil law"
2722,Ministers of Religion,"Visiting members of the community in their homes, hospitals and other institutions to provide advice and religious comfort"
2722,Ministers of Religion,Keeping records as required by the church and civil law
2723,Psychologists and Psychotherapists,"Collecting data about clients and assessing their cognitive, behavioural and emotional disorders"
2723,Psychologists and Psychotherapists,Administering and interpreting diagnostic tests and formulating plans for treatment
2723,Psychologists and Psychotherapists,"Developing, administering and evaluating individual and group treatment programs"
2723,Psychologists and Psychotherapists,Consulting with other professionals on details of cases and treatment plans
2723,Psychologists and Psychotherapists,"Conducting research studies of motivation in learning, group performance and individual differences in mental abilities and educational performance"
2723,Psychologists and Psychotherapists,Collecting data and analysing characteristics of students and recommending educational programs
2723,Psychologists and Psychotherapists,"Formulating achievement, diagnostic and predictive tests for use by teachers in planning methods and content of instruction"
2723,Psychologists and Psychotherapists,"Developing interview techniques, psychological tests and other aids in workplace selection, placement, appraisal and promotion"
2723,Psychologists and Psychotherapists,"Conducting surveys and research studies on job design, work groups, morale, motivation, supervision and management"
2723,Psychologists and Psychotherapists,Performing job analyses and establishing job requirements by observing and interviewing employees and managers
2724,Social Professionals,"Assembling historical data by consulting sources of information such as historical indexes and catalogues, archives, court records, diaries, newspaper files and other materials"
2724,Social Professionals,"Organising, authenticating, evaluating and interpreting historical, political, sociological, anthropological and linguistic data"
2724,Social Professionals,"Undertaking historical and cultural research into human activity, and preparing and presenting research findings"
2724,Social Professionals,Providing simultaneous and consecutive verbal or signed renditions of speeches into another language
2724,Social Professionals,"Rendering the meaning and feeling of what is said and signed into another language in the appropriate register and style in a range of settings such as courts, hospitals, schools, workplaces and conferences"
2724,Social Professionals,Studying original texts and transcripts of recorded spoken material to comprehend subject matter and translating them into another language
2724,Social Professionals,"Rendering the meaning and feeling of written material, such as literary, legal, technical and scientific texts, into another language in the appropriate register and style, so that it will read as an original piece rather than as a translation"
2725,Social Workers,Acting as a facilitator between clients in need and community services
2725,Social Workers,"Assessing resources for health, welfare, recreation, housing, employment and other community services"
2725,Social Workers,"Providing leadership and assistance for the implementation of pilot projects in community development and self-help, and planning and implementing research projects to address client needs, organisation goals and social policy"
2725,Social Workers,"Cooperating with community organisations, social agencies and voluntary groups to improve services and develop new services"
2725,Social Workers,Conducting individual and family case interviews to identify the nature and extent of clients' problems
2725,Social Workers,"Assisting clients to understand and resolve problems by providing information, acting as a mediator and referring them to community and self-help agencies"
2725,Social Workers,"Analysing, developing, promoting and implementing social policies through the use of practice experience, research, analytic frameworks, and negotiation skills to respond to social need through a fair, equitable and effective allocation of social resource"
2725,Social Workers,Monitoring the progress of clients by maintaining contact
2725,Social Workers,Compiling case records and reports
2726,"Welfare, Recreation and Community Arts Workers","Researching and analysing community issues, needs and problems"
2726,"Welfare, Recreation and Community Arts Workers","Developing, evaluating and maintaining community resources and programs"
2726,"Welfare, Recreation and Community Arts Workers",Evaluating data and writing reports such as submissions requesting funding for continuing programs and new projects
2726,"Welfare, Recreation and Community Arts Workers","Identifying issues of local need, concerns and aspirations through community consultation"
2726,"Welfare, Recreation and Community Arts Workers","Organising local sporting, cultural and recreational events and activities such as community functions, hobby classes, community arts projects and sporting competitions"
2726,"Welfare, Recreation and Community Arts Workers","Providing support while exploring alternatives with clients who experience difficulties such as marital problems, unemployment, illness and drug abuse"
2726,"Welfare, Recreation and Community Arts Workers","Assessing risks and providing intensive short-term crisis counselling for victims of domestic violence, child abuse, disasters and other crises"
2726,"Welfare, Recreation and Community Arts Workers","Assisting to establish and administer neighbourhood houses, community groups, employment training programs and other services"
3111,Agricultural Technicians,"Examining topographical, physical and soil characteristics of farmland to determine its most effective use and identify nutrient deficiencies"
3111,Agricultural Technicians,"Assisting in developing new methods of planting, fertilising, harvesting and processing crops to achieve optimum land usage"
3111,Agricultural Technicians,"Identifying pathogenic micro-organisms and insects, parasites, fungi and weeds harmful to crops and livestock, and assisting in devising methods of control"
3111,Agricultural Technicians,Analysing produce to set and maintain standards of quality
3111,Agricultural Technicians,Inspecting livestock to gauge the effectiveness of feed formulae
3111,Agricultural Technicians,Assisting in controlled breeding experiments to develop improved crop and livestock strains
3111,Agricultural Technicians,"Arranging the supply of drugs, vaccines and other chemicals to farmers and farm managers, and giving advice on their use"
3111,Agricultural Technicians,Collecting and collating data for research
3111,Agricultural Technicians,"Planning slaughtering, harvesting and other aspects of production processes"
3111,Agricultural Technicians,May advise producers on farming techniques and management
3112,Medical Technicians,"Operating equipment used in diagnosing and monitoring disorders of the heart, kidneys, nervous system and hearing, and in anaesthesia"
3112,Medical Technicians,Undertaking and assisting with medical analytical procedures and assisting anaesthetists and surgical teams
3112,Medical Technicians,"Recording the electrical activity of the heart, from which the heart rate is measured and pattern and rhythm interpreted"
3112,Medical Technicians,Preparing and staining slides and tissue sections to study the cells of blood and for histological examination
3112,Medical Technicians,"Performing diagnostic tests on tissues and body fluids and analysing the chemical constituents of blood, urine, faeces and tissues"
3112,Medical Technicians,Testing for diseases by looking for the presence of antibodies and the products of immune response in samples
3112,Medical Technicians,"Setting up, checking and maintaining operating theatres, anaesthetic workstations, life support machines and associated equipment"
3112,Medical Technicians,Referring prescriptions to pharmacists and assisting in preparing medications
3113,Primary Products Inspectors,"Inspecting animals, plants and agricultural produce to identify product quality issues, and providing advice to producers"
3113,Primary Products Inspectors,Auditing and monitoring quality procedures at farms and food handling and processing facilities to ensure compliance with required standards
3113,Primary Products Inspectors,"Testing samples of produce for quality, size and purity"
3113,Primary Products Inspectors,"Ensuring that required standards of hygiene are observed at storage, processing and packing facilities and in transport vehicles"
3113,Primary Products Inspectors,Advising primary producers on economic aspects of disease eradication and informing producers and the general public of the health implications of diseases and impurities
3113,Primary Products Inspectors,"Advising on the identification of pests and diseases and on regulations pertaining to grading, packing and loading of products"
3113,Primary Products Inspectors,"Examining imported plants and animals, and products, such as timber, seeds and dried fruits, and making quarantine arrangements"
3113,Primary Products Inspectors,Patrolling and investigating waterways for unlawful fishing activities and the removal of protected marine life
3113,Primary Products Inspectors,"Educating, advising and providing information on a wide range of topics relating to fish and their protection"
3113,Primary Products Inspectors,May initiate or assist in legal action to enforce regulations
3114,Science Technicians,Preparing materials for experimentation such as freezing and slicing specimens and mixing chemicals
3114,Science Technicians,Collecting information and samples
3114,Science Technicians,"Conducting field and laboratory experiments, tests and analyses"
3114,Science Technicians,"Presenting results in graphic and written form by preparing maps, charts, sketches, diagrams and reports"
3114,Science Technicians,"Performing routine mathematical calculations, and computations of measurements"
3114,Science Technicians,Controlling the quality and quantity of laboratory supplies by testing samples and monitoring usage
3114,Science Technicians,"Checking, calibrating and maintaining test equipment"
3114,Science Technicians,"Participating in fabricating, installing and modifying equipment to ensure that critical standards are met"
3114,Science Technicians,Preparing experiments and demonstrations for science classes
3121,"Architectural, Building and Surveying Technicians","Assisting construction managers, architects and surveyors in planning and organisation"
3121,"Architectural, Building and Surveying Technicians","Interpreting plans, regulations and codes of practice"
3121,"Architectural, Building and Surveying Technicians","Preparing preliminary sketches, working drawings and specifications"
3121,"Architectural, Building and Surveying Technicians","Preparing, editing and revising plans, maps, charts and drawings"
3121,"Architectural, Building and Surveying Technicians",Coordinating works programs
3121,"Architectural, Building and Surveying Technicians","Inspecting work and materials for compliance with specifications, regulations and standards"
3121,"Architectural, Building and Surveying Technicians",Calculating costs and estimating time scales
3121,"Architectural, Building and Surveying Technicians",Collecting data using surveying instruments and photogrammetric equipment
3121,"Architectural, Building and Surveying Technicians",Performing routine computations and plotting preliminary data
3122,Civil Engineering Draftspersons and Technicians,"Preparing sketches, charts, tabulations, plans and designs for civil engineering works such as drainage, water supply, sewerage reticulation systems, roads, airports, dams, bridges and other structures"
3122,Civil Engineering Draftspersons and Technicians,Performing and directing fieldwork and laboratory testing
3122,Civil Engineering Draftspersons and Technicians,"Interpreting work assignment instructions, applying appropriate procedures and selecting equipment"
3122,Civil Engineering Draftspersons and Technicians,"Collecting and analysing data, and carrying out computations"
3122,Civil Engineering Draftspersons and Technicians,"Estimating material costs and ensuring finished works are within specifications, regulations and contract provisions"
3122,Civil Engineering Draftspersons and Technicians,"Inspecting civil engineering works, and organising and supervising maintenance and repair work"
3122,Civil Engineering Draftspersons and Technicians,"Conducting field and laboratory tests of construction materials and soils, and collecting data for traffic surveys"
3123,"Electrical Engineering Draftspersons, Technicians","Preparing drawings, plans and diagrams of electrical installations and circuitry"
3123,"Electrical Engineering Draftspersons, Technicians","Assisting electrical engineers and engineering technologists in design and layout of electrical installations and circuitry on substations, switchgear, cabling systems and motor control systems"
3123,"Electrical Engineering Draftspersons, Technicians","Collecting data, performing tests and complex calculations, graphing results, and preparing charts and tabulations"
3123,"Electrical Engineering Draftspersons, Technicians",Estimating materials costs and quantities
3123,"Electrical Engineering Draftspersons, Technicians",Inspecting designs and finished products for compliance with specifications and regulations
3123,"Electrical Engineering Draftspersons, Technicians","Assembling, installing, testing, calibrating, modifying and repairing electrical equipment and installations to conform with regulations and safety requirements"
3123,"Electrical Engineering Draftspersons, Technicians","Undertaking electrical workshop functions such as installing assemblies for protection relays, metering and indicating devices"
3123,"Electrical Engineering Draftspersons, Technicians",Assisting with research and experimentation programs
3124,"Electronic Engineering Draftspersons, Technicians","Preparing drawings, plans and diagrams for electronic engineering work"
3124,"Electronic Engineering Draftspersons, Technicians","Developing, constructing and testing electronic equipment and associated circuitry in accordance with technical manuals and instructions of electronics engineers and engineering technologists"
3124,"Electronic Engineering Draftspersons, Technicians","Performing tests, graphing results, preparing charts and tabulations"
3124,"Electronic Engineering Draftspersons, Technicians",Estimating material costs and quantities
3124,"Electronic Engineering Draftspersons, Technicians",Evaluating performance of equipment
3124,"Electronic Engineering Draftspersons, Technicians","Inspecting designs and finished products for compliance with specifications, drawings, contracts and regulations"
3124,"Electronic Engineering Draftspersons, Technicians","Installing, testing, repairing and modifying electronic equipment"
3125,"Mechanical Engineering Draftspersons, Technicians","Preparing drawings, plans and designs for mechanical engineering work under the direction of mechanical engineers and engineering technologists"
3125,"Mechanical Engineering Draftspersons, Technicians",Assisting mechanical engineers and engineering technologists in the design of mechanical equipment and plant
3125,"Mechanical Engineering Draftspersons, Technicians",Selecting tools and equipment
3125,"Mechanical Engineering Draftspersons, Technicians","Assembling and installing new and modified mechanical assemblies, components, machine tools and controls, and hydraulic power systems"
3125,"Mechanical Engineering Draftspersons, Technicians","Estimating material costs and quantities, and machine requirements"
3125,"Mechanical Engineering Draftspersons, Technicians",Performing and directing field and laboratory tests
3125,"Mechanical Engineering Draftspersons, Technicians","Collecting and analysing data, carrying out complex computations and preparing diagrams"
3125,"Mechanical Engineering Draftspersons, Technicians",Organising and supervising inspection and maintenance of machines and plant
3125,"Mechanical Engineering Draftspersons, Technicians","Ensuring that designs and finished work are within specifications, regulations and contract provisions"
3126,Safety Inspectors,"Examining equipment specifications, and inspecting and testing machines, equipment and clothing to ensure compliance with safety standards and serviceability"
3126,Safety Inspectors,Inspecting factories and other work sites to ensure compliance with government and industry standards and regulations
3126,Safety Inspectors,Observing workers to ensure protective devices are being utilised according to regulations and that combustible and other hazardous materials are used and stored in accordance with approved procedures
3126,Safety Inspectors,"Conducting tests in work areas to detect toxic fumes, explosive gas-air mixtures and other work hazards"
3126,Safety Inspectors,"Ensuring fire prevention equipment and other safety supplies, such as first aid kits, stretchers and blankets, conform to standards"
3126,Safety Inspectors,"Assisting in conducting safety meetings and campaigns, and organising training in general safety principles in keeping with regulations"
3126,Safety Inspectors,Advising organisations on ways to comply with occupational health and safety legislative requirements
3126,Safety Inspectors,"Investigating incidents and fatalities, to determine causes and to collect evidence of non-compliance with occupational health and safety legislation"
3129,Other Building and Engineering Technicians,"Develops maintenance planning strategies, and schedules, coordinates and monitors the maintenance of all plant equipment"
3129,Other Building and Engineering Technicians,"Tests materials as part of mineral and metal processing and refining, or for research into metals, ceramics, polymers and other materials in support of metallurgists and materials engineers"
3129,Other Building and Engineering Technicians,Oversees the safety of mining operations and supervises miners
3131,ICT Support Technicians,Determining software and hardware requirements to provide solutions to problems
3131,ICT Support Technicians,Responding to inquiries about software and hardware problems
3131,ICT Support Technicians,Adapting existing programs to meet users' requirements
3131,ICT Support Technicians,Installing and downloading appropriate software
3131,ICT Support Technicians,Ensuring efficient use of applications and equipment
3131,ICT Support Technicians,Implementing computer networks
3131,ICT Support Technicians,Designing and maintaining web sites
3131,ICT Support Technicians,"Repairing and replacing peripheral equipment such as terminals, printers and modems"
3131,ICT Support Technicians,May work in a call centre
3132,Telecommunications Technical Specialists,"Installing, maintaining, repairing and diagnosing malfunctions of microwave, telemetry, multiplexing, satellite and other radio and electromagnetic wave communication systems"
3132,Telecommunications Technical Specialists,"Configuring and integrating network and telecommunications technology with computer software, hardware, desktops, peripherals, databases and operating systems"
3132,Telecommunications Technical Specialists,"Developing and recording logs of the details, locations and status of inventories, parts, equipment and instruments and maintaining the documentation of communication policies, procedures, guidelines and regulations, and quality standards"
3132,Telecommunications Technical Specialists,"Providing technical advice and information, and monitoring the performance of complex telecommunications networks and equipment"
3132,Telecommunications Technical Specialists,Planning the development of customer access telecommunications network infrastructure
3132,Telecommunications Technical Specialists,"Liaising with vendors, suppliers, service providers and external resources and monitoring contractual obligations and performance delivery"
3132,Telecommunications Technical Specialists,"Providing ongoing operational support in designing, optimising, troubleshooting, diagnosing, repairing and resolving of telecommunications network performance malfunctions, defects and faults"
3211,Automotive Electricians,Using test equipment to locate electrical and electronic malfunctions
3211,Automotive Electricians,Dismantling and removing electrical and electronic assemblies and components
3211,Automotive Electricians,Installing electrical equipment and electronic components in motor vehicles
3211,Automotive Electricians,Connecting power-operated vehicle equipment and accessories to power supply
3211,Automotive Electricians,Adjusting engine control systems and timing
3211,Automotive Electricians,"Testing and replacing defective alternators, generators, voltage regulators and starter motors"
3211,Automotive Electricians,Repairing and replacing faulty ignition and electrical wiring
3211,Automotive Electricians,"Replacing defective parts such as fuses, lamps and switches"
3212,Motor Mechanics,Detecting and diagnosing faults in engines and parts
3212,Motor Mechanics,"Dismantling and removing engine assemblies, transmissions, steering mechanisms and other components, and checking parts"
3212,Motor Mechanics,"Repairing and replacing worn and defective parts and reassembling mechanical components, and referring to service manuals as needed"
3212,Motor Mechanics,"Performing scheduled maintenance services, such as oil changes, lubrications and engine tune-ups, to achieve smoother running of vehicles and ensure compliance with pollution regulations"
3212,Motor Mechanics,Reassembling engines and parts after being repaired
3212,Motor Mechanics,Testing and adjusting mechanical parts after being repaired for proper performance
3212,Motor Mechanics,Diagnosing and testing parts with the assistance of computers
3212,Motor Mechanics,May inspect vehicles and issue roadworthiness certificates or detail work required to achieve roadworthiness
3221,"Metal Casting, Forging and Finishing Trades",Selecting metal stock for job requirements
3221,"Metal Casting, Forging and Finishing Trades","Heating metal in forges and furnaces and hammering, punching and cutting metal using hand tools and machine presses"
3221,"Metal Casting, Forging and Finishing Trades",Tempering and hardening finished articles by quenching in oil or water baths or by cooling gradually in air
3221,"Metal Casting, Forging and Finishing Trades","Preparing electrolytic and silver solutions for electroforming, and applying solution to the objects to be coated"
3221,"Metal Casting, Forging and Finishing Trades",Setting and adjusting controls to regulate electric current and depositing of coating on objects
3221,"Metal Casting, Forging and Finishing Trades","Preparing horses' hooves for shoeing, nailing horseshoes to hooves, and trimming hooves"
3221,"Metal Casting, Forging and Finishing Trades","Cutting, trimming, shaping and smoothing stock to form mould patterns"
3221,"Metal Casting, Forging and Finishing Trades","Filling boxes with sand and setting patterns in place, and pouring molten metal into moulds"
3221,"Metal Casting, Forging and Finishing Trades",Applying refractory paint and positioning cores in moulds
3221,"Metal Casting, Forging and Finishing Trades","Finishing metal and articles by polishing and buffing and applying shellac, lacquer, paint and other finishes"
3222,Sheetmetal Trades Workers,"Studying blueprints, drawings and specifications to determine job, material and equipment requirements"
3222,Sheetmetal Trades Workers,"Selecting metal stock, such as stainless steel, galvanised iron, mild steel, aluminium and copper, and checking sizes, gauges and other dimensions of metal stock against specifications"
3222,Sheetmetal Trades Workers,"Marking out metal stock with reference points and lines, using templates, gauges and other measuring instruments"
3222,Sheetmetal Trades Workers,"Cutting metal stock along guidelines using hand and power shears, guillotines and drills"
3222,Sheetmetal Trades Workers,"Shaping and forming cut metal stock into products using folding and bending machines, rollers, presses and hammers"
3222,Sheetmetal Trades Workers,"Fitting and assembling components into final products by welding, riveting, soldering, brazing and otherwise joining"
3222,Sheetmetal Trades Workers,"Finishing products by polishing, filing, sanding and cleaning assembled products"
3222,Sheetmetal Trades Workers,May repair damaged sheetmetal products and components
3222,Sheetmetal Trades Workers,"May specialise in fabrication, or on-site assembly and installation, of sheetmetal products"
3222,Sheetmetal Trades Workers,May produce aircraft sheet metal components requiring advanced drawing and calculating skills
3222,Sheetmetal Trades Workers,May specialise in decorative copperwork
3223,Structural Steel and Welding Trades Workers,"Studying blueprints, drawings and specifications to determine job requirements"
3223,Structural Steel and Welding Trades Workers,"Selecting, cleaning and preparing metal stock"
3223,Structural Steel and Welding Trades Workers,"Cutting marked-out metal sections and shapes using hand tools, flame cutting torches and metal cutting machines"
3223,Structural Steel and Welding Trades Workers,"Shaping and bending metal sections and pipes using hand and machine tools, and by heating and hammering"
3223,Structural Steel and Welding Trades Workers,Aligning parts to be joined using hand tools and measuring instruments
3223,Structural Steel and Welding Trades Workers,"Joining metal sections using various welding techniques, bolting and riveting"
3223,Structural Steel and Welding Trades Workers,"Examining welds for width of bead, penetration and precision"
3223,Structural Steel and Welding Trades Workers,"Finishing products by cleaning, polishing, filing and bathing in acidic solutions"
3223,Structural Steel and Welding Trades Workers,"Cleaning and smoothing welds by filing, chiselling and grinding"
3231,Aircraft Maintenance Engineers,"Dismantling, inspecting, testing, repairing and reassembling aircraft engines, ancillary motors and engine accessories, electrical systems, and subassemblies of aircraft frames"
3231,Aircraft Maintenance Engineers,Installing electrical circuits and equipment
3231,Aircraft Maintenance Engineers,"Testing aircraft communication equipment, aircraft instrumentation and electronic systems using electronic testing equipment and specialised test apparatus"
3231,Aircraft Maintenance Engineers,Replacing and testing aircraft oxygen system components
3231,Aircraft Maintenance Engineers,Assembling parts and subassemblies of aircraft frames
3231,Aircraft Maintenance Engineers,"Conducting routine pre-flight inspections of engines, aircraft frames and mechanical systems"
3231,Aircraft Maintenance Engineers,Maintaining records of action taken
3231,Aircraft Maintenance Engineers,"May manufacture aircraft electrical, instrument and radio hardware components"
3232,Metal Fitters and Machinists,"Studying drawings and specifications to determine suitable material, method and sequence of operations, and machine settings"
3232,Metal Fitters and Machinists,Fitting fabricated metal parts into products and assembling metal parts and subassemblies to produce machines and equipment
3232,Metal Fitters and Machinists,"Checking fabricated and assembled metal parts for accuracy, clearance and fit using precision measuring instruments"
3232,Metal Fitters and Machinists,"Setting guides, stops and other controls on machining tools, setting up prescribed cutting and shaping tools and dies in machines and presses, and setting controls for textile machines"
3232,Metal Fitters and Machinists,"Forming metal stock and castings to fine tolerances using machining tools to press, cut, grind, plane, bore and drill metal"
3232,Metal Fitters and Machinists,"Cutting, threading, bending and installing hydraulic and pneumatic pipes and lines"
3232,Metal Fitters and Machinists,"Preparing pattern mechanisms to control the operation of textile machines used to spin, weave, knit, sew and tuft fabric"
3232,Metal Fitters and Machinists,"Diagnosing faults and performing operational maintenance of machines, and overhauling and repairing mechanical parts and fluid power equipment"
3232,Metal Fitters and Machinists,May erect machines and equipment on-site
3233,Precision Metal Trades Workers,"Assembling parts and subassemblies of precision instruments, locks, timepieces and firearms"
3233,Precision Metal Trades Workers,"Dismantling precision instruments, locks, timepieces and firearms, repairing and replacing defective parts, and reassembling articles using hand and power tools and specially designed machines"
3233,Precision Metal Trades Workers,"Inscribing letters, figures and designs on surfaces of jewellery, trophies and other ornamental items"
3233,Precision Metal Trades Workers,"Installing security systems, changing tumblers in locks, changing locks, cutting keys and opening locks by manipulation"
3233,Precision Metal Trades Workers,"Calibrating precision instruments using standard weights and measures, jigs and fixtures, and hand tools to adjust and align parts and small balancing weights"
3233,Precision Metal Trades Workers,"Making blades for circular, band and other power saws and repairing, setting and sharpening blades for hand and power saws"
3233,Precision Metal Trades Workers,Testing circuits in electronic timepieces
3233,Precision Metal Trades Workers,May estimate costs and prepare quotes for repairs
3234,Toolmakers and Engineering Patternmakers,Studying drawings and specifications to determine dimensions and tolerances of articles to be manufactured and models to be constructed
3234,Toolmakers and Engineering Patternmakers,Measuring and marking out metal stock and castings using various gauges
3234,Toolmakers and Engineering Patternmakers,Shaping metal and wood stock using machine tools
3234,Toolmakers and Engineering Patternmakers,"Checking accuracy of manufactured articles and finished patterns to fine tolerances, using precision measuring instruments"
3234,Toolmakers and Engineering Patternmakers,Testing and modifying manufactured articles
3234,Toolmakers and Engineering Patternmakers,Applying protective finishes to patterns and painting pattern sections to indicate method of assembly
3234,Toolmakers and Engineering Patternmakers,Assembling pattern sections and shaping work pieces to specified finish
3234,Toolmakers and Engineering Patternmakers,"Pouring and spreading materials into moulds and over models of patterns, and building laminations of fibreglass cloth and plastic resin to fabricate patterns"
3234,Toolmakers and Engineering Patternmakers,Repairing broken and damaged patterns and correcting patterns to compensate for defects in casting
3234,Toolmakers and Engineering Patternmakers,Constructing templates for layout and inspection
3241,Panelbeaters,"Removing damaged panels and parts, and removing upholstery and accessories to gain access"
3241,Panelbeaters,Removing dents by hammering panels
3241,Panelbeaters,Straightening damaged vehicles and parts using mechanical and hydraulic equipment
3241,Panelbeaters,Replacing badly damaged sections with new or second-hand panels
3241,Panelbeaters,"Filling depressions with plastic filler, and filing, grinding and sanding repaired surfaces"
3241,Panelbeaters,Cutting and joining replacement sections using welding equipment
3241,Panelbeaters,Fitting repaired or replacement panels on vehicles and refitting body hardware such as door locks and trims
3241,Panelbeaters,"May assist vehicle body builders in constructing and restoring custom-designed, vintage and other specialty vehicles"
3241,Panelbeaters,May spray-paint vehicles
3242,Vehicle Body Builders and Trimmers,"Constructing framework sections in metal, wood, fibreglass and other materials using shaping machines and cutting and welding equipment"
3242,Vehicle Body Builders and Trimmers,"Bolting, screwing, riveting and welding sections together to form complete frameworks"
3242,Vehicle Body Builders and Trimmers,"Cutting and shaping panels of sheetmetal, aluminium and reinforced plastic and attaching to frameworks using hand and power tools"
3242,Vehicle Body Builders and Trimmers,Modifying assembly line vehicles to special requirements
3242,Vehicle Body Builders and Trimmers,"Preparing new vehicle trim work according to drawings and sketches, and removing old coverings and fittings from vehicles and taking new measurements"
3242,Vehicle Body Builders and Trimmers,"Selecting and cutting pieces of fabric, vinyl and leather and sewing pieces together using heavy-duty sewing machines"
3242,Vehicle Body Builders and Trimmers,"Installing internal trim in vehicles such as lining, floor coverings and armrests"
3242,Vehicle Body Builders and Trimmers,"Attaching door trims, rubber seals, locks and handles"
3243,Vehicle Painters,Removing rough spots on vehicle panels
3243,Vehicle Painters,Sanding surfaces by hand and with power sanders
3243,Vehicle Painters,Masking areas not to be painted with tape and paper
3243,Vehicle Painters,"Colour matching and mixing paints to match paint shades, and selecting pre-mixed paint"
3243,Vehicle Painters,"Applying primer and finishing coats using spray-guns, and sanding surfaces between coats"
3243,Vehicle Painters,Touching up paintwork and applying polish to vehicles
3243,Vehicle Painters,"Removing masking papers, and waxing and polishing finished paintwork"
3243,Vehicle Painters,Painting signs and artwork on vehicles
3243,Vehicle Painters,Treating vehicles with rust-proofing chemicals
3311,Bricklayers and Stonemasons,"Studying plans and specifications to determine materials required, dimensions and installation procedures"
3311,Bricklayers and Stonemasons,Erecting and dismantling restricted height scaffolding
3311,Bricklayers and Stonemasons,Sealing foundations with damp-resistant materials and spreading layers of mortar to serve as base and binder for blocks using trowels
3311,Bricklayers and Stonemasons,"Laying bricks in rows, designs and shapes, and spreading mortar between joints"
3311,Bricklayers and Stonemasons,Embedding blocks in mortar and removing excess mortar
3311,Bricklayers and Stonemasons,Checking vertical and horizontal alignment
3311,Bricklayers and Stonemasons,"Cutting, shaping and polishing stones and bricks using machines and hand tools, and shaping bricks to fit irregular spaces"
3311,Bricklayers and Stonemasons,"Repairing and maintaining bricks, cement blocks and related structures"
3311,Bricklayers and Stonemasons,Designing and cutting monumental masonry and lettering
3311,Bricklayers and Stonemasons,Constructing walls using stone slabs and large masonry slab blocks
3312,Carpenters and Joiners,"Studying drawings and specifications to determine materials required, dimensions and installation procedures"
3312,Carpenters and Joiners,"Ordering and selecting timbers and materials, and preparing layouts"
3312,Carpenters and Joiners,"Cutting materials, and assembling and nailing cut and shaped parts"
3312,Carpenters and Joiners,"Erecting framework and roof framing, laying sub-flooring and floorboards and verifying trueness of structures"
3312,Carpenters and Joiners,"Nailing fascia panels, sheathing roofs, and fitting exterior wall cladding and door and window frames"
3312,Carpenters and Joiners,Assembling prepared wood to form structures and fittings ready to install
3312,Carpenters and Joiners,Cutting wood joints
3312,Carpenters and Joiners,May construct concrete formwork
3312,Carpenters and Joiners,May repair existing fittings
3312,Carpenters and Joiners,"May work with plastic laminates, perspex and metals"
3321,Floor Finishers,Measuring areas to be covered and consulting plans to estimate quantities of floor covering materials required
3321,Floor Finishers,Preparing surfaces for covering and removing baseboard trims
3321,Floor Finishers,"Measuring, cutting and fixing underlay materials"
3321,Floor Finishers,"Laying coverings, such as carpets, linoleum, parquetry blocks, cork tiles and other resilient flooring materials, over floors, matching patterns, cutting shapes around fixtures and trimming edges"
3321,Floor Finishers,Securing floor coverings and fitting edge trims in doorways
3321,Floor Finishers,"Sanding, staining and applying finishing coatings to timber floors"
3321,Floor Finishers,"May install wall, ceiling, counter and bench coverings"
3322,Painting Trades Workers,"Erecting scaffolding and ladders, and placing drop sheets to protect adjacent areas from paint splattering"
3322,Painting Trades Workers,"Preparing surfaces by removing old paint and wallpaper, fixing woodwork, filling holes and cracks, and smoothing and sealing surfaces"
3322,Painting Trades Workers,"Selecting and preparing paints to required colours by mixing portions of pigment, oil, and thinning and drying additives"
3322,Painting Trades Workers,"Applying paints, varnishes and stains to surfaces using brushes, rollers and sprays"
3322,Painting Trades Workers,"Hanging wallpaper, matching patterns and trimming edges"
3322,Painting Trades Workers,Cleaning equipment and work areas
3322,Painting Trades Workers,May repair windows and replace glass in wooden and metal frames
3322,Painting Trades Workers,May lay and repair wall and floor tiles
3331,Glaziers,Determining type and dimensions of glass required
3331,Glaziers,Laying glass over patterns on padded tables and in jigs
3331,Glaziers,Measuring and marking glass for cutting
3331,Glaziers,Examining glass and marking defective areas
3331,Glaziers,Cutting along patterns and templates
3331,Glaziers,Breaking off sheets and excess glass with notched tools and glass pliers
3331,Glaziers,"Installing glass and mirrors in windows, skylights, display cases, interior walls and ceilings"
3331,Glaziers,Smoothing rough edges using belt sanders and smoothing wheels
3331,Glaziers,"May coat, cut, etch, trim and treat glass to achieve special effects"
3332,Plasterers,"Determining plasterboard layout, and installing insulation and vapour barriers"
3332,Plasterers,"Measuring, marking and cutting plasterboard, lifting and positioning panels, and securing them to walls, ceilings and battens"
3332,Plasterers,Preparing corner beads and securing them in position
3332,Plasterers,"Fixing pre-cast cornices, panel mouldings, ceiling centres and other plaster fittings"
3332,Plasterers,"Covering joins and nail holes with wet plaster and sealing compounds, and smoothing them using wet brushes and sand paper"
3332,Plasterers,"Mixing and applying coats of plaster, cement and render to structures using trowels, and levelling and smoothing coats to uniform thickness"
3332,Plasterers,"Plumbing and straightening corners, angles and wall and ceiling surfaces"
3332,Plasterers,Creating decorative textures in finishing coats
3332,Plasterers,"Applying and finishing acoustic, insulating and fireproofing materials bonded with plaster, plastic cement and similar materials"
3333,Roof Tilers,"Studying drawings, specifications and work sites to determine materials required"
3333,Roof Tilers,Erecting ladders and scaffolds
3333,Roof Tilers,Placing and securing waterproof sheets over eaves
3333,Roof Tilers,Nailing and stapling roofing underlay to roofs
3333,Roof Tilers,"Aligning starter rows of roofing material with edges of roofs, securing with wire, staples and nails, and overlapping successive layers of tiles"
3333,Roof Tilers,"Sizing and cutting roofing material to fit around vents, chimney edges, corners and ridges"
3333,Roof Tilers,Fixing edge and ridge tiles in cement mortar
3333,Roof Tilers,Slipping roofing material under pre-fabricated flashing and nailing it down
3333,Roof Tilers,Caulking and flashing exposed nail heads to prevent leaks
3334,Wall and Floor Tilers,"Examining plans, measuring and marking surfaces and laying out work"
3334,Wall and Floor Tilers,"Preparing wall and floor surfaces by removing old tiles, grout and adhesive, filling holes and cracks, and cleaning surfaces"
3334,Wall and Floor Tilers,"Spreading adhesive onto prepared surfaces and tiles, and setting tiles in position"
3334,Wall and Floor Tilers,"Using tile-cutting tools to cut and shape tiles needed for edges and corners, and around objects such as fittings and pipes"
3334,Wall and Floor Tilers,Ensuring tiles are correctly aligned and spaced
3334,Wall and Floor Tilers,"Grouting tiles, and cleaning and removing excess grout"
3334,Wall and Floor Tilers,Applying waterproofing systems
3334,Wall and Floor Tilers,"May lay floors of granolithic, terrazzo, cement or similar composition"
3334,Wall and Floor Tilers,May lay coloured tiles in patterns to create mosaics
3341,Plumbers,"Studying blueprints, drawings and specifications to determine the layout of plumbing systems and materials required"
3341,Plumbers,Setting out and installing hot and cold water systems and associated equipment
3341,Plumbers,"Installing water-based fire protections systems, including fire hydrants, hose reels and sprinkler systems"
3341,Plumbers,"Designing and installing sanitary plumbing and water supply systems, discharge pipes and sanitary fixtures"
3341,Plumbers,Fabricating and installing soil and waste stacks
3341,Plumbers,"Assembling and installing mechanical services plant, air handling and conditioning equipment and small bore heating systems"
3341,Plumbers,Installing sewerage and effluent pumping equipment and disposal systems
3341,Plumbers,Installing below-ground drainage systems and associated ground support systems
3341,Plumbers,"Installing gas appliances, flues and pressure regulating devices"
3341,Plumbers,"Fabricating and installing metal roofing, rainwater goods and flashings"
3411,Electricians,"Examining blueprints, wiring diagrams and specifications to determine sequences and methods of operation"
3411,Electricians,Measuring and laying out installation reference points
3411,Electricians,"Selecting, cutting and connecting wire and cable to terminals and connectors"
3411,Electricians,Using electrical and electronic test instruments to trace and diagnose faults
3411,Electricians,Repairing and replacing faulty wiring and defective parts
3411,Electricians,Positioning and installing electrical switchboards
3411,Electricians,Connecting electrical systems to power supply
3411,Electricians,Testing continuity of circuit
3411,Electricians,"Installing, testing and adjusting electric and mechanical parts of lifts"
3421,Airconditioning and Refrigeration Mechanics,"Establishing job requirements from drawings and specifications, and laying out installation reference points"
3421,Airconditioning and Refrigeration Mechanics,"Drilling holes, installing mounting brackets and cutting, bending and threading piping"
3421,Airconditioning and Refrigeration Mechanics,"Installing and repairing components such as compressors, motors, condensers, evaporators, switches and gauges, and copper lines for steam, gas, refrigerant, compressed air, oil and chilled water"
3421,Airconditioning and Refrigeration Mechanics,"Bolting, soldering, riveting, welding and brazing pipes to connect equipment, and checking alignment and accuracy of fit"
3421,Airconditioning and Refrigeration Mechanics,Filling systems with gas or fluid to check for leaks
3421,Airconditioning and Refrigeration Mechanics,"Test-operating refrigeration systems, checking mechanisms and making adjustments"
3421,Airconditioning and Refrigeration Mechanics,"Removing test gas and fluid using vacuum pumps, and filling with refrigerant"
3421,Airconditioning and Refrigeration Mechanics,"Checking and overhauling refrigeration systems, diagnosing faults and repairing and replacing defective components"
3421,Airconditioning and Refrigeration Mechanics,Adjusting system controls and mechanisms and reassembling systems
3421,Airconditioning and Refrigeration Mechanics,Recording causes of malfunctioning and action taken
3422,Electrical Distribution Trades Workers,"Installing conductors and aerial equipment, and underground cables and equipment"
3422,Electrical Distribution Trades Workers,Installing and maintaining equipment associated with electrical supply such as transformers
3422,Electrical Distribution Trades Workers,Attending to electrical breakdown and emergencies
3422,Electrical Distribution Trades Workers,"Maintaining poles and associated hardware, and continuity of electrical supply and street lighting"
3422,Electrical Distribution Trades Workers,Conducting routine maintenance on the aerial and underground electricity supply network
3422,Electrical Distribution Trades Workers,Conducting low-voltage switching operations
3422,Electrical Distribution Trades Workers,Fitting pole hardware and crossarms
3422,Electrical Distribution Trades Workers,Preparing lowand high-voltage cable joints and cable terminations while connecting and installing electrical equipment and overhead lines
3422,Electrical Distribution Trades Workers,Using heavy plant equipment such as elevated work platforms and portable equipment such as hydraulic drills
3422,Electrical Distribution Trades Workers,"May undertake substation installation and maintenance, and specialised testing and revenue meter installation"
3423,Electronics Trades Workers,"Examining and testing machines, equipment, instruments and control systems to diagnose faults"
3423,Electronics Trades Workers,"Adjusting, repairing, and replacing worn and defective parts and wiring, and maintaining machines, equipment and instruments"
3423,Electronics Trades Workers,"Reassembling, test operating and adjusting equipment"
3423,Electronics Trades Workers,Advising users of correct operating procedures to prevent malfunctions
3423,Electronics Trades Workers,"Receiving messages by interpreting code and converting to plain language, and writing and typing messages for transmission"
3423,Electronics Trades Workers,"Monitoring radio traffic, and transmitting and receiving voice messages"
3423,Electronics Trades Workers,Installing electronic instruments and control systems
3423,Electronics Trades Workers,"Applying knowledge of electrical, electronic, mechanical, hydraulic and pneumatic principles in commissioning and maintaining control systems"
3424,Telecommunications Trades Workers,"Examining drawings, specifications and work areas to determine positioning and connections for equipment to be installed"
3424,Telecommunications Trades Workers,"Locating faults in telecommunications equipment using instruments such as ohmmeters, voltmeters, ammeters and transmission measuring equipment"
3424,Telecommunications Trades Workers,Attaching wires and cables to appliances
3424,Telecommunications Trades Workers,"Adjusting, replacing and repairing faulty items, and testing equipment using electronic instruments"
3424,Telecommunications Trades Workers,"Installing cabling for telephone, radio, pay tv and computer transmission"
3424,Telecommunications Trades Workers,Joining cables and sealing sheaths with lead and thermoplastic
3424,Telecommunications Trades Workers,"Erecting, testing and maintaining aerial and underground wires and cables, and radio and mobile phone antennae"
3424,Telecommunications Trades Workers,"Installing telecommunications equipment and appliances such as telephones, switchboards and data transmission equipment"
3511,Bakers and Pastrycooks,Checking the cleanliness of equipment and operation of premises before production runs to ensure compliance with occupational health and safety regulations
3511,Bakers and Pastrycooks,Checking the quality of raw materials and weighing ingredients
3511,Bakers and Pastrycooks,"Kneading, maturing, cutting, moulding, mixing and shaping dough and pastry goods"
3511,Bakers and Pastrycooks,Preparing pastry fillings
3511,Bakers and Pastrycooks,Monitoring oven temperatures and product appearance to determine baking times
3511,Bakers and Pastrycooks,"Coordinating the forming, loading, baking, unloading, de-panning and cooling of batches of bread, rolls and pastry products"
3511,Bakers and Pastrycooks,"Glazing buns and pastries, and decorating cakes with cream and icing"
3511,Bakers and Pastrycooks,Operating machines which roll and mould dough and cut biscuits
3511,Bakers and Pastrycooks,"Emptying, cleaning and greasing baking trays, tins and other cooking equipment"
3512,Butchers and Smallgoods Makers,"Preparing meat for sale by removing bones, trimming fat and cutting, mincing and grinding meat to shape and size for display or as ordered"
3512,Butchers and Smallgoods Makers,"Preparing crumbed cuts of meat, and marinating, seasoning and curing special cuts"
3512,Butchers and Smallgoods Makers,Selecting and preparing meat to produce smallgoods
3512,Butchers and Smallgoods Makers,"Operating machines to grind, mix, mince and tenderise meat"
3512,Butchers and Smallgoods Makers,"Making seasonings and pickles by mixing spices, salt and other ingredients"
3512,Butchers and Smallgoods Makers,"Operating sausage filling machines, smoking chambers, and cooking kettles and vats"
3512,Butchers and Smallgoods Makers,Advising customers on the suitability and uses of cuts of meat
3512,Butchers and Smallgoods Makers,"May assist in menu planning and scheduling, and in estimating food production costs"
3513,Chefs,"Planning menus, estimating food and labour costs, and ordering food supplies"
3513,Chefs,Monitoring quality of dishes at all stages of preparation and presentation
3513,Chefs,"Discussing food preparation issues with managers, dietitians and kitchen and waiting staff"
3513,Chefs,Demonstrating techniques and advising on cooking procedures
3513,Chefs,Preparing and cooking food
3513,Chefs,Explaining and enforcing hygiene regulations
3513,Chefs,May select and train staff
3513,Chefs,May freeze and preserve foods
3514,Cooks,Examining foodstuffs to ensure quality
3514,Cooks,"Regulating temperatures of ovens, grills and other cooking equipment"
3514,Cooks,Preparing and cooking food
3514,Cooks,Seasoning food during cooking
3514,Cooks,"Portioning food, placing it on plates, and adding gravies, sauces and garnishes"
3514,Cooks,Storing food in temperature controlled facilities
3514,Cooks,Preparing food to meet special dietary requirements
3514,Cooks,May plan menus and estimate food requirements
3514,Cooks,May train other kitchen staff and apprentices
3611,Animal Attendants and Trainers,Teaching animals to obey verbal and non-verbal commands and addressing behavioural problems
3611,Animal Attendants and Trainers,Training animals to accept riders and pull vehicles
3611,Animal Attendants and Trainers,Training animals to perform in competitions
3611,Animal Attendants and Trainers,"Bathing, cutting, combing, blow-drying and styling pets' coats, clipping their nails and cleaning their ears"
3611,Animal Attendants and Trainers,"Inspecting, preparing, cleaning, disinfecting and maintaining comfortable animal cages and enclosures"
3611,Animal Attendants and Trainers,"Transporting food, filling water troughs and feeding animals according to their individual needs"
3611,Animal Attendants and Trainers,"Maintaining animal health records, treating minor injuries and reporting serious conditions to veterinarians"
3611,Animal Attendants and Trainers,"Exercising and playing with animals, answering visitor questions, and transferring animals between enclosures by leading or carrying them"
3611,Animal Attendants and Trainers,"Dusting and spraying insecticides on animals and immersing them in insecticide baths, to control insect pests"
3612,Shearers,Selecting and preparing shearing equipment
3612,Shearers,Catching and positioning animals for shearing
3612,Shearers,Shearing and removing wool and hair from animals
3612,Shearers,"Identifying contaminated fibre and injured, infected and diseased animals"
3612,Shearers,Treating skin cuts
3612,Shearers,Returning shorn animals to let-out pens for counting and checking
3612,Shearers,"May service, maintain and repair shearing equipment"
3612,Shearers,May shear stud animals with hand shears or special combs
3613,Veterinary Nurses,Holding animals to allow examination and treatment by veterinarians
3613,Veterinary Nurses,Cleaning and sterilising examination tables and equipment
3613,Veterinary Nurses,Preparing instruments and handing them to the veterinarian
3613,Veterinary Nurses,Assisting veterinarians to administer anaesthetics and oxygen during operations
3613,Veterinary Nurses,Placing animals in cages for recovery from operations and monitoring their condition
3613,Veterinary Nurses,Giving medications to animals
3613,Veterinary Nurses,Maintaining stock control and records
3613,Veterinary Nurses,"Providing animal care advice, and preparing, delivering, and reviewing animal care education programs"
3613,Veterinary Nurses,May perform diagnostic laboratory tests
3613,Veterinary Nurses,"May act as receptionist, accept payments and undertake clerical work"
3621,Florists,Planning and designing floral arrangements
3621,Florists,"Arranging supply and storage of flowers, greenery, decorations and other items"
3621,Florists,Treating flowers to extend their life
3621,Florists,"Selecting, trimming and arranging flowers and other materials"
3621,Florists,"Packing, wrapping, and attaching message cards to, and organising delivery of, completed arrangements"
3621,Florists,Serving customers and accepting payments
3621,Florists,Advising customers on the selection of flowers and floral arrangements
3621,Florists,"May decorate hotels, churches, halls and other facilities for special events"
3622,Gardeners,Preparing and maintaining seedbeds and growing sites
3622,Gardeners,"Propagating and planting trees, bushes, hedges, flowers and bulbs"
3622,Gardeners,"Preparing lawn areas by spreading top soil and planting grass, and by laying instant turf"
3622,Gardeners,"Maintaining planted and grassed areas by weeding, trimming, fertilising, watering and mowing"
3622,Gardeners,"Pruning trees and hedges, and installing plant support and protection devices"
3622,Gardeners,"Preparing plans and drawings, selecting materials and plants, and scheduling landscape construction"
3622,Gardeners,Setting out and installing hardscape and softscape structures
3622,Gardeners,"Constructing gravel and paved areas, walls, fences, pergolas, ponds, barbecues and garden furniture"
3622,Gardeners,Examining trees to assess their condition and determine treatment
3622,Gardeners,Lopping limbs off trees and shaping branches using chain and handsaws
3622,Gardeners,"Spraying and dusting plants and trees to control insects and disease, and felling diseased trees"
3623,Greenkeepers,Preparing seedbeds for new turf
3623,Greenkeepers,"Establishing and maintaining turf by watering, over sowing or over seeding, and repairing green damage"
3623,Greenkeepers,"Mowing, rolling and levelling turf"
3623,Greenkeepers,"Pegging and marking out lines and logos, installing nets, posts and stumps, and placing other sports equipment on playing areas"
3623,Greenkeepers,"Operating and maintaining hand and power driven equipment such as mowers, aerators, cultivators, corers and line marking equipment"
3623,Greenkeepers,"Constructing cricket wickets, tennis courts, and bowling, croquet and golf greens"
3623,Greenkeepers,"Replanting, repairing, aerating, fertilising and top dressing lawns"
3623,Greenkeepers,Installing and maintaining synthetic surfaces
3623,Greenkeepers,"May maintain buildings, fences and surrounding gardens"
3624,Nurserypersons,Preparing potting media and containers before planting
3624,Nurserypersons,"Selecting seeds, bulbs and cuttings, and planting them in beds, lawn areas and tubs"
3624,Nurserypersons,Budding and grafting vegetative material onto root stock
3624,Nurserypersons,Watering plants manually and controlling automatic watering operations
3624,Nurserypersons,"Applying pesticides to control pests, diseases, weeds and nutritional and environmental plant disorders"
3624,Nurserypersons,"Keeping records of soil mixtures, plantings, treatments, losses and yields"
3624,Nurserypersons,Selecting plants and packaging them for presentation and delivery
3624,Nurserypersons,Advising customers on plant care and appropriate plants for local conditions
3624,Nurserypersons,May plan sales area layouts and visual merchandise presentation
3911,Hairdressers,"Providing advice on hair care, beauty products and hairstyles"
3911,Hairdressers,Shampooing hair and conditioning scalps
3911,Hairdressers,"Colouring, straightening and permanently waving hair with chemical solutions"
3911,Hairdressers,"Cutting hair with scissors, clippers and razors"
3911,Hairdressers,Styling hair into dreadlocks and braids and adding hair extensions
3911,Hairdressers,Shaving and trimming beards and moustaches
3911,Hairdressers,Cleaning work areas and sanitising instruments
3911,Hairdressers,Arranging appointments and collecting payments
3911,Hairdressers,"May clean, colour, cut and style wigs and hairpieces"
3921,Print Finishers and Screen Printers,Setting up and supervising the operation of automatic binding and finishing equipment
3921,Print Finishers and Screen Printers,"Binding full, half and limp-bound books, and repairing bindings"
3921,Print Finishers and Screen Printers,"Folding, collating and sewing signatures by machine and hand"
3921,Print Finishers and Screen Printers,"Operating paper guillotines for pre-press and post-press paper cutting and trimming, and programming electronically operated units"
3921,Print Finishers and Screen Printers,"Operating systems to insert printed material into newspapers, magazines and envelopes"
3921,Print Finishers and Screen Printers,Embellishing printed products automatically and manually
3921,Print Finishers and Screen Printers,Operating photographic and electronic reproduction devices
3921,Print Finishers and Screen Printers,Preparing stencils using computer and hand-cut methods
3921,Print Finishers and Screen Printers,"Selecting, mixing and matching coloured inks and loading into screen printing presses"
3921,Print Finishers and Screen Printers,"Loading printed items into drying racks, and unloading and stacking dry items"
3922,Graphic Pre-press Trades Workers,"Operating graphic cameras and other photographic equipment to reproduce camera-ready copy onto films, plates and digital output devices"
3922,Graphic Pre-press Trades Workers,"Using computer applications to generate images, text, layouts and impositions for print and other visual media displays"
3922,Graphic Pre-press Trades Workers,"Operating plate making equipment to reproduce images from film to printing plates, digital output devices and presses"
3922,Graphic Pre-press Trades Workers,"Operating computer screen-based equipment for scanning, colour separation, colour correction, masking, creative design, combining, imposing, retouching, and other processes used to transfer copy to film and produce film for plate, digital output and cylinder productions"
3922,Graphic Pre-press Trades Workers,"Carrying out digital and chemical proofing from digital systems, and negative and positive films"
3922,Graphic Pre-press Trades Workers,"Evaluating printed proofs, checking and correcting them for quality"
3922,Graphic Pre-press Trades Workers,"Preparing and exposing carbon tissue for laying on cylinders by transfer method, and developing images"
3923,Printers,"Setting, adjusting and monitoring substrate-feed mechanisms, delivery mechanisms, inking systems and other printing machine functions"
3923,Printers,"Mixing ink and solvents to standard, and regulating paper and ink supply during print runs"
3923,Printers,"Monitoring, evaluating and determining press operations manually and by computer to check print quality standards against proofs and detect malfunctions"
3923,Printers,"Producing a variety of printed products using relief, lithographic, flexographic and gravure printing presses, and in-line finishing systems"
3923,Printers,"Preparing plates, blankets and impression cylinders on small offset lithographic printing presses"
3923,Printers,Loading paper into feeding mechanisms
3923,Printers,Monitoring machine operations and quality of printing
3923,Printers,"Undertaking maintenance, adjustment, repair and cleaning of machines"
3923,Printers,"Producing and managing digital print images, and transferring and outputting images"
3923,Printers,May set up and operate paper and bookbinding guillotines
3931,Canvas and Leather Goods Makers,"Cutting and preparing canvas, leather and sailcloth to design specifications, patterns and drawings"
3931,Canvas and Leather Goods Makers,"Sewing, gluing and riveting sections of canvas together to make articles such as awnings, tents, tarpaulins and horse rugs"
3931,Canvas and Leather Goods Makers,"Attaching grommets, fastenings and other fittings to canvas goods"
3931,Canvas and Leather Goods Makers,"Joining parts of leather articles using rivets, hand sewing, sewing machines, tools and adhesive"
3931,Canvas and Leather Goods Makers,Restoring and repairing leather articles
3931,Canvas and Leather Goods Makers,Fabricating sails
3931,Canvas and Leather Goods Makers,Designing patterns and prototypes of boots and shoes
3931,Canvas and Leather Goods Makers,Making and grading patterns using manual and computerised methods
3931,Canvas and Leather Goods Makers,"Clicking synthetics, corrected grains, leather linings and leather outers by hand and machine"
3931,Canvas and Leather Goods Makers,Altering and repairing footwear
3932,Clothing Trades Workers,"Conferring with customers to determine material, styles and designs of garments"
3932,Clothing Trades Workers,"Interpreting designs, sketches and samples to determine pattern specifications"
3932,Clothing Trades Workers,Cutting out master patterns
3932,Clothing Trades Workers,Laying up and cutting fabric
3932,Clothing Trades Workers,"Pinning, basting and draping garment parts"
3932,Clothing Trades Workers,Sewing garments
3932,Clothing Trades Workers,Fitting basted garments on customers and marking areas requiring alteration
3932,Clothing Trades Workers,"Sewing buttonholes, and sewing on buttons, hooks, eyes and press fasteners to finish garments"
3932,Clothing Trades Workers,Pressing and finishing work
3933,Upholsterers,Conferring with clients to determine materials and cost of furniture items to be made or repaired
3933,Upholsterers,"Making and repairing wooden frames, and removing and replacing defective springs"
3933,Upholsterers,"Removing coverings, webbing and padding from old furniture"
3933,Upholsterers,"Securing material, padding, springs and webbing to articles to be upholstered"
3933,Upholsterers,Measuring and cutting materials and covering furniture
3933,Upholsterers,Seaming cushions and joining sections of covering material
3933,Upholsterers,"Attaching ornamental trims, braids and buttons"
3933,Upholsterers,Padding and covering spring units to upholster mattresses
3933,Upholsterers,May finish wooden surfaces on furniture
3933,Upholsterers,May remove stains from fabric
3941,Cabinetmakers,"Examining drawings, work orders and sample parts to determine specifications"
3941,Cabinetmakers,"Selecting and working with materials such as timber, veneers, particle board and synthetic wood"
3941,Cabinetmakers,"Marking out, cutting and shaping wood"
3941,Cabinetmakers,Working from drawings and specifications to make furniture
3941,Cabinetmakers,"Making fittings for boats, caravans and other items where fine detail is required"
3941,Cabinetmakers,Assembling parts to form sections of furniture and completed articles
3941,Cabinetmakers,"Fitting hinges, locks, catches, drawers and shelves"
3941,Cabinetmakers,Making frames for chairs and couches
3941,Cabinetmakers,May repair and refurbish furniture and antiques
3942,Wood Machinists and Other Wood Trades Workers,"Studying drawings, work orders and sample parts to determine specifications"
3942,Wood Machinists and Other Wood Trades Workers,Determining tooling and machine requirements and sequence of operations
3942,Wood Machinists and Other Wood Trades Workers,"Setting up woodworking machines and wood stock for correct cutting, planning, turning, shaping and sanding"
3942,Wood Machinists and Other Wood Trades Workers,"Operating machines to cut, plane, turn, shape and sand work pieces"
3942,Wood Machinists and Other Wood Trades Workers,"Removing old finishes by stripping with steel wool and glasspaper, and by applying solvents and paint strippers, and removing softened finishes by scraping"
3942,Wood Machinists and Other Wood Trades Workers,"Applying varnish, shellac, lacquer, stains and paint to surfaces and polishing and waxing finished surfaces"
3942,Wood Machinists and Other Wood Trades Workers,Fitting and fastening frame pieces
3942,Wood Machinists and Other Wood Trades Workers,Mounting backing materials and subjects for framing
3991,Boat Builders and Shipwrights,"Studying plans and specifications, and preparing templates and scale plans for fabrication and cutting of hull sections"
3991,Boat Builders and Shipwrights,Marking reference points and lines on dry docks and slipways
3991,Boat Builders and Shipwrights,Checking position and functioning of slipway apparatus
3991,Boat Builders and Shipwrights,Assembling shells of boats and erecting hull sections of ship
3991,Boat Builders and Shipwrights,"Erecting and preparing launching platforms, conducting pre-launch tests and supervising launching procedures"
3991,Boat Builders and Shipwrights,"Installing masts, frames, decking, fittings, machines, shafts and safety equipment"
3991,Boat Builders and Shipwrights,"Building and installing structures such as cabins, machine mountings, propeller supports and rudders"
3991,Boat Builders and Shipwrights,Determining repair requirements and procedures
3991,Boat Builders and Shipwrights,"May make hull moulds and fabricate and repair vessels using materials such as aluminium, wood, glass, reinforced plastics, carbon fibre, kevlar, fibreglass and concrete"
3992,"Chemical, Gas, Petroleum and Power Plant Operators","Controlling equipment performing continuous and batch processes to process chemicals and natural gas, manufacture refined petroleum products, and blend petroleum base stocks to produce commercial fuels, lubricating oils and asphalt"
3992,"Chemical, Gas, Petroleum and Power Plant Operators","Controlling the preparation, measuring and feeding of raw material and processing agents such as catalysts and filtering media into plant"
3992,"Chemical, Gas, Petroleum and Power Plant Operators",Patrolling and inspecting equipment to ensure proper operation and setting operating controls on equipment
3992,"Chemical, Gas, Petroleum and Power Plant Operators",Analysing samples and readings and recording test data
3992,"Chemical, Gas, Petroleum and Power Plant Operators","Controlling records of production, quantities transferred and details of blending and pumping operations"
3992,"Chemical, Gas, Petroleum and Power Plant Operators",Checking equipment for malfunctions and arranging maintenance
3992,"Chemical, Gas, Petroleum and Power Plant Operators",Operating power generation plant controls to produce required load
3992,"Chemical, Gas, Petroleum and Power Plant Operators",Monitoring operation of power generation plant and interpreting instrument readings
3992,"Chemical, Gas, Petroleum and Power Plant Operators",Authorising procedures to isolate high-voltage and low-voltage electrical apparatus and plant
3992,"Chemical, Gas, Petroleum and Power Plant Operators","Writing reports and maintaining records on equipment performance, instrument readings and switching operations"
3992,"Chemical, Gas, Petroleum and Power Plant Operators",Carrying out routine operating tests
3993,"Gallery, Library and Museum Technicians",Mounting and preparing objects for display
3993,"Gallery, Library and Museum Technicians","Designing and arranging exhibit furnishings, display cases and display areas"
3993,"Gallery, Library and Museum Technicians",Assisting in setting up lighting and display equipment
3993,"Gallery, Library and Museum Technicians","Receiving, shipping, packing and unpacking exhibits"
3993,"Gallery, Library and Museum Technicians",Ordering new library materials and maintaining library records and circulation systems
3993,"Gallery, Library and Museum Technicians",Cataloguing printed and recorded material
3993,"Gallery, Library and Museum Technicians",Entering data into databases and editing computer records
3993,"Gallery, Library and Museum Technicians",Operating audiovisual and reprographic equipment
3993,"Gallery, Library and Museum Technicians",Searching and verifying bibliographic data
3994,Jewellers,Examining designs and specifications for jewellery and precious metal objects
3994,Jewellers,"Shaping moulded metal by cutting, filing, beating, turning and bending, using specialised hand and power tools"
3994,Jewellers,"Assembling articles by soldering, screwing, riveting and otherwise joining"
3994,Jewellers,"Securing precious stones in retaining prongs and ridges, and smoothing and checking final settings"
3994,Jewellers,"Engraving designs on ring settings, brooches, bracelets and other articles"
3994,Jewellers,"Repairing jewellery by soldering, replacing and rebuilding worn and broken parts"
3994,Jewellers,Appraising the quality and value of jewellery
3994,Jewellers,"Cutting and dividing stones to approximate final shape, using precision hand and power tools and jigs"
3994,Jewellers,"Securing stones and shapes, cutting angles, smoothing and polishing"
3994,Jewellers,"Finishing articles using files, emery paper and buffing machines"
3994,Jewellers,Restyling old jewellery
3995,Performing Arts Technicians,Operating microwave equipment to transmit video information to transmitter sites and receiving video signals from remote locations
3995,Performing Arts Technicians,Maintaining and repairing radio and television transmitters and associated equipment
3995,Performing Arts Technicians,"Selecting and attaching equipment to cameras, positioning cameras, and following the action of scenes being photographed while adjusting controls"
3995,Performing Arts Technicians,"Positioning equipment, such as spotlights, floodlights and cables, and operating lights during filming, broadcasting and stage performances"
3995,Performing Arts Technicians,"Applying and retouching make up during shooting and performance, including special effects make up such as scars and wounds"
3995,Performing Arts Technicians,"Designing and making musical instruments and instrument parts using specially selected materials and techniques similar to those used in cabinetmaking, metal pipe making, silversmithing and wood carving, and tuning and repairing musical instruments"
3995,Performing Arts Technicians,"Setting up and adjusting equipment such as microphones, and operating sound mixing consoles and associated equipment to regulate volume and sound quality"
3995,Performing Arts Technicians,"Selecting and setting up television recording, editing and mixing equipment, and adjusting and monitoring their operation"
3996,Signwriters,"Conferring with clients and responding to proposals, sketches and written instructions to determine composition of signs"
3996,Signwriters,Designing and creating signs and graphics using computer software and signmaking machines
3996,Signwriters,"Designing and creating signs by measuring and calculating letter size, preparing the surface, applying background paint using brushes, sprays and rollers, and creating the letters using brushes, stencils, enamel paint and decals"
3996,Signwriters,"Designing and creating wall murals, screen prints, gold leaf work and custom vehicle art"
3996,Signwriters,"Painting signs and lettering using lacquers, varnishes, paints and other materials"
3996,Signwriters,"Painting signs on brick, metal, timber, glass, plastic and other surfaces"
3996,Signwriters,Making and erecting three dimensional signs
3996,Signwriters,Preparing cost estimates for labour and materials
3996,Signwriters,May erect and work on scaffolding
3996,Signwriters,May install signs on-site
3999,Other Miscellaneous Technicians and Trades Workers,"Swims underwater to undertake tasks such as seafood gathering, research, salvage and construction"
3999,Other Miscellaneous Technicians and Trades Workers,Plans the interior design of commercial or residential premises and arranges for decorating work to be done
3999,Other Miscellaneous Technicians and Trades Workers,"Interprets optical prescriptions, and fits and services optical appliances such as spectacle frames and lenses"
3999,Other Miscellaneous Technicians and Trades Workers,"Operates machines to grind, polish and surface optical lenses to meet prescription requirements, and fits lenses to spectacle frames"
3999,Other Miscellaneous Technicians and Trades Workers,Assists photographers in taking and developing photographs
3999,Other Miscellaneous Technicians and Trades Workers,"Sets up, adjusts, repairs and troubleshoots machines which manufacture plastics products"
3999,Other Miscellaneous Technicians and Trades Workers,Classifies wool to industry standards or market requirements
4111,Ambulance Officers and Paramedics,"Attending accidents, emergencies and requests for medical assistance"
4111,Ambulance Officers and Paramedics,"Assessing health of patients, determining need for assistance, and assessing specialised needs and factors affecting patients' conditions"
4111,Ambulance Officers and Paramedics,Performing therapies and administering drugs according to protocol
4111,Ambulance Officers and Paramedics,Resuscitating and defibrillating patients and operating life-support equipment
4111,Ambulance Officers and Paramedics,Transporting accident victims to medical facilities
4111,Ambulance Officers and Paramedics,Transporting sick and disabled persons to and from medical facilities for specialised treatment and rehabilitation
4111,Ambulance Officers and Paramedics,Instructing community groups and essential service workers in first aid
4111,Ambulance Officers and Paramedics,Attending public gatherings and sporting events where accidents and other health emergencies may occur
4111,Ambulance Officers and Paramedics,"Ensuring that ambulances are adequately maintained and stocked with medical supplies, and that equipment is in good working order"
4111,Ambulance Officers and Paramedics,Preparing written reports on the state of patients' injuries and treatment provided
4112,"Dental Hygienists, Technicians and Therapists","Providing educational programs to motivate children, parents and the community in matters relating to oral health"
4112,"Dental Hygienists, Technicians and Therapists",Providing fluoride therapy by applying remineralising solutions and desensitising agents
4112,"Dental Hygienists, Technicians and Therapists",Removing deposits from teeth
4112,"Dental Hygienists, Technicians and Therapists",Applying non-invasive fissure sealants to teeth
4112,"Dental Hygienists, Technicians and Therapists",Taking impressions of the mouth
4112,"Dental Hygienists, Technicians and Therapists",Taking dental radiographs
4112,"Dental Hygienists, Technicians and Therapists",Administering local anaesthesia by infiltration and mandibular nerve block
4112,"Dental Hygienists, Technicians and Therapists",Fabricating full and partial dentures
4112,"Dental Hygienists, Technicians and Therapists","Constructing mouth guards, crowns, metal clasps, inlays, bridgework and other aids"
4112,"Dental Hygienists, Technicians and Therapists",Repairing and relining denture bases
4113,Diversional Therapists,"Planning and implementing leisure activity programs for individuals in health care and in the community to assist in their social development, and promote their sense of wellbeing"
4113,Diversional Therapists,Identifying individual needs through task analysis
4113,Diversional Therapists,"Evaluating and assessing clients' levels of abilities, interests, needs, strengths and weaknesses, and their ability to carry out a range of tasks and interact with others"
4113,Diversional Therapists,Maintaining a knowledge of resources available within a facility and within the community
4113,Diversional Therapists,Organising leisure and recreational events
4113,Diversional Therapists,Assisting with training and supervising volunteers and staff
4113,Diversional Therapists,Providing information on available support resources within the local community
4113,Diversional Therapists,Encouraging and supporting clients to take part in activities suited to their particular needs and interests
4113,Diversional Therapists,"Adapting programs to suit individual clients' needs, interests, skills and abilities"
4114,Enrolled and Mothercraft Nurses,"Assessing, planning and implementing nursing care for patients according to accepted nursing practice and standards"
4114,Enrolled and Mothercraft Nurses,"Providing interventions, treatments and therapies such as administering medications, and monitoring responses to treatments and care plans"
4114,Enrolled and Mothercraft Nurses,Assisting registered nurses and other team members to coordinate and evaluate care provided
4114,Enrolled and Mothercraft Nurses,Promoting and assisting in health education activities for the prevention of ill health
4114,Enrolled and Mothercraft Nurses,"Bathing, feeding, changing and settling newborn infants"
4114,Enrolled and Mothercraft Nurses,Providing advice and training on infant care to parents of newborn infants
4114,Enrolled and Mothercraft Nurses,Providing emotional support to parents of newborn infants
4115,Indigenous Health Workers,Maintaining health records and statistics
4115,Indigenous Health Workers,"Acting as an advocate in the community they serve, and as a communicator and interpreter on behalf of clients and other health workers"
4115,Indigenous Health Workers,"Providing clinical functions, such as case management and follow-up, independently or in consultation with other health care providers"
4115,Indigenous Health Workers,Providing health education to individual clients and staff in health facilities
4115,Indigenous Health Workers,Providing cultural education to persons outside the cultural community and life skills education to the community they serve
4115,Indigenous Health Workers,Providing counselling and referring clients to other health care providers where necessary
4116,Massage Therapists,"Massaging the soft tissues of the body, such as muscles, tendons and ligaments, to assist healing"
4116,Massage Therapists,Utilising a range of massage techniques to enhance sports performance and prevent injury
4116,Massage Therapists,"Administering treatments to promote relaxation, improve circulation and relieve muscle tension"
4116,Massage Therapists,Assessing and treating specific soft tissue dysfunction and providing rehabilitation advice
4116,Massage Therapists,"Employing other techniques, such as acupressure or shiatsu, and complementary aids, such as infra-red lamps, wet compresses, ice, essential oils and herbal and mineral therapies, to assist recovery"
4116,Massage Therapists,Assessing client's physical condition and case history and advising on stretching exercises and relaxation techniques
4117,Welfare Support Workers,"Assessing clients' needs and planning, developing and implementing educational, training and support programs"
4117,Welfare Support Workers,Interviewing clients and assessing the nature and extent of difficulties
4117,Welfare Support Workers,Monitoring and reporting on the progress of clients
4117,Welfare Support Workers,Referring clients to agencies that can provide additional help
4117,Welfare Support Workers,"Assessing community need and resources for health, welfare, housing, employment, training and other facilities and services"
4117,Welfare Support Workers,"Liaising with community groups, welfare agencies, government bodies and private businesses about community issues and promoting awareness of community resources and services"
4117,Welfare Support Workers,"Supporting families and providing education and care for children and disabled persons in adult service units, group housing and government institutions"
4117,Welfare Support Workers,Supervising offenders on probation and parole
4117,Welfare Support Workers,"Assisting young people to solve social, emotional and financial problems"
4117,Welfare Support Workers,"Preparing submissions for funding and resources, and reports to government bodies and other agencies"
4211,Child Carers,Assisting in the preparation of materials and equipment for children's education and recreational activities
4211,Child Carers,Managing children's behaviour and guiding children's social development
4211,Child Carers,Preparing and conducting activities for children
4211,Child Carers,Entertaining children by reading and playing games
4211,Child Carers,Supervising children in recreational activities
4211,Child Carers,Supervising the daily routine of children
4211,Child Carers,Supervising the hygiene of children
4221,Education Aides,"Demonstrating, supervising and participating in activities which enhance the physical, social, emotional and intellectual development of children in schools and preschool centres"
4221,Education Aides,Preparing indoor and outdoor areas for learning and recreational activities
4221,Education Aides,"Assisting children with intellectual, physical and behavioural difficulties with their academic studies"
4221,Education Aides,Assisting children individually to learn social skills
4221,Education Aides,"Assisting with preparing teaching aids, and copying and collating written and printed material"
4221,Education Aides,Distributing and collecting lesson material
4221,Education Aides,"Providing assistance to small groups of aboriginal, torres strait islander and maori students"
4221,Education Aides,"Providing home-school liaison and counselling for aboriginal, torres strait islander and maori students and their families"
4231,Aged and Disabled Carers,Accompanying aged and disabled persons during daily activities
4231,Aged and Disabled Carers,Assisting clients with their mobility
4231,Aged and Disabled Carers,Preparing food for clients
4231,Aged and Disabled Carers,Arranging social activities
4231,Aged and Disabled Carers,Performing housekeeping tasks such as vacuuming and cleaning
4231,Aged and Disabled Carers,Assisting in personal hygiene and dressing
4231,Aged and Disabled Carers,"Providing companionship, friendship and emotional support"
4231,Aged and Disabled Carers,May do shopping and run errands
4231,Aged and Disabled Carers,May live in with the person
4232,Dental Assistants,Receiving and preparing patients
4232,Dental Assistants,"Arranging and handing instruments, medication, and other dental requisites to dental practitioners"
4232,Dental Assistants,Preparing dental materials and processing x-rays
4232,Dental Assistants,Using suction devices and water sprays
4232,Dental Assistants,Performing routine maintenance on equipment
4232,Dental Assistants,Sterilising and preventing cross infection of equipment
4232,Dental Assistants,May advise patients on dental health education and post-operative care and procedures
4232,Dental Assistants,May act as receptionist for dental practitioners
4232,Dental Assistants,May perform billing and other clerical tasks
4233,Nursing Support and Personal Care Workers,"Assisting patients with their personal care needs such as showering, dressing and eating"
4233,Nursing Support and Personal Care Workers,Assisting patients with their mobility and communication needs
4233,Nursing Support and Personal Care Workers,Participating in planning the care of individuals
4233,Nursing Support and Personal Care Workers,Following therapy plans such as interventions to assist those with dementia and behavioural problems
4233,Nursing Support and Personal Care Workers,"Observing and reporting changes in patients' condition, and reporting complaints about care"
4233,Nursing Support and Personal Care Workers,"Assisting with rehabilitation exercises, basic treatment and delivering medications"
4233,Nursing Support and Personal Care Workers,Providing direct support and assistance to therapists
4234,Special Care Workers,Planning and implementing programs of supervision and care for children in residential care
4234,Special Care Workers,"Supervising and arranging activities to enhance the physical, social, emotional and intellectual development of children in residential care"
4234,Special Care Workers,"Waking children and ensuring they are washed, dressed, fed and ready for educational and recreational activities"
4234,Special Care Workers,Supervising children during domestic activities such as eating meals and showering
4234,Special Care Workers,"Maintaining discipline, enforcing regulations and behaviour standards, compiling disciplinary reports and assisting in implementing remedial measures"
4234,Special Care Workers,Organising refuge accommodation
4234,Special Care Workers,Providing emotional support to residents of refuges
4234,Special Care Workers,Referring residents of refuges for health and welfare assistance
4234,Special Care Workers,Ensuring security of refuge
4311,Bar Attendants and Baristas,"Preparing, serving and selling cocktails, mixed drinks, bottled, canned and other alcoholic and non-alcoholic beverages, and a variety of coffee beverages such as lattes, cappuccinos and other espresso-based beverages"
4311,Bar Attendants and Baristas,"Cleaning and maintaining bar service areas, coffee-making areas and espresso machines"
4311,Bar Attendants and Baristas,Collecting payment for sales and operating cash registers
4311,Bar Attendants and Baristas,Promoting services and products
4311,Bar Attendants and Baristas,Washing glassware and arranging bottles and glasses
4311,Bar Attendants and Baristas,Tapping kegs and attaching supply lines
4311,Bar Attendants and Baristas,"Replenishing drink dispensers, shelves and refrigerators"
4311,Bar Attendants and Baristas,Selling light snacks
4311,Bar Attendants and Baristas,Selecting and grinding coffee
4312,Cafe Workers,Preparing and serving food and beverages for consumption on the premises
4312,Cafe Workers,Taking customers' food and beverage orders
4312,Cafe Workers,"Operating cash registers, accepting payments and preparing sales invoices"
4312,Cafe Workers,Clearing away used dishes and cutlery from tables when customers are finished
4312,Cafe Workers,Cleaning and preparing tables for use
4312,Cafe Workers,"Washing dishes, cutlery and cooking utensils"
4312,Cafe Workers,"Cleaning cafe equipment such as coffee grinders, espresso machines and ice makers"
4312,Cafe Workers,Participating in stocktakes and assisting in putting away new stock
4312,Cafe Workers,Providing backup to other cafe employees
4313,Gaming Workers,Ensuring that games operating in the casino pit run smoothly
4313,Gaming Workers,Monitoring cash drops to cashiers and chip transactions
4313,Gaming Workers,Observing incidents and settling disputes arising at gaming tables
4313,Gaming Workers,"Dealing games in accordance with casino rules, policies and procedures and ensuring that bets are placed within the rules of the game"
4313,Gaming Workers,Checking that appropriate betting limit signs are in place
4313,Gaming Workers,Checking playing cards
4313,Gaming Workers,Verifying cash and colour chip change involving larger amounts with the casino gaming inspector
4313,Gaming Workers,Advising patrons about the rules and etiquette of games
4313,Gaming Workers,Counting the amount of cash chips in the float and entering a closer slip with the corresponding amount in the cash total
4313,Gaming Workers,Calculating and paying winning bets
4314,Hotel Service Managers,"Determining work requirements and allocating duties to commercial housekeepers, luggage porters and doorpersons"
4314,Hotel Service Managers,Conferring with managers to coordinate activities with other organisational units
4314,Hotel Service Managers,Maintaining attendance records and rosters
4314,Hotel Service Managers,Explaining and enforcing safety regulations
4314,Hotel Service Managers,Overseeing the work of the unit and suggesting improvements and changes
4314,Hotel Service Managers,Conferring with workers to resolve grievances
4314,Hotel Service Managers,May perform front office and hotel reception duties
4315,Waiters,Setting and arranging tables
4315,Waiters,Greeting customers and presenting them with menus and beverage lists
4315,Waiters,Taking orders and relaying them to kitchen and bar staff
4315,Waiters,Serving food and beverages
4315,Waiters,Opening bottles and pouring beverages
4315,Waiters,Clearing tables and returning dishes and cutlery to kitchen
4315,Waiters,"Removing empty bottles and used glasses from tables, and refilling and replacing glasses"
4315,Waiters,Collecting payments for sales and operating point of sales machines and cash registers
4315,Waiters,May recommend wines to complement food
4319,Other Hospitality Workers,Prepares service areas by cleaning and laying tables.
4319,Other Hospitality Workers,"Removes used plates, cutlery and glassware from tables, wipes up bar areas and tables."
4319,Other Hospitality Workers,Empties rubbish containers and ashtrays.
4319,Other Hospitality Workers,Washes up spills or sweeps up broken glass.
4319,Other Hospitality Workers,Escorts guests or residents to their rooms.
4319,Other Hospitality Workers,Assists with baggage.
4319,Other Hospitality Workers,Advises guests or residents of in-house facilities and local attractions.
4319,Other Hospitality Workers,"Receives and distributes mail, telegrams, packages and messages to rooms."
4319,Other Hospitality Workers,Delivers newspapers to rooms and lounges.
4319,Other Hospitality Workers,May clean patrons' shoes and arrange cleaning and laundering of clothing.
4319,Other Hospitality Workers,Runs errands as directed.
4319,Other Hospitality Workers,May clean public areas.
4319,Other Hospitality Workers,Greets customers and determines their requirements.
4319,Other Hospitality Workers,Checks in garments and other items and issues tracking ticket.
4319,Other Hospitality Workers,Answers enquiries on events and may distribute programmes and information.
4319,Other Hospitality Workers,May assist with a range of duties involved in the operation of a bar.
4411,Defence Force Members - Other Ranks,Guarding airfields and other defence force bases
4411,Defence Force Members - Other Ranks,Serving as an infantry soldier
4411,Defence Force Members - Other Ranks,"Erecting bridges, building field defences, constructing temporary roads, clearing minefields, repairing airfields and demolishing targets using explosives"
4411,Defence Force Members - Other Ranks,Crewing armoured fighting vehicles
4411,Defence Force Members - Other Ranks,"Operating artillery, ground and surface-based defence systems, shipboard weapons and other advanced specialist military weapons and equipment"
4411,Defence Force Members - Other Ranks,Providing firepower and ground-based air defence
4411,Defence Force Members - Other Ranks,"Establishing and maintaining command, control and communications equipment and facilities"
4411,Defence Force Members - Other Ranks,"Conducting surveillance, reconnaissance and boarding operations"
4411,Defence Force Members - Other Ranks,Maintaining personal arms and ammunition
4412,Fire and Emergency Workers,Attending the scene of fires and other emergencies reported to authorities
4412,Fire and Emergency Workers,Rescuing and evacuating people stranded or trapped in dangerous situations
4412,Fire and Emergency Workers,"Operating pumps, spraying water, foam and chemicals from hoses, portable extinguishers and other appliances to extinguish fires and to disperse or neutralise dangerous substances"
4412,Fire and Emergency Workers,Cutting openings in buildings and crashed vehicles to free occupants
4412,Fire and Emergency Workers,Maintaining site security systems
4412,Fire and Emergency Workers,Administering first aid
4412,Fire and Emergency Workers,"Attending and participating in training activities, rescue classes, drills, demonstrations and courses in emergency and fire-fighting techniques"
4412,Fire and Emergency Workers,Training recruits in emergency procedures and practices
4412,Fire and Emergency Workers,Visiting buildings and potential fire hazards to study access points and locations of hydrants
4412,Fire and Emergency Workers,Maintaining tools and equipment
4413,Police,"Investigating and prosecuting offences committed in areas such as organised, corporate and computer crime, environmental offences, drug trafficking, fraud, counterfeiting and terrorism"
4413,Police,Securing and examining scenes of crimes and accidents to locate and obtain evidence for analysis
4413,Police,Protecting witnesses and investigating official corruption
4413,Police,Maintaining public order and safety
4413,Police,Patrolling assigned areas to minimise potential for public disturbance and crime
4413,Police,"Investigating accidents, crimes, minor offences and citizens' complaints, gathering evidence, and pursuing, arresting and interviewing suspected offenders"
4413,Police,Testing persons suspected of driving under the influence of alcohol and drugs and issuing infringement notices for traffic offences
4413,Police,Directing and re-routing traffic at congested areas
4413,Police,Attending community meetings and answering inquiries from the public where necessary
4413,Police,Providing advice and assistance to victims of crime and their families
4413,Police,Maintaining records and preparing reports
4421,Prison Officers,Observing the conduct and behaviour of prisoners to prevent disturbances and escapes
4421,Prison Officers,"Inspecting and maintaining the security of locks, window bars, grilles, doors and gates"
4421,Prison Officers,"Supervising prisoners during work assignments, recreational periods, sporting activities and meals"
4421,Prison Officers,"Assisting with the implementation of education, rehabilitation and other programs organised for prisoners"
4421,Prison Officers,"Searching prisoners and cells for weapons, drugs and other contraband items"
4421,Prison Officers,"Patrolling assigned areas and reporting breaches of rules, unsatisfactory attitudes and prisoner adjustment problems"
4421,Prison Officers,"Requisitioning prisoners' clothing, toiletries, reading material and other allowable items"
4421,Prison Officers,"Supervising prisoners in transit between courts, prisons and other facilities"
4422,Security Officers and Guards,"Patrolling property and checking doors, windows and gates for unauthorised entry"
4422,Security Officers and Guards,"Watching for irregularities such as fire hazards, malfunctions of machines and equipment, lights left on, leaking water pipes and unlocked security doors"
4422,Security Officers and Guards,Issuing security passes to authorised visitors and giving directions
4422,Security Officers and Guards,"Monitoring alarms and contacting supervisors, police and fire brigades by radio or phone if security is breached or fire is detected"
4422,Security Officers and Guards,"Picking up and ensuring the safe delivery of cash, payrolls and valuables"
4422,Security Officers and Guards,"Operating coin and currency counting machines, and carrying out cash counting and packaging functions"
4422,Security Officers and Guards,Maintaining order at venues where there are large gatherings of people
4422,Security Officers and Guards,Conducting investigations for clients and preparing evidence for court proceedings
4422,Security Officers and Guards,Detecting and investigating theft and other unlawful acts carried out in retail establishments
4422,Security Officers and Guards,Advising clients on security requirements and designing security specifications
4511,Beauty Therapists,"Discussing client needs, analysing skin characteristics and advising on suitable skin care, treatments and application of make-up"
4511,Beauty Therapists,Applying general cosmetic and corrective make-up
4511,Beauty Therapists,"Performing manicures and pedicures including decorative nail art, application of artificial nails, nail repair, and other specialised hand and foot treatments"
4511,Beauty Therapists,Performing facial and body treatments such as massages
4511,Beauty Therapists,"Treating unwanted hair through waxing, bleaching, tinting, depilation and electrolysis"
4511,Beauty Therapists,Evaluating beauty therapy processes and products
4511,Beauty Therapists,"Receiving bookings, arranging appointments and maintaining client records"
4511,Beauty Therapists,Providing advice on and selling cosmetic products
4512,Driving Instructors,"Instructing students under actual driving conditions, and explaining and demonstrating the operation of brakes, clutch, gear selection, automatic transmission, signals and lights"
4512,Driving Instructors,Teaching road traffic regulations
4512,Driving Instructors,Teaching road craft and road safety
4512,Driving Instructors,Advising students when they are ready to undergo driving examination
4512,Driving Instructors,May advise on and teach advanced driving techniques required for emergency situations
4512,Driving Instructors,May illustrate and explain handling and mechanical operation of motor vehicles and driving techniques using blackboard diagrams and audiovisual aids
4513,Funeral Workers,"Interviewing families and associates of the deceased to assist with funeral arrangements such as the selection of coffin, type of service and publication of death notices"
4513,Funeral Workers,Advising on funeral costs and welfare provisions
4513,Funeral Workers,Collecting bodies from mortuaries
4513,Funeral Workers,"Ensuring death certificates have been issued, burial and cremation certificates processed and that other legal requirements are met"
4513,Funeral Workers,"Preparing bodies for viewing and burial by washing, draining body fluids, applying padding and cosmetics, dressing bodies and placing them in coffins"
4513,Funeral Workers,Liaising with clergy and cemetery and crematorium staff
4513,Funeral Workers,"Coordinating the movement of coffins and funeral cars, arranging floral displays and collecting attendance and tribute cards"
4513,Funeral Workers,"Arranging the placement of coffins at funeral sites, and placing and adjusting floral displays and lighting"
4513,Funeral Workers,Keeping records and accounts of transactions and services performed
4513,Funeral Workers,May arrange the construction of memorials and the disposal of ashes
4514,"Gallery, Museum and Tour Guides",Meeting and greeting visitors
4514,"Gallery, Museum and Tour Guides",Controlling visitors' access to exhibits
4514,"Gallery, Museum and Tour Guides",Ensuring safety of collections
4514,"Gallery, Museum and Tour Guides",Maintaining attendance records
4514,"Gallery, Museum and Tour Guides",Planning and rearranging schedules and itineraries
4514,"Gallery, Museum and Tour Guides","Planning, organising and conducting tours"
4514,"Gallery, Museum and Tour Guides",Arranging transportation and accommodation for visitors following planned itineraries
4514,"Gallery, Museum and Tour Guides",Arranging entry to places of interest
4514,"Gallery, Museum and Tour Guides","Answering questions, providing commentaries, issuing brochures and tour literature, showing audiovisual presentations, and explaining features and procedures at tour sites"
4514,"Gallery, Museum and Tour Guides",May assist with installing and dismantling exhibits
4515,Personal Care Consultants,Interviewing clients to work out their needs
4515,Personal Care Consultants,"Treating emotional, psychological and physical imbalances of the body using natural techniques and diagnostic methods"
4515,Personal Care Consultants,Monitoring and correcting imbalances in the body using muscle testing techniques
4515,Personal Care Consultants,Advising clients on dietary requirements and exercise programs
4515,Personal Care Consultants,Recording clients' weight and measurements
4515,Personal Care Consultants,Instructing clients on the use of exercise equipment
4515,Personal Care Consultants,Providing support and counselling
4516,Tourism and Travel Advisers,"Determining clients' requirements for travel, accommodation and special interests"
4516,Tourism and Travel Advisers,"Suggesting itineraries based on available travel routes and cost, availability and convenience of transport"
4516,Tourism and Travel Advisers,"Making and confirming travel and accommodation reservations and informing clients of bus, plane, ship and train connections"
4516,Tourism and Travel Advisers,"Notifying clients of travel dates, baggage limits, and medical and visa requirements"
4516,Tourism and Travel Advisers,"Providing information on tourist attractions and tour availability, and procedures for dealing with lost and stolen documents"
4516,Tourism and Travel Advisers,Assisting with travel clearances
4516,Tourism and Travel Advisers,"Collecting payments and issuing clients' itineraries, relevant documentation, tickets for travel and vouchers for accommodation"
4516,Tourism and Travel Advisers,"Providing information on travel insurance, relevant government regulations such as customs regulations, and use of credit cards and traveller's cheques"
4516,Tourism and Travel Advisers,"Answering inquiries from tourists and offering suggestions about tours, travel routes, accommodation and local customs"
4516,Tourism and Travel Advisers,Providing literature and information on local and interstate tours and places of interest
4516,Tourism and Travel Advisers,Discussing transport availability and cost
4516,Tourism and Travel Advisers,May work in a call centre
4517,Travel Attendants,Managing safety and emergency procedures and making public announcements
4517,Travel Attendants,Coordinating the sale of goods to passengers and completion of any customs and immigration documentation which may be required
4517,Travel Attendants,Conducting safety checks and demonstrations of safety equipment and procedures
4517,Travel Attendants,"Assisting passengers in emergency drills, carrying out emergency procedures, assisting and directing passengers in emergencies"
4517,Travel Attendants,Checking passengers' tickets and directing them to seats and cabins
4517,Travel Attendants,"Tidying aircraft, ship and railway cabins, and receiving and stowing food, equipment and cabin baggage"
4517,Travel Attendants,"Operating galleys, preparing and heating food for passengers, and serving refreshments and meals"
4517,Travel Attendants,"Distributing reading material, pillows, blankets and other amenities for the comfort of passengers"
4518,Other Personal Service Workers,"Conducts civil marriage ceremonies, funerals, commitment ceremonies, namings and other ceremonies, and maintains appropriate records"
4518,Other Personal Service Workers,Assists hairdressers or beauty therapists by performing routine tasks in a hairdressing or beauty salon
4521,Fitness Instructors,Consulting with various health professionals to develop and design fitness programs
4521,Fitness Instructors,"Designing individual fitness programs based on assessment of the client's age, level of fitness, goals and abilities"
4521,Fitness Instructors,Delivering group exercise classes and personal tuition in a variety of fitness activities in a safe and creative manner
4521,Fitness Instructors,Demonstrating and teaching body movements and skills used in fitness routines
4521,Fitness Instructors,"Setting up and monitoring fitness equipment and ensuring that equipment is safe, clean and in working condition"
4521,Fitness Instructors,Teaching and advising on the use of fitness equipment
4521,Fitness Instructors,Ensuring clients are aware of and adhere to safety and injury prevention procedures
4521,Fitness Instructors,Reporting accidents and preparing accident reports
4521,Fitness Instructors,Maintaining a working knowledge of current health and safety standards and ensuring working practices and procedures conform to current legislation
4521,Fitness Instructors,Maintaining current first aid certificates
4522,Outdoor Adventure Guides,Meeting members of a tour on arrival and making introductions
4522,Outdoor Adventure Guides,"Organising and supervising groups involved in outdoor adventures such as bungy jumping, fishing and hunting, mountaineering, trekking and whitewater rafting"
4522,Outdoor Adventure Guides,"Setting up and maintaining equipment, and ensuring that equipment is safe and in working condition"
4522,Outdoor Adventure Guides,Demonstrating and providing instruction in the use of equipment and techniques required for participation
4522,Outdoor Adventure Guides,"Providing advice on safety measures, and ensuring that activities are conducted in a manner to minimise risk to participants"
4522,Outdoor Adventure Guides,Responding to emergencies by providing first aid assistance and taking appropriate further action if required
4522,Outdoor Adventure Guides,Answering questions and advising on local interest points within a specific region
4522,Outdoor Adventure Guides,May maintain written reports of daily activities and carry out other administrative work
4523,"Sports Coaches, Instructors and Officials","Coaching, training and instructing sportspersons by analysing performances and developing abilities"
4523,"Sports Coaches, Instructors and Officials","Planning and directing game strategies, developing play patterns and analysing game progress"
4523,"Sports Coaches, Instructors and Officials",Motivating sportspersons and supervising practice sessions
4523,"Sports Coaches, Instructors and Officials",Recruiting players and other coaching staff
4523,"Sports Coaches, Instructors and Officials",Arranging entries into sporting competitions
4523,"Sports Coaches, Instructors and Officials","Promoting sports and skills development, and overseeing the participation of young people in sport"
4523,"Sports Coaches, Instructors and Officials",Officiating at sporting events to enforce rules
4523,"Sports Coaches, Instructors and Officials","Coordinating and directing sporting activities, and liaising with other officials to interpret and enforce rules and regulations relating to sport"
4524,Sportspersons,Maintaining a high degree of expertise in a particular sport
4524,Sportspersons,Attending regular practice sessions and undertaking private training to maintain the required standard of fitness
4524,Sportspersons,Deciding on strategies in consultation with coaches
4524,Sportspersons,Assessing other competitors and conditions at venues
4524,Sportspersons,Competing in sporting events
4524,Sportspersons,Adhering to the rules and regulations associated with a specific sport
4524,Sportspersons,Promoting water safety awareness and undertaking rescue of persons in difficulty in the water
4524,Sportspersons,Undertaking sports promotional activities and television appearances
5111,"Contract, Program and Project Administrators","Developing, reviewing and negotiating variations to contracts, programs, projects and services"
5111,"Contract, Program and Project Administrators","Responding to inquiries and resolving problems concerning contracts, programs, projects, services provided, and persons affected"
5111,"Contract, Program and Project Administrators","Managing paperwork associated with contracts, programs, projects and services provided"
5111,"Contract, Program and Project Administrators","Working with project managers, architects, engineering professionals, owners and others to ensure that goals are met"
5111,"Contract, Program and Project Administrators",Advising senior management on matters requiring attention and implementing their decisions
5111,"Contract, Program and Project Administrators",Overseeing work by contractors and reporting on variations to work orders
5111,"Contract, Program and Project Administrators",Preparing and reviewing submissions and reports concerning the organisation's activities
5111,"Contract, Program and Project Administrators","Collecting and analysing data associated with projects undertaken, and reporting on project outcomes"
5111,"Contract, Program and Project Administrators",Reviewing and arranging new office accommodation
5121,Office Managers,"Contributing to the planning and review of office services, and setting priorities and office service standards"
5121,Office Managers,"Allocating human resources, space and equipment"
5121,Office Managers,Assigning work to and monitoring work performance of staff
5121,Office Managers,Managing records and accounts of the office
5121,Office Managers,Liaising with professionals to coordinate office business and to facilitate resolution of problems
5121,Office Managers,Managing physical facilities and ensuring buildings and equipment are maintained
5121,Office Managers,Ensuring compliance with occupational health and safety regulations
5121,Office Managers,"Ensuring work complies with relevant government legislation, policies and procedures"
5121,Office Managers,"Coordinating personnel activities such as hiring, promotions, performance management, payroll, training and supervision"
5122,Practice Managers,"Contributing to the planning and review of office services, and setting priorities and office service standards"
5122,Practice Managers,"Allocating human resources, space and equipment"
5122,Practice Managers,Assigning work to and monitoring work performance of staff
5122,Practice Managers,Managing records and accounts of the practice
5122,Practice Managers,Liaising with professionals to coordinate practice business and to facilitate resolution of problems
5122,Practice Managers,Managing physical facilities and ensuring buildings and equipment are maintained
5122,Practice Managers,Ensuring compliance with occupational health and safety regulations
5122,Practice Managers,"Ensuring work complies with relevant government legislation, policies and procedures"
5122,Practice Managers,"Coordinating personnel activities such as hiring, promotions, performance management, payroll, training and supervision"
5211,Personal Assistants,Liaising with other staff on matters relating to the organisation's operations
5211,Personal Assistants,"Researching and preparing reports, briefing notes, memoranda, correspondence and other routine documents"
5211,Personal Assistants,Maintaining confidential files and documents
5211,Personal Assistants,Attending meetings and acting as secretary as required
5211,Personal Assistants,Maintaining appointment diaries and making travel arrangements
5211,Personal Assistants,"Processing incoming and outgoing mail, filing correspondence and maintaining records"
5211,Personal Assistants,Screening telephone calls and answering inquiries
5211,Personal Assistants,Taking and transcribing dictation of letters and other documents
5211,Personal Assistants,May supervise other secretarial and clerical staff
5212,Secretaries,"Liaising with other staff to arrange meetings, and to gain and provide information"
5212,Secretaries,"Preparing reports, briefing notes and correspondence, and proofreading work for typographical and grammatical errors"
5212,Secretaries,Maintaining appointment diaries and making travel arrangements
5212,Secretaries,"Processing incoming and outgoing mail, filing correspondence and maintaining records"
5212,Secretaries,"Answering telephone calls, responding to inquiries and redirecting callers"
5212,Secretaries,Taking and transcribing dictation of letters and other documents
5212,Secretaries,"Greeting visitors, ascertaining nature of business and directing visitors to appropriate persons"
5212,Secretaries,May implement management decisions and maintain records of meetings
5212,Secretaries,May handle bookkeeping and petty cash functions
5311,General Clerks,"Recording, preparing, sorting, classifying and filing information"
5311,General Clerks,"Sorting, opening and sending mail"
5311,General Clerks,Photocopying and faxing documents
5311,General Clerks,Preparing reports of a routine nature
5311,General Clerks,Recording issue of equipment to staff
5311,General Clerks,Receiving letters and telephone messages
5311,General Clerks,"Transcribing information onto computers, and proofreading and correcting copy"
5311,General Clerks,May provide customers with information about services
5311,General Clerks,May perform receptionist duties
5321,Keyboard Operators,Entering data and codes required to process information
5321,Keyboard Operators,"Retrieving, confirming and updating data in storage and keeping records of data input"
5321,Keyboard Operators,Taking verbatim records of proceedings in rapid shorthand using computerised equipment and shorthand-writing machines
5321,Keyboard Operators,"Transcribing information recorded in shorthand and on sound recording equipment, and proofreading and correcting copy"
5321,Keyboard Operators,Reading portions of transcripts during trials and other proceedings on request of judges and other officials
5321,Keyboard Operators,"Reproducing the spoken word, environmental sounds and song lyrics as captions for television programming, and the deaf and hearing impaired"
5321,Keyboard Operators,"Preparing reports, letters and similar material for publication and electronic transmission"
5321,Keyboard Operators,Sorting outgoing material and preparing documents for transmission
5411,Call or Contact Centre Workers,"Answering incoming calls, emails and messages, and assisting customers with their specific inquiries"
5411,Call or Contact Centre Workers,Identifying requirements and recording information into computer systems
5411,Call or Contact Centre Workers,Coaching staff and assisting call centre operators to resolve problems and customer inquiries
5411,Call or Contact Centre Workers,Developing rosters and managing staff numbers to meet work flows
5411,Call or Contact Centre Workers,Listening to calls conducted by call centre operators and providing performance feedback
5411,Call or Contact Centre Workers,Monitoring and timing calls
5411,Call or Contact Centre Workers,Creating further interest in goods and services by offering customers more information about goods and inviting customers to use services on offer
5411,Call or Contact Centre Workers,Updating databases to reflect changes to the status of customers and prospective customers
5411,Call or Contact Centre Workers,"Arranging the despatch of goods, information kits and brochures to customers and interested parties"
5411,Call or Contact Centre Workers,"Undertaking clerical duties, such as faxing, and filling out paperwork, and liaising with other departments associated with completing the customer contact"
5411,Call or Contact Centre Workers,Issuing invoices and receiving electronic payments for goods and services provided
5412,Information Officers,"Answering inquiries about goods and services, and providing information about their availability, location, price and related issues"
5412,Information Officers,"Responding to inquiries about problems and providing advice, information and assistance"
5412,Information Officers,Recording information about inquiries and complaints
5412,Information Officers,Referring complex inquiries to team leaders or expert advisers
5412,Information Officers,"Issuing relevant forms, information kits and brochures to interested parties"
5412,Information Officers,Accessing and operating computer network systems and communication systems such as public address and paging systems
5412,Information Officers,May refer inquiries to other sources
5421,Receptionists,"Greeting and welcoming visitors, and directing them to the appropriate person"
5421,Receptionists,Arranging and recording details of appointments
5421,Receptionists,"Answering inquiries and providing information on the goods, services and activities of the organisation"
5421,Receptionists,"Answering, connecting and transferring telephone calls"
5421,Receptionists,Receiving and resolving complaints from clients and the public
5421,Receptionists,"Receiving and distributing correspondence, facsimile messages and deliveries"
5421,Receptionists,Maintaining the reception area
5421,Receptionists,Advising on and arranging reservations and accommodation
5421,Receptionists,"May perform other clerical tasks such as word processing, data entry, filing, mail despatch and photocopying"
5511,Accounting Clerks,Preparing and processing documentation related to accounts payable and receivable
5511,Accounting Clerks,Reconciling invoices and despatching payments
5511,Accounting Clerks,"Calculating, analysing and investigating the costs of proposed expenditure, wages and standard costs"
5511,Accounting Clerks,Preparing bank reconciliations
5511,Accounting Clerks,Allocating expenditure to specified budget accounts
5511,Accounting Clerks,Summarising expenditure and receipts
5511,Accounting Clerks,Preparing records of standard costs and values for items such as raw materials and packaging supplies
5511,Accounting Clerks,Recording cost variations and contract price movements
5511,Accounting Clerks,"Compiling cost data for preparation of operating budgets, and profit and loss calculations"
5511,Accounting Clerks,"Investigating the costs of proposed expenditures, quotations and estimates"
5511,Accounting Clerks,"Preparing reports of total costs, inventory adjustments, selling prices and profits"
5511,Accounting Clerks,May work in a call centre
5512,Bookkeepers,"Keeping financial records, and maintaining and balancing accounts using manual and computerised systems"
5512,Bookkeepers,Monitoring cash flow and lines of credit
5512,Bookkeepers,"Preparing and producing financial statements, budget and expenditure reports and analyses using account books, ledgers and accounting software packages"
5512,Bookkeepers,"Preparing invoices, purchase orders and bank deposits"
5512,Bookkeepers,Reconciling accounts against monthly bank statements
5512,Bookkeepers,Verifying recorded transactions and reporting irregularities to management
5512,Bookkeepers,May be required to prepare forms reporting business tax entitlements and obligations such as the amount of goods and services tax paid and collected
5513,Payroll Clerks,Creating files for new employees to record payroll data
5513,Payroll Clerks,"Maintaining and updating files for existing employees to record information such as employee contact details, leave taken, overtime, promotions, transfers, tax deductions, health insurance payments and superannuation"
5513,Payroll Clerks,Preparing payroll data from time sheets and other payroll and personnel records
5513,Payroll Clerks,Processing payment of wages and salaries
5513,Payroll Clerks,Issuing and recording adjustments to employees' pay
5513,Payroll Clerks,Interpreting industrial awards
5513,Payroll Clerks,"Providing information to employees and managers about payroll matters such as tax issues, benefits and deductions"
5513,Payroll Clerks,"Finalising files and arrangements when employees retire, resign or transfer"
5513,Payroll Clerks,May be in involved in maintaining superannuation and other deduction and contribution records
5521,Bank Workers,"Greeting customers, identifying their needs and answering customer inquiries"
5521,Bank Workers,Ensuring customers' forms are filled in correctly and checking customers' identification
5521,Bank Workers,"Accepting cash and cheques deposited by customers, verifying records and receipts, and crediting customers' accounts"
5521,Bank Workers,"Paying money to customers according to advice slips, cheques and negotiable documents, and debiting customers' accounts"
5521,Bank Workers,"Providing change, cashing cheques and recording transactions"
5521,Bank Workers,Opening and closing accounts for customers
5521,Bank Workers,Balancing cash and advising supervisors of cash position and discrepancies
5521,Bank Workers,Explaining and promoting bank services to customers and referring them to appropriate financial services
5522,Credit and Loans Officers,"Analysing information about customers and examining references, credit ratings, investment risks, pay slips and other information against predetermined policy standards"
5522,Credit and Loans Officers,Contacting financial and credit institutions to obtain information about customers
5522,Credit and Loans Officers,"Preparing papers setting out conditions of credit and loans, rates of repayment and loan periods, and providing information about customers' standing to financial and credit institutions"
5522,Credit and Loans Officers,Authorising the approval of credit and loan applications and recommending credit and loan conditions and limits
5522,Credit and Loans Officers,"Keeping records of payments, and preparing routine letters requesting payment for overdue accounts and forwarding these for legal action"
5522,Credit and Loans Officers,"Answering inquiries concerning credit standing of customers, loan balances and penalties"
5522,Credit and Loans Officers,"May recommend, approve and arrange mortgages"
5522,Credit and Loans Officers,May work in a call centre
5523,"Insurance, Money Market and Statistical Clerks","Obtaining information on the form of competitors by research, attending racing trials and liaising with contacts"
5523,"Insurance, Money Market and Statistical Clerks","Offering and varying odds on competitors after considering the type of event, handicaps, weather conditions and odds offered by other bookmakers"
5523,"Insurance, Money Market and Statistical Clerks","Processing insurance applications, adjustments to insurance cover, standard endorsements and insurance claims"
5523,"Insurance, Money Market and Statistical Clerks",Monitoring balances of accounts and summarising reinsurance to determine outstanding risk
5523,"Insurance, Money Market and Statistical Clerks",Surveying potential risk exposure
5523,"Insurance, Money Market and Statistical Clerks",Despatching notices of premiums due and forms concerning conservation and transfer of insurance
5523,"Insurance, Money Market and Statistical Clerks","Reviewing, checking, verifying and issuing transaction documentation for securities"
5523,"Insurance, Money Market and Statistical Clerks",Claiming accruing dividends and processing dividend payments
5523,"Insurance, Money Market and Statistical Clerks","Compiling statistics from financial records, survey returns and other data sources, and verifying the authenticity of the material"
5523,"Insurance, Money Market and Statistical Clerks","Operating computers to input, manipulate and output information"
5523,"Insurance, Money Market and Statistical Clerks","Compiling results of calculations into tables, graphs and charts to be used in analysis"
5523,"Insurance, Money Market and Statistical Clerks",May work in a call centre
5611,Betting Clerks,"Taking bets and debiting credit accounts and bank accounts electronically, and receiving cash"
5611,Betting Clerks,Recording and entering bets electronically and in transaction ledgers
5611,Betting Clerks,Issuing tickets and preparing summaries of transactions
5611,Betting Clerks,Monitoring amounts of money placed on race entrants
5611,Betting Clerks,"Checking details and numbers on winning betting tickets against those in betting ledgers and electronic records, and paying out money on winning tickets"
5611,Betting Clerks,Verifying the identity and account balances of betting agency customers
5611,Betting Clerks,"Answering betting inquiries over the telephone, via email and in person"
5611,Betting Clerks,May work in a call centre
5612,Couriers and Postal Deliverers,Sorting and sequencing items for delivery
5612,Couriers and Postal Deliverers,"Delivering mail, parcels, documents and other items to customers' premises and mailboxes"
5612,Couriers and Postal Deliverers,Receiving orders for deliveries from customers
5612,Couriers and Postal Deliverers,Collecting signatures and charges for cash-on-delivery orders
5612,Couriers and Postal Deliverers,Issuing and collecting receipts for pick-up and delivery items
5612,Couriers and Postal Deliverers,Keeping records of items received and delivered
5612,Couriers and Postal Deliverers,"Maintaining walk books, directories, mail counts, equipment maintenance logs and other delivery records"
5612,Couriers and Postal Deliverers,Loading and unloading mail conveyances and internal mail handling equipment
5612,Couriers and Postal Deliverers,"Assisting with receipting inward mail, checking wrongly addressed, missorted, undelivered and redirected mail, and processing freepost and underpaid mail"
5613,Filing and Registry Clerks,Sorting information and documents for filing according to database and record management system protocols
5613,Filing and Registry Clerks,Classifying and coding information and documents for inclusion in database and record management systems
5613,Filing and Registry Clerks,Updating and modifying records
5613,Filing and Registry Clerks,Filing information and documents in database and record management systems
5613,Filing and Registry Clerks,Identifying and retrieving information and documents for users
5613,Filing and Registry Clerks,Recording file and document movements
5613,Filing and Registry Clerks,"Labelling storage locations, and assembling and labelling new files"
5613,Filing and Registry Clerks,Removing inactive and dead files
5614,Mail Sorters,Receiving and checking incoming mail and mail bags
5614,Mail Sorters,Assisting with the verification of registered and special articles
5614,Mail Sorters,"Operating mail processing equipment such as letter preparation lines, letter indexing and sorting equipment"
5614,Mail Sorters,Performing manual sorting duties and preparing documentation for despatching mail
5614,Mail Sorters,"Processing underpaid mail, bulk mail lodgements, express mail and other mail services"
5614,Mail Sorters,"Operating letter indexing and sorting machines, multi-line optical character machines and bar-coding equipment"
5614,Mail Sorters,Investigating complaints regarding lost items
5615,Survey Interviewers,Contacting people face-to-face and via the telephone to conduct surveys
5615,Survey Interviewers,Recording answers to survey questions manually and electronically
5615,Survey Interviewers,Recording the distribution of questionnaires
5615,Survey Interviewers,Collecting questionnaires and returning them to supervisors
5615,Survey Interviewers,Scanning questionnaires to ensure that important questions have been answered
5615,Survey Interviewers,May interview people at random in crowds and on the street
5615,Survey Interviewers,May provide self-completion questionnaires
5615,Survey Interviewers,May encode responses and check their consistency
5615,Survey Interviewers,May work in a call centre
5616,Switchboard Operators,"Operating switchboards and consoles to connect, hold, transfer and disconnect telephone calls"
5616,Switchboard Operators,"Responding to callers' inquiries by providing information such as telephone numbers, dialling codes, call costs, time delays and service difficulties"
5616,Switchboard Operators,Investigating operating system problems and informing maintenance services
5616,Switchboard Operators,Alerting emergency services when required
5616,Switchboard Operators,Recording details and determining charges for designated types of calls
5616,Switchboard Operators,May monitor the efficiency of systems and maintain service sampling records
5619,Other Clerical and Office Support Workers,Receives and records advertising copy for publication and broadcasting
5619,Other Clerical and Office Support Workers,"Reads electric, gas or water meters, records usage, inspects meters and connections for defects and damage, and reports irregularities"
5619,Other Clerical and Office Support Workers,Patrols assigned areas and issues parking infringement notices to owners of vehicles that are illegally parked
5911,Purchasing and Supply Logistics Clerks,Requisitioning supplies from stock and sending orders to production departments and other firms
5911,Purchasing and Supply Logistics Clerks,"Confirming completion of orders and compliance with details specified, signing tally sheets and attaching to checked items"
5911,Purchasing and Supply Logistics Clerks,Receiving and checking purchase requests against inventory records and stock on hand
5911,Purchasing and Supply Logistics Clerks,Examining orders and compiling data for production schedules
5911,Purchasing and Supply Logistics Clerks,Checking inventories and preparing delivery schedules
5911,Purchasing and Supply Logistics Clerks,"Examining containers to ensure that they are filled, and recording quantities"
5911,Purchasing and Supply Logistics Clerks,Investigating and identifying supply sources and preparing and processing purchase orders
5911,Purchasing and Supply Logistics Clerks,Providing price and other information about goods to prospective customers
5911,Purchasing and Supply Logistics Clerks,"Counting incoming stock and reconciling it with requisitions, and updating inventory and stock location records"
5911,Purchasing and Supply Logistics Clerks,"Establishing and coordinating the operating procedures for receiving, handling, storing and shipping goods"
5912,Transport and Despatch Clerks,Identifying items and containers of incoming and outgoing shipments and verifying them against consignment records
5912,Transport and Despatch Clerks,Ensuring outgoing shipments are in good condition and meet specifications
5912,Transport and Despatch Clerks,Arranging internal distribution of goods received
5912,Transport and Despatch Clerks,Organising the despatch of goods with completed documentation
5912,Transport and Despatch Clerks,Maintaining prescribed records of goods received and despatched
5912,Transport and Despatch Clerks,Examining shipping documents and verifying cargo to be released
5912,Transport and Despatch Clerks,Recording customs clearance requirements and authorising collection of cargo
5912,Transport and Despatch Clerks,Calculating storage and clearance charges and billing customers
5912,Transport and Despatch Clerks,"Receiving details of outgoing cargo, and arranging bookings of freight space and collection of goods from customers"
5912,Transport and Despatch Clerks,"Providing information to customers on custom tariffs, tariff classifications and concessions, and methods of clearing goods"
5991,Conveyancers and Legal Executives,"Preparing, examining and advising on contracts of sale for properties and businesses"
5991,Conveyancers and Legal Executives,"Carrying out title searches and contacting government authorities to find out if any planned development, illegal building work and disputes could affect properties and businesses"
5991,Conveyancers and Legal Executives,"Preparing, examining and advising on mortgage documentation"
5991,Conveyancers and Legal Executives,"Negotiating the terms and conditions of, and exchanging, contracts of sale, paying deposits, arranging payment of stamp duty, checking for outstanding arrears and land tax obligations, and calculating adjustments for council and water rates"
5991,Conveyancers and Legal Executives,"Interviewing clients to determine the nature of issues, and receiving written information concerning cases from legal professionals and clients"
5991,Conveyancers and Legal Executives,Conferring with clients and potential witnesses and drawing up statements and proposed affidavits in preparation for court proceedings
5991,Conveyancers and Legal Executives,Maintaining legal files
5991,Conveyancers and Legal Executives,"Preparing, analysing and interpreting a variety of legal documents"
5991,Conveyancers and Legal Executives,"Assisting legal professionals to prepare cases for court by conducting investigations, undertaking research, arranging witness preparation and attendance, and preparing and filing court documents"
5991,Conveyancers and Legal Executives,May supervise law clerks and legal secretaries and take responsibility for their work
5992,Court and Legal Clerks,Listing actions for hearing and processing documentation for court actions
5992,Court and Legal Clerks,"Documenting details of court proceedings, actions and decisions"
5992,Court and Legal Clerks,Enforcing the law as an officer of the court by executing court orders such as eviction notices
5992,Court and Legal Clerks,Serving legal orders and documents such as summonses and subpoenas
5992,Court and Legal Clerks,"Organising jury and witness lists, and summonsing and swearing in juries and witnesses"
5992,Court and Legal Clerks,Maintaining order in court and hearing rooms and adjacent areas
5992,Court and Legal Clerks,"Assisting solicitors in areas of conveyancing, contracts, common law, probate and other legal practice matters"
5992,Court and Legal Clerks,"Satisfying statutory requirements, establishing beneficial entitlements and distributing assets"
5992,Court and Legal Clerks,"Maintaining probate and trust files, investing trust funds and administering accounts"
5993,Debt Collectors,"Liaising with clients, credit staff, accounts receivable departments, process servers, private investigators, barristers and solicitors to find solutions to payment problems"
5993,Debt Collectors,"Identifying, locating and notifying debtors of overdue accounts in writing, by telephoning and in person, and arranging for payments to be made"
5993,Debt Collectors,Tracing addresses of debtors who have moved
5993,Debt Collectors,Arranging new repayment plans for debtors having difficulties making existing repayments
5993,Debt Collectors,Referring debtors' disputes to creditors
5993,Debt Collectors,Issuing instructions for the commencement of legal action and enforcement to recover money
5993,Debt Collectors,"Arranging for money and goods collected to be transferred to creditors' possession, and preparing statements of account for creditors"
5993,Debt Collectors,Recording amounts collected and noting any further action required
5993,Debt Collectors,Complying with debt collection guidelines and relevant legislation
5994,Human Resource Clerks,"Updating information on leave taken and accumulated, employment history, salaries, superannuation and taxation, qualifications and training"
5994,Human Resource Clerks,Raising records for newly appointed workers and checking records for completeness
5994,Human Resource Clerks,Processing applications for employment and promotions and advising applicants of results
5994,Human Resource Clerks,Receiving and answering inquiries about employment entitlements and conditions
5994,Human Resource Clerks,Sending out announcements of job openings and job examinations
5994,Human Resource Clerks,Issuing job application forms
5994,Human Resource Clerks,Compiling data from personnel records and preparing reports
5994,Human Resource Clerks,Storing and retrieving personnel records and files on request
5995,Inspectors and Regulatory Officers,"Searching aircraft, vehicles, premises and people, and checking documents and goods to detect illegal activities such as undocumented cargo, prohibited goods and illegal aliens"
5995,Inspectors and Regulatory Officers,Examining and assessing visas and residency applications
5995,Inspectors and Regulatory Officers,"Testing applicants' ability to operate a motor vehicle, assessing applicants' suitability to hold learner's permits and probationary licences, and issuing learner's permits and probationary licences"
5995,Inspectors and Regulatory Officers,Identifying pest and weed problems and determining treatments and management
5995,Inspectors and Regulatory Officers,Assessing claims for government benefits
5995,Inspectors and Regulatory Officers,Carrying out random checks of taxation documents to detect non-compliance with taxation legislation
5995,Inspectors and Regulatory Officers,"Conducting visual checks of the mechanical, structural, electrical, pneumatic and hydraulic systems of railway wagons, carriages and locomotives for condition and correct classification"
5995,Inspectors and Regulatory Officers,"Ensuring that train, tram and bus services are provided according to schedule, monitoring the cleanliness, presentation and condition of vehicles, and recommending improvements and changes to services"
5995,Inspectors and Regulatory Officers,"Receiving and assessing applications for licences to use water, investigating the ability of water resources to meet new requirements, and conducting site inspections"
5996,"Insurance Investigators, Loss Adjusters and Risk Surveyors",Examining scenes of incidents resulting in insurance claims to determine causes and effects
5996,"Insurance Investigators, Loss Adjusters and Risk Surveyors","Interviewing witnesses and claimants to obtain details required to assess the validity of claims and identify the parties responsible for accidents, damage and loss, and preparing statements and reports"
5996,"Insurance Investigators, Loss Adjusters and Risk Surveyors","Inspecting damaged buildings, equipment and motor vehicles and estimating the cost of repairs"
5996,"Insurance Investigators, Loss Adjusters and Risk Surveyors","Estimating business losses resulting from fire, theft and other business disruptions"
5996,"Insurance Investigators, Loss Adjusters and Risk Surveyors",Reporting the extent of damage and estimated costs to the insurer
5996,"Insurance Investigators, Loss Adjusters and Risk Surveyors","Inspecting property, buildings and operations of commercial and industrial establishments to assess physical conditions and work practices"
5996,"Insurance Investigators, Loss Adjusters and Risk Surveyors","Evaluating the adequacy of security, fire and related systems"
5996,"Insurance Investigators, Loss Adjusters and Risk Surveyors",Preparing reports and recommending action to reduce risks
5996,"Insurance Investigators, Loss Adjusters and Risk Surveyors",Compiling data which influence the determination of premium rates
5997,Library Assistants,Issuing library items to borrowers and recording identification data and due dates
5997,Library Assistants,Sorting and shelving returned items
5997,Library Assistants,Locating and retrieving items on request
5997,Library Assistants,Maintaining records and index systems
5997,Library Assistants,"Receiving overdue items, issuing overdue notices, and receiving fines"
5997,Library Assistants,Inspecting returned items for damage and making minor repairs
5997,Library Assistants,Assisting with the preparation of displays and promotional activities
5997,Library Assistants,May prepare catalogued items for shelving
5999,Other Miscellaneous Clerical and Administrative Workers,Translates narrative descriptions and numeric information into classification or record systems
5999,Other Miscellaneous Clerical and Administrative Workers,"Provides technical, administrative and organisational support to producers or directors for film, television, radio or stage productions"
5999,Other Miscellaneous Clerical and Administrative Workers,"Reads draft copies and proofs, detects errors and marks corrections to grammar, typing and composition"
5999,Other Miscellaneous Clerical and Administrative Workers,"Provides radio and communications services for the coordination of operational units in transport, courier, military, emergency, security, rescue and road service organisations"
6111,"Auctioneers, and Stock and Station Agents",Appraising and listing property for auction
6111,"Auctioneers, and Stock and Station Agents","Organising advertising, catalogues and other publicity for auctions"
6111,"Auctioneers, and Stock and Station Agents",Consulting vendors and setting reserve prices
6111,"Auctioneers, and Stock and Station Agents",Describing property presented and the conditions of sale
6111,"Auctioneers, and Stock and Station Agents",Asking for or setting opening bids and determining reserve prices
6111,"Auctioneers, and Stock and Station Agents",Accepting bids from potential buyers and closing sales to the highest bidders
6111,"Auctioneers, and Stock and Station Agents",Purchasing and selling livestock and rural property on behalf of clients
6111,"Auctioneers, and Stock and Station Agents","Selling agricultural supplies, such as seed, grains, feed, sprays, dips, drenches and veterinary products, in accordance with statutory requirements"
6111,"Auctioneers, and Stock and Station Agents",Acting as an insurance agent for rural clients
6112,Insurance Agents,Interviewing clients to identify their insurance needs
6112,Insurance Agents,"Explaining to clients details of insurance and conditions, risk coverage, premiums and benefits"
6112,Insurance Agents,Assisting clients to determine the type and level of coverage required
6112,Insurance Agents,Calculating premiums and establishing method of payment
6112,Insurance Agents,Reviewing clients' circumstances to ensure that the level and coverage of insurance is still appropriate
6112,Insurance Agents,Settling and monitoring insurance claims to ensure that both client and insurer are satisfied with the outcome
6112,Insurance Agents,Recording information about clients and their policies
6112,Insurance Agents,Identifying and drawing up lists of potential clients from a variety of sources and contacting them to arrange interviews
6112,Insurance Agents,Keeping up-to-date with changes in the insurance industry and informing clients of new developments
6113,Sales Representatives,"Promoting and selling their company's goods and services such as building and plumbing supplies, business services, motor vehicle parts and accessories, and personal and household goods"
6113,Sales Representatives,"Acquiring and updating knowledge of employer's and competitors' goods and services, and market conditions"
6113,Sales Representatives,Using directories and other sources to compile lists of prospective business clients
6113,Sales Representatives,Visiting clients and retail outlets to establish selling opportunities
6113,Sales Representatives,"Quoting prices and credit terms, recording orders and arranging deliveries"
6113,Sales Representatives,Following up clients and ensuring satisfaction with goods and services and resolving any problems
6113,Sales Representatives,Monitoring clients' changing needs and competitor activity and reporting on these developments to sales and marketing management
6113,Sales Representatives,Preparing sales reports
6113,Sales Representatives,Maintaining and submitting records of business expenses incurred
6121,Real Estate Sales Agents,"Accepting and listing properties and businesses for sale and lease, conducting inspections, and advising buyers on the merits of properties and businesses and the terms of sale or lease"
6121,Real Estate Sales Agents,Advising vendors of sales and marketing options such as sale by auction and open house inspections
6121,Real Estate Sales Agents,"Cataloguing and detailing land, buildings and businesses for sale or lease and arranging advertising"
6121,Real Estate Sales Agents,Assessing buyers' needs and locating properties and businesses for their consideration
6121,Real Estate Sales Agents,"Offering valuations and advice for buying and selling properties and businesses, and structuring the terms of settlement"
6121,Real Estate Sales Agents,"Collecting and holding rent monies from tenants, and remitting to owner on agreed basis"
6121,Real Estate Sales Agents,Monitoring and addressing non-compliance with terms and conditions of tenancy and pursuing rental arrears
6121,Real Estate Sales Agents,"Developing and implementing business plans, budgets, policies and procedures for the agency"
6121,Real Estate Sales Agents,"May arrange finance, land brokerage, conveyancing and maintenance of premises"
6211,Sales Assistants (General),"Determining customer requirements and advising on product range, price, delivery, warranties and product use and care"
6211,Sales Assistants (General),Demonstrating and explaining to customers the establishment's goods and services
6211,Sales Assistants (General),"Selling food, beverages, clothing, footwear and other personal and household goods and services"
6211,Sales Assistants (General),Accepting payment for goods and services by a variety of payment methods and preparing sales invoices
6211,Sales Assistants (General),Assisting with the ongoing management of stock such as product inventories and participating in stocktakes
6211,Sales Assistants (General),"Stacking and displaying goods for sale, and wrapping and packing goods sold"
6212,ICT Sales Assistants,"Determining customer requirements and advising on product range, price, delivery, warranties and product use and care"
6212,ICT Sales Assistants,Demonstrating and explaining to customers the establishment's goods and services
6212,ICT Sales Assistants,"Selling computers, computer peripherals, software, mobile telephones and telephone accessories and services such as internet access and mobile telephone plans"
6212,ICT Sales Assistants,Accepting payment for goods and services by a variety of payment methods and preparing sales invoices
6212,ICT Sales Assistants,Assisting with the ongoing management of stock such as product inventories and participating in stocktakes
6212,ICT Sales Assistants,"Stacking and displaying goods for sale, and wrapping and packing goods sold"
6213,Motor Vehicle and Vehicle Parts Salespersons,"Determining customer requirements and advising on product range, price, delivery, warranties and product use and care"
6213,Motor Vehicle and Vehicle Parts Salespersons,Showing vehicles to customers and test driving vehicles with customers
6213,Motor Vehicle and Vehicle Parts Salespersons,"Selling motor vehicles and vehicle products such as parts, tyres, lubricating oils, batteries, car stereos and alarms"
6213,Motor Vehicle and Vehicle Parts Salespersons,Taking sales orders and preparing contracts of sale
6213,Motor Vehicle and Vehicle Parts Salespersons,Receiving orders for parts
6213,Motor Vehicle and Vehicle Parts Salespersons,"Determining part sizes and details such as vehicle make, model, manufacturer and year"
6213,Motor Vehicle and Vehicle Parts Salespersons,"Searching lists of parts to identify part numbers, price and availability"
6214,Pharmacy Sales Assistants,Accepting prescriptions for filling by retail pharmacists
6214,Pharmacy Sales Assistants,"Determining customer requirements and advising customers on the selection, price and usage of non-prescription medicines"
6214,Pharmacy Sales Assistants,Advising customers on the correct application and storage of medicines
6214,Pharmacy Sales Assistants,"Selling goods such as non-prescription drugs, first aid supplies, toiletries and cosmetics"
6214,Pharmacy Sales Assistants,Accepting payment for goods and services by a variety of payment methods and preparing sales invoices
6214,Pharmacy Sales Assistants,Promoting goods and services that are for sale
6214,Pharmacy Sales Assistants,Assisting with the ongoing management of stock such as product inventories and participating in stocktakes
6214,Pharmacy Sales Assistants,"Stacking and displaying goods for sale, and wrapping and packing goods sold"
6215,Retail Supervisors,Ensuring that customers receive prompt service and quality goods and services
6215,Retail Supervisors,Responding to customers' inquiries and complaints about goods and services
6215,Retail Supervisors,Planning and preparing work schedules and assigning staff to specific duties
6215,Retail Supervisors,"Interviewing, hiring, training, evaluating, dismissing and promoting staff, and resolving staff grievances"
6215,Retail Supervisors,Instructing staff on how to handle difficult and complicated sales procedures
6215,Retail Supervisors,Examining returned goods and deciding on appropriate action
6215,Retail Supervisors,Taking inventory of goods for sale and ordering new stock
6215,Retail Supervisors,Ensuring that goods and services are correctly priced and displayed
6215,Retail Supervisors,Ensuring safety and security procedures are enforced
6216,Service Station Attendants,Filling fuel tanks and containers to level specified by customer
6216,Service Station Attendants,"Checking and replenishing air pressure in vehicle tyres, and oil and other vehicle fluid levels"
6216,Service Station Attendants,Washing vehicle windscreens and windows
6216,Service Station Attendants,"Performing minor repair work to vehicles such as replacing tyres, light bulbs and windscreen wiper blades"
6216,Service Station Attendants,Maintaining and operating automatic car wash facilities
6216,Service Station Attendants,Collecting payments from customers for purchases
6216,Service Station Attendants,"Cleaning petrol pumps and surrounding driveway, shop and facilities"
6216,Service Station Attendants,"Undertaking stock control and preparing reports on fuel, oil, accessories and other items sold"
6216,Service Station Attendants,"Replenishing stock of fast foods, newspapers, magazines and grocery items"
6217,Street Vendors and Related Salespersons,"Collecting goods and transporting them along established routes, to door-to-door areas, and to street and market locations"
6217,Street Vendors and Related Salespersons,"Displaying and demonstrating goods, and explaining the qualities of goods to customers"
6217,Street Vendors and Related Salespersons,Informing customers of new goods and services
6217,Street Vendors and Related Salespersons,Receiving payments from customers and giving change
6217,Street Vendors and Related Salespersons,Recording transactions on customer receipts and sales records
6217,Street Vendors and Related Salespersons,Wrapping and packaging goods sold
6217,Street Vendors and Related Salespersons,Developing lists of prospective customers and calling on them to obtain new business
6217,Street Vendors and Related Salespersons,"Ordering and purchasing goods for sale, and monitoring and maintaining stock levels"
6217,Street Vendors and Related Salespersons,"May attract attention by playing music, singing and calling out goods and services for sale"
6219,Other Sales Assistants and Salespersons,"Salvages materials from industrial, commercial and private establishments for resale"
6219,Other Sales Assistants and Salespersons,Rents goods and equipment to individuals and businesses
6311,Checkout Operators and Office Cashiers,"Scanning, weighing and recording prices of goods"
6311,Checkout Operators and Office Cashiers,"Receiving and processing payments for goods and services by cash, cheques, gift vouchers, credit and debit cards and other payment types"
6311,Checkout Operators and Office Cashiers,Issuing sales dockets and giving change
6311,Checkout Operators and Office Cashiers,"Maintaining supplies of change, wrapping and other materials used at checkout"
6311,Checkout Operators and Office Cashiers,"Counting and recording money received and balancing against register sales records, and preparing money for deposit in financial institutions"
6311,Checkout Operators and Office Cashiers,Recording and balancing petty cash disbursements
6311,Checkout Operators and Office Cashiers,Operating a computer terminal to administer the store's financial transaction system
6311,Checkout Operators and Office Cashiers,Cashing authorised cheques
6391,Models and Sales Demonstrators,"Modelling garments, footwear and fashion accessories for customers, sales personnel and fashion designers"
6391,Models and Sales Demonstrators,"Posing for television, video and cinema commercials and for still photographs which appear in magazines, newspapers, catalogues and on billboards"
6391,Models and Sales Demonstrators,"Posing as subjects for paintings, sculptures and other types of art"
6391,Models and Sales Demonstrators,Setting up displays and demonstrating goods to commercial customers and guests in private homes
6391,Models and Sales Demonstrators,Answering questions and offering advice on the use of goods
6391,Models and Sales Demonstrators,Selling goods or directing purchasers to sales counters
6391,Models and Sales Demonstrators,Undertaking merchandising of goods in retail outlets and ensuring there is adequate stock attractively presented for sale
6391,Models and Sales Demonstrators,"Taking orders and making arrangements for payment, delivery and collection"
6391,Models and Sales Demonstrators,Offering sample goods and distributing catalogues and other literature advertising goods for sale
6392,Retail and Wool Buyers,"Monitoring sales data and stock levels, and studying trade, manufacturers' and market information to keep informed of changing market conditions"
6392,Retail and Wool Buyers,"Negotiating purchase, promotion and supply arrangements with suppliers"
6392,Retail and Wool Buyers,"Designing and implementing pricing, marketing, promotional and display strategies"
6392,Retail and Wool Buyers,Liaising with management on long-term planning and sales promotions
6392,Retail and Wool Buyers,Establishing working plans according to seasonal and budgetary requirements
6392,Retail and Wool Buyers,"Anticipating consumer trends and determining quantity, style and quality of goods to be purchased"
6392,Retail and Wool Buyers,"Inspecting, comparing, selecting and valuing wool by determining colour, yield, micron and length"
6392,Retail and Wool Buyers,"Inspecting and buying wool at auction, in wool brokers' stores and in farm sheds"
6392,Retail and Wool Buyers,Receiving samples from scoured wool exchanges
6392,Retail and Wool Buyers,May visit freezing works to buy slipe wool
6393,Telemarketers,Working from scripts and lists of contacts to promote goods and services by telephone
6393,Telemarketers,"Creating interest in goods and services, and seeking a sale or agreement to see sales representatives"
6393,Telemarketers,"Arranging processing and despatch of goods and services, information kits and brochures to customers"
6393,Telemarketers,Arranging appointments for sales representatives
6393,Telemarketers,Recording notes for follow-up action and updating marketing databases to reflect changes to the status of each customer
6393,Telemarketers,Reporting competitor activities and issues raised by contacts for attention by managers
6393,Telemarketers,Maintaining statistics of calls made and successes achieved
6393,Telemarketers,Submitting periodic reports on telemarketing activities and results
6393,Telemarketers,May work in a call centre
6394,Ticket Salespersons,"Receiving customers' requests, accepting payments, collecting fares from passengers, and issuing tickets, receipts and change"
6394,Ticket Salespersons,"Answering inquiries about charges, routes, schedules, reservations, coming attractions and fares"
6394,Ticket Salespersons,"Checking service availability and times, and making reservations"
6394,Ticket Salespersons,Contacting customers to cancel or confirm reservations
6394,Ticket Salespersons,"Organising displays of service availability, times and other information"
6394,Ticket Salespersons,Collecting tickets and change from depot clerks
6394,Ticket Salespersons,Signalling drivers to stop and proceed
6394,Ticket Salespersons,"Overseeing passengers' safety in emergency circumstances, and opening and closing vehicle doors"
6394,Ticket Salespersons,Assisting passengers to board and alight from vehicles and assisting passengers with baggage
6395,Visual Merchandisers,Determining goods for display in accordance with prospective seasonal and promotional events
6395,Visual Merchandisers,Developing overall promotional and display plans for approval
6395,Visual Merchandisers,"Preparing sketches and models showing layout, colour and other features for approval"
6395,Visual Merchandisers,"Obtaining props and other accessories, and building displays"
6395,Visual Merchandisers,Setting up fabricated displays in store windows and other areas
6395,Visual Merchandisers,Organising the setting out of goods to be shown as part of permanent displays
6395,Visual Merchandisers,Arranging ticketing and signage
6395,Visual Merchandisers,"Arranging lighting to highlight fixtures, displays and goods"
6399,Other Sales Support Workers,No tasks are available for this occupation
7111,"Clay, Concrete, Glass and Stone Processing Machine Operators","Monitoring the flow of clay and other raw materials and products into machines, and adjusting valves and controls to specifications"
7111,"Clay, Concrete, Glass and Stone Processing Machine Operators",Positioning clay and stone on machines to be cut and worked
7111,"Clay, Concrete, Glass and Stone Processing Machine Operators","Operating concrete mixing, stacking and splitting machines"
7111,"Clay, Concrete, Glass and Stone Processing Machine Operators",Setting up and installing moulds and other machine fixtures
7111,"Clay, Concrete, Glass and Stone Processing Machine Operators","Setting up and operating glass-making machines to produce molten glass, and regulating temperature of molten glass"
7111,"Clay, Concrete, Glass and Stone Processing Machine Operators",Pressing and blowing glass into moulds to form glassware products
7111,"Clay, Concrete, Glass and Stone Processing Machine Operators",Collecting and examining samples for conformity to specifications and adjusting machine settings accordingly
7111,"Clay, Concrete, Glass and Stone Processing Machine Operators",Setting grinding and cutting edges
7111,"Clay, Concrete, Glass and Stone Processing Machine Operators","Using hand tools to cut, inscribe and polish roughly hewn stone to finished condition"
7112,Industrial Spraypainters,"Grinding, sanding and cleaning surfaces of items to be painted"
7112,Industrial Spraypainters,"Loading paint, oil, lacquer, varnish and rustproofing agents into spray equipment"
7112,Industrial Spraypainters,Connecting hoses to spray equipment and adjusting spray nozzles to required pressure
7112,Industrial Spraypainters,Securing items to be sprayed within spray booths or placing them onto conveyors
7112,Industrial Spraypainters,Directing spray guns to apply even coatings
7112,Industrial Spraypainters,Moving items to drying areas and stacking them for further painting and packaging
7112,Industrial Spraypainters,"Starting and monitoring extractor and drying fans, and heaters"
7112,Industrial Spraypainters,"Cleaning nozzles, containers and hoses of equipment"
7112,Industrial Spraypainters,May operate paint dipping baths
7112,Industrial Spraypainters,May mix coating solutions and regulate their temperature
7113,Paper and Wood Processing Machine Operators,"Setting up printing plates, ink circulation systems, knives, creases, cutting dies, and folding and gluing machines"
7113,Paper and Wood Processing Machine Operators,Loading machines with paper and fibreboard
7113,Paper and Wood Processing Machine Operators,"Operating machines to form cardboard containers, paper plates, egg cartons, tissue paper and other paper products"
7113,Paper and Wood Processing Machine Operators,Adjusting and cleaning machines and performing minor repairs
7113,Paper and Wood Processing Machine Operators,Securing timber into place and setting saws to produce specified sizes of plank and board to be cut
7113,Paper and Wood Processing Machine Operators,"Starting machines and feeding stock onto cutting saw, and operating automatic feed mechanisms"
7113,Paper and Wood Processing Machine Operators,Raising and lowering saws to trim boards and remove defects such as rot and splits
7113,Paper and Wood Processing Machine Operators,"Controlling lathes and slicing machines to produce veneers, and laminating veneer using glue"
7113,Paper and Wood Processing Machine Operators,Verifying dimensions of cut stock and accuracy of cuts
7113,Paper and Wood Processing Machine Operators,"Checking saws and other machines for safety, sharpness and correct functioning"
7114,Photographic Developers and Printers,"Cropping images and adjusting colour, brightness and contrast"
7114,Photographic Developers and Printers,Preparing exposed film for different processing batches in dark rooms and dark chambers
7114,Photographic Developers and Printers,Adjusting settings and running automatic developing equipment
7114,Photographic Developers and Printers,"Inspecting prints and adjusting settings on print-making equipment to produce required number, size and type of prints"
7114,Photographic Developers and Printers,Scanning images onto electronic media
7114,Photographic Developers and Printers,Checking and replenishing chemicals and water supply for chemical and water baths required to produce negative and positive prints
7114,Photographic Developers and Printers,"Monitoring and testing photographic processing and printing equipment, and maintaining operational standards"
7114,Photographic Developers and Printers,May prepare chemical solutions for different techniques and effects
7114,Photographic Developers and Printers,May develop black and white images by separate processes and operate enlargers
7114,Photographic Developers and Printers,May develop motion picture film
7115,Plastics and Rubber Production Machine Operators,"Operating controls to regulate temperature, pressure, speed and flow of operation"
7115,Plastics and Rubber Production Machine Operators,"Measuring and loading materials, items and ingredients for mixing into machines and feeding mechanisms"
7115,Plastics and Rubber Production Machine Operators,"Monitoring operation, regulating material supply and adding chemicals and colorants to mixture"
7115,Plastics and Rubber Production Machine Operators,"Threading uncoated wire and cable through plastic coating machines, around take-up reels and through dies and cooling chambers"
7115,Plastics and Rubber Production Machine Operators,"Laying casings, beads, ply and rubber sheets on moulds"
7115,Plastics and Rubber Production Machine Operators,Operating rollers to remove air
7115,Plastics and Rubber Production Machine Operators,Operating vulcaniser presses and controlling curing
7115,Plastics and Rubber Production Machine Operators,Examining output for defects and conformity to specifications
7115,Plastics and Rubber Production Machine Operators,Performing minor repairs and maintaining production records
7116,Sewing Machinists,"Threading machines, inserting bobbins and positioning parts to be sewn"
7116,Sewing Machinists,"Starting, stopping and controlling speed of machines with pedals and knee levers to coordinate actions of presser feet, clothes guides, blades and other attachments, and guiding parts under needles, following edges, seams and markings"
7116,Sewing Machinists,"Changing needles and adjusting, securing and modifying attachments to machines"
7116,Sewing Machinists,Finishing items by cutting excess material and threads
7116,Sewing Machinists,Operating thread trimming and other non-sewing machines
7116,Sewing Machinists,Inspecting stitching for defects and notifying repair mechanics of machine malfunctions
7116,Sewing Machinists,Performing basic maintenance such as lubrication of machines
7116,Sewing Machinists,May do laying up and bundling tasks
7116,Sewing Machinists,"May ticket, label and finish work"
7117,Textile and Footwear Production Machine Operators,Preparing machines for operation by selecting and installing attachments and components for specialised functions
7117,Textile and Footwear Production Machine Operators,Setting and operating controls used to regulate processing operations
7117,Textile and Footwear Production Machine Operators,Starting machines and monitoring operation to detect faults and ensure effectiveness of operation
7117,Textile and Footwear Production Machine Operators,"Loading drums with hides and skins, textiles, and dyeing and tanning solutions"
7117,Textile and Footwear Production Machine Operators,"Cutting and machining leather and synthetic shoe uppers, and making shoes using moulded and cement construction techniques"
7117,Textile and Footwear Production Machine Operators,Threading loom shuttles with cross-yarn arms
7117,Textile and Footwear Production Machine Operators,Positioning and feeding machines with fibre packages
7117,Textile and Footwear Production Machine Operators,Repairing broken yarns by tying and splicing ends
7117,Textile and Footwear Production Machine Operators,"Examining finished products for defects and variations, reporting faults in machines, and carrying out quality control procedures"
7119,Other Machine Operators,"Operates machines to produce chemical goods such as soaps, detergents, pharmaceuticals, toiletries and explosives"
7119,Other Machine Operators,Operates film projection and related sound reproduction equipment
7119,Other Machine Operators,Operates sandblasting machines to clean and grind metal products and other hard surfaces
7119,Other Machine Operators,"Cleans, sterilises and packages surgical instruments and other hospital equipment, soft goods and linen in a sterilisation service facility"
7121,"Crane, Hoist and Lift Operators",Testing the operation of plant before use to ensure safety
7121,"Crane, Hoist and Lift Operators","Operating controls to rotate cranes, move cranes on fixed rails, raise and lower jibs and booms, and raise, lower and move hooks and objects"
7121,"Crane, Hoist and Lift Operators","Working in conjunction with construction riggers and crane chasers to position hooks and raise, move and place loads"
7121,"Crane, Hoist and Lift Operators","Controlling the movement of loads, and monitoring speed, acceleration and braking distances directly and by signalling to other operators"
7121,"Crane, Hoist and Lift Operators","Monitoring plant operation, instruments and gauges to detect malfunctions and problems"
7121,"Crane, Hoist and Lift Operators",Lubricating ropes and winches on cranes and replacing worn cables
7121,"Crane, Hoist and Lift Operators",May operate cranes fitted with attachments for purposes such as demolition and pile driving
7121,"Crane, Hoist and Lift Operators",May operate overhead cranes using hand controls suspended by cables from cranes
7122,"Drillers, Miners and Shot Firers","Dismantling, moving and reassembling drilling rigs and accessory plant"
7122,"Drillers, Miners and Shot Firers","Taking samples of ore, liquids and gases and packaging them"
7122,"Drillers, Miners and Shot Firers","Performing minor maintenance and repairs, and lubricating and cleaning plant"
7122,"Drillers, Miners and Shot Firers","Recording performance details and information obtained from wells, and keeping logs detailing operations"
7122,"Drillers, Miners and Shot Firers",Operating surface and underground mining plant
7122,"Drillers, Miners and Shot Firers","Undertaking development work such as opening up new shafts, drives, air vents, rises and crib rooms"
7122,"Drillers, Miners and Shot Firers",Positioning explosives in bore holes and priming explosives using detonators and explosive cartridges
7122,"Drillers, Miners and Shot Firers","Connecting wires, fuses and detonating cords to explosive cartridges and detonators, and detonating explosives"
7122,"Drillers, Miners and Shot Firers",Monitoring operation of plant and ensuring safety of other workers on mining sites and during drilling operations
7122,"Drillers, Miners and Shot Firers","Operating auxiliary plant such as pumps to expel air, water and mud"
7123,Engineering Production Workers,Interpreting engineering production drawings
7123,Engineering Production Workers,"Setting up, operating and adjusting production plant to shape metal stock and castings and cut sheet metal"
7123,Engineering Production Workers,Operating welding and electroplating plant
7123,Engineering Production Workers,Operating furnaces and quenching plant to smelt and change the structure of metals
7123,Engineering Production Workers,Using kilns and ovens to fire ceramics
7123,Engineering Production Workers,Processing mineral ore and operating metal rolling plant
7123,Engineering Production Workers,Casting molten metal and operating plant to draw metal wire through dies
7123,Engineering Production Workers,Operating computer-controlled production plant
7129,Other Stationary Plant Operators,"Operates and maintains stationary engines, boilers, refrigeration and airconditioning systems, and associated mechanical plant"
7129,Other Stationary Plant Operators,"Operates plant to load, unload, move, store and stack bulk materials such as grain, sugar and mineral ore"
7129,Other Stationary Plant Operators,"Operates mixing plant to produce batches of concrete from cement, sand, aggregate, water and other ingredients"
7129,Other Stationary Plant Operators,"Operates plant to pump, cast and mould concrete registration or licensing is required"
7129,Other Stationary Plant Operators,Operates plant to produce paper pulp from woodchips and to make paper sheets
7129,Other Stationary Plant Operators,"Controls the movement of trains, and assembles and disassembles trains within a marshalling yard"
7129,Other Stationary Plant Operators,Oversees the safe movement of trains using a computerised train control signalling system
7129,Other Stationary Plant Operators,"Operates plant to store, distribute and treat water including purifying water for human consumption and removing wastes from sewage"
7129,Other Stationary Plant Operators,Operates weighing plant and issues measurement tickets which provide readings of vehicle and livestock weight
7211,"Agricultural, Forestry and Horticultural Plant Operators",Preparing and positioning plant for operation
7211,"Agricultural, Forestry and Horticultural Plant Operators","Operating tractor-drawn and self-propelled plant to plough land and sow, fertilise, cultivate and harvest crops, and avoid damaging crops"
7211,"Agricultural, Forestry and Horticultural Plant Operators","Adjusting speed, height and depth of implements"
7211,"Agricultural, Forestry and Horticultural Plant Operators","Operating plant to hold, lift and cut trees"
7211,"Agricultural, Forestry and Horticultural Plant Operators","Operating attachments to lift, swing, release and sort trees and logs, and operating auxiliary plant such as chipping machines and log splitting machines"
7211,"Agricultural, Forestry and Horticultural Plant Operators",Feeding felled trees into processors to strip limbs and cut into logs and loading logs onto stockpiles and into trucks
7211,"Agricultural, Forestry and Horticultural Plant Operators",Keeping log tallies and writing work reports
7211,"Agricultural, Forestry and Horticultural Plant Operators",Servicing plant and performing minor repairs
7212,Earthmoving Plant Operators,Preparing and positioning plant for operation
7212,Earthmoving Plant Operators,"Selecting, fitting and removing attachments such as buckets, winches, loading scoops, shovel blades and rock breaking hammers"
7212,Earthmoving Plant Operators,"Operating controls to excavate, break, drill, level, compact, gouge out, move, load and spread earth, rock, rubble, soil and other materials"
7212,Earthmoving Plant Operators,"Monitoring operation of plant and adjusting controls to regulate pressure, speed and flow of operation, and ensuring safety of other workers"
7212,Earthmoving Plant Operators,"Raising, lowering and manipulating attachments using manual and hydraulic controls"
7212,Earthmoving Plant Operators,"Working from drawings, markers and verbal instructions"
7212,Earthmoving Plant Operators,"Servicing, lubricating, cleaning and refuelling plant and performing minor adjustments and repairs"
7213,Forklift Drivers,"Operating controls to align forklifts and raise and lower forks to stack and unstack items in warehouses, factories, timber yards and shipping terminals"
7213,Forklift Drivers,Operating forklifts which run on rails or use electronic guidance systems to control movements in narrow aisles
7213,Forklift Drivers,"Transporting goods to designated areas in warehouses, factories, timber yards and shipping terminals"
7213,Forklift Drivers,Ensuring goods are stored in correct areas so that they can be easily located when orders are made up
7213,Forklift Drivers,Monitoring equipment operation visually through gauges and instruments and through computerised monitoring equipment
7213,Forklift Drivers,Inspecting and controlling equipment to identify wear and damage
7213,Forklift Drivers,Servicing and performing minor repairs and adjustments to forklifts
7213,Forklift Drivers,May operate specialised trucks to carry items beneath elevated frames
7219,Other Mobile Plant Operators,"Loads and unloads baggage, directs planes, positions staircases, fills aircraft fuel tanks and performs other aircraft ground services to ensure aircraft operations run efficiently"
7219,Other Mobile Plant Operators,"Operates plant to apply markings to roads and other surfaces such as car parks, airports and sportsgrounds"
7219,Other Mobile Plant Operators,"Operates plant to spread and level hot bituminous paving materials and lay concrete on areas such as highways, roads and car parks"
7219,Other Mobile Plant Operators,"Operates plant to lay, align, repair and maintain railway tracks"
7219,Other Mobile Plant Operators,"Operates a power-driven roller to prepare surfaces for roads, runways and car parks"
7219,Other Mobile Plant Operators,Operates plant to clean streets and gutters of litter and debris
7311,Automobile Drivers,Using mobile computer systems and radio networks to log into waiting passenger information
7311,Automobile Drivers,Picking up passengers at designated locations or when hailed
7311,Automobile Drivers,Checking passenger destinations and determining most appropriate route
7311,Automobile Drivers,Transporting passengers to desired destinations
7311,Automobile Drivers,Assisting passengers with luggage
7311,Automobile Drivers,Collecting fares and processing fare payments
7311,Automobile Drivers,May collect and deliver parcels
7312,Bus and Coach Drivers,Stopping at set locations to pick up and set down passengers
7312,Bus and Coach Drivers,Opening and closing doors before and after passengers board or alight
7312,Bus and Coach Drivers,"Controlling lighting, heating and ventilation on buses"
7312,Bus and Coach Drivers,"Collecting fares and giving change and tickets, and monitoring electronic entry"
7312,Bus and Coach Drivers,Advising passengers on destinations
7312,Bus and Coach Drivers,Maintaining conduct of passengers
7312,Bus and Coach Drivers,May use public address systems to provide information and tour commentaries for passengers
7312,Bus and Coach Drivers,May assist coach passengers with baggage and accommodation bookings
7312,Bus and Coach Drivers,"May maintain, service and clean coaches"
7313,Train and Tram Drivers,Stopping at stations and set locations to pick up and set down passengers and freight
7313,Train and Tram Drivers,Opening and closing doors before and after passengers board or alight
7313,Train and Tram Drivers,"Observing signals, track conditions, nearby traffic and prescribed speeds to ensure safety"
7313,Train and Tram Drivers,"Monitoring indicator gauges, changing controls and power supply poles and reporting operating irregularities"
7313,Train and Tram Drivers,Checking time and adherence to timetables
7313,Train and Tram Drivers,May advise passengers on destinations
7321,Delivery Drivers,Determining the destinations of goods and most appropriate delivery routes
7321,Delivery Drivers,Manoeuvring vehicles into position for loading and unloading
7321,Delivery Drivers,Assisting with loading to ensure goods are arranged for ease of delivery and safely secured to avoid damage
7321,Delivery Drivers,Verifying loading documents
7321,Delivery Drivers,Arranging and performing unloading operations and obtaining certification of deliveries
7321,Delivery Drivers,Reporting vehicle maintenance needs
7321,Delivery Drivers,May receive payments for deliveries and arrange accounts
7331,Truck Drivers,Manoeuvring vehicles into position for loading and unloading
7331,Truck Drivers,Loading and unloading vehicles using lifting and tipping devices
7331,Truck Drivers,Observing safety requirements when loading and unloading vehicles
7331,Truck Drivers,Making regular quality checks of vehicles to ensure they can be driven safely
7331,Truck Drivers,Estimating weights to comply with load limitations and ensuring safe distribution of weight
7331,Truck Drivers,Ensuring goods are stowed and securely covered to prevent loss and damage
7331,Truck Drivers,"Verifying loading documents, checking condition of goods and obtaining certification of deliveries"
7411,Storepersons,"Receiving incoming goods, checking for damage and for discrepancies between goods and invoices"
7411,Storepersons,"Unloading vehicles, opening packages and removing contents"
7411,Storepersons,Operating computers to obtain details of location and quantity of items in stock
7411,Storepersons,Labelling goods with details of storage location
7411,Storepersons,Packing and weighing goods and sealing boxes
7411,Storepersons,"Operating machines to lift, place and remove goods on high levels"
7411,Storepersons,"Operating specialised equipment, such as manually and electronically guided order pickers, and checking goods off picking list"
7411,Storepersons,Assisting with regular stocktakes
7411,Storepersons,"May use materials handling equipment, such as hydraulic pallet lifters and hand trucks, to move goods"
8111,Car Detailers,"Washing, drying, polishing and waxing vehicle exteriors"
8111,Car Detailers,"Vacuuming vehicle interiors, and drycleaning carpets and upholstery"
8111,Car Detailers,Applying cleaning agents to remove stains from vehicle interiors
8111,Car Detailers,"Washing tyres and wheel arches, and blackening tyres"
8111,Car Detailers,Washing and polishing vehicle windows
8111,Car Detailers,Emptying and cleaning compartments in vehicles
8111,Car Detailers,May make minor repairs and touch up finishes to remove scratches
8112,Commercial Cleaners,"Vacuuming carpets, curtains and upholstered furniture"
8112,Commercial Cleaners,"Cleaning, dusting and polishing furniture, fixtures and fittings"
8112,Commercial Cleaners,"Removing rubbish and recyclable material, and emptying containers, bins and trays"
8112,Commercial Cleaners,"Stripping wax from floors, re-waxing and polishing floors"
8112,Commercial Cleaners,"Cleaning and disinfecting laundry and bathroom fixtures, replenishing supplies and reporting defective plumbing fixtures"
8112,Commercial Cleaners,"Operating industrial vacuum cleaners to clean floors, work areas and machines"
8112,Commercial Cleaners,"Removing dust and dirt from ceilings, walls, overhead pipes and fixtures"
8112,Commercial Cleaners,Applying acids and solvents to surfaces to remove stains and dirt
8112,Commercial Cleaners,"Removing lint, dust, soot, oil, grease, sludge and other residues from machines, hulls and holds of ships, and interiors and exteriors of furnaces, boilers and tanks"
8112,Commercial Cleaners,May clean exteriors of buildings by sand-blasting and applying solvents
8113,Domestic Cleaners,"Vacuuming carpets, curtains and upholstered furniture"
8113,Domestic Cleaners,"Sweeping, mopping, waxing and polishing tiled, vinyl, timber and concrete floors"
8113,Domestic Cleaners,"Tidying rooms, emptying wastepaper bins and removing refuse and recyclable material"
8113,Domestic Cleaners,"Cleaning, disinfecting and deodorising kitchens, bathrooms and toilets"
8113,Domestic Cleaners,"Dusting, cleaning and polishing furniture and other homewares"
8113,Domestic Cleaners,Cleaning windows and other glass surfaces
8114,Housekeepers,Cleaning the interior of buildings and the immediate outside areas
8114,Housekeepers,"Sweeping, mopping and polishing floors, vacuuming and shampooing carpets, and cleaning curtains and upholstered furniture"
8114,Housekeepers,"Dusting and polishing furniture, fixtures and fittings"
8114,Housekeepers,"Picking up rubbish, emptying garbage containers, and taking contents to waste areas for removal"
8114,Housekeepers,"Restocking minibars and replenishing items such as drinking glasses, writing equipment, linen and groceries"
8114,Housekeepers,"Stripping and making beds, and changing bed linen"
8114,Housekeepers,"Maintaining kitchens, washing dishes and cooking utensils, and cleaning appliances, cupboards, counters, pantries and floors"
8114,Housekeepers,"Picking up, sorting, washing, drying, ironing and mending linen and clothes"
8114,Housekeepers,"Preparing and cooking meals, setting and clearing tables, and serving food and beverages"
8114,Housekeepers,"Taking care of household pets and plants, receiving visitors, answering telephones, delivering messages, and shopping for groceries"
8115,Laundry Workers,"Sorting articles for cleaning according to the type, colour, fabric and cleaning treatment required"
8115,Laundry Workers,Placing sorted articles into receptacles and onto conveyor belts for moving to repair and cleaning areas
8115,Laundry Workers,"Checking and removing stains from garments, and replacing buttons and making minor repairs"
8115,Laundry Workers,"Loading and unloading washing machines, driers and extractors"
8115,Laundry Workers,Adding cleaning agents and starches to articles
8115,Laundry Workers,Smoothing articles and guiding them through cleaning and pressing machines
8115,Laundry Workers,"Stopping and starting machines to untangle, straighten and remove articles"
8115,Laundry Workers,Ironing and pressing clean articles
8115,Laundry Workers,Placing articles on shelves and hanging articles for delivery and collection
8115,Laundry Workers,Packaging articles and preparing orders for despatch
8116,Other Cleaners,Cleaning carpets and upholstered furniture using cleaning machines and their attachments
8116,Other Cleaners,"Selecting and applying cleaning agents to remove stains from carpets, windows and surfaces"
8116,Other Cleaners,Filling carpet cleaning machines with water and other cleaning agents
8116,Other Cleaners,Pushing pile-lifting machines over carpets and brushing pile to raise and fluff nap
8116,Other Cleaners,"Treating carpets with soil-repellent chemicals and deodorants, and treating for pests"
8116,Other Cleaners,"Using ladders, swinging scaffolds, bosun's chairs, hydraulic bucket trucks and other equipment to reach and clean windows in multi-storey buildings"
8116,Other Cleaners,"Cleaning stone walls, metal surfaces, fascias and window frames using high pressure water cleaners and solvents"
8116,Other Cleaners,"Applying chemicals and high pressure cleaning methods to remove micro-organisms from water and filtration systems, and using wet vacuums and other suction equipment to remove scale, accumulated dirt and other deposits from swimming pools, cooling tower components and drains"
8211,Building and Plumbing Labourers,"Loading and unloading building and construction materials, tools and equipment and transporting them around building sites"
8211,Building and Plumbing Labourers,Erecting and dismantling temporary structures such as barricades and scaffolding
8211,Building and Plumbing Labourers,"Mixing, pouring and spreading materials such as concrete, plaster and mortar"
8211,Building and Plumbing Labourers,"Cleaning and carrying out minor repairs on stormwater drains and canals, and checking for cracks and leaks in sewerage systems"
8211,Building and Plumbing Labourers,"Digging holes and shovelling excavated material onto conveyors, wheelbarrows and trucks for removal"
8211,Building and Plumbing Labourers,"Spreading and levelling soil, gravel and sand on roads and driveways, trench bottoms and similar locations"
8211,Building and Plumbing Labourers,"Assisting with assembling and installing piping, valves and fittings"
8211,Building and Plumbing Labourers,"Assisting with installing fixtures such as toilets, wash basins and sprinkler systems"
8212,Concreters,Erecting concrete form work and laying steel reinforcing
8212,Concreters,"Pouring, spreading and levelling concrete using screeds and templates"
8212,Concreters,"Tamping, smoothing, shaping and sealing concrete"
8212,Concreters,"Operating trowelling machines to float, trowel and polish concrete surfaces"
8212,Concreters,"Forming expansion joints and edges using edging tools, jointers and straight edges"
8212,Concreters,"Installing fixtures in concrete such as anchor bolts, steel plates and door sills"
8212,Concreters,Wetting concrete and rubbing with abrasives to finish vertical surfaces
8212,Concreters,Covering concrete with plastic sheeting and sand to cure it
8212,Concreters,Cutting lines in concrete using power cutters
8212,Concreters,May cover freshly poured concrete with colouring powders and other materials
8213,Fencers,Laying out fence lines and marking positions for post holes
8213,Fencers,"Lifting and positioning fence posts in holes and securing posts with concrete, stone fill and soil"
8213,Fencers,Forming fence frames
8213,Fencers,Constructing and attaching gates to fences
8213,Fencers,Stretching materials between fence posts
8213,Fencers,"Constructing wooden paling, fibre-cement and metal fences"
8213,Fencers,Repairing and demolishing existing fences
8214,Insulation and Home Improvement Installers,"Examining plans, specifications and work sites to determine the type and quality of installations required and their location"
8214,Insulation and Home Improvement Installers,"Preparing site for insulation and installation of fittings by nailing up furring, drilling holes for screws and bolts, and erecting scaffolding and ladders"
8214,Insulation and Home Improvement Installers,Gluing blocks and slabs of foamed plastic and cork to walls
8214,Insulation and Home Improvement Installers,"Operating equipment to blow and spray mineral wool, fibre fill and foam insulation material into cavities"
8214,Insulation and Home Improvement Installers,"Cutting insulation material to size and shape, and nailing and stapling batt-type insulation to joists, studs and furring"
8214,Insulation and Home Improvement Installers,"Measuring, cutting and applying solar control film to windows"
8214,Insulation and Home Improvement Installers,"Fitting awnings, security screens, shower screens, prefabricated windows and doors, exterior cladding and other home improvements using hand tools"
8214,Insulation and Home Improvement Installers,"Drilling holes in wood, brick, stone and fibrous structures, and bolting, screwing and nailing fittings into place"
8214,Insulation and Home Improvement Installers,"Attaching and adjusting mechanical fittings such as cranks, locks and pull-cords"
8214,Insulation and Home Improvement Installers,Installing flashing and waterproofing to fittings such as shower screens and prefabricated windows and doors
8215,Paving and Surfacing Labourers,Sweeping paving bases prior to laying asphalt and other surfaces
8215,Paving and Surfacing Labourers,Sprinkling and brushing hot and cold-mix asphalt over surfaces to be paved and repaired to bond asphalt toppings to bases
8215,Paving and Surfacing Labourers,Operating tank-truck distributors and hoses to spray tar and road oils and emulsions on graded surfaces prior to paving
8215,Paving and Surfacing Labourers,"Tripping tail-gate levers to discharge hot-mix asphalt into paving machines, and spreading stone chips, gravel and cold-mix asphalt onto road surfaces"
8215,Paving and Surfacing Labourers,"Shovelling asphalt mix into areas inaccessible to paving machines, and compacting mix using rakes and hand tampers"
8215,Paving and Surfacing Labourers,Cutting and trimming damaged surfaces using jack-hammers and softening edges of areas to be repaired with blowtorches
8215,Paving and Surfacing Labourers,Erecting and dismantling barricades
8215,Paving and Surfacing Labourers,"Loading and unloading equipment, and cleaning work sites"
8215,Paving and Surfacing Labourers,May direct traffic
8216,Railway Track Workers,Spreading and tamping ballast to provide firm foundation for sleepers
8216,Railway Track Workers,Cutting rails to length and grinding worn and rough rail ends
8216,Railway Track Workers,"Placing sleepers across roadbeds, and positioning and fastening rails on sleepers"
8216,Railway Track Workers,"Drilling bolt holes, and bolting and welding rail sections"
8216,Railway Track Workers,"Removing and replacing worn and damaged rails, sleepers and switches"
8216,Railway Track Workers,Cleaning and lubricating switches
8216,Railway Track Workers,"Examining track, lubricating wheel bearings on rolling stock and maintaining switch signal lamps"
8216,Railway Track Workers,Installing and repairing signals and other equipment
8216,Railway Track Workers,May assist with the righting of derailed rolling stock
8217,Structural Steel Construction Workers,"Erecting lifting tackles by attaching pulleys and blocks to fixed overhead structures, and installing cables and attaching counterweights"
8217,Structural Steel Construction Workers,"Attaching slinging gear to hoisting equipment and objects to be moved using clamps, hooks, bolts and knots"
8217,Structural Steel Construction Workers,"Fitting and bolting tubes, support braces and components to form bases and build up scaffolding"
8217,Structural Steel Construction Workers,Lifting and positioning sections of scaffolding
8217,Structural Steel Construction Workers,"Measuring, cutting, bending and fitting welded wire mesh into concrete areas to be mesh-reinforced"
8217,Structural Steel Construction Workers,Fixing mesh and reinforcing steel into position in formwork for concrete pours
8217,Structural Steel Construction Workers,"Setting up winches and rigging equipment to raise and position girders, plates, columns and other steel units"
8217,Structural Steel Construction Workers,"Erecting guard rails, guy wires, ropes and clears, laying planks and hanging safety nets"
8219,Other Construction and Mining Labourers,"Slings cranes and winches, and directs the movement of loads ensuring loads do not exceed lifting capacities"
8219,Other Construction and Mining Labourers,"Performs routine tasks in setting up, operating and dismantling drilling sites for extracting oil, gas, mineral ore or water"
8219,Other Construction and Mining Labourers,"Applies insulating materials, such as felt, fibreglass, polyurethane and cork, to pipes, steam generators, process vats and ducting, and secures insulation with wire, wire netting, staples, metal strapping and using welding torches"
8219,Other Construction and Mining Labourers,"Performs routine tasks in mining and mineral ore treating operations such as assembling, operating and dismantling mining equipment, taking ore, rock and dust samples, and mixing ore treating chemicals and catalysts"
8219,Other Construction and Mining Labourers,"Performs routine tasks to assist surveyors and geologists by transporting, assembling, maintaining and laying out prospecting and surveying equipment, and collecting and labelling samples"
8311,Food and Drink Factory Workers,"Weighing, measuring, mixing, dissolving and boiling ingredients"
8311,Food and Drink Factory Workers,"Adding materials, such as spices and preservatives, to food and beverages"
8311,Food and Drink Factory Workers,"Operating heating, chilling, freezing, pasteurising, carbonating, sulphuring and desulphuring plant"
8311,Food and Drink Factory Workers,"Monitoring product quality before packaging by inspecting, taking samples and adjusting treatment conditions when necessary"
8311,Food and Drink Factory Workers,"Operating machines to peel, core, slice, dice, pit and juice fruit and vegetables"
8311,Food and Drink Factory Workers,"Cleaning equipment, pumps, hoses, storage tanks, vessels and floors, and maintaining infestation control programs"
8311,Food and Drink Factory Workers,"Regulating speed of conveyors and crusher rollers, and adjusting tension of rollers to ensure total extraction of juice from sugar cane"
8311,Food and Drink Factory Workers,Moving products from production lines into storage and shipping areas
8311,Food and Drink Factory Workers,Packaging and bottling products
8312,"Meat Boners and Slicers, and Slaughterers",Operating switching controls to direct and drop carcasses and meat cuts from supply rails to boning tables
8312,"Meat Boners and Slicers, and Slaughterers","Cutting meat to separate meat, fat and tissue from around bones"
8312,"Meat Boners and Slicers, and Slaughterers","Washing, scraping and trimming foreign material and blood from meat"
8312,"Meat Boners and Slicers, and Slaughterers","Cutting sides and quarters of meat into standard meat cuts, such as rumps, flanks and shoulders, and removing internal fat, blood clots, bruises and other matter to prepare them for packing and marketing"
8312,"Meat Boners and Slicers, and Slaughterers",Operating restrainer and stunning equipment
8312,"Meat Boners and Slicers, and Slaughterers",Severing jugular veins of stunned animals to drain blood and facilitate dressing
8312,"Meat Boners and Slicers, and Slaughterers",Trimming and removing head meat and severing animal heads
8312,"Meat Boners and Slicers, and Slaughterers","Slitting open, eviscerating and trimming animal carcasses"
8312,"Meat Boners and Slicers, and Slaughterers",May slaughter livestock according to procedures required by religious customs
8313,"Meat, Poultry and Seafood Process Workers",Processing offal and tripe
8313,"Meat, Poultry and Seafood Process Workers",Moving carcasses to chillers and freezers
8313,"Meat, Poultry and Seafood Process Workers",Loading meat products into trucks
8313,"Meat, Poultry and Seafood Process Workers",Packing boned and sliced meat into cartons
8313,"Meat, Poultry and Seafood Process Workers",Stunning and shackling poultry for killing and processing
8313,"Meat, Poultry and Seafood Process Workers","Severing jugular veins of poultry, and removing viscera and residual material from poultry carcasses"
8313,"Meat, Poultry and Seafood Process Workers","Separating organs and glands, such as sweetbreads, livers, hearts and spleens, from poultry carcasses"
8313,"Meat, Poultry and Seafood Process Workers","Inspecting and grading poultry, fish and shellfish for size and quality"
8313,"Meat, Poultry and Seafood Process Workers","Packing fish and counting packs before freezing, and packing frozen fish blocks into cartons"
8313,"Meat, Poultry and Seafood Process Workers","Operating machines which slice, peel, skin and crumb fish"
8313,"Meat, Poultry and Seafood Process Workers",Cleaning and sanitising equipment and work areas
8321,Packers,"Obtaining supplies of products and assembling bags, package folders and cartons"
8321,Packers,"Packing containers and bags with products, and counting, weighing and measuring amounts and adjusting quantities"
8321,Packers,"Wrapping protective material around products, sealing bags and containers, and attaching pre-printed labels"
8321,Packers,"Counting and placing bags and packages onto trays and racks, and into shipping cartons"
8321,Packers,"Recording information such as numbers, weight, times and dates"
8321,Packers,Monitoring the filling of containers and adjusting machines to maintain volume and seal quality
8321,Packers,Monitoring the supply and quality of containers and contents of holding tanks
8321,Packers,"Checking the cleanliness and operation of machines, equipment and containers"
8322,Product Assemblers,"Locating, positioning and securing components on workbenches"
8322,Product Assemblers,Punching and drilling mounting holes in parts and assembled products
8322,Product Assemblers,Assembling and securing components in sequence
8322,Product Assemblers,"Assembling parts by nailing, screwing, gluing and dowelling, riveting, crimping, soldering and spot welding components"
8322,Product Assemblers,"Fitting hardware items, such as hinges, catches and knobs, to parts"
8322,Product Assemblers,"Attaching and fastening jewellery and jewellery parts to fabricate bracelets, necklaces, brooches and earrings"
8322,Product Assemblers,"Deburring and finishing items using files, grinding wheels and emery paper"
8322,Product Assemblers,May manually wind light electrical field coils
8391,Metal Engineering Process Workers,Positioning and holding tools and metal products
8391,Metal Engineering Process Workers,Performing assembly and dismantling operations such as screwing and bolting
8391,Metal Engineering Process Workers,"Operating power hammers, presses and other metal cutting and shaping tools and machines"
8391,Metal Engineering Process Workers,Soldering and spot welding components using electrical spot and butt welding machines
8391,Metal Engineering Process Workers,"Transporting tools, materials and work pieces to and from sites and workbenches"
8391,Metal Engineering Process Workers,Cleaning and preparing working surfaces
8392,Plastics and Rubber Factory Workers,Dumping material into hoppers of machines
8392,Plastics and Rubber Factory Workers,Stopping moulding machines and discharging contents
8392,Plastics and Rubber Factory Workers,Cutting foam products from foam blocks
8392,Plastics and Rubber Factory Workers,"Cleaning, smoothing and waxing moulds for making products"
8392,Plastics and Rubber Factory Workers,Brushing and spraying release agents onto moulds to assist with the removal of moulded products
8392,Plastics and Rubber Factory Workers,Building up layers of fibreglass and resin on moulds
8392,Plastics and Rubber Factory Workers,"Cleaning work areas, tools and equipment"
8392,Plastics and Rubber Factory Workers,"May smooth rough edges of moulds using files, grinders and sanders"
8393,Product Quality Controllers,Studying product specifications and taking measurements to determine conformity to specifications
8393,Product Quality Controllers,"Examining and marking output for visible defects such as cracks, holes and breakages"
8393,Product Quality Controllers,Making minor repairs and adjustments to products
8393,Product Quality Controllers,"Compiling quality assurance reports, maintaining documentation and reporting findings"
8393,Product Quality Controllers,Examining products for defects and grading produce
8393,Product Quality Controllers,Designating grading of produce and recording details of assessments according to classification system
8393,Product Quality Controllers,Collecting and labelling samples for inspection
8393,Product Quality Controllers,Recording details of sampling procedures and sources of samples
8393,Product Quality Controllers,Preparing samples and carrying out prescribed tests
8394,Timber and Wood Process Workers,"Rolling logs from trucks and conveyors to log decks, saw carriages and stacking bays"
8394,Timber and Wood Process Workers,"Placing logs and wood billets onto conveyors and lathes for processing into chips, veneers and pulp"
8394,Timber and Wood Process Workers,Sorting and stacking timber during milling
8394,Timber and Wood Process Workers,Placing timber for processing by machines and unloading cut timber from tail end of machines
8394,Timber and Wood Process Workers,Assisting with setting up and operating plant and ancillary equipment used in the manufacture of sheets and boards
8394,Timber and Wood Process Workers,"Transporting processed wood products, such as plywood, chipboard sheets and panels, to work areas"
8394,Timber and Wood Process Workers,Clearing blockages in machines
8394,Timber and Wood Process Workers,Assisting with measuring and cutting materials
8394,Timber and Wood Process Workers,Packing and loading finished products for transportation
8394,Timber and Wood Process Workers,"Cleaning work areas, tools and equipment"
8399,Other Factory Process Workers,"Performs routine tasks in manufacturing cement and concrete products such as greasing and assembling concrete moulds, holding reinforcing steel in position during concrete pours, stripping moulds from dried concrete products, and finishing products"
8399,Other Factory Process Workers,"Performs routine tasks in a chemical processing plant such as delivering materials to processing areas, dumping ingredients into hoppers, operating machines to heat, cool and agitate chemical solutions, filling and fastening covers on containers, and attaching labels and information on products"
8399,Other Factory Process Workers,"Performs routine tasks in manufacturing clay and ceramic products such as loading clay into machines, stacking products on kiln cars, pallets and trolleys, and moving kiln cars and trolleys to and from kilns, dryers, sorting, storage and shipping areas"
8399,Other Factory Process Workers,"Performs routine tasks in a fabric and textile factory such as cutting canvas, upholstery and curtain fabrics, delivering materials to machines, operating automatic machines using computerised patterns, pressing partially completed and finished garments, and inspecting and finishing completed garments"
8399,Other Factory Process Workers,"Performs routine tasks in manufacturing footwear such as basic hand cutting of shoe components, delivering materials to machines, and inspecting and finishing completed footwear"
8399,Other Factory Process Workers,"Performs routine tasks in manufacturing glassware such as setting up, adjusting and repairing automatic machines and equipment, and checking weight of glassware"
8399,Other Factory Process Workers,"Performs routine tasks in tanning and finishing leather, hides and skins such as fleshing hides by cutting out pieces of flesh and fat, laying out hides and skins for classing and drying and arranging heaters to dry them, spraying dried hides with preservatives, and treating, pressing and securing hides and skins"
8411,Aquaculture Workers,"Feeding and grading fish, and monitoring their growth"
8411,Aquaculture Workers,"Assisting with farm layout and constructing nets, long-lines and cages"
8411,Aquaculture Workers,Checking and looking after equipment and fish housing
8411,Aquaculture Workers,Operating pumps and other equipment
8411,Aquaculture Workers,Testing and checking on water quality
8411,Aquaculture Workers,Removing dead and dying fish
8411,Aquaculture Workers,Operating lifting equipment such as forklifts and small cranes
8411,Aquaculture Workers,"Harvesting fish, and sorting and packing for transportation"
8411,Aquaculture Workers,"Restocking pens, pools, tanks, ponds, rivers and dams with juvenile fish"
8411,Aquaculture Workers,"Collecting and recording growth, production and water quality data"
8412,Crop Farm Workers,"Planting trees, seeds, seedlings, roots, bulbs, vines and other plants using hand tools and farm machines"
8412,Crop Farm Workers,Building trellises for climbing vegetables and vines
8412,Crop Farm Workers,"Operating farm machines to cultivate, fertilise, spray and harvest fruit, nuts, grains and vegetables"
8412,Crop Farm Workers,"Spraying trees, vines and other plants with chemicals to control weed growth, insects, fungus growth and diseases"
8412,Crop Farm Workers,"Thinning, weeding and hoeing row crops, and pruning trees and vines"
8412,Crop Farm Workers,Irrigating land for crop growth
8412,Crop Farm Workers,"Selecting and picking fruit, nuts, grains and vegetables according to size and ripeness, and discarding rotting and over-ripened produce"
8412,Crop Farm Workers,"Grading, sorting, bunching and packing produce into containers"
8412,Crop Farm Workers,"Loading filled fruit, nut, grain and vegetable containers onto trucks"
8413,Forestry and Logging Workers,"Maintaining forest roads, buildings, facilities, signs and equipment"
8413,Forestry and Logging Workers,"Killing weeds, felling and de-barking non-productive trees and thinning young plantations"
8413,Forestry and Logging Workers,"Collecting seeds, and cultivating and planting seedlings for reafforestation purposes"
8413,Forestry and Logging Workers,"Applying fertilisers, insecticides and herbicides to individual trees and general forest areas"
8413,Forestry and Logging Workers,Maintaining look-out for fires in forests
8413,Forestry and Logging Workers,"Removing major branches and tree tops, trimming branches and sawing trunks into logs"
8413,Forestry and Logging Workers,Assisting with loading and transporting logs
8413,Forestry and Logging Workers,Planning the felling of trees and determining the natural and intended fall of each tree
8413,Forestry and Logging Workers,Clearing surrounding area of saplings and debris prior to tree-felling
8413,Forestry and Logging Workers,Operating and maintaining manual and machine saws to fell trees and to cut felled trees into logs
8414,Garden and Nursery Labourers,"Loading, unloading and moving garden supplies and equipment"
8414,Garden and Nursery Labourers,Preparing garden sites and plots using hand tools and machines
8414,Garden and Nursery Labourers,"Assisting with planting and transplanting flowers, shrubs, trees and lawns"
8414,Garden and Nursery Labourers,"Maintaining gardens by watering, weeding and mowing lawns"
8414,Garden and Nursery Labourers,Cleaning gardens and removing rubbish
8414,Garden and Nursery Labourers,"Assisting with propagating, planting and potting seeds, bulbs and cuttings"
8414,Garden and Nursery Labourers,Tending plants by hand watering and weeding
8414,Garden and Nursery Labourers,"Adjusting mist irrigation systems, shade and ventilation"
8414,Garden and Nursery Labourers,Harvesting and packaging plants for sale and transport
8415,Livestock Farm Workers,"Patrolling, inspecting and reporting on the condition of livestock"
8415,Livestock Farm Workers,Providing livestock with feed and water
8415,Livestock Farm Workers,Assisting with maintaining the health and welfare of livestock
8415,Livestock Farm Workers,Mustering and droving livestock to milking and shearing sheds and between paddocks to ensure sufficient feed is available
8415,Livestock Farm Workers,"Washing and cleaning udders, and attaching milking machines to udders and milking cows"
8415,Livestock Farm Workers,Collecting eggs and placing in incubators
8415,Livestock Farm Workers,Herding sheep for shearing and keeping mobs separate during shearing
8415,Livestock Farm Workers,"Spreading fleeces on skirting tables for classing, pressing wool and branding bales"
8415,Livestock Farm Workers,"Exercising horses by walking, riding, leading and swimming, and attending to horses at track work, barrier trials and races"
8415,Livestock Farm Workers,"Cleaning stables and hatcheries, storing bedding and performing minor repairs on fixtures, buildings and fences"
8415,Livestock Farm Workers,"Assembling, preparing and storing horse gear"
8416,Mixed Crop and Livestock Farm Workers,"Patrolling, inspecting and reporting on the condition of crops and livestock"
8416,Mixed Crop and Livestock Farm Workers,"Operating farm machines to cultivate, plant, fertilise, spray and harvest field crops"
8416,Mixed Crop and Livestock Farm Workers,"Maintaining and repairing buildings, machines, fences, plant and water systems"
8416,Mixed Crop and Livestock Farm Workers,"Loading and unloading seed grain, fertilisers and livestock feed, and loading field crops into transporters for marketing"
8416,Mixed Crop and Livestock Farm Workers,Irrigating land for crop growth
8416,Mixed Crop and Livestock Farm Workers,Providing livestock with feed and water
8416,Mixed Crop and Livestock Farm Workers,Assisting with maintaining the health and welfare of livestock
8416,Mixed Crop and Livestock Farm Workers,Mustering and droving livestock to milking and shearing sheds and between paddocks to ensure sufficient feed is available
8419,"Other Farm, Forestry and Garden Workers","Hunts, traps and shoots animals for food, pelts, research and for pest control registration or licensing may be required"
8419,"Other Farm, Forestry and Garden Workers","Applies pest or weed management techniques to kill and control pests or weeds in domestic, commercial and industrial areas, roadsides, and private and public lands registration or licensing may be required"
8511,Fast Food Cooks,"Taking and serving food and beverage orders, and receiving payment from customers"
8511,Fast Food Cooks,"Preparing food such as hamburgers, pizzas, fish and chips"
8511,Fast Food Cooks,"Washing, cutting, measuring and mixing foods for cooking"
8511,Fast Food Cooks,"Operating cooking equipment such as grills, microwaves and deep-fat fryers"
8511,Fast Food Cooks,"Cleaning food preparation areas, cooking surfaces and utensils"
8511,Fast Food Cooks,Ordering and taking delivery of fast food ingredients
8511,Fast Food Cooks,May arrange delivery of prepared food and beverages
8512,Food Trades Assistants,Gathering food ingredients in preparation for cooking and serving
8512,Food Trades Assistants,Gathering pots and pans in preparation for cooking food ingredients
8512,Food Trades Assistants,Weighing and measuring ingredients
8512,Food Trades Assistants,"Washing, peeling, cutting, slicing and dicing ingredients for cooking and serving"
8512,Food Trades Assistants,"Cutting and grinding meat, poultry and seafood in preparation for cooking"
8512,Food Trades Assistants,Removing cooked food from ovens and food warmers
8512,Food Trades Assistants,"Washing work areas, equipment, utensils, dishes and silverware"
8512,Food Trades Assistants,"Storing food supplies, equipment, utensils, dishes and silverware in refrigerators, cupboards, pantries and other storage areas"
8512,Food Trades Assistants,Informing foods trade workers when food supplies are low
8513,Kitchenhands,"Cleaning kitchens, food preparation areas and sculleries"
8513,Kitchenhands,Cleaning cooking and general utensils used in kitchens and restaurants
8513,Kitchenhands,"Transferring, weighing and checking supplies and equipment"
8513,Kitchenhands,"Assembling and preparing ingredients for cooking, and preparing salads, savouries and sandwiches"
8513,Kitchenhands,Packing food and beverage trays for serving
8513,Kitchenhands,"Cooking, toasting and heating simple food items"
8911,Freight and Furniture Handlers,Labelling goods with customers' details and destinations
8911,Freight and Furniture Handlers,"Loading goods into trucks, containers and rail wagons, and securing loads"
8911,Freight and Furniture Handlers,Assisting to tie down loads and cover them with tarpaulins
8911,Freight and Furniture Handlers,Guiding truck drivers into loading bays and through confined spaces
8911,Freight and Furniture Handlers,"Performing clerical functions to record and check cargo on arrival, storage and despatch"
8911,Freight and Furniture Handlers,Opening and closing hatches and securing cargo to prevent shifting during voyages
8911,Freight and Furniture Handlers,Transferring loads using moving equipment and directing equipment operations using communication systems
8911,Freight and Furniture Handlers,"Stacking cargo on pallets, trays, flats and slings to facilitate transfer to and from ships"
8912,Shelf Fillers,"Placing goods neatly in bins and on racks, and stacking bulky goods on floors"
8912,Shelf Fillers,Filling shelves with goods ensuring goods with the earliest use-by dates are at the front of shelves
8912,Shelf Fillers,Noting what has been sold and collecting goods needed from the stockroom using a trolley
8912,Shelf Fillers,Maintaining shelf order by removing stock belonging to a different location
8912,Shelf Fillers,May help customers find goods they need
8912,Shelf Fillers,May price goods
8991,Caretakers,Filling out registration forms and providing tenants with copies of rules
8991,Caretakers,"Collecting rent, and filling out and issuing receipts"
8991,Caretakers,"Cleaning common facilities, grounds and gardens, replacing light bulbs, checking fire hoses and extinguishers, and performing other cleaning and maintenance tasks"
8991,Caretakers,Notifying management and owners of buildings of the need for major repairs
8991,Caretakers,"Cautioning tenants regarding excessive noise, disorderly conduct and abuse of property"
8991,Caretakers,Patrolling buildings to ensure security is maintained
8991,Caretakers,Purchasing cleaning supplies
8992,Deck and Fishing Hands,"Handling ropes and wires, and operating mooring equipment when berthing and unberthing"
8992,Deck and Fishing Hands,Standing lookout watches at sea and adjusting the ship's course as directed
8992,Deck and Fishing Hands,Assisting with cargo operations using on-board equipment and stowing and securing cargo
8992,Deck and Fishing Hands,"Patrolling ships to ensure safety of the vessel, cargo and passengers"
8992,Deck and Fishing Hands,"Performing routine maintenance and checks on deck equipment, cargo gear, rigging, and lifesaving and firefighting appliances"
8992,Deck and Fishing Hands,Attaching gear and fastening towing cables to nets
8992,Deck and Fishing Hands,"Casting and lowering nets, pots, lines and traps into water"
8992,Deck and Fishing Hands,"Preparing lines, attaching running gear and bait, and setting lines into position"
8992,Deck and Fishing Hands,Hauling in fishing gear and removing fish and other marine life
8992,Deck and Fishing Hands,"Sorting, cleaning, preserving, stowing and refrigerating catch"
8993,Handypersons,"Repairing broken windows, screens, doors, fences, barbecues, picnic tables, shelves, cupboards and other items"
8993,Handypersons,Replacing defective items such as light bulbs
8993,Handypersons,"Repairing and painting interior and exterior surfaces such as walls, ceilings and fences"
8993,Handypersons,Clearing rubbish and leaves from driveways and grounds
8993,Handypersons,Mowing lawns and cultivating gardens
8993,Handypersons,Adjusting doors and windows
8993,Handypersons,Replacing tap washers
8993,Handypersons,Putting up handrails and grab rails
8994,Motor Vehicle Parts and Accessories Fitters,Removing old and damaged parts and cleaning surrounding areas on vehicles
8994,Motor Vehicle Parts and Accessories Fitters,"Fitting batteries and installing accessories such as sun roofs, stereos and alarms"
8994,Motor Vehicle Parts and Accessories Fitters,"Removing damaged glass, trimming strips and rubber seals from window frames and mountings on motor vehicles, positioning new windscreens and glass windows on frames and attaching and sealing them"
8994,Motor Vehicle Parts and Accessories Fitters,"Inspecting, removing and repairing muffler mountings, and fitting new mufflers, extractors and exhaust pipes"
8994,Motor Vehicle Parts and Accessories Fitters,Removing radiators from vehicles and cleaning and repairing them
8994,Motor Vehicle Parts and Accessories Fitters,"Installing new or repaired radiators into vehicles and repairing and replacing other units in the cooling system such as thermostats, head gaskets and water pumps"
8994,Motor Vehicle Parts and Accessories Fitters,Inspecting tyres to determine which repair action to implement and repairing punctures in tubes and tubeless tyres
8994,Motor Vehicle Parts and Accessories Fitters,Operating air driven equipment to remove and refit tyres and tubes on vehicles
8994,Motor Vehicle Parts and Accessories Fitters,Balancing wheels and tyres using static and electronic equipment
8995,Printing Assistants and Table Workers,"Assisting with setting up, operating and adjusting machines"
8995,Printing Assistants and Table Workers,Maintaining and lubricating printing and bindery machines
8995,Printing Assistants and Table Workers,Clearing waste and cleaning work areas and machines
8995,Printing Assistants and Table Workers,"Folding, collating and fastening printed products by machine and hand"
8995,Printing Assistants and Table Workers,Performing hand binding and finishing operations
8995,Printing Assistants and Table Workers,"Operating specialised machines such as casing-in and mini binders, and automatic carton folding and gluing machines"
8995,Printing Assistants and Table Workers,Carrying out routine quality control
8996,Recycling and Rubbish Collectors,Riding on and in garbage and recycling trucks
8996,Recycling and Rubbish Collectors,"Collecting rubbish and items for recycling from domestic, commercial and industrial premises"
8996,Recycling and Rubbish Collectors,Loading rubbish and recycling into bins and garbage and recycling trucks
8996,Recycling and Rubbish Collectors,Unloading garbage and recycling trucks
8996,Recycling and Rubbish Collectors,May operate compacting equipment on garbage trucks
8996,Recycling and Rubbish Collectors,May supervise other garbage collectors
8997,Vending Machine Attendants,"Loading, unloading and transporting stock and equipment"
8997,Vending Machine Attendants,Replenishing vending machines with stock
8997,Vending Machine Attendants,"Clearing money from machines, accounting for money collected, and checking monitoring systems"
8997,Vending Machine Attendants,"Keeping stock records, and machine maintenance and repair records"
8997,Vending Machine Attendants,"May test vending machines' dispensing, coin-handling, electrical, refrigeration, carbonation and ice-making systems"
8997,Vending Machine Attendants,May adjust and repair vending machines and replace defective mechanical and electrical parts using hand tools and soldering-irons
8999,Other Miscellaneous Labourers,"Repairs and adjusts bicycles, and assembles bicycle kits"
8999,Other Miscellaneous Labourers,"Operates and maintains a car parking facility by guarding cars in parking areas and collecting fees at car park entry or exit points may drive and park cars, and operate boom gates"
8999,Other Miscellaneous Labourers,"Assists children, disabled and other pedestrians to cross roads by stopping traffic and ensuring all pedestrians have crossed safely before allowing traffic to flow through the crossing"
8999,Other Miscellaneous Labourers,Assists electrotechnology and telecommunications trades workers to install and maintain electrical and telecommunications systems
8999,Other Miscellaneous Labourers,Collects leaflets or newspapers from a collection point and delivers them to homes in a specified area
8999,Other Miscellaneous Labourers,"Assists motor mechanics to replace and repair worn and defective parts, re-assemble mechanical components, change oil and filters, and perform other routine mechanical tasks"
8999,Other Miscellaneous Labourers,"Erects and installs signs, and cleans signs and their sites after installation"
8999,Other Miscellaneous Labourers,"Collects tickets or admission passes and ushers patrons to their seats at an entertainment, sporting or recreational venue, prepares the venue before an event and locks up premises afterwards"
8999,Other Miscellaneous Labourers,"Collects supermarket trolleys from car parks and other areas, and returns them to the supermarket by hand or trailer may drive a small tractor to tow the trolleys"
111211,Corporate General Managers,"Plans policy, and sets standards and objectives for the organisation."
111211,Corporate General Managers,"Provides direction and management of the organisation, and directs and endorses policy to fulfil objectives, achieve specific goals, and maximise profit and efficiency."
111211,Corporate General Managers,Assesses situations and responds accordingly by issuing commands and directives to subordinate staff.
111211,Corporate General Managers,"Consults with immediate subordinates and departmental heads on matters such as methods of operation, equipment requirements, finance, sales and human resources."
111211,Corporate General Managers,Authorises the funding of major policy implementation programs.
111211,Corporate General Managers,"Represents the organisation at official occasions, in negotiations, at conventions, seminars, public hearings and forums, and liaises between areas of responsibility."
111211,Corporate General Managers,"Prepares, or arranges for the preparation of, reports, budgets and forecasts, and presents them to governing bodies."
111211,Corporate General Managers,Selects and manages the performance of senior staff.
111211,Corporate General Managers,"May undertake responsibility for some or all of accounting, sales, marketing, human resources and other specialist operations."
111212,Defence Force Senior Officers,"Provides strategic direction and management, directs subordinates to meet objectives, achieve specific goals."
111212,Defence Force Senior Officers,"Plans manoeuvres, policy and ensures set standards are meet."
111212,Defence Force Senior Officers,"Consults with immediate subordinates and fellow defence heads (where appropriate) on such matters as methods of operation, equipment required and personnel."
111212,Defence Force Senior Officers,"Studies and analyses relevant data, reviews recommendations and reports, takes responsibility for preparation and presentation of information to the appropriate arms of military forces."
111212,Defence Force Senior Officers,Decides or approves senior (and/or other) appointments.
111212,Defence Force Senior Officers,"Authorises missions, along with government approval."
111212,Defence Force Senior Officers,"Represents military arm at conferences, negotiations, official occasions, and liaises with other organisations."
111311,Local Government Legislators,"Develops local government policy, and formulates, amends and repeals legislation and by-laws."
111311,Local Government Legislators,Helps constituents with a range of problems.
111311,Local Government Legislators,Introduces proposals for government action and represents public and electoral interests.
111311,Local Government Legislators,Issues policy directions to government departments and exercises control over local government authorities.
111311,Local Government Legislators,"Attends community functions and meetings of local groups to provide service to the community, gauge public opinion and provide information on government plans."
111311,Local Government Legislators,May present petitions on behalf of concerned groups.
111312,Members of Parliament,"Develops policy, and formulates, amends and repeals legislation and by-laws."
111312,Members of Parliament,Helps constituents with a range of problems particularly with regard to matters concerning government and local agencies.
111312,Members of Parliament,Investigates matters of concern to the public and to particular persons and groups.
111312,Members of Parliament,Introduces proposals for government action and represents public and electoral interests.
111312,Members of Parliament,Issues policy directions to government departments and exercises control over local government authorities.
111312,Members of Parliament,"Attends community functions and meetings of local groups to provide service to the community, gauge public opinion and provide information on government plans."
111312,Members of Parliament,May serve as a member on parliamentary committees and inquiries.
111312,Members of Parliament,May present petitions on behalf of concerned groups.
121212,Flower Growers,"Co-ordinates production and marketing of flowers, from soil preparation through to harvest, taking into account environmental and market factors."
121212,Flower Growers,"Plants seeds, seedlings and bulbs, and grafts new varieties to root stocks."
121212,Flower Growers,"Maintains crop production by cultivating, de-budding and pruning, as well as maintaining optimal growing conditions."
121212,Flower Growers,"Conducts farming operations, such as collecting, storing, grading and packaging produce, and organising the sale, purchase and dispatch of produce."
121212,Flower Growers,Oversees general farming activities such as fertilising and the control of pests and weeds.
121212,Flower Growers,"Maintains buildings, fences, equipment and water systems."
121212,Flower Growers,"Evaluates records of activities, monitoring market activity, and planning crop preparation and production to meet contract requirements and market demand."
121212,Flower Growers,Manages business capital.
121212,Flower Growers,"May select, train and supervise staff and contractors."
121213,Fruit and Nut Growers,"Co-ordinates production and marketing of fruit and nuts, from soil preparation through to harvest, taking into account environmental and market factors."
121213,Fruit and Nut Growers,Plants seeds and seedlings as well as grafting new varieties to root stocks.
121213,Fruit and Nut Growers,"Maintains crop production by cultivating, de-budding and pruning, as well as maintaining optimal growing conditions."
121213,Fruit and Nut Growers,"Conducts farming operations, such as collecting, storing, grading and packaging produce, and organising the sale, purchase and dispatch of produce."
121213,Fruit and Nut Growers,Oversees general farming activities such as fertilising and the control of pests and weeds.
121213,Fruit and Nut Growers,"Maintains farm buildings, fences, equipment and water supply systems."
121213,Fruit and Nut Growers,"Evaluates records of farming activities, monitoring market activity, and planning crop preparation and production to meet contract requirements and market demand."
121213,Fruit and Nut Growers,"Manages business capital, including budgeting, taxation, debt and loan management."
121213,Fruit and Nut Growers,Selects trains and supervises staff and contractors.
121214,"Grain, Oilseed and Pasture Growers","Plans and co-ordinates the production and marketing of crops, from soil preparation through to harvest, taking into account environmental and market factors."
121214,"Grain, Oilseed and Pasture Growers",Selects and plants seeds.
121214,"Grain, Oilseed and Pasture Growers",Maintains crop production by cultivating and maintaining optimal growing conditions.
121214,"Grain, Oilseed and Pasture Growers","Organises and conducts farming operations, such as collecting, storing, grading and packaging produce, and organising the sale, purchase and dispatch of produce."
121214,"Grain, Oilseed and Pasture Growers",Directs and oversees general farming activities such as fertilising and the control of pests and weeds.
121214,"Grain, Oilseed and Pasture Growers","Maintains farm buildings, fences, equipment and water supply systems."
121214,"Grain, Oilseed and Pasture Growers","Maintains and evaluates records of farming activities, monitoring market activity, and planning crop preparation and production to meet contract requirements and market demand."
121214,"Grain, Oilseed and Pasture Growers","Manages business capital including budgeting, taxation, debt and loan management."
121214,"Grain, Oilseed and Pasture Growers","May select, train and supervise staff and contractors."
121215,Grape Growers,Co-ordinates the production and marketing of grapes.
121215,Grape Growers,Plants seedlings and grafts new varieties to root stocks.
121215,Grape Growers,"Maintains crop production by cultivating, de-budding and pruning, as well as maintaining optimal growing conditions."
121215,Grape Growers,"Conducts farming operations, such as collecting, storing, grading and packaging produce, and organising the sale, purchase and dispatch of produce."
121215,Grape Growers,Oversees general farming activities such as fertilising and the control of pests and weeds.
121215,Grape Growers,"Maintains buildings, fences, equipment and water supply systems."
121215,Grape Growers,"Evaluates records of activities, monitoring market activity, and planning crop preparation and production to meet contract requirements and market demand."
121215,Grape Growers,"Manages business capital including budgeting, taxation, debt and loan management."
121215,Grape Growers,"May select, train and supervise staff and contractors."
121216,Mixed Crop Farmers,"Co-ordinates production and marketing of crops, from soil preparation through to harvest, taking into account environmental and market factors."
121216,Mixed Crop Farmers,"Plants seeds, seedlings and bulbs, as well as grafting new varieties to root stocks."
121216,Mixed Crop Farmers,"Maintains crop production by cultivating, de-budding and pruning, as well as maintaining optimal growing conditions."
121216,Mixed Crop Farmers,"Conducts farming operations, such as collecting, storing, grading and packaging produce, and organising the sale, purchase and dispatch of produce."
121216,Mixed Crop Farmers,Oversees general farming activities such as fertilising and the control of pests and weeds.
121216,Mixed Crop Farmers,"Maintains farm buildings, fences, equipment and water supply systems."
121216,Mixed Crop Farmers,"Maintains and evaluates records of farming activities, monitoring market activity, and planning crop preparation and production to meet contract requirements and market demand."
121216,Mixed Crop Farmers,"Manages business capital including budgeting, taxation, debt and loan management."
121216,Mixed Crop Farmers,"Selects, trains and supervises staff and contractors."
121218,Turf Growers,"Plans and co-ordinates the production and marketing of turf, from soil preparation through to harvest, taking into account environmental and market factors."
121218,Turf Growers,Selects and plants seeds.
121218,Turf Growers,Maintains crop production by cultivating and maintaining optimal growing conditions.
121218,Turf Growers,"Organises and conducts farming operations, such as collecting, storing, grading and packaging produce, and organising the sale, purchase and dispatch of produce."
121218,Turf Growers,Directs and oversees general farming activities such as fertilising and the control of pests and weeds.
121218,Turf Growers,"Maintains farm buildings, fences, equipment and water supply systems."
121218,Turf Growers,"Maintains and evaluates records of farming activities, monitoring market activity, and planning crop preparation and production to meet contract requirements and market demand."
121218,Turf Growers,"Manages business capital including budgeting, taxation, debt and loan management."
121218,Turf Growers,"May select, train and supervise staff and contractors."
121221,Vegetable Growers,"Co-ordinates production and marketing of crops, from soil preparation through to harvest, taking into account environmental and market factors."
121221,Vegetable Growers,Plants seeds and seedlings as well as grafts new varieties to root stocks.
121221,Vegetable Growers,"Maintains crop production by cultivating, de-budding and pruning, as well as maintaining optimal growing conditions."
121221,Vegetable Growers,"Conducts market garden operations, such as collecting, storing, grading and packaging produce, and organising the sale, purchase and dispatch of produce."
121221,Vegetable Growers,Directs and oversees general activities such as fertilising and the control of pests and weeds.
121221,Vegetable Growers,"Maintains buildings, fences, equipment and water supply systems."
121221,Vegetable Growers,"Maintains and evaluates records of activities, monitoring market activity, and planning crop preparation and production to meet contract requirements and market demand."
121221,Vegetable Growers,"Manages business capital including budgeting, taxation, debt and loan management."
121221,Vegetable Growers,"May select, train and supervise staff and contractors."
121299,Other Crop Farmers,Co-ordinates production and marketing of crops from soil preparation to harvest taking into account environmental and market factors.
121299,Other Crop Farmers,"Plants seeds, seedlings and bulbs, and grafts new varieties to root stocks."
121299,Other Crop Farmers,"Maintains crop production by cultivating, de-budding and pruning, and maintains optimal growing conditions."
121299,Other Crop Farmers,"Conducts farming operations, such as collecting, storing, grading and packaging produce, and organising the sale, purchase and dispatch of produce."
121299,Other Crop Farmers,Oversees general farming activities such as fertilising and pest and weed control.
121299,Other Crop Farmers,"Maintains farm buildings, fences, equipment and water supply systems."
121299,Other Crop Farmers,"Maintains and evaluates records of farming activities, monitoring market activity, and planning crop preparation and production to meet contract requirements and market demand."
121299,Other Crop Farmers,"Manages business capital including budgeting, taxation, debt and loan management."
121299,Other Crop Farmers,"Selects, trains and supervises staff and contractors."
121311,Beekeepers,Breeds and raises bees for the production of honey and related products and for pollination stock.
121311,Beekeepers,Monitors and maintains the health and condition of bees.
121311,Beekeepers,Maintains appropriate nutritional levels.
121311,Beekeepers,Organises and conducts operations.
121311,Beekeepers,Directs and oversees general activities such as maintaining hives and controlling pests.
121311,Beekeepers,Maintains equipment.
121311,Beekeepers,"Organises the sale, purchase and transportation of stock and produce."
121311,Beekeepers,"Maintains and evaluates records of activities, monitoring market activity and planning production accordingly."
121311,Beekeepers,"Manages business capital including budgeting, taxation, debt and loan management."
121311,Beekeepers,"May select, train and supervise staff and contractors."
121312,Beef Cattle Farmers,Breeds and raises livestock for the production of meat.
121312,Beef Cattle Farmers,Maintains the health and condition of livestock.
121312,Beef Cattle Farmers,Provides pastures and fodder to maintain appropriate nutritional levels.
121312,Beef Cattle Farmers,Moves livestock to optimise feeding opportunities.
121312,Beef Cattle Farmers,Conducts farming operations such as mustering and drenching.
121312,Beef Cattle Farmers,"Directs and oversees general farming activities such as maintaining pens, sheds and cages, fertilising, controlling pests and weeds, and growing fodder."
121312,Beef Cattle Farmers,"Maintains fences, equipment and water supply systems."
121312,Beef Cattle Farmers,"Organises the sale, purchase and transportation of livestock and produce."
121312,Beef Cattle Farmers,"Evaluates records of farming activities, monitoring market activity and planning production."
121312,Beef Cattle Farmers,"Manages business capital including budgeting, taxation, debt and loan management."
121312,Beef Cattle Farmers,"May select, train and supervise staff and contractors."
121313,Dairy Cattle Farmers,Breeds and raises livestock for the production of milk.
121313,Dairy Cattle Farmers,Maintains the health and condition of livestock.
121313,Dairy Cattle Farmers,Provides pastures and fodder to maintain appropriate nutritional levels.
121313,Dairy Cattle Farmers,Moves livestock to optimise feeding opportunities.
121313,Dairy Cattle Farmers,"Conducts farming operations such as milking and drenching livestock, sterilising machines, and collecting, grading and packaging produce."
121313,Dairy Cattle Farmers,"Oversees general farming activities such as maintaining pens, sheds and cages, fertilising, controlling pests and weeds, and growing fodder."
121313,Dairy Cattle Farmers,"Maintains fences, equipment and water supply systems."
121313,Dairy Cattle Farmers,"Organises the sale, purchase and transportation of livestock and produce."
121313,Dairy Cattle Farmers,"Evaluates records of farming activities, monitoring market activity and planning production."
121313,Dairy Cattle Farmers,"Manages business capital including budgeting, taxation, debt and loan management."
121313,Dairy Cattle Farmers,"May select, train and supervise staff and contractors."
121314,Deer Farmers,"Breeds and raises livestock for the production of meat, velvet and hides."
121314,Deer Farmers,Maintains health and condition of livestock.
121314,Deer Farmers,Provides pastures and fodder to maintain appropriate nutritional levels.
121314,Deer Farmers,Moves livestock to optimise feeding opportunities.
121314,Deer Farmers,"Musters, drenches and de-horns."
121314,Deer Farmers,"Oversees general farming activities such as maintaining pens, sheds and cages, fertilising, controlling pests and weeds, and growing fodder."
121314,Deer Farmers,"Maintains fences, equipment and water supply systems."
121314,Deer Farmers,"Organises the sale, purchase and transportation of livestock and produce."
121314,Deer Farmers,"Evaluates records of farming activities, monitoring market activity and planning production."
121314,Deer Farmers,"Manages business capital including budgeting, taxation, debt and loan management."
121314,Deer Farmers,"May select, train and supervise staff and contractors."
121315,Goat Farmers,"Breeds and raises livestock for the production of meat, fibre and milk."
121315,Goat Farmers,Maintains the health and condition of livestock.
121315,Goat Farmers,Provides pastures and fodder to maintain appropriate nutritional levels.
121315,Goat Farmers,Moves livestock to optimise feeding opportunities.
121315,Goat Farmers,"Conducts farming operations such as mustering, milking, shearing and drenching livestock, sterilising machines, and collecting, grading and packaging produce."
121315,Goat Farmers,"Oversees general farming activities such as maintaining pens, sheds and cages, fertilising, controlling pests and weeds, and growing fodder."
121315,Goat Farmers,"Maintains fences, equipment and water supply systems."
121315,Goat Farmers,"Organises the sale, purchase and transportation of livestock and produce."
121315,Goat Farmers,"Evaluates records of farming activities, monitoring market activity and planning production."
121315,Goat Farmers,"Manages business capital including budgeting, taxation, debt and loan management."
121315,Goat Farmers,"May select, train and supervise staff and contractors."
121316,Horse Breeders,"Breeds and raises livestock for competition, dressage, eventing, show jumping, riding for pleasure and working."
121316,Horse Breeders,Maintains the health and condition of livestock.
121316,Horse Breeders,Provides pastures and fodder to maintain appropriate nutritional levels.
121316,Horse Breeders,Moves livestock to optimise feeding opportunities.
121316,Horse Breeders,Conducts farming operations.
121316,Horse Breeders,"Oversees general farming activities such as maintaining stalls, fertilising, controlling pests and weeds, and growing fodder."
121316,Horse Breeders,"Maintains fences, equipment and water supply systems."
121316,Horse Breeders,"Organises the sale, purchase and transportation of livestock."
121316,Horse Breeders,"Evaluates records of farming activities, monitoring market activity and planning production."
121316,Horse Breeders,"Manages business capital including budgeting, taxation, debt and loan management."
121316,Horse Breeders,"May select, train and supervise staff and contractors."
121317,Mixed Livestock Farmers,"Breeds and raises animals for the production of meat, milk, and skins and a variety of other products."
121317,Mixed Livestock Farmers,Maintains the health and condition of livestock.
121317,Mixed Livestock Farmers,Provides pastures and fodder to maintain appropriate nutritional levels.
121317,Mixed Livestock Farmers,Moves livestock to optimise feeding opportunities.
121317,Mixed Livestock Farmers,"Conducts farming operations such as mustering, drenching, shearing and milking livestock, sterilising machines, and collecting, grading and packaging produce."
121317,Mixed Livestock Farmers,"Directs and oversees general farming activities such as maintaining pens, sheds and cages, fertilising, controlling pests and weeds, and growing fodder."
121317,Mixed Livestock Farmers,"Maintains fences, equipment and water supply systems."
121317,Mixed Livestock Farmers,"Organises the sale, purchase and transportation of livestock and produce."
121317,Mixed Livestock Farmers,"Evaluates records of farming activities, monitoring market activity and planning production."
121317,Mixed Livestock Farmers,"Manages business capital including budgeting, taxation, debt and loan management."
121317,Mixed Livestock Farmers,"May select, train and supervise staff and contractors."
121318,Pig Farmers,Breeds and raises livestock for the production of meat.
121318,Pig Farmers,Monitors and maintains the health and condition of livestock.
121318,Pig Farmers,Provides pastures and fodder to maintain appropriate nutritional levels.
121318,Pig Farmers,Moves livestock to optimise feeding opportunities.
121318,Pig Farmers,Organises and conducts farming operations.
121318,Pig Farmers,"Directs and oversees general farming activities such as maintaining pens, sheds and cages, fertilising, controlling pests and weeds, and growing fodder."
121318,Pig Farmers,"Maintains fences, equipment and water supply systems."
121318,Pig Farmers,"Organises the sale, purchase and transportation of livestock and produce."
121318,Pig Farmers,"Maintains and evaluates records of farming activities, monitoring market activity and planning production accordingly."
121318,Pig Farmers,"Manages business capital including budgeting, taxation, debt and loan management."
121318,Pig Farmers,"May select, train and supervise staff and contractors."
121321,Poultry Farmers,Breeds and raises livestock for the production of meat and eggs.
121321,Poultry Farmers,Monitors and maintains the health and condition of livestock.
121321,Poultry Farmers,Provides pastures and fodder to maintain appropriate nutritional levels.
121321,Poultry Farmers,Moves livestock to optimise feeding opportunities.
121321,Poultry Farmers,Organises and conducts farming operations.
121321,Poultry Farmers,"Directs and oversees general farming activities such as maintaining pens, sheds and cages, fertilising, controlling pests and weeds, and growing fodder."
121321,Poultry Farmers,"Maintains fences, equipment and water supply systems."
121321,Poultry Farmers,"Organises the sale, purchase and transportation of livestock and produce."
121321,Poultry Farmers,"Maintains and evaluates records of farming activities, monitoring market activity and planning production accordingly."
121321,Poultry Farmers,"Manages business capital including budgeting, taxation, debt and loan management."
121321,Poultry Farmers,"May select, train and supervise staff and contractors."
121322,Sheep Farmers,"Breeds and raises livestock for the production of meat, fibre and milk."
121322,Sheep Farmers,Monitors and maintains the health and condition of livestock.
121322,Sheep Farmers,Provides pastures and fodder to maintain appropriate nutritional levels.
121322,Sheep Farmers,Moves livestock to optimise feeding opportunities.
121322,Sheep Farmers,"Organises and conducts farming operations such as mustering, shearing and drenching livestock, sterilising machines, and collecting, grading and packaging produce."
121322,Sheep Farmers,"Directs and oversees general farming activities such as maintaining pens, sheds and cages, fertilising, controlling pests and weeds, and growing fodder."
121322,Sheep Farmers,"Maintains fences, equipment and water supply systems."
121322,Sheep Farmers,"Organises the sale, purchase and transportation of livestock and produce."
121322,Sheep Farmers,"Maintains and evaluates records of farming activities, monitoring market activity and planning production accordingly."
121322,Sheep Farmers,"Manages business capital including budgeting, taxation, debt and loan management."
121322,Sheep Farmers,"May select, train and supervise staff and contractors."
121399,Other Livestock Farmers,Breeds and raises animals for the production of a range of products.
121399,Other Livestock Farmers,Monitors and maintains the health and condition of livestock.
121399,Other Livestock Farmers,Provides pastures and fodder to maintain appropriate nutritional levels.
121399,Other Livestock Farmers,Moves livestock to optimise feeding opportunities.
121399,Other Livestock Farmers,Organises and conducts farming operations.
121399,Other Livestock Farmers,"Directs and oversees general farming activities such as maintaining pens, sheds and cages, fertilising, controlling pests and weeds, and growing fodder."
121399,Other Livestock Farmers,"Maintains fences, equipment and water supply systems."
121399,Other Livestock Farmers,"Organises the sale, purchase and transportation of livestock and produce."
121399,Other Livestock Farmers,"Maintains and evaluates records of farming activities, monitoring market activity and planning production accordingly."
121399,Other Livestock Farmers,"Manages business capital including budgeting, taxation, debt and loan management."
121399,Other Livestock Farmers,"May select, train and supervise staff and contractors."
131112,Sales and Marketing Managers,"Formulates and implements policies and plans for advertising, public relations, sales and marketing in consultation with other managers."
131112,Sales and Marketing Managers,"Organises and controls sales activities by setting product mix, geographical sales areas and customer service standards."
131112,Sales and Marketing Managers,"Directs merchandising methods and distribution policy by co-ordinating the work of salespersons, and organises agents and distributors."
131112,Sales and Marketing Managers,Directs sales methods and arrangements by setting prices and credit arrangements.
131113,Advertising Managers,Establishes nature of advertising required and ascertains the style of presentation.
131113,Advertising Managers,Allots assignments and appraises submitted work for publication.
131113,Advertising Managers,"Examines all available resources and selects, assembles and prepares advertising or publicity material."
131113,Advertising Managers,Determines media to be used and revises and arranges material for presentation or publication.
131114,Public Relations Managers,Establishes nature of publicity required and ascertains the style of presentation.
131114,Public Relations Managers,Allots assignments and appraises submitted work for publication.
131114,Public Relations Managers,"Examines all available resources and selects, assembles and prepares publicity material."
131114,Public Relations Managers,"Determines media to be used, and revises and arranges material for presentation or publication."
133111,Construction Project Managers,Interprets architectural drawings and specifications.
133111,Construction Project Managers,"Co-ordinates labour resources, and the procurement and delivery of materials, plant and equipment."
133111,Construction Project Managers,"Consults with architects, engineering professionals and other professionals, and technical and trades workers."
133111,Construction Project Managers,"Negotiates with building owners, property developers and subcontractors involved in the construction process to ensure projects are completed on time and within budget."
133111,Construction Project Managers,Prepares tenders and contract bids.
133111,Construction Project Managers,Implements co-ordinated work programs for sites.
133111,Construction Project Managers,"Ensures adherence to building legislation and standards of performance, quality, cost and safety."
133111,Construction Project Managers,Arranges the submission of plans to local authorities.
133111,Construction Project Managers,Builds under contract or subcontracting specialised building services.
133111,Construction Project Managers,Oversees the standard and progress of subcontractors' work.
133111,Construction Project Managers,Arranging building inspections by local authorities.
133112,Project Builders,Interprets architectural drawings and specifications.
133112,Project Builders,"Co-ordinates labour resources, and the procurement and delivery of materials, plant and equipment."
133112,Project Builders,"Consults with architects, engineering professionals and other professionals, and technical and trades workers."
133112,Project Builders,"Negotiates with building owners, property developers and subcontractors involved in the construction process to ensure projects are completed on time and within budget."
133112,Project Builders,Prepares tenders and contract bids.
133112,Project Builders,Implements co-ordinated work programs for sites.
133112,Project Builders,"Ensures adherence to building legislation and standards of performance, quality, cost and safety."
133112,Project Builders,Arranges submission of plans to local authorities.
133112,Project Builders,Builds under contract or subcontracting specialised building services.
133112,Project Builders,Oversees the standard and progress of subcontractors' work.
133112,Project Builders,Arranging building inspections by local authorities.
133311,Importers and Exporters,Identifies local and overseas business opportunities.
133311,Importers and Exporters,"Develops and implements business plans, as well as the policies and procedures for marketing, operating, human resource, pricing and credit."
133311,Importers and Exporters,Determines the mix of products and services to be provided and negotiates conditions of trade.
133311,Importers and Exporters,Liaises with local and overseas suppliers and distributors about orders and products.
133311,Importers and Exporters,"Researches regulatory and statutory requirements affecting the importing, exporting, wholesaling and distribution of goods."
133311,Importers and Exporters,"Monitors business performance and prepares the estimates, financial statements and reports of operations."
133312,Wholesalers,Identifies local and overseas business opportunities
133312,Wholesalers,"Develops and implements business plans, as well as the policies and procedures for marketing, operating, human resource, pricing and credit."
133312,Wholesalers,Determines the mix of products and services to be provided and negotiates conditions of trade
133312,Wholesalers,Liaises with local and overseas suppliers and distributors about orders and products
133312,Wholesalers,"Researches regulatory and statutory requirements affecting the importing, exporting, wholesaling and distribution of goods"
133312,Wholesalers,"Monitors business performance and prepares the estimates, financial statements and reports of operations"
133312,Wholesalers,Appoints agents and distributors
133312,Wholesalers,Oversees the display and sale of merchandise and preparation of product information for customer service staff and customers
133312,Wholesalers,Implements after-sales service procedures.
133511,Forest Managers,"Determines, implements and monitors production strategies, policies and plans."
133511,Forest Managers,"Plans details of production activities in terms of output, quality, quantity, cost, time available and labour requirements."
133511,Forest Managers,"Controls the operation of production plant and quality procedures through the planning of maintenance, designation of operating hours, and supply of parts and tools."
133511,Forest Managers,"Monitors production output and costs, adjusting the processes and resources to minimise costs."
133511,Forest Managers,Informs other managers about production matters.
133511,Forest Managers,Oversees acquisition and installation of new plant and equipment.
133511,Forest Managers,"Directs research into production methods, recommending and implementing appropriate initiatives."
133511,Forest Managers,Controls preparation of production records and reports.
133511,Forest Managers,Co-ordinates the implementation of occupational health and safety requirements.
133511,Forest Managers,Directs staff activities and monitors their performance.
133512,Manufacturing Production Managers,"Determines, implements and monitors production strategies, policies and plans."
133512,Manufacturing Production Managers,"Plans details of production activities in terms of output, quality, quantity, cost, time available and labour requirements."
133512,Manufacturing Production Managers,"Controls the operation of production plant and quality procedures through planning of maintenance, designation of operating hours, and supply of parts and tools."
133512,Manufacturing Production Managers,"Monitors production output and costs, adjusting the processes and resources to minimise costs."
133512,Manufacturing Production Managers,Informs other managers about production matters.
133512,Manufacturing Production Managers,Oversees the acquisition and installation of new plant and equipment.
133512,Manufacturing Production Managers,"Directs research into production methods, recommending and implementing appropriate initiatives."
133512,Manufacturing Production Managers,Controls the preparation of production records and reports.
133512,Manufacturing Production Managers,Co-ordinates the implementation of occupational health and safety requirements.
133512,Manufacturing Production Managers,Directs staff activities and monitors their performance.
133513,Mine Managers,"Determines, implements and monitors production strategies, policies and plans."
133513,Mine Managers,"Plans details of production activities in terms of output, quality, quantity, cost, time available and labour requirements."
133513,Mine Managers,"Controls operation of production plant and quality procedures through planning of maintenance, designation of operating hours, and supply of parts and tools."
133513,Mine Managers,"Monitors production output and costs, adjusting the processes and resources to minimise costs."
133513,Mine Managers,Informs others about production matters.
133513,Mine Managers,Oversees the acquisition and installation of new plant and equipment.
133513,Mine Managers,"Directs research into production methods, recommending and implementing appropriate initiatives."
133513,Mine Managers,Controls the preparation of production records and reports.
133513,Mine Managers,Co-ordinates the implementation of occupational health and safety requirements.
133513,Mine Managers,Directs staff activities and monitors their performance.
133611,Supply and Distribution Managers,"Determines, implements, and monitors the strategies, policies and plans for purchasing, storage, and distribution."
133611,Supply and Distribution Managers,Prepares and implements plans to maintain the required stock levels at minimum cost.
133611,Supply and Distribution Managers,"May negotiate contracts with suppliers to meet quality, cost and delivery requirements."
133611,Supply and Distribution Managers,Monitor and review storage and inventory systems to meet supply requirements and control stock levels.
133611,Supply and Distribution Managers,"Operates recording systems to track all movements of supplies and finished goods, to ensure the re-ordering and re-stocking at optimal times."
133611,Supply and Distribution Managers,Liaise with other departments and customers concerning requirements for outward goods and associated forwarding transportation.
133611,Supply and Distribution Managers,"Oversees the recording of purchase, storage and distribution transactions."
133611,Supply and Distribution Managers,Directs staff activities and monitors their performance.
133612,Procurement Managers,"Determines, implements and monitors purchasing strategies, policies and plans."
133612,Procurement Managers,"Negotiates contracts with suppliers to meet quality, cost and delivery requirements."
133612,Procurement Managers,Uses recording systems to monitor and confirm procurement requirements.
133612,Procurement Managers,Oversees the recording of purchase transactions.
133612,Procurement Managers,Directs staff activities and monitors their performance.
134211,Medical Administrators,"Develops, implements and monitors the procedures, policies and standards for medical, nursing, allied health and administrative staff."
134211,Medical Administrators,Co-ordinates and administers health and welfare programs as well as clinical services.
134211,Medical Administrators,"Monitors and evaluates resources devoted to health, welfare, recreation, housing, employment, training, and other community facilities and centres."
134211,Medical Administrators,"Controls administrative operations such as budget planning, report preparation, expenditure on supplies, equipment and services."
134212,Nursing Clinical Directors,"Develops, implements and monitors the procedures, policies and standards for medical, nursing, allied health and administrative staff."
134212,Nursing Clinical Directors,Co-ordinates and administers health and welfare programs and clinical services.
134212,Nursing Clinical Directors,"Monitors and evaluates resources devoted to health, welfare, recreation, housing, employment, training and other community facilities and centres."
134212,Nursing Clinical Directors,"Controls administrative operations such as budget planning, report preparation, expenditure on supplies, equipment and services."
134213,Primary Health Organisation Managers,"Provides overall direction and management for the service, facility, organisation or centre."
134213,Primary Health Organisation Managers,"Develops, implements and monitors the procedures, policies and standards for medical, nursing, allied health and administrative staff."
134213,Primary Health Organisation Managers,Co-ordinates and administers health and welfare programs and clinical services.
134213,Primary Health Organisation Managers,"Monitors and evaluates resources devoted to health, welfare, recreation, housing, employment, training and other community facilities and centres."
134213,Primary Health Organisation Managers,"Controls administrative operations such as budget planning, report preparation, expenditure on supplies, equipment and services."
134213,Primary Health Organisation Managers,"Liaises with other health and welfare providers, boards and funding bodies to discuss areas of health and welfare service co-operation and co-ordination."
134213,Primary Health Organisation Managers,Advises government bodies about measures to improve health and welfare services and facilities.
134213,Primary Health Organisation Managers,"Represents the organisation in negotiations, conventions, seminars, public hearings and forums."
134213,Primary Health Organisation Managers,"Controls selection, training and supervision of staff."
134214,Welfare Centre Managers,"Provides overall direction and management for the service, facility, organisation or centre."
134214,Welfare Centre Managers,Co-ordinates and administers health and welfare programmes and clinical services.
134214,Welfare Centre Managers,"Monitors and evaluates resources devoted to health, welfare, recreation, housing, employment, training and other community facilities and centres."
134214,Welfare Centre Managers,"Controls administrative operations such as budget planning, report preparation, expenditure on supplies, equipment and services."
134214,Welfare Centre Managers,"Liaises with other health and welfare providers, boards and funding bodies to discuss areas of health and welfare service co-operation and co-ordination."
134214,Welfare Centre Managers,"Represents the organisation in negotiations, conventions, seminars, public hearings and forums."
134214,Welfare Centre Managers,"Controls selection, training and supervision of staff."
134299,Other Health and Welfare Services Managers,"Provides overall direction and management for the service, facility, organisation or centre."
134299,Other Health and Welfare Services Managers,Co-ordinates and administers health and welfare programs and clinical services.
134299,Other Health and Welfare Services Managers,"Monitors and evaluates resources devoted to health, welfare, recreation, housing, employment, training and other community facilities and centres."
134299,Other Health and Welfare Services Managers,"Controls administrative operations such as budget planning, report preparation, expenditure on supplies, equipment and services."
134299,Other Health and Welfare Services Managers,"Liaises with other health and welfare providers, boards and funding bodies to discuss areas of health and welfare service co-operation and co-ordination."
134299,Other Health and Welfare Services Managers,"Represents the organisation in negotiations, conventions, seminars, public hearings and forums."
134299,Other Health and Welfare Services Managers,"Controls selection, training and supervision of staff."
134411,Faculty Heads,"Co-ordinates the educational, administrative and financial affairs of an educational institution or department within the institution."
134411,Faculty Heads,"Researches, develops, implements, reviews and evaluates educational and administrative policy."
134411,Faculty Heads,"Liaises between educational institutions, parents and the wider community."
134411,Faculty Heads,Provides advice on policy and procedures to staff and students.
134411,Faculty Heads,Consults with academic and administrative staff to co-ordinate educational programmes.
134411,Faculty Heads,Identifies and addresses present and future needs for student and staff development.
134411,Faculty Heads,"Researches educational systems, as well as monitors and evaluates new developments."
134411,Faculty Heads,Researches and reports on students' needs arising from curriculum implementation.
134411,Faculty Heads,Develops and delivers training programs for teachers.
134412,Regional Education Managers,"Co-ordinates the educational, administrative and financial affairs of an educational institution or department within the institution."
134412,Regional Education Managers,"Researches, develops, implements, reviews and evaluates educational and administrative policy."
134412,Regional Education Managers,"Liaises between educational institutions, parents and the wider community."
134412,Regional Education Managers,Provides advice on policy and procedures to staff and students.
134412,Regional Education Managers,Consults with academic and administrative staff to co-ordinate educational programmes.
134412,Regional Education Managers,Identifies and addresses present and future needs for student and staff development.
134412,Regional Education Managers,"Researches educational systems, as well as monitors and evaluates new developments."
134412,Regional Education Managers,Researches and reports on students' needs arising from curriculum implementation.
134412,Regional Education Managers,Develops and delivers training programs for teachers.
134499,Education Managers (not covered elsewhere),"Co-ordinates the educational, administrative and financial affairs of an educational institution or department within the institution."
134499,Education Managers (not covered elsewhere),"Researches, develops, implements, reviews and evaluates educational and administrative policy."
134499,Education Managers (not covered elsewhere),"Liaises between educational institutions, parents and the wider community."
134499,Education Managers (not covered elsewhere),Provides advice on policy and procedures to staff and students.
134499,Education Managers (not covered elsewhere),Consults with academic and administrative staff to co-ordinate educational programs.
134499,Education Managers (not covered elsewhere),Identifies and addresses present and future needs for student and staff development.
134499,Education Managers (not covered elsewhere),"Researches educational systems, as well as monitors and evaluates new developments."
134499,Education Managers (not covered elsewhere),Researches and reports on students' needs arising from curriculum implementation.
134499,Education Managers (not covered elsewhere),Develops and delivers training programs for teachers.
135111,Chief Information Officers,Analyses information needs and specifies technology to meet those needs.
135111,Chief Information Officers,"Formulates and directs information and communication technology (ict)strategies, policies and plans."
135111,Chief Information Officers,Directs the selection and installation of ict resources and the provision of user training.
135111,Chief Information Officers,"Directs ict operations and sets priorities between system developments, maintenance and operations."
135111,Chief Information Officers,Oversees the security of ict systems.
135112,ICT Project Managers,Analyses information needs and specifies technology to meet those needs.
135112,ICT Project Managers,"Formulates and directs information and communication technology (ict) strategies, policies and plans."
135112,ICT Project Managers,Directs the selection and installation of ict resources and the provision of user training.
135112,ICT Project Managers,"Directs ict operations and sets priorities between system developments, maintenance and operations."
135112,ICT Project Managers,Oversees the security of ict systems.
135199,Other ICT Managers,Analyses information needs and specifies technology to meet those needs.
135199,Other ICT Managers,"Formulates and directs information and communication technology (ict) strategies, policies and plans."
135199,Other ICT Managers,Directs the selection and installation of ict resources and the provision of user training.
135199,Other ICT Managers,"Directs ict operations and sets priorities between system developments, maintenance and operations."
135199,Other ICT Managers,Oversees the security of ict systems.
139111,Commissioned Defence Force Officers,Establishes administrative and operational procedures by taking account of the organisation's operating environment.
139111,Commissioned Defence Force Officers,"Makes policy decisions and accepts responsibility for operations, performance of staff, achievement of targets and adherence to budgets, standards and procedures."
139111,Commissioned Defence Force Officers,Establishes lines of control and delegates responsibilities to subordinate staff.
139111,Commissioned Defence Force Officers,Represents the organisation in dealings with other organisations and the public.
139111,Commissioned Defence Force Officers,Controls the collection and interpretation of management information to monitor performance.
139111,Commissioned Defence Force Officers,"Controls the use of, and accounting for, the assets and facilities of the organisation."
139111,Commissioned Defence Force Officers,Prepares budgets and other management plans.
139111,Commissioned Defence Force Officers,"Prepares reports, authorises the release of information, and handles public relations activities."
139113,Commissioned Police Officers,Establishes administrative and operational procedures by taking account of the organisation's operating environment.
139113,Commissioned Police Officers,"Makes policy decisions and accepts responsibility for operations, performance of staff, achievement of targets and adherence to budgets, standards and procedures."
139113,Commissioned Police Officers,Establishes lines of control and delegates responsibilities to subordinate staff.
139113,Commissioned Police Officers,Represents the organisation in dealings with other organisations and the public.
139113,Commissioned Police Officers,Controls the collection and interpretation of management information to monitor performance.
139113,Commissioned Police Officers,"Controls the use of, and accounting for, the assets and facilities of the organisation."
139113,Commissioned Police Officers,Prepares budgets and other management plans.
139113,Commissioned Police Officers,"Prepares reports, authorises the release of information, and handles public relations activities."
139911,Arts Administrators and Managers,Selects items for display/presentation.
139911,Arts Administrators and Managers,Arranges finance for show/production.
139911,Arts Administrators and Managers,"Selects the director and technical personnel and, in consultation with the director, auditions and selects cast."
139911,Arts Administrators and Managers,Establishes operating budgets and production schedules.
139911,Arts Administrators and Managers,Determines treatment and scope of production or display.
139911,Arts Administrators and Managers,Supervises production and suggests or approves change in script or presentation.
139913,Laboratory Managers,"Identifies and develops objectives, strategies and plans to achieve research aims and maximise efficient use of an organisation's resources, including identifying potential improvements to research processes, market value of research and work flows."
139913,Laboratory Managers,Identifies formal standards and regulatory codes appropriate to an organisation's needs and assists with the documentation of processes and operating procedures.
139913,Laboratory Managers,Implements statistical methodologies and quality tools to monitor and control quality and record research progress.
139913,Laboratory Managers,Directs and monitors staff and production levels.
139914,Quality Assurance Managers,"Identifies and develops objectives, strategies and plans to achieve customer satisfaction and maximise efficient use of an organisation's resources, including identifying potential improvements to systems, processes and work flows."
139914,Quality Assurance Managers,Identifies formal standards and regulatory codes appropriate to an organisation's needs and assists with the documentation of processes and operating procedures.
139914,Quality Assurance Managers,Implements statistical methodologies and quality tools to monitor and control quality to satisfy internal and external customer requirements.
139915,Sports Administrators,"Identifies and develops objectives, strategies and plans to achieve greater awareness of sport and maximise efficient use of an organisation's resources, including identifying potential improvements to systems, marketing and promotion."
139915,Sports Administrators,Identifies formal standards and regulatory codes appropriate to a sports needs and assists with the completion of documentation.
139915,Sports Administrators,"Assists in the locating and hiring of coaches, umpires and other necessary officials."
139915,Sports Administrators,Implements a record system to monitor the progress of new initiatives and activities.
139999,Specialist Managers (not covered elsewhere),"Plans, organises, directs, controls and co-ordinates the development and implementation of an agencies activities."
139999,Specialist Managers (not covered elsewhere),Supervises and reviews operations.
139999,Specialist Managers (not covered elsewhere),Reports on progress to superiors.
139999,Specialist Managers (not covered elsewhere),Considers strategic issues and makes plans accordingly.
139999,Specialist Managers (not covered elsewhere),Sets policy for subordinate staff.
139999,Specialist Managers (not covered elsewhere),Organises meetings and prepares agendas.
139999,Specialist Managers (not covered elsewhere),Minute-taking and correspondence duties.
139999,Specialist Managers (not covered elsewhere),Disseminates policy statements and other literature.
139999,Specialist Managers (not covered elsewhere),Prepares submissions or represents the organisation's interests.
139999,Specialist Managers (not covered elsewhere),Drafts news releases and deals with the media.
139999,Specialist Managers (not covered elsewhere),Liaises with government and other organisations.
139999,Specialist Managers (not covered elsewhere),Controls the organisations finances and may manage reporting staff.
141911,Bed and Breakfast Operators,"Oversees reservation, reception and housekeeping activities."
141911,Bed and Breakfast Operators,"Plans, directs and co-ordinates the organisation, it's administration and the operation of the establishment."
141911,Bed and Breakfast Operators,Oversees accounting and purchasing activities.
141911,Bed and Breakfast Operators,Ensures compliance with occupational health and safety regulations.
141911,Bed and Breakfast Operators,"May provide guests with local tourism information, and arrange tours and transportation."
141911,Bed and Breakfast Operators,Keeps appropriate records.
141911,Bed and Breakfast Operators,Exercises public relations and marketing responsibilities.
141911,Bed and Breakfast Operators,Assesses and reviews customer satisfaction and handles guest complaints.
141912,Retirement Village Managers,"Plans, directs and co-ordinates the organisation, it's administration and the operation of the establishment."
141912,Retirement Village Managers,"Maintains standards required by hygiene, safety and other relevant regulations."
141912,Retirement Village Managers,"Engages and trains staff, as well as establishes and maintains standards of staff performance and services to residents."
141912,Retirement Village Managers,Plans budgets and authorises expenditure.
141912,Retirement Village Managers,Keeps appropriate records.
141912,Retirement Village Managers,Exercises public relations and marketing responsibilities.
141912,Retirement Village Managers,Handles resident complaints.
141999,Accommodation and Hospitality Managers (not covered elsewhere),"Plans, directs and co-ordinates the organisation, it's administration and the operation of the establishment."
141999,Accommodation and Hospitality Managers (not covered elsewhere),"Maintains standards required by hygiene, safety and other relevant regulations."
141999,Accommodation and Hospitality Managers (not covered elsewhere),"Engages and trains staff, as well as establishes and maintains standards of staff performance and services to guests."
141999,Accommodation and Hospitality Managers (not covered elsewhere),Plans budgets and authorises expenditure.
141999,Accommodation and Hospitality Managers (not covered elsewhere),Keeps appropriate records.
141999,Accommodation and Hospitality Managers (not covered elsewhere),Exercises public relations and marketing responsibilities.
141999,Accommodation and Hospitality Managers (not covered elsewhere),Handles guest complaints.
142111,Retail Managers (General),"Determines product mix, stock levels and service standards."
142111,Retail Managers (General),"Formulates and implements purchasing and marketing policies, and sets prices."
142111,Retail Managers (General),Promotes and advertises the establishment's goods and services.
142111,Retail Managers (General),Sells goods and services to customers and advises them on product use.
142111,Retail Managers (General),Maintains records of stock levels and financial transactions.
142111,Retail Managers (General),Undertakes budgeting for the establishment.
142111,Retail Managers (General),"Controls selection, training and supervision of staff."
142111,Retail Managers (General),Ensures compliance with occupational health and safety regulations.
142112,Antique Dealers,"Determines product mix, stock levels and service standards."
142112,Antique Dealers,"Formulates and implements purchasing and marketing policies, and sets prices."
142112,Antique Dealers,Promotes and advertises the establishment's goods and services.
142112,Antique Dealers,Sells goods to customers and advises them on product use.
142112,Antique Dealers,Maintains records of stock levels and financial transactions.
142112,Antique Dealers,Undertakes budgeting for the establishment.
142112,Antique Dealers,"Controls selection, training and supervision of staff."
142112,Antique Dealers,Ensures compliance with occupational health and safety regulations.
142113,Betting Agency Managers,Promotes and advertises the establishment's services.
142113,Betting Agency Managers,Sells services to customers and advises them on service options.
142113,Betting Agency Managers,Maintains records of transactions.
142113,Betting Agency Managers,Undertakes budgeting for the establishment.
142113,Betting Agency Managers,"Controls selection, training and supervision of staff."
142113,Betting Agency Managers,Ensures compliance with occupational health and safety regulations.
142114,Hair and Beauty Salon Managers,"Determines product mix, stock levels and service standards."
142114,Hair and Beauty Salon Managers,"Formulates and implements purchasing and marketing policies, and sets prices."
142114,Hair and Beauty Salon Managers,Promotes and advertises the establishment's goods and services.
142114,Hair and Beauty Salon Managers,Sells goods and services to customers and advises them on product use.
142114,Hair and Beauty Salon Managers,Maintains records of stock levels and financial transactions.
142114,Hair and Beauty Salon Managers,Undertakes budgeting for the establishment.
142114,Hair and Beauty Salon Managers,"Controls selection, training and supervision of staff."
142114,Hair and Beauty Salon Managers,Ensures compliance with occupational health and safety regulations.
142115,Post Office Managers,"Determines product mix, stock levels and service standards."
142115,Post Office Managers,"Formulates and implements purchasing and marketing policies, and sets prices."
142115,Post Office Managers,Promotes and advertises the establishment's goods and services.
142115,Post Office Managers,Sells goods and services to customers and advises them on product use.
142115,Post Office Managers,Maintains records of stock levels and financial transactions.
142115,Post Office Managers,Undertakes budgeting for the establishment.
142115,Post Office Managers,"Controls selection, training and supervision of staff."
142115,Post Office Managers,Ensures compliance with occupational health and safety regulations.
142116,Travel Agency Managers,Determines product structure and service standards.
142116,Travel Agency Managers,"Formulates and implements purchasing and marketing policies, and sets prices."
142116,Travel Agency Managers,Promotes and advertises the establishment's goods and services.
142116,Travel Agency Managers,Sells services to customers.
142116,Travel Agency Managers,Keeps track of product availability (e.g. tour packages) and financial transactions.
142116,Travel Agency Managers,Undertakes budgeting for the establishment.
142116,Travel Agency Managers,"Controls selection, training and supervision of staff."
142116,Travel Agency Managers,Ensures compliance with occupational health and safety regulations.
149111,Amusement Centre Managers,"Plans and organises the range and mix of entertainment, attractions and amusement machines to be offered by the centre."
149111,Amusement Centre Managers,Organises publicity to promote facilities and attract clients.
149111,Amusement Centre Managers,Schedules games and competitions.
149111,Amusement Centre Managers,"Selects, trains and supervises staff."
149111,Amusement Centre Managers,Ensures facilities are properly maintained and conform to safety standards.
149112,Fitness Centre Managers,Plans and organises the range and mix of fitness programmes to be offered by the centre.
149112,Fitness Centre Managers,Organises publicity to promote facilities and attract clients.
149112,Fitness Centre Managers,"Selects, trains and supervises staff."
149112,Fitness Centre Managers,Ensures facilities are properly maintained and conform to safety standards.
149112,Fitness Centre Managers,"May undertake coaching, fitness instruction and training of clients."
149113,Sports Centre Managers,Organises publicity to promote facilities and attract clients.
149113,Sports Centre Managers,"Selects, trains and supervises staff."
149113,Sports Centre Managers,Schedules games and competitions.
149113,Sports Centre Managers,Ensures facilities are properly maintained and conform to safety standards.
149113,Sports Centre Managers,May plan and organise catering facilities.
149212,Customer Service Managers,"Plans and implements after-sales services to follow up customer satisfaction, ensure performance of goods purchased, and modify or improve services provided."
149212,Customer Service Managers,"Liaises with other organisational units, service agents and customers to identify and respond to customer expectations."
149212,Customer Service Managers,May work in a call centre.
149411,Fleet Managers,"Organises the purchase and maintenance of transport vehicles, equipment and fuel."
149411,Fleet Managers,"Liaises with clients to determine requirements and provide customers with advice and information regarding vehicle type, purchase or hire rates and obligations and handling complaints."
149411,Fleet Managers,"Receives orders and bookings, and plans and implements transportation schedules."
149411,Fleet Managers,Arranges collection and delivery of vehicles and goods.
149411,Fleet Managers,Maintains business records and prepares operational statements and reports.
149412,Railway Station Managers,"Co-ordinates activities associated with the arrival, departure, loading and unloading of trains."
149412,Railway Station Managers,Ensures compliance with occupational health and safety regulations.
149413,Transport Company Managers,"Organises the purchase and maintenance of transport vehicles, equipment and fuel."
149413,Transport Company Managers,"Liaises with clients to determine requirements and provide customers with advice and information regarding vehicle type, purchase or hire rates and obligations, as well as handling complaints."
149413,Transport Company Managers,"Receives orders and bookings, and plans and implements transportation schedules."
149413,Transport Company Managers,Ensures goods are stored and transported in conditions that will maintain their quality.
149413,Transport Company Managers,Arranges collection and delivery of vehicles and goods.
149413,Transport Company Managers,Maintains business records and prepares operational statements and reports.
149413,Transport Company Managers,Ensuring compliance with occupational health and safety regulations.
149911,Boarding Kennel and Cattery Operators,Directs and oversees reservation.
149911,Boarding Kennel and Cattery Operators,"Organises the feeding, bathing and grooming of animals at their facility."
149911,Boarding Kennel and Cattery Operators,Detects illnesses and injuries and arranges appropriate treatment.
149911,Boarding Kennel and Cattery Operators,Plans and supervises animal activities.
149911,Boarding Kennel and Cattery Operators,Assesses and reviews customer satisfaction.
149911,Boarding Kennel and Cattery Operators,Oversees accounting and purchasing activities.
149911,Boarding Kennel and Cattery Operators,Ensures compliance with appropriate legislation.
149911,Boarding Kennel and Cattery Operators,Trains staff.
149912,Cinema and Theatre Managers,"Develops and implements programmes to enhance the physical, social, emotional and intellectual development of young children."
149912,Cinema and Theatre Managers,"Provides care for children in before-school, after-school, day, and vacation care centres."
149912,Cinema and Theatre Managers,Directs and supervises child carers in providing care and supervision for young children.
149912,Cinema and Theatre Managers,"Ensure the centre is a safe area for children, staff and visitors."
149912,Cinema and Theatre Managers,Comply with relevant government requirements and standards.
149912,Cinema and Theatre Managers,Liaises with parents.
149912,Cinema and Theatre Managers,Maintains records and accounts for the centre.
149912,Cinema and Theatre Managers,Recruits staff and co-ordinates professional development.
149913,Facilities Managers,"Plans, organises, co-ordinates and oversees (generally through subordinate managers or supervisors) administrative and operational activities of a facility."
149913,Facilities Managers,"Co-ordinates the implementation of repairs, maintenance and renovations, as well as compiling reports on operating expenses and income."
149913,Facilities Managers,May hire other support staff.
149914,Bank Managers and Branch Managers,"Plans, organises and co-ordinates budgeting, accounting and expenditure control systems."
149914,Bank Managers and Branch Managers,"Plans and directs the collection of financial and accounting information and the preparation of budgets, reports and statutory returns."
149914,Bank Managers and Branch Managers,"Presents budget proposals to governing body, advising on the most effective use of resources and financing of capital expenditure and interpreting implications for business performance and funding."
149914,Bank Managers and Branch Managers,Oversees operations of the institution often through subordinates.
149915,Equipment Hire Managers,Organises and controls the work of supervisors and staff and may direct the engagement and training of staff.
149915,Equipment Hire Managers,"Interviews commercial travellers, visits showrooms and undertakes buying missions."
149915,Equipment Hire Managers,Analyses market information concerning current and future changes in supply and demand for goods.
149915,Equipment Hire Managers,"Makes purchasing, advertising, sales and credit policy decisions, and devises sales promotion methods."
149915,Equipment Hire Managers,Oversees the day to day operations of the business often through delegation to subordinates.
211111,Actors,"Reads scripts and undertakes research to gain understanding of parts, themes and characterisations."
211111,Actors,"Learns lines and cues, rehearses parts, and applies vocal and movement skills to the development of characterisation."
211111,Actors,Prepares for performances through rehearsals under the instruction and guidance of production directors.
211111,Actors,"Acts parts and portrays roles as developed through rehearsals into film, television, radio and stage productions."
211111,Actors,Travels between entertainment venues.
211112,Dancers and Choreographers,Practises dance routines and interprets the choreographic content of the production.
211112,Dancers and Choreographers,"Performs dances for audience entertainment, co-ordinates body movements and facial expression, usually with musical accompaniment."
211112,Dancers and Choreographers,Composes and notates ballet compositions and other dance routines.
211112,Dancers and Choreographers,Creates and performs individual performance routines.
211112,Dancers and Choreographers,"Rehearses, auditions and travels between entertainment venues."
211113,Entertainers and Variety Artists,"Creates and performs individual performance routines that can include acting, singing, dancing and speaking."
211113,Entertainers and Variety Artists,"Rehearses, auditions and travels between entertainment venues."
211199,"Other Actors, Dancers and Entertainers","Learns lines, speeches and cues."
211199,"Other Actors, Dancers and Entertainers",Prepares for performances through rehearsals under the instruction and guidance of production directors.
211199,"Other Actors, Dancers and Entertainers",Acts parts and portrays roles as developed in rehearsals.
211199,"Other Actors, Dancers and Entertainers","Performs acts, stunts or plays music for audience's entertainment."
211199,"Other Actors, Dancers and Entertainers",Gives speeches to audiences at conferences and other events.
211199,"Other Actors, Dancers and Entertainers",Creates and performs individual performance routines.
211199,"Other Actors, Dancers and Entertainers","Rehearses, auditions and travels between venues."
211211,Composers,"Creates melodic, harmonic and rhythmic structures to express ideas and emotions in musical form."
211211,Composers,Translates ideas and concepts into standard musical signs and symbols for reproduction and performance.
211211,Composers,"Undertakes research and liaises with clients when composing musical backing for television commercials, popular recordings, and productions across radio, television and film."
211212,Music Directors,Auditions and selects musicians and singers.
211212,Music Directors,Selects music for performances and assigns instrumental parts to musicians.
211212,Music Directors,"Directs musical groups at rehearsals and performances to achieve desired effects such as tonal and harmonic balance, rhythm and tempo."
211213,Musicians,Studies and rehearses repertoire and musical scores prior to performances.
211213,Musicians,"Plays music in recitals, as an accompanist, or as a member of an orchestra, band or other musical group, from score and by memory."
211213,Musicians,"Performs music and songs according to interpretation, direction and style of presentation, using highly developed aural skills to reproduce music."
211214,Singers,Studies and rehearses repertoire and musical scores prior to performances.
211214,Singers,"Plays music in recitals, as an accompanist, or as a member of an orchestra, band or other musical group, from score and by memory."
211214,Singers,"Performs music and songs according to interpretation, direction and style of presentation, using highly developed aural skills to reproduce music."
211299,Other Music Professionals,"Studies and compares repertoires, instruments and musical scores."
211299,Other Music Professionals,Researches the origins of music and its instruments.
211299,Other Music Professionals,Gathers information in relation to music and creates written reports.
211411,Painters (Visual Arts),"Conceives and develops ideas, designs and styles for paintings and drawings."
211411,Painters (Visual Arts),"Arranges objects, positions models, and selects landscapes and other visual forms according to chosen subject matter."
211411,Painters (Visual Arts),"Selects artistic media, method and materials."
211411,Painters (Visual Arts),Applies media to surfaces using appropriate techniques.
211412,Potters and Ceramic Artists,"Selects artistic media, method and materials."
211412,Potters and Ceramic Artists,"Moulds clay into functional and artistic articles by wheel-throwing, moulding and hand-building."
211412,Potters and Ceramic Artists,Mixes glazing materials and applies glazes to dried pottery by dipping and painting.
211412,Potters and Ceramic Artists,Places finished and decorated pieces in kilns.
211413,Sculptors,"Conceives and develops ideas, designs and styles for sculptures."
211413,Sculptors,"Sketches designs of proposed sculptures, and makes wax and plaster models."
211413,Sculptors,"Devises forms from metal using welding and metalworking equipment, and from stone using masonry tools."
211413,Sculptors,Carves and forms materials to desired shape using hand and power tools.
211499,Other Visual Arts or Crafts Professionals,"Conceives and develops ideas, designs and styles for artistic works."
211499,Other Visual Arts or Crafts Professionals,"Arranges objects, positions models, and selects landscapes and other visual forms according to chosen subject matter."
211499,Other Visual Arts or Crafts Professionals,"Selects artistic media, method and materials."
211499,Other Visual Arts or Crafts Professionals,Applies media to surfaces using appropriate techniques.
212111,Artistic Directors,"Manages artistic and media productions to meet quality, cost and timing specifications."
212111,Artistic Directors,Formulates and develops organisations' artistic policies and selects and plans organisations' artistic programs.
212111,Artistic Directors,Hiring and managing artistic staff.
212112,Media Producers,"Controls the use of media production facilities such as studios and editing equipment, stage and film equipment and rehearsal time."
212112,Media Producers,"Directs the formulation of media production strategies, policies and plans."
212113,Radio Presenters,Researches and prepares for programmes and interviews.
212113,Radio Presenters,Prepare scripts.
212113,Radio Presenters,Operates studio equipment.
212113,Radio Presenters,"Introduces programmes, music, entertainment items, guests and celebrities."
212113,Radio Presenters,Hosts talkback shows.
212113,Radio Presenters,Interviews people.
212113,Radio Presenters,"Reads news, sports or weather reports."
212113,Radio Presenters,Provides a commentary on live sporting or other events.
212113,Radio Presenters,"Presents opinions on sports, politics, social and economic matters."
212113,Radio Presenters,Organises and presents on-air competitions.
212113,Radio Presenters,Makes community announcements.
212113,Radio Presenters,Reads advertisements.
212113,Radio Presenters,Presents advertisement interviews (advertorials) with advertising clients.
212113,Radio Presenters,Meets with clients to discuss advertorials.
212113,Radio Presenters,Hosts outside events such as community events and competitions.
212114,Television Presenters,Researches and prepares for programmes and interviews.
212114,Television Presenters,Finds guests to appear on the show.
212114,Television Presenters,Prepares scripts.
212114,Television Presenters,Attends production meetings.
212114,Television Presenters,"Hosts game shows, current affairs, sports, arts or educational programmes."
212114,Television Presenters,"Introduces programmes, music, entertainment items, guests and celebrities."
212114,Television Presenters,Interviews people.
212114,Television Presenters,"Reads news, sports or weather reports commonly using an autocue."
212114,Television Presenters,Provides a commentary on live sporting or other events.
212114,Television Presenters,"Presents opinions on sports, politics, social and economic matters."
212114,Television Presenters,Makes community announcements.
212114,Television Presenters,Reads advertisements.
212114,Television Presenters,Presents advertisement interviews (advertorials) with advertising clients.
212114,Television Presenters,Meets with clients to discuss advertorials.
212114,Television Presenters,Attends promotional events and social functions.
212211,Authors,"Creates and develops ideas and themes for written works, such as novels, plays, musicals, screen productions, educational texts, information texts and multimedia products."
212211,Authors,"Researches subject matter through original and secondary materials, interviews and other media."
212211,Authors,"Plans, organises and writes material."
212212,Book and Script Editors,"Reviews and evaluates manuscripts of novels, biographies, short stories, poems, educational texts and other books, and ensures coherence of style and development of theme, plot and characterisation."
212212,Book and Script Editors,Advises publishers about potential of works for publication and conditions of publication contract.
212212,Book and Script Editors,"Negotiates publication details such as royalties, publication dates and numbers of copies to be printed."
212212,Book and Script Editors,"Reviews and assesses stories and other material for film, television, radio and stage productions."
212212,Book and Script Editors,"Directs the preparation of scripts to be read by announcers to introduce and connect parts of musicals, news, sports and special events programmes."
212311,"Art Directors (Film, Television or Stage)",Studies scripts and scenarios to determine theme and setting.
212311,"Art Directors (Film, Television or Stage)",Assesses locations and staging requirements for productions in association with specialist designers.
212311,"Art Directors (Film, Television or Stage)","Oversees creative aspects of film, television and stage productions."
212312,"Directors (Film, Television, Radio or Stage)",Studies scripts and scenarios to determine theme and setting.
212312,"Directors (Film, Television, Radio or Stage)",Assesses locations and staging requirements for productions in association with specialist designers.
212312,"Directors (Film, Television, Radio or Stage)","Oversees creative aspects of film, television, radio and stage productions."
212313,Cinematographers,"Determines lighting, film, shutter angles, filter factors, camera distance, depth of field and focus, angles of view and other variables to achieve desired mood and effect."
212313,Cinematographers,Views film and video tape to evaluate and select scenes and determine which scenes need to be re-shot.
212314,Film and Video Editors,Views film and video tape to evaluate and select scenes and determine which scenes need to be re-shot.
212314,Film and Video Editors,Plans and organises the preparation and presentation of programmes.
212315,Program Directors (Television or Radio),Studies scripts and scenarios to determine theme and setting.
212315,Program Directors (Television or Radio),Oversees creative aspects of television and radio productions.
212315,Program Directors (Television or Radio),Plans and organises the preparation and presentation of programmes.
212316,Stage Managers,"Supervises the positioning of scenery, props and the lighting and sound equipment."
212317,Technical Directors,"Assessing technical requirements of productions by studying scripts and discussing programme content, set locations and stage directions with the production team."
212318,Video Producers,"Chooses an idea, script, book or play to turn into a video."
212318,Video Producers,Chooses and hires the director for the project.
212318,Video Producers,Arranges finance and prepares the project (pre-production).
212318,Video Producers,Organises budget and production.
212318,Video Producers,"Chooses key creative staff with the director, including the main actors."
212318,Video Producers,Supervises production.
212318,Video Producers,Solves any production problems.
212318,Video Producers,Supervises the film's distribution.
212318,Video Producers,Plans the marketing of the finished film.
212318,Video Producers,Liaises with foreign co-producers.
212318,Video Producers,Makes videos for corporate clients.
212318,Video Producers,Be involved with marketing the production company and shows.
212318,Video Producers,Pursues projects for the company to work on.
212399,"Other Film, Television, Radio and Stage Directors",Studies scripts and scenarios to determine theme and setting.
212399,"Other Film, Television, Radio and Stage Directors",Researches and locates locations appropriate to the script.
212399,"Other Film, Television, Radio and Stage Directors",Assesses locations and stage requirements for productions.
212399,"Other Film, Television, Radio and Stage Directors",Determines lighting requirements.
212399,"Other Film, Television, Radio and Stage Directors",Supervises the positioning of lighting equipment.
212399,"Other Film, Television, Radio and Stage Directors",Locates talent to take on roles.
212399,"Other Film, Television, Radio and Stage Directors",Negotiates with actors and actresses.
212399,"Other Film, Television, Radio and Stage Directors",Manages cast including leads and extras to make sure they have what they need.
212411,Copywriters,"Determines advertising approach by consulting with clients and management, and studying products to establish principal selling features."
212411,Copywriters,"Writes advertisements for press, radio, television, cinema screens, billboards, catalogues and shop displays."
212412,Newspaper and Periodical Editors,Makes decisions about the specific content of publications in conjunction with other senior editors and in accordance with editorial policies and guidelines.
212412,Newspaper and Periodical Editors,"Reviews copy for publications to ensure conformity with accepted rules of grammar, style and format, coherence of story, and accuracy, legality and probity of content."
212413,Print Journalists,"Collects and analyses facts about newsworthy events from interviews, printed matter, investigations and observations."
212413,Print Journalists,"Writes news reports, commentaries, articles and feature stories for newspapers, magazines, and journals on topics of public interest."
212414,Radio Journalists,"Collects and analyses facts about newsworthy events from interviews, printed matter, investigations and observations."
212414,Radio Journalists,"Writes news reports, commentaries, articles and feature stories for radio on topics of public interest."
212416,Television Journalists,"Collects and analyses facts about newsworthy events from interviews, printed matter, investigations and observations."
212416,Television Journalists,"Writes news reports, commentaries, articles and feature stories for television on topics of public interest."
221111,Accountants (General),Assists in formulating budgetary and accounting policies.
221111,Accountants (General),"Prepares financial statements for boards of directors, management, shareholders, and governing and statutory bodies."
221111,Accountants (General),"Conducts financial investigations, prepares reports, undertaking audits and advises on matters such as the purchase and sale of businesses, mergers, capital financing, suspected fraud, insolvency and taxation."
221111,Accountants (General),Examines operating costs and income and expenditure.
221111,Accountants (General),Provides assurance about the accuracy of information contained in financial reports and compliance with statutory requirements.
221111,Accountants (General),"Provides financial and taxation advice on business structures, plans and operations."
221111,Accountants (General),Prepares tax returns.
221111,Accountants (General),Manages funds.
221111,Accountants (General),"Introduces and maintains accounting systems, and advises on the selection and application of computer-based accounting systems."
221111,Accountants (General),Maintains internal control systems.
221111,Accountants (General),May appraise cash flow and financial risk of capital investment projects.
221112,Management Accountants,Assists in formulating budgetary and accounting policies.
221112,Management Accountants,"Prepares financial statements for presentation to boards of directors, management, shareholders, and governing and statutory bodies."
221112,Management Accountants,"Conducts financial investigations, prepares reports, undertaking audits and advises on matters such as the purchase and sale of businesses, mergers, capital financing, suspected fraud, insolvency and taxation."
221112,Management Accountants,Examines operating costs and organisations' income and expenditure.
221112,Management Accountants,Provides assurance about the accuracy of information contained in financial reports and their compliance with statutory requirements.
221113,Taxation Accountants,Examines operating costs and organisations' income and expenditure.
221113,Taxation Accountants,Provides assurance about the accuracy of information contained in financial reports and their compliance with statutory requirements.
221113,Taxation Accountants,"Provides financial and taxation advice on business structures, plans and operations."
221113,Taxation Accountants,Prepares taxation returns for individuals and organisations.
221113,Taxation Accountants,Liaises with financial institutions and brokers to establish funds management arrangements.
221113,Taxation Accountants,"Introduces and maintains accounting systems, and advises on the selection and application of computer-based accounting systems."
221113,Taxation Accountants,Maintains internal control systems.
221113,Taxation Accountants,May appraise cash flow and financial risk of capital investment projects.
221211,Company Secretaries,"Arranges, gives notice of and attends meetings of directors and shareholders."
221211,Company Secretaries,"Advises organisations' governing boards on matters concerning compliance with stock exchange listing rules, relevant legislation and corporation practice."
221211,Company Secretaries,"Supervises organisations' share capital by preparing documents and share issues, and handling share transfers."
221212,Corporate Treasurers,Controls treasury and treasury systems and establishes and reviews risk management objectives and treasury policies.
221212,Corporate Treasurers,"Identifies, manages and reports on financial risks."
221212,Corporate Treasurers,"Assists with equity management, debt management, securities and taxation planning issues."
221212,Corporate Treasurers,"Collects, analyses and interprets information on the financial standing, cost structures and trading effectiveness of organisations."
221213,External Auditors,"Identifies, manages and reports on financial risks."
221213,External Auditors,"Assists with equity management, debt management, securities and taxation planning issues."
221213,External Auditors,"Collects, analyses and interprets information on the financial standing, cost structures and trading effectiveness of organisations."
221213,External Auditors,"Devises, re-organises and establishes budgetary cost control and other accounting systems such as computer-based systems."
221213,External Auditors,"Conducts audits and investigations and prepares financial statements and reports for management, shareholders, and governing and statutory bodies."
221213,External Auditors,"Evaluates the cost effectiveness and risks of operational processes, activities, policies and systems."
221213,External Auditors,"Establishes audit objectives, and designs and implements audit methodologies, processes and audit report criteria."
221214,Internal Auditors,"Assists with equity management, debt management, securities and taxation planning issues."
221214,Internal Auditors,"Collects, analyses and interprets information on the financial standing, cost structures and trading effectiveness of organisations."
221214,Internal Auditors,"Devises, re-organises and establishes budgetary cost control and other accounting systems such as computer-based systems."
221214,Internal Auditors,"Conducts audits and investigations and prepares financial statements and reports for management, shareholders, and governing and statutory bodies."
221214,Internal Auditors,"Evaluates the cost effectiveness and risks of operational processes, activities, policies and systems."
221214,Internal Auditors,"Establishes audit objectives, and designs and implements audit methodologies, processes and audit report criteria."
222111,Commodities Traders,"Monitors commodity prices, trends and other factors affecting the supply and demand for commodities."
222111,Commodities Traders,"Negotiates the purchase and sale of commodities such as grains, wool, minerals and metals."
222112,Finance Brokers,"Determines the specific financial and insurance requirements of clients, and researches and reviews available finance and insurance products for suitability to meet clients' requirements."
222112,Finance Brokers,"Analyses clients' financial status, discusses financial options and develops financial strategies."
222112,Finance Brokers,Recommends loan combinations that meet clients' needs.
222113,Insurance Brokers,"Interviews prospective clients to explain insurance policy conditions, risks covered, premium rates and benefits, and to make recommendations on the amount and type of cover."
222113,Insurance Brokers,"Arranges insurance, home loan mortgages and other types of finance for clients through banks, lenders, financiers and insurance companies."
222113,Insurance Brokers,Identifies and advising on significant risk changes to clients' insurance.
222199,Other Financial Brokers,"Brokers complex and commercial leases, equipment finance, commercial finance, project finance and finance for property developers."
222211,Financial Market Dealers,"Obtains information on securities, market conditions, government regulations and financial circumstances of clients."
222211,Financial Market Dealers,"Interprets data from securities reports, financial periodicals and stock-quotation viewer screens."
222211,Financial Market Dealers,Analyses financial markets and financial market products.
222211,Financial Market Dealers,"Provides information and offers advice on financial market matters, market conditions and the history and prospects of corporations."
222211,Financial Market Dealers,Executes buy and sell orders in the market place on behalf of clients.
222211,Financial Market Dealers,Relays trade information to clients such as the number of contracts bought and sold and the price.
222299,Other Financial Dealers,"Obtains information on market conditions, government regulations and financial circumstances of clients."
222299,Other Financial Dealers,"Interprets data from securities reports, financial periodicals and stock-quotation viewer screens."
222299,Other Financial Dealers,Analyses financial markets and financial market products.
222299,Other Financial Dealers,"Provides information and offers advice on financial market matters, market conditions and the history and prospects of corporations."
222299,Other Financial Dealers,Executes buy and sell orders in the market place on behalf of clients.
222311,Financial Investment Advisers,"Interviews prospective clients to determine financial status and objectives, discusses financial options and develops financial plans and investment strategies."
222311,Financial Investment Advisers,"Monitors investment performance, and reviews and revises investment plans based on modified needs and changes in markets."
222311,Financial Investment Advisers,Recommends and arranges insurance cover for clients.
222311,Financial Investment Advisers,Arranges to buy and sell stocks and bonds for clients.
222311,Financial Investment Advisers,"Advises on investment strategies, sources of funds and the distribution of earnings."
222311,Financial Investment Advisers,"Sets financial objectives, and develops and implements strategies for achieving the financial objectives."
222311,Financial Investment Advisers,Manages funds raised from personal superannuation savings policies and unit trusts.
222311,Financial Investment Advisers,May refer clients to other organisations to obtain services outlined in financial plans.
222312,Financial Investment Managers,"Interviews prospective clients to determine financial status and objectives, discusses financial options and develops financial plans and investment strategies."
222312,Financial Investment Managers,"Monitors investment performance, and reviews and revises investment plans based on modified needs and changes in markets."
222312,Financial Investment Managers,Recommends and arranges insurance cover for clients.
222312,Financial Investment Managers,Arranges to buy and sell stocks and bonds for clients.
222312,Financial Investment Managers,"Advises on investment strategies, sources of funds and the distribution of earnings."
222312,Financial Investment Managers,"Sets financial objectives, and develops and implements strategies for achieving the financial objectives."
222312,Financial Investment Managers,Manages funds raised from personal superannuation savings policies and unit trusts.
222312,Financial Investment Managers,May refer clients to other organisations to obtain services outlined in financial plans.
223111,Human Resource Advisers,"Arrange for advertising of job vacancies, interviewing and testing of applicants, and selection of staff."
223111,Human Resource Advisers,Maintains personnel records and associated human resource information systems.
223111,Human Resource Advisers,"Provides advice and information to management on workplace relations policies and procedures, staff performance and disciplinary matters."
223111,Human Resource Advisers,"Arrange the induction of staff and provide information on conditions of service, salaries and promotional opportunities."
223111,Human Resource Advisers,"Receive and record job vacancy information from employers such as details about job description, wages and conditions of employment."
223111,Human Resource Advisers,Provide information on current job vacancies in the organisation to employers and job seekers.
223111,Human Resource Advisers,"Undertakes negotiations on terms and conditions of employment, and examines and resolves disputes and grievances."
223111,Human Resource Advisers,"Studies and interprets legislation, awards, collective agreements and employment contracts, wage payment systems and dispute settlement procedures."
223111,Human Resource Advisers,"Develops, plans and formulates enterprise agreements or collective contracts such as productivity-based wage adjustment procedures, workplace relations policies and programs, and procedures for their implementation."
223111,Human Resource Advisers,Oversees the formation and conduct of workplace consultative committees and employee participation initiatives.
223112,Recruitment Consultants,"Arranges for advertising of job vacancies, interviewing and testing of applicants, and selection of staff."
223112,Recruitment Consultants,"Receives and records job vacancy information from employers such as details about job description, wages and conditions of employment."
223112,Recruitment Consultants,Provides information on current job vacancies in the organisation to employers and job seekers.
223112,Recruitment Consultants,Undertakes negotiations on terms and conditions of employment.
223113,Workplace Relations Advisers,Maintains personnel records and associated human resource information systems.
223113,Workplace Relations Advisers,"Arranges the induction of staff and provides information on conditions of service, salaries and promotional opportunities."
223113,Workplace Relations Advisers,"Receives and records job vacancy information from employers such as details about job description, wages and conditions of employment."
223113,Workplace Relations Advisers,"Studies and interprets legislation, awards, collective agreements and employment contracts, wage payment systems and dispute settlement procedures."
223113,Workplace Relations Advisers,"Develops, plans and formulates enterprise agreements or collective contracts such as productivity-based wage adjustment procedures, workplace relations policies and programmes, and procedures for their implementation."
223113,Workplace Relations Advisers,Oversees the formation and conduct of workplace consultative committees and employee participation initiatives.
224111,Actuaries,"Defines, analyses and solves complex financial and business problems relating to areas such as insurance premiums, annuities, superannuation funds, pensions and dividends."
224111,Actuaries,"Examines financial projections for general insurance companies, finance companies, government and other organisations."
224111,Actuaries,"Designs new types of policies, assesses risks and analyses investments in life insurance, superannuation funds, health insurance, friendly societies, financial markets and other areas."
224112,Mathematicians,Formulates mathematical models to simulate processes.
224112,Mathematicians,"Applies models to experimental observations, and adjusts and recasts the models."
224112,Mathematicians,Uses numerical analysis methods to develop algorithms and perform computations.
224112,Mathematicians,Liaises with management and clients to determine the subject or area to be surveyed or examined.
224112,Mathematicians,"Specifies the data to be collected, and the methodology to be used in collection and analysis."
224112,Mathematicians,Evaluates and describes the reliability and utility of source information.
224112,Mathematicians,"Analyses and interprets data, and produces relevant statistics to describe and infer particular trends and patterns."
224113,Statisticians,Formulates mathematical models to simulate processes.
224113,Statisticians,"Applies models to experimental observations, and adjusts and recasts the models."
224113,Statisticians,Uses numerical analysis methods to develop algorithms and perform computations.
224113,Statisticians,Liaises with management and clients to determine the subject or area to be surveyed or examined.
224113,Statisticians,"Specifies the data to be collected, and the methodology to be used in collection and analysis."
224113,Statisticians,Evaluates and describes the reliability and utility of source information.
224113,Statisticians,Analyses and interprets data and produces relevant statistics to describe and infer particular trends and patterns.
224211,Archivists,"Evaluates and preserves records for administrative, historical, legal, evidential and other purposes."
224211,Archivists,"Prepares record-keeping systems, indexes, guides and procedures for archival research and for the retention and destruction of records."
224211,Archivists,"Identifies and classifies specimens and objects, and arranges restoration work."
224211,Archivists,Examines items and arranges examinations to determine condition and authenticity.
224212,Gallery and Museum Curators,Plans and organises the acquisition and display of material.
224212,Gallery and Museum Curators,"Arranges the layout and lighting of historical, scientific or art displays."
224212,Gallery and Museum Curators,"Researches items in displays and produces publications, delivers public lecturers and initiates exhibitions."
224212,Gallery and Museum Curators,"Identifies and classifies specimens and objects, and arranges restoration work."
224212,Gallery and Museum Curators,Examines items and arranges examinations to determine condition and authenticity.
224212,Gallery and Museum Curators,Manages organisations' central records systems.
224213,Health Information Managers,Designs and revises medical record forms.
224213,Health Information Managers,Manages organisations' central records systems.
224214,Records Managers,Manages organisations' central records systems.
224214,Records Managers,"Analyses the record-keeping needs of organisations, and translates these needs into record management systems."
224214,Records Managers,"Maintains computerised and other record management systems and record forms, and advises on their usage."
224214,Records Managers,"Controls access to confidential information, and recommends codes of practice and procedures for accessing records."
224214,Records Managers,"Develops record cataloguing, coding and classification systems, and monitoring their use."
224411,Intelligence Officers,Determines organisational and client intelligence requirements.
224411,Intelligence Officers,"Organises, collects, collates and analyses data, and develops intelligence information such as electronic surveillance."
224411,Intelligence Officers,"Compiles and disseminates intelligence information using briefings, maps, charts, reports and other methods."
224411,Intelligence Officers,Ascertains the accuracy of data collected and reliability of sources.
224411,Intelligence Officers,Conducts threat and risk assessments and developing responses.
224412,Policy Analysts,Liaises and consults with program administrators and other interested parties to identify policy needs.
224412,Policy Analysts,Reviews existing policies and legislation to identify anomalies and out-of-date provisions.
224412,Policy Analysts,"Researches social, economic and industrial trends, and client expectations of programs and services provided."
224412,Policy Analysts,"Formulates and analyses policy options, prepares briefing papers and recommendations for policy changes, and advises on preferred options."
224412,Policy Analysts,"Assesses impacts, financial implications, interactions with other programs and political and administrative feasibility of policies."
224511,Land Economists,Provides advice on land and property financing and valuation matters.
224511,Land Economists,Researches and advises on the administration and use of land and property.
224511,Land Economists,Develops and implements sales and leasing proposals for commercial land and property.
224511,Land Economists,Provides asset management services for the administration and use of land and property.
224511,Land Economists,Analyses land and property investments.
224512,Valuers,Provides advice on land and property financing and valuation matters.
224512,Valuers,"Calculates values by considering market demand, condition of items, future trends and other factors."
224512,Valuers,"Examines property, selects methods of valuation, and submits written assessments."
224512,Valuers,"Gives evidence in legal proceedings, mediates on valuation matters and provides rental determinations for arbitration purposes."
224711,Management Consultants,"Assists and encourages the development of objectives, strategies and plans aimed at achieving customer satisfaction and the efficient use of organisations' resources."
224711,Management Consultants,Discusses business and organisational shortcomings with clients.
224711,Management Consultants,Analyses and evaluates current systems and structures.
224711,Management Consultants,Discusses current systems with staff and observes systems at all levels of organisation.
224711,Management Consultants,Directs clients towards more efficient organisation and develops solutions to organisational problems.
224711,Management Consultants,Undertakes and reviews work studies by analysing existing and proposed methods and procedures such as administrative and clerical procedures.
224711,Management Consultants,"Records and analyses organisations' work flow charts, records, reports, manuals and job descriptions."
224711,Management Consultants,"Prepares and recommends proposals to revise methods and procedures, alter work flows, redefine job functions and resolve organisational problems."
224711,Management Consultants,"Assists in implementing approved recommendations, issues revised instructions and procedure manuals, and drafting other documentation."
224711,Management Consultants,Reviews operating procedures and advising of departures from procedures and standards.
224712,Organisation and Methods Analysts,Analyses and evaluates current systems and structures.
224712,Organisation and Methods Analysts,Discusses current systems with staff and observes systems at all levels of organisation.
224712,Organisation and Methods Analysts,Directs clients towards more efficient organisation and develops solutions to organisational problems.
224712,Organisation and Methods Analysts,Undertakes and reviews work studies by analysing existing and proposed methods and procedures such as administrative and clerical procedures.
224712,Organisation and Methods Analysts,"Records and analyses organisations' work flow charts, records, reports, manuals and job descriptions."
224712,Organisation and Methods Analysts,"Prepares and recommends proposals to revise methods and procedures, alter work flows, redefine job functions and resolve organisational problems."
224712,Organisation and Methods Analysts,"Assists in implementing approved recommendations, issues revised instructions and procedure manuals, and drafting other documentation."
224712,Organisation and Methods Analysts,Reviews operating procedures and advises of departures from procedures and standards.
224911,Electorate Officers,"Liaises with other staff, government departments and members of the constituency on matters relating to the electorate and any portfolios or committees the member of parliament may be part of and other areas of general concern."
224911,Electorate Officers,"Researches and prepares reports, briefing notes, memoranda, correspondence and other routine documents."
224911,Electorate Officers,Maintains confidential files and documents.
224911,Electorate Officers,Attends meetings and acts as secretary as required.
224911,Electorate Officers,Maintains appointment diaries and makes travel arrangements.
224911,Electorate Officers,"Processes incoming and outgoing mail, filing correspondence and maintains records."
224911,Electorate Officers,Screens telephone calls and answers inquiries.
224911,Electorate Officers,Takes and transcribes dictation of letters and other documents.
224911,Electorate Officers,May supervise other secretarial and clerical staff.
224912,Liaison Officers,"Liaises with members of the public establishing communication between various parties, organisations or government organisation."
224912,Liaison Officers,"Researches and prepares reports, briefing notes, memoranda, correspondence and other routine documents to help facilitate communication."
224912,Liaison Officers,Maintains confidential files and documents.
224912,Liaison Officers,Attends meetings.
224912,Liaison Officers,"Processes incoming and outgoing mail, files correspondence and maintains records."
224913,Migration Agents,"Provides information about immigration laws, policies and procedures."
224913,Migration Agents,Answers written and phone queries.
224913,Migration Agents,"Reads, checks and decides on applications for residency or entry into australia."
224913,Migration Agents,Interviews applicants.
224913,Migration Agents,Explains decisions to applicants.
224913,Migration Agents,Issues permits and visas.
224913,Migration Agents,Enforces immigration laws.
224913,Migration Agents,May investigate breaches of immigration law.
224913,Migration Agents,May advise on immigration policies and operations.
224914,Patents Examiners,Assesses whether patent applications provide an adequate technical description of the invention.
224914,Patents Examiners,Assess whether the patent rights sought are justified and match the invention's technical description.
224914,Patents Examiners,Searches online databases to discover similar patents held in australia and overseas.
224914,Patents Examiners,Assesses whether the advances claimed for the invention are new.
224914,Patents Examiners,Reports their findings to the patent applicant or the applicant's legal representative.
224999,Information and Organisation Professionals (not covered elsewhere),"Depending on the role: liaises with other staff, government departments and members of the constituency on matters relating to the electorate and any portfolios or committees the member of parliament may be part of and other areas of general concern."
224999,Information and Organisation Professionals (not covered elsewhere),"Researches and prepares reports, briefing notes, memoranda, correspondence and other routine documents."
224999,Information and Organisation Professionals (not covered elsewhere),Designs forms to gather and collect required information.
224999,Information and Organisation Professionals (not covered elsewhere),Maintains confidential files and documents.
224999,Information and Organisation Professionals (not covered elsewhere),Attends meetings.
224999,Information and Organisation Professionals (not covered elsewhere),Lobbies government organisations to facilitate change and gain support for their ideologies.
224999,Information and Organisation Professionals (not covered elsewhere),Screens telephone calls and answers inquiries.
225111,Advertising Specialists,"Plans, develops and organises advertising policies and campaigns to support sales objectives."
225111,Advertising Specialists,"Advises executives and clients on advertising strategies and campaigns to reach target markets, creating consumer awareness and effectively promoting the attributes of goods and services."
225111,Advertising Specialists,"Co-ordinates production of advertising campaigns involving specialised activities, such as artwork, copywriting, media scripting, television and film production and media placement, within time and budget constraints."
225113,Marketing Specialists,Researches potential demand and market characteristics for new goods and services and collects and analyses data and other statistical information.
225113,Marketing Specialists,"Supports business growth and development through the preparation and execution of market objectives, policies and programs."
225113,Marketing Specialists,Commissions and undertakes market research to identify market opportunities for new and existing goods and services.
225113,Marketing Specialists,"Advises on all elements of marketing such as product mix, pricing, advertising and sales promotion, selling, and distribution channels."
225211,ICT Account Managers,Compiles lists of prospective client businesses using trade directories and other sources.
225211,ICT Account Managers,"Acquires and updates knowledge of employer's and competitors' goods and services, and market conditions."
225211,ICT Account Managers,"Follows up with clients to ensure satisfaction with ict goods and services purchased, arranges modifications and resolves any problems that arise."
225212,ICT Business Development Managers,Visits regular and prospective client businesses to establish and act on selling opportunities.
225212,ICT Business Development Managers,Assesses customers' needs and explaining the goods and services which meet their needs.
225212,ICT Business Development Managers,Promotes employers' ict goods and services to existing and prospective clients.
225213,ICT Sales Representatives,"Quotes and negotiates prices and credit terms, and completes contracts and records orders."
225213,ICT Sales Representatives,"Arranges delivery of goods, installation of equipment and the provision of services."
225213,ICT Sales Representatives,Reports to sales management on sales made and the marketability of ict goods and services.
225213,ICT Sales Representatives,"Follows up with clients to ensure satisfaction with ict goods and services purchased, arranges modifications and resolves any problems arising."
225213,ICT Sales Representatives,"Prepares sales reports, and maintains and submits records of business expenses incurred."
225411,Sales Representatives (Industrial Products),Compiles lists of prospective client businesses using directories and other sources.
225411,Sales Representatives (Industrial Products),"Acquires and updates knowledge of employers' and competitors' goods and services, and market conditions."
225411,Sales Representatives (Industrial Products),Visits regular and prospective client businesses to establish and act on selling opportunities.
225411,Sales Representatives (Industrial Products),"Assesses customers' needs, as well as recommends and explains goods and services to them."
225411,Sales Representatives (Industrial Products),"Monitors customers' changing needs and competitor activity, and reports these developments to sales management."
225411,Sales Representatives (Industrial Products),"Quotes and negotiates prices and credit terms, and completes contracts and records orders."
225411,Sales Representatives (Industrial Products),"Arranges delivery of goods, installation of equipment and the provision of services."
225411,Sales Representatives (Industrial Products),Reports to sales management on sales made and the marketability of goods and services.
225411,Sales Representatives (Industrial Products),"Follows up with clients to ensure satisfaction with goods and services purchased, and resolves any problems that arise."
225411,Sales Representatives (Industrial Products),Prepares sales reports and maintains and submits records of business expenses incurred.
225412,Sales Representatives (Medical and Pharmaceutical Products),Compiles lists of prospective client businesses using directories and other sources.
225412,Sales Representatives (Medical and Pharmaceutical Products),"Acquires and updates knowledge of employers' and competitors' goods and services, and market conditions."
225412,Sales Representatives (Medical and Pharmaceutical Products),Visits regular and prospective client businesses to establish and act on selling opportunities.
225412,Sales Representatives (Medical and Pharmaceutical Products),Assesses customers' needs and recommends and explains goods and services to them.
225412,Sales Representatives (Medical and Pharmaceutical Products),"Monitors customers' changing needs and competitor activity, and reports these developments to sales management."
225412,Sales Representatives (Medical and Pharmaceutical Products),"Quotes and negotiates prices and credit terms, and completes contracts and records orders."
225412,Sales Representatives (Medical and Pharmaceutical Products),"Arranges delivery of goods, installation of equipment and the provision of services."
225412,Sales Representatives (Medical and Pharmaceutical Products),Reports to sales management on sales made and the marketability of goods and services.
225412,Sales Representatives (Medical and Pharmaceutical Products),"Follows up with clients to ensure satisfaction with goods and services purchased, and resolves any problems that arise."
225412,Sales Representatives (Medical and Pharmaceutical Products),Prepares sales reports and maintains and submits records of business expenses incurred.
225499,Other Technical Sales Representatives,Compiles lists of prospective client businesses using directories and other sources.
225499,Other Technical Sales Representatives,"Acquires and updates knowledge of employers' and competitors' goods and services, and market conditions."
225499,Other Technical Sales Representatives,Visits regular and prospective client businesses to establish and act on selling opportunities.
225499,Other Technical Sales Representatives,Assesses customers' needs and recommends and explains goods and services to them.
225499,Other Technical Sales Representatives,"Monitors customers' changing needs and competitor activity, and reports these developments to sales management."
225499,Other Technical Sales Representatives,"Quotes and negotiates prices and credit terms, and completes contracts and records orders."
225499,Other Technical Sales Representatives,"Arranges delivery of goods, installation of equipment and the provision of services."
225499,Other Technical Sales Representatives,Reports to sales management on sales made and the marketability of goods and services.
225499,Other Technical Sales Representatives,"Follows up with clients to ensure satisfaction with goods and services purchased, and resolves any problems that arise."
225499,Other Technical Sales Representatives,Prepares sales reports and maintains and submits records of business expenses incurred.
231111,Aeroplane Pilots,Prepares and submits flight plans giving consideration to factors such as weather conditions and aircraft performance.
231111,Aeroplane Pilots,Flies aircraft in accordance with established air traffic control and aircraft operating procedures.
231111,Aeroplane Pilots,Provides flight information for flight crews and air traffic services staff.
231111,Aeroplane Pilots,Completes cockpit preparations and external inspections to determine that aircraft are acceptable for flight.
231111,Aeroplane Pilots,Monitors aircraft performance and reporting on mechanical condition.
231112,Air Traffic Controllers,"Controls aircraft movements, and directs aircraft taxiing, take-offs and landings by radio."
231112,Air Traffic Controllers,Provides pre-flight briefings and aeronautical information services.
231113,Flying Instructors,"Gives in-flight instruction, supervises solo flights, accompanies students on training flights and demonstrates techniques for controlling aircraft."
231114,Helicopter Pilots,Prepares and submits flight plans giving consideration to factors such as weather conditions and aircraft performance.
231114,Helicopter Pilots,Flies aircraft in accordance with established air traffic control and aircraft operating procedures.
231114,Helicopter Pilots,Provides flight information for flight crews and air traffic services staff.
231114,Helicopter Pilots,Completes cockpit preparations and external inspections to determine that aircraft are acceptable for flight.
231114,Helicopter Pilots,Monitors aircraft performance and reports on mechanical condition.
231199,Other Air Transport Professionals,Prepares and submits flight plans giving consideration to factors such as weather conditions and aircraft performance.
231199,Other Air Transport Professionals,Performs duties in accordance with established air traffic control and aircraft operating procedures.
231199,Other Air Transport Professionals,Provides flight information for flight crews and air traffic services staff.
231199,Other Air Transport Professionals,Assists to control aircraft movements.
231199,Other Air Transport Professionals,Completes pre-flight checks.
231199,Other Air Transport Professionals,Carries out internal and external inspections to determine that aircraft are acceptable for flight.
231199,Other Air Transport Professionals,Monitors aircraft performance and reports on mechanical condition.
231211,Master Fishers,"Directs fishing operations by using knowledge about the species sought, fishing areas, seasons and the capabilities of the vessel and crew."
231211,Master Fishers,"Directs crew in catching fish, molluscs and crustacea at varying depths using nets, lines, poles, pots and traps."
231212,Marine Engineers,"Plans, controls and co-ordinates the operational and maintenance requirements of a ship's propulsion and domestic plant and equipment."
231212,Marine Engineers,"Operates plant and equipment and performs routine maintenance on ship's systems including mechanical, electrical, hydraulic, pneumatic, steam generating, and fire prevention and control systems."
231213,Ship's Masters,Ensures compliance with regulations pertaining to safety at sea and protection of the marine environment.
231213,Ship's Masters,"Directs the activities of the deck crew for navigational support tasks, berthing and unberthing, maintenance, cleaning and painting of superstructures, and the repair and replacement of defective deck gear and equipment."
231214,Ship's Officers,Navigates a ship by supervising the ship's course and speed according to pre-determined passage plans and safety procedures.
231215,Marine Surveyors,"Examines and approves design plans of hulls and equipment such as main propulsion engines, auxiliary boilers and turbines, electrical power generating plant, refrigeration and air-conditioning plant and pumping systems."
231215,Marine Surveyors,Conducts periodic surveys throughout a ship's life to ensure standards are maintained.
231299,Other Marine Transport Professionals,Controls and directs shipping operations to ensure the safe and efficient loading and transport of cargo and passengers.
231299,Other Marine Transport Professionals,Ensures compliance with regulations pertaining to safety at sea and protection of the marine environment.
232111,Architects,"Obtains advice from clients and management to determine type, style and size of planned buildings and alterations to existing buildings."
232111,Architects,"Provides information regarding designs, materials and estimated building times."
232111,Architects,"Prepares project documentation, including sketches and scale drawings, and integrates structural, mechanical and aesthetic elements in final designs."
232111,Architects,Writes specifications and contract documents for use by builders and calls tenders on behalf of clients.
232111,Architects,"Inspects construction work in progress to ensure compliance with plans, specifications and quality standards."
232112,Landscape Architects,"Consults with professionals and clients about external area designs, costs and construction."
232112,Landscape Architects,"Compiles and analyses site and community data about geographical and ecological features, landforms, soils, vegetation, site hydrology, visual characteristics and human-made structures, to formulate land use and development recommendations, and for preparing environmental impact statements."
232112,Landscape Architects,"Prepares reports, site plans, working drawings, specifications and cost estimates for land development, shows location and details of proposals, including ground modelling, structures, vegetation and access."
232112,Landscape Architects,"Inspects construction work in progress to ensure compliance with plans, specifications and quality standards."
232212,Surveyors,"Undertakes research and development of surveying and photogrammetric measurement systems, cadastral systems and land information systems."
232212,Surveyors,Plans and designs land subdivision projects and negotiates details with local governments and other authorities.
232212,Surveyors,"Advises architects, engineering professionals, environmental and other scientists or other relevant professionals on the technical requirements of surveying, mapping and spatial information systems."
232212,Surveyors,"Compiles and evaluates data, interprets codes of practice, and writes reports concerning survey measurement, land use and tenure."
232212,Surveyors,Prepares site plans and survey reports required for conveyance and land ownership matters.
232213,Cartographers,"Designs and compiles map manuscripts using digital and graphical source material, including aerial photographs, satellite imagery, survey documents, existing maps and records, reports and statistics."
232213,Cartographers,"Advises surveyors and other professionals on the data requirements for map production, and on the aesthetic, technical and economic considerations of scales, details to be illustrated, place names and reproduction techniques."
232213,Cartographers,Supervises and co-ordinates the work of cartographic technicians in the production and reproduction of maps.
232213,Cartographers,"Determines the position of points of interest on the earth's surface including marine floors, and prepares the final product data in digital form."
232213,Cartographers,"Supervises the preparation of plans, maps, charts and drawings to give pictorial representations and manage automated spatial information systems."
232214,Other Spatial Scientists,"Determines the position of points of interest on the earth's surface including marine floors, and preparing the final product data in digital form."
232214,Other Spatial Scientists,"Supervises the preparation of plans, maps, charts and drawings to give pictorial representations and managing spatial information systems."
232214,Other Spatial Scientists,"Undertakes research and development of surveying and photogrammetric measurement systems, cadastral systems and land information systems."
232214,Other Spatial Scientists,Plans and designing land subdivision projects and negotiating details with local governments and other authorities.
232214,Other Spatial Scientists,"Advises other scientists relevant professionals on the technical requirements of surveying, mapping and spatial information systems."
232214,Other Spatial Scientists,"Compiles and evaluating data, interpreting codes of practice, and writing reports concerning survey measurement, land use and tenure."
232214,Other Spatial Scientists,Prepares site plans and survey reports required for conveyancing and land ownership matters.
232214,Other Spatial Scientists,"Evaluates, compiles and maintains spatial information using a range of digital and graphical source materials, including aerial photographs, satellite imagery, survey documents, existing maps and records, historical data, reports and statistics."
232214,Other Spatial Scientists,"Analyses and interprets data to design maps, graphs, plans, drawings and three-dimensional models using geographic information and related systems."
232214,Other Spatial Scientists,Develops and trials new applications for use in geographic information systems.
232214,Other Spatial Scientists,Supervises and co-ordinates the work of surveying or spatial science technicians in the production and reproduction of geographic products.
232311,Fashion Designers,Determines objectives and constraints of the design brief by consulting with clients and stakeholders.
232311,Fashion Designers,"Does product research and analyses functional, commercial, cultural and aesthetic requirements."
232311,Fashion Designers,Formulates design concepts for clothing.
232311,Fashion Designers,"Prepares sketches, diagrams, illustrations, plans, samples and models to communicate design concepts."
232311,Fashion Designers,"Negotiates design solutions with clients, management, sales and manufacturing staff."
232311,Fashion Designers,"Selects, specifies and recommends functional and aesthetic materials, production methods and finishes for manufacture."
232311,Fashion Designers,Details and documents selected designs for production.
232311,Fashion Designers,Prepares and commissions prototypes and samples.
232312,Industrial Designers,Determines the objectives and constraints of the design brief by consulting with clients and stakeholders.
232312,Industrial Designers,"Undertakes product research and analyses functional, commercial, cultural and aesthetic requirements."
232312,Industrial Designers,"Formulates design concepts for industrial, commercial and consumer products."
232312,Industrial Designers,"Prepares sketches, diagrams, illustrations, plans, samples and models to communicate design concepts."
232312,Industrial Designers,"Negotiates design solutions with clients, management, sales and manufacturing staff."
232312,Industrial Designers,"Selects, specifies and recommends functional and aesthetic materials, production methods and finishes for manufacture."
232312,Industrial Designers,Details and documents the selected design for production.
232312,Industrial Designers,Prepares and commissions prototypes and samples.
232312,Industrial Designers,"Supervises the preparation of patterns, programmes and tooling, and the manufacture process."
232313,Jewellery Designers,Determines the objectives and constraints of the design brief by consulting with clients and stakeholders.
232313,Jewellery Designers,"Undertakes product research and analyses functional, commercial, cultural and aesthetic requirements."
232313,Jewellery Designers,Formulates design concepts for jewellery.
232313,Jewellery Designers,"Prepares sketches, diagrams, illustrations, plans, samples and models to communicate design concepts."
232313,Jewellery Designers,"Negotiates design solutions with clients, management, sales and manufacturing staff."
232313,Jewellery Designers,"Selects, specifies and recommends functional and aesthetic materials, production methods and finishes for manufacture."
232313,Jewellery Designers,Details and documents the selected design for production.
232313,Jewellery Designers,Prepares and commissions prototypes and samples.
232313,Jewellery Designers,"Supervises the preparation of patterns, programmes and tooling, and the manufacture process."
232411,Graphic Designers,Determines the objectives and constraints of the design brief by consulting with clients and stakeholders.
232411,Graphic Designers,Undertakes research and analyses functional communication requirements.
232411,Graphic Designers,Formulates design concepts for the subject to be communicated.
232411,Graphic Designers,"Prepares sketches, diagrams, illustrations and layouts to communicate design concepts."
232411,Graphic Designers,"Negotiates design solutions with clients, management, sales and production staff."
232411,Graphic Designers,"Selects, specifies or recommends functional and aesthetic materials and media for publication, delivery or display."
232411,Graphic Designers,Details and documents the selected design for production.
232411,Graphic Designers,Supervises or carries out production in the chosen media.
232411,Graphic Designers,May archive information for future client use.
232412,Illustrators (including Animators),Formulates design concepts for the subject to be communicated.
232412,Illustrators (including Animators),"Prepares sketches, diagrams, illustrations and layouts to communicate design concepts."
232413,Multimedia Designers,Determines the objectives and constraints of the design brief by consulting with clients and stakeholders.
232413,Multimedia Designers,Undertakes research and analyses functional communication requirements.
232413,Multimedia Designers,Formulates design concepts for the subject to be communicated.
232413,Multimedia Designers,"Prepares sketches, diagrams, illustrations and layouts to communicate design concepts."
232413,Multimedia Designers,"Negotiates design solutions with clients, management, sales and production staff."
232413,Multimedia Designers,"Selects, specifies or recommends functional and aesthetic materials and media for publication, delivery or display."
232413,Multimedia Designers,Details and documents the selected design for production.
232413,Multimedia Designers,Supervises or carries out production in the chosen media.
232413,Multimedia Designers,May archive information for future client use.
232414,Web Designers,Determines the objectives and constraints of the design brief by consulting with clients and stakeholders.
232414,Web Designers,Undertakes research and analyses functional communication requirements.
232414,Web Designers,Formulates design concepts for the subject to be communicated.
232414,Web Designers,"Negotiates design solutions with clients, management, sales and production staff."
232414,Web Designers,Details and documents the selected design for production.
232414,Web Designers,Supervises or carries out production in the chosen media.
232414,Web Designers,May archive information for future client use.
233111,Chemical Engineers,"Prepares designs for chemical process systems and plans control systems for processes, such as those used to remove and separate components, effect chemical changes, test and evaluate fuels, transfer heat, and control the storing and handling of solids, liquids and gases."
233111,Chemical Engineers,Monitors the operation and maintenance of equipment to achieve maximum efficiency under safe operating conditions.
233111,Chemical Engineers,Ensures correct materials and equipment are used and that they conform to specifications.
233111,Chemical Engineers,Diagnoses malfunctions in chemical plants and instituting remedial action.
233111,Chemical Engineers,Studies product utilisation and pollution control problems.
233112,Materials Engineers,"Reviews plans for new products and submits material selection recommendations in accordance with design specifications and factors such as strength, weight and cost."
233112,Materials Engineers,Plans and implements laboratory operations to develop new materials and fabrication procedures for new materials to fulfil production cost and performance standards.
233112,Materials Engineers,"Confers with producers of materials, such as metals, ceramics, polymers, cements and elastomers, during the investigation and evaluation of materials suitable for specific product applications."
233112,Materials Engineers,"Reviews product failure data and implements laboratory tests to establish or reject possible causes, and advises on ways to overcome any problems."
233211,Civil Engineers,"Determines construction methods, materials and quality standards, and drafts and interprets specifications, drawings, plans, construction methods and procedures."
233211,Civil Engineers,"Organises and directs site labour and the delivery of construction materials, plant and equipment, and establishes detailed programs for the co-ordination of site activities."
233211,Civil Engineers,"Studies architectural and engineering drawings and specifications to estimate total costs, and prepare detailed cost plans and estimates as tools to assist in budgetary control."
233211,Civil Engineers,"Monitors changes to designs, assesses effects on cost, and measures, values and negotiates variations to designs."
233211,Civil Engineers,Analyses structural systems for both static and dynamic loads.
233211,Civil Engineers,"Designs structures to ensure they do not collapse, bend, twist or vibrate in undesirable ways."
233211,Civil Engineers,Assesses present and future travel flow patterns taking into account population increases and needs changes.
233211,Civil Engineers,"Designs the physical aspects of transportation systems such as highways, railroads, urban transit, air transportation, logistical supply systems and their terminals."
233212,Geotechnical Engineers,"Obtains soil and rock samples at different depths across sites and tests samples to determine strength, compressibility and other factors that affect the behaviour of soil and rock when a structure is imposed and determines the safe load for the soil."
233213,Quantity Surveyors,"Studies architectural and engineering drawings and specifications to estimate total costs, and prepare detailed cost plans and estimates as tools to assist in budgetary control."
233213,Quantity Surveyors,"Monitors changes to designs, assesses effects on cost, and measures, values and negotiates variations to designs."
233214,Structural Engineers,"Determines construction methods, materials and quality standards, and drafts and interprets specifications, drawings, plans, construction methods and procedures."
233214,Structural Engineers,Analyses structural systems for both static and dynamic loads.
233214,Structural Engineers,"Designs structures to ensure they do not collapse, bend, twist or vibrate in undesirable ways."
233215,Transport Engineers,Assesses present and future travel flow patterns taking into account population increases and needs changes.
233215,Transport Engineers,"Designs the physical aspects of transportation systems such as highways, railroads, urban transit, air transportation, logistical supply systems and their terminals."
233511,Industrial Engineers,"Studies functional statements, organisational charts and project information to determine functions and responsibilities of workers and work units and to identify areas of duplication."
233511,Industrial Engineers,Establishes work measurement programmes and analyses work samples to develop standards for labour utilisation.
233511,Industrial Engineers,"Analyses workforce utilisation, facility layout, operational data and production schedules and costs to determine optimum worker and equipment efficiencies."
233512,Mechanical Engineers,"Designs mechanical equipment, machines, components, products for manufacture, and plant and systems for construction."
233512,Mechanical Engineers,"Develops specifications for manufacture, and determines materials, equipment, piping, material flows, capacities and layout of plant and systems."
233512,Mechanical Engineers,Organises and manages project labour and the delivery of materials and equipment.
233512,Mechanical Engineers,"Establishes standards and policies for installation, modification, quality control, testing, inspection and maintenance according to engineering principles and safety regulations."
233512,Mechanical Engineers,Inspects plant to ensure optimum performance is maintained.
233512,Mechanical Engineers,"Directs the maintenance of plant buildings and equipment, and co-ordinating the requirements for new designs, surveys and maintenance schedules."
233513,Production and Plant Engineers,"Develops specifications for manufacture, and determines materials, equipment, piping, material flows, capacities and layout of plant and systems."
233513,Production and Plant Engineers,"Organises and manages project labour and the delivery of materials, plant and equipment."
233513,Production and Plant Engineers,"Establishes standards and policies for installation, modification, quality control, testing, inspection and maintenance according to engineering principles and safety regulations."
233513,Production and Plant Engineers,Inspects plant to ensure optimum performance is maintained.
233513,Production and Plant Engineers,"Directs the maintenance of plant buildings and equipment, and co-ordinates the requirements for new designs, surveys and maintenance schedules."
233611,Mining Engineers (excluding Petroleum),"Conducts preliminary surveys of mineral deposits with prospectors, geologists, geophysicists, other mineral scientists and other engineers to determine the resources present, the feasibility of extracting the reserves, and the design and development of the extraction process."
233611,Mining Engineers (excluding Petroleum),"Prepares operation and project cost estimates and production schedules, and reports progress, production and costs compared to budget."
233611,Mining Engineers (excluding Petroleum),"Determines the most suitable methods of ore extraction taking account of such factors as depth of overburden, and attitude and physical characteristics of deposits and surrounding strata."
233611,Mining Engineers (excluding Petroleum),"Prepares plans for tunnels and chambers, location and construction of mine shafts, layout of mine development and the application of appropriate mining techniques."
233611,Mining Engineers (excluding Petroleum),"Assesses the safety risks associated with the phases of the project development, construction and operations."
233611,Mining Engineers (excluding Petroleum),"Determines the safety of processes, order of extraction and safety of mine walls, evaluates the risk of slippage and advises on the prevention of slippage and rock falls."
233611,Mining Engineers (excluding Petroleum),"Plans and co-ordinates the utilisation of labour and equipment consistent with efficiency targets, statutes, safety guidelines and environmental conditions."
233612,Petroleum Engineers,"Conducts preliminary surveys of petroleum and natural gas deposits with prospectors, geologists, geophysicists, other scientists and engineers to determine the resources present, the feasibility of extracting the reserves, and the design and development of the extraction process."
233612,Petroleum Engineers,"Prepares operation and project cost estimates and production schedules, and reports the progress, production and costs compared to budget."
233612,Petroleum Engineers,"Assesses the natural, technical, financial and safety risks associated with the phases of the project development, construction and operations."
233612,Petroleum Engineers,"Co-ordinates the utilisation of labour and equipment consistent with efficiency targets, statutes, safety guidelines and environmental conditions."
233612,Petroleum Engineers,"Conducts research and provides advice on engineering operations for the exploration, location and extraction of petroleum and natural gas."
233612,Petroleum Engineers,Determines location for drilling.
233612,Petroleum Engineers,Decides on types of derrick and equipment including seabed platforms.
233612,Petroleum Engineers,Devises methods of controlling the flow of oil and gas from wells.
233911,Aeronautical Engineers,"Designs aircraft, componentry and support equipment."
233911,Aeronautical Engineers,Consults with aero-engine specialists to co-ordinate design of aircraft.
233911,Aeronautical Engineers,Carries out surveys of airframes and equipment and checks for structural faults using laboratory or flight conditions.
233911,Aeronautical Engineers,Ensures that aircraft are capable of meeting operational conditions by examining characteristics and evaluating flight tests.
233912,Agricultural Engineers,"Studies operating requirements for a variety of agricultural machinery, structures and equipment and engages in research and development work."
233912,Agricultural Engineers,"Advises employers, associates or clients on agricultural engineering matters and may consult with other specialists."
233912,Agricultural Engineers,"Designs machinery, structures and equipment and prepares working drawings and other specifications, indicating materials to be used and methods of manufacture and construction."
233912,Agricultural Engineers,Supervises construction or manufacture and installation of structures and equipment and tests completed work to ensure compliance with specifications and safety standards.
233913,Biomedical Engineers,Makes surgical equipment and tools for medical practitioners.
233913,Biomedical Engineers,Installs and tests medical equipment.
233913,Biomedical Engineers,"Examines, maintains and repairs equipment."
233913,Biomedical Engineers,Carries out quality assurance checks on equipment.
233913,Biomedical Engineers,Conducts electrical safety checks on equipment.
233913,Biomedical Engineers,Trains other staff in the use of equipment and gives technical advice and assistance.
233913,Biomedical Engineers,May give lectures on electrical safety and the application of clinical equipment.
233913,Biomedical Engineers,May work with other staff to design and develop implants for use during operations such as artificial joints or titanium plates to replace sections of bone in head injuries.
233914,Engineering Technologists,Analyses existing technology.
233914,Engineering Technologists,Makes recommendations on how to improve existing technologies.
233914,Engineering Technologists,Runs technology through testing procedures and notes findings.
233914,Engineering Technologists,Prepares drawings of new technologies.
233915,Environmental Engineers,"Specialises in the provision and operation of facilities for potable water supply, wastewater and solid waste collection, treatment and disposal, and air pollution prevention to protect public health and the environment."
233915,Environmental Engineers,"Designs sewage treatment, water supply and refuse disposal systems."
233915,Environmental Engineers,Develops environmental health standards and checks that these are met.
233916,Naval Architects,Engages in research and development work specialising in design and construction of ships and other vessels.
233916,Naval Architects,Consults with specialists to co-ordinate design of vessel.
233916,Naval Architects,"Carries out surveys of ships’ hulls, superstructures and equipment, and measures ships for tonnage and freeboard."
233916,Naval Architects,"Conducts investigations into such matters as structural faults and losses due to capsize, on behalf of parties involved in litigation."
233916,Naval Architects,Designs yachts and other small vessels.
234111,Agricultural Consultants,"Collects and analyses data and samples of produce, fertiliser, feed, soil and other factors affecting production."
234111,Agricultural Consultants,"Advises farmers and farm managers on techniques for improving the production of crops and livestock, and alternative agricultural options."
234111,Agricultural Consultants,"Advises farmers on issues such as livestock and crop disease, control of pests and weeds, soil improvement, animal husbandry and feeding programmes."
234112,Agricultural Scientists,"Studies the environmental factors affecting commercial crop production, pasture growth, animal breeding, and the growth and health of forest trees."
234112,Agricultural Scientists,"Studies the effects of cultivation techniques, soils, insects and plant diseases on animal, crop and forest production."
234112,Agricultural Scientists,Develops procedures and techniques for solving agricultural or horticultural problems and improving the efficiency of production.
234113,Foresters,"Manages forest resources to maximise their long-term commercial, recreational and environmental benefits for the community."
234113,Foresters,"Studies the propagation and culture of forest trees, methods for improving the growth of stock, and the effects of thinning on forest yields."
234113,Foresters,Prepares plans for reforestation and devises efficient harvesting systems.
234113,Foresters,"Investigates, plans and implements management procedures to cope with the effects of fires, floods, droughts, soil erosion, insect pests and diseases."
234211,Chemists,Conducts experiments and tests to identify the chemical composition and reactive properties of natural substances and processed materials.
234211,Chemists,"Analyses and conducts research to develop theories, techniques and processes, and tests the reliability of outcomes under different conditions."
234211,Chemists,Develops practical applications of experimental and research findings.
234212,Food Technologists,"Tests food products for flavour, colour, taste, texture and nutritional content."
234212,Food Technologists,"Advises on preserving, processing, packaging, storing and delivering foods."
234212,Food Technologists,Develops quality control procedures and safety standards for the manufacture of food products.
234213,Wine Makers,"Examines fruit samples to assess ripeness, sugar and acid content, and determine suitability for processing."
234213,Wine Makers,"Co-ordinates winemaking processes, directs workers in testing and crushing grapes, fermenting juices, and fortifying, clarifying, maturing and finishing wines."
234213,Wine Makers,Blends wines according to formulae and knowledge of winemaking techniques.
234311,Conservation Officers,"Evaluates habitat, wildlife and fisheries needs, and formulates short and long-term management goals and objectives."
234311,Conservation Officers,Enforces laws and regulations to conserve and protect fish and wildlife.
234312,Environmental Consultants,Carries out environmental impact assessments for a wide range of development projects.
234312,Environmental Consultants,Proposes solutions to address negative environmental impacts of a development project.
234312,Environmental Consultants,"Studies the effects of factors, such as terrain, altitude, climatic and environmental change, sources of nutrition, predators and the impacts of humans, on animal and plant life."
234312,Environmental Consultants,"Studies and analyses pollution, atmospheric conditions, demographic characteristics, ecology, mineral, soil and water samples."
234312,Environmental Consultants,"Develops conservation and management policies for biological resources, such as fish populations and forests, as well as establishing standards and developing approaches for the control of pollution and the rehabilitation of areas disturbed by activities such as mining, timber felling and overgrazing."
234312,Environmental Consultants,"Participates in management planning by providing environmental information and making inventories of plants, animals and items of cultural and heritage significance."
234313,Environmental Research Scientists,"Studies effects of factors, such as terrain, altitude, climatic and environmental change, sources of nutrition, predators and impacts of humans, on animal and plant life."
234313,Environmental Research Scientists,"Studies and analyses pollution, atmospheric conditions, demographic characteristics, ecology, mineral, soil and water samples."
234313,Environmental Research Scientists,"Develops conservation and management policies for biological resources, such as fish populations and forests, as well as establishing standards and approaches for control of pollution and rehabilitation of areas disturbed by activities such as mining, timber felling and overgrazing."
234314,Park Rangers,Implements policies and organises activities in designated parks and other areas to conserve and protect natural and cultural heritage.
234314,Park Rangers,"Participates in management planning by providing environmental information and making inventories of plants, animals and items of cultural and heritage significance."
234399,Other Environmental Scientists,"Studies origins, composition and distribution of soils and the materials from which soils are formed."
234399,Other Environmental Scientists,Investigates effect of land use practices on soil.
234399,Other Environmental Scientists,Analyses soil for elements and develops methods for altering soil characteristics to suit different plants.
234399,Other Environmental Scientists,"Plans and co-ordinates management practices for the control of soil degradation due to erosion, cultivation, excess water or salinity."
234399,Other Environmental Scientists,"Advises on moisture conservation, irrigation and drainage."
234399,Other Environmental Scientists,"Advises on suitability of soil use for cropping, horticulture, pasture, forestry and alternative systems of land use, including waste disposal."
234399,Other Environmental Scientists,Advises on use of soil for engineering purposes and on restoration of soil following massive disturbances through mining and other exploitative operations.
234411,Geologists,"Conducts preliminary surveys of mineral, petroleum and natural gas deposits with prospectors, mining engineers, metallurgists, and other mineral."
234411,Geologists,Scientists and engineers.
234411,Geologists,Prepares and supervises the production of laboratory reports and scientific papers.
234411,Geologists,"Conducts studies of the structure, nature and formation of the earth's crust and the minerals contained in it."
234411,Geologists,"Studies and dates fossils and rock strata to develop knowledge of the evolution and biology of life forms, and to assess their commercial applications."
234411,Geologists,"Studies the effects of natural events, such as erosion, sedimentation, earthquakes and volcanic activity, on the formation of the earth's surface and sea beds."
234412,Geophysicists,"Determines the resources present by sampling, examining and analysing geological specimens, rock cores, cuttings and samples using optical, chemical, electronic and mechanical techniques."
234412,Geophysicists,Surveys variations in the earth's gravitational and magnetic fields to determine its physical features.
234412,Geophysicists,Investigates the propagation of seismic waves to determine the structure and stability of the earth's mantle and crust.
234412,Geophysicists,Studies the causes of earthquakes and other stress states of the earth's crust.
234412,Geophysicists,"Performs laboratory and field studies, as well as aerial, ground and drill hole surveys."
234511,Biologists,"Designs and conducts experiments, makes observations and measurements, researches information, analyses data, prepares or supervises the preparation of laboratory reports and scientific papers, presents findings at scientific meetings and conferences, and supervises the work of staff."
234511,Biologists,"Studies the forms and structures of bodily organs and tissues by systematic observation, dissection and microscopic examination."
234511,Biologists,"Investigates the chemical structure and function of living cells and their isolated components, organs and tissues in humans, animals, plants, and micro-organisms."
234511,Biologists,"Examines micro-organisms, such as bacteria, fungi, yeast and their enzymes, and use the knowledge gained to create and develop new, and improve existing, products, materials and processes."
234513,Biochemists,"Studies the forms and structures of bodily organs and tissues by systematic observation, dissection and microscopic examination."
234513,Biochemists,"Investigates the chemical structure and function of living cells and their isolated components, organs and tissues in humans, animals, plants, and micro-organisms."
234513,Biochemists,"Examines micro-organisms, such as bacteria, fungi, yeast and their enzymes, and uses the knowledge gained to create and develop new, and improve existing, products, materials and processes."
234514,Biotechnologists,"Studies the forms and structures of bodily organs and tissues by systematic observation, dissection and microscopic examination."
234514,Biotechnologists,"Investigates the chemical structure and function of living cells and their isolated components, organs and tissues in humans, animals, plants, and micro-organisms."
234514,Biotechnologists,"Examines micro-organisms, such as bacteria, fungi, yeast and their enzymes, and uses the knowledge gained to create and develop new, and improve existing, products, materials and processes."
234515,Botanists,"Investigates the effects of environmental factors, such as rainfall, temperature, sunlight, soil, topography and disease, on plant growth."
234516,Marine Biologists,"Plans and undertakes experiments to study, measure and understand marine animals and plants."
234516,Marine Biologists,"Investigates the interrelationships between animals in their natural surroundings, in captivity and in laboratories."
234517,Microbiologists,"Investigates the chemical structure and function of living cells and their isolated components, organs and tissues in humans, animals, plants, and micro-organisms."
234517,Microbiologists,"Examines micro-organisms, such as bacteria, fungi, yeast and their enzymes, and uses the knowledge gained to create and develop new, and improve existing, products, materials and processes."
234518,Zoologists,"Investigates the interrelationships between animals in their natural surroundings, in captivity and in laboratories."
234518,Zoologists,"Studies the origin, development, functions, structures and other aspects of animal life."
234599,Other Life Scientists,"Designs and conducts experiments, makes observations and measurements, researches information, analyses data, prepares or supervises the preparation of laboratory reports and scientific papers, presents findings at scientific meetings and conferences, and may supervise the work of staff."
234599,Other Life Scientists,"Studies the forms and structures of parasites and toxins by systematic observation, dissection and microscopic examination."
234599,Other Life Scientists,"Investigates the chemical structure and function of living cells and their isolated components, organs and tissues in humans, animals, plants, and micro-organisms."
234599,Other Life Scientists,"Examines objects of interest and uses the knowledge gained to create and develop new, and improve existing, products, materials and processes."
234911,Conservators,Researches history of items.
234911,Conservators,"Analyses and test items to determine the material they are made of, their condition, and to confirm their identification and authenticity."
234911,Conservators,"Consults with curators, owners or custodians about items."
234911,Conservators,Takes photographs of items before and after treatments.
234911,Conservators,Chooses the best method of treatment and treats items.
234911,Conservators,Keeps records of all decisions and the results of any treatments carried out.
234911,Conservators,Is involved in the disaster recovery of items (treating items that are water damaged).
234911,Conservators,Researches aspects of conservation such as the materials and techniques used to create a group of artefacts.
234911,Conservators,Ensure items going on exhibition are in good condition.
234911,Conservators,"Advises staff or collectors on how to best care for artefacts, including how to store, display and transport them."
234911,Conservators,"May advise and consult with community groups, over the treatment of cultural artefacts."
234912,Metallurgists,Measures and records data on performance of metals or metal combinations.
234912,Metallurgists,"Conducts microscopic, x-ray, x-ray diffraction and spectrographic studies of metals and alloys."
234912,Metallurgists,Evaluates influences of exotic or unusual metals.
234912,Metallurgists,Studies effect of radiation on metals exposed to space environment and nuclear reactors and joining of diverse materials to form complex structures.
234912,Metallurgists,Experiments in power metallurgy and the process of compressing metallic powders and sintering them at high temperatures.
234912,Metallurgists,Evaluates properties of metals and determines type of metal to be used.
234912,Metallurgists,"Advises on shortcomings of metals in use and tests for anticipated use, and tests alloys to study engineering properties and ensure compliance with standards."
234912,Metallurgists,Develops hot-working and cooling processes to obtain desired characteristics.
234912,Metallurgists,"Gathers information and consults with engineers and company officials to produce alloys at minimum cost, to minimise air pollution and to implement testing procedures."
234913,Meteorologists,"Studies composition, structure and dynamics of the atmosphere, investigating the direction and speed of air movements, air pressure and temperature, humidity and other phenomena."
234913,Meteorologists,Investigates the nature of solar and terrestrial (infra-red) radiations and effects on the atmosphere.
234913,Meteorologists,"Studies physical nature and properties of solid and liquid particles suspended in the atmosphere, investigating them as the process of cloud formation, precipitation and electrical disturbances."
234913,Meteorologists,"Studies data on atmospheric conditions obtained to prepare weather maps and forecasts for advice to aviation, shipping, agriculture and the general public."
234913,Meteorologists,"Studies climatic conditions by analysing meteorological observations made over extended periods of time, and investigates past and possible future fluctuations in climate."
234913,Meteorologists,"Employs balloons, rockets and artificial earth satellites and such techniques as spectroscopy, hygrometry, daylight and infra-red photography, radar and radio to obtain data on atmospheric conditions, and directs processing of the data."
234913,Meteorologists,May specialise in a particular area of meteorological science.
234914,Physicists (including Astronomers),"Develops analytical methodologies and techniques to investigate the structure and properties of matter, the relationships between matter and energy, and other physical phenomena."
234914,Physicists (including Astronomers),Tests the reliability of these methodologies and techniques by performing tests and experiments under various conditions.
234914,Physicists (including Astronomers),"Prepares scientific papers and reports, or supervises their preparation."
234914,Physicists (including Astronomers),Supervises and co-ordinates the work of technicians and technologists.
234914,Physicists (including Astronomers),"May specialise in one or more branches of physics such as electrical, luminescent, mechanical, magnetic, radioactive, molecular, nuclear, ionospheric, atmospheric physics and signal analysis."
234999,Natural and Physical Science Professionals (not covered elsewhere),Conducts experiments to test pre-existing theories and come up with new theories.
234999,Natural and Physical Science Professionals (not covered elsewhere),Designs and tests experiment equipment.
234999,Natural and Physical Science Professionals (not covered elsewhere),Tests and processes minerals for their elements.
234999,Natural and Physical Science Professionals (not covered elsewhere),Writes up reports on experiments undertaken.
234999,Natural and Physical Science Professionals (not covered elsewhere),May supervise staff.
234999,Natural and Physical Science Professionals (not covered elsewhere),May write papers for scientific journals.
241511,Special Needs Teachers,Assess students' abilities and limitations.
241511,Special Needs Teachers,"Plans, organises and implements special programmes to provide remedial or advanced tuition."
241511,Special Needs Teachers,Administers various forms of assessment and interprets the results.
241511,Special Needs Teachers,"Teaches basic academic subjects, and practical and self-help skills to children with special needs."
241511,Special Needs Teachers,"Devises instructional materials, methods and aids to assist in training and rehabilitation."
241511,Special Needs Teachers,"Advises, instructs and counsels parents and teachers on the availability and use of special techniques."
241511,Special Needs Teachers,"Stimulates and develops interests, abilities, manual skills and co-ordination."
241511,Special Needs Teachers,Confers with other staff members to plan and schedule lessons for special needs students.
241511,Special Needs Teachers,Prepares and maintains student data and other records and submits reports.
241512,Teachers of the Hearing Impaired,Assesses students' abilities and limitations.
241512,Teachers of the Hearing Impaired,"Plans, organises and implements special programmes to provide remedial or advanced tuition."
241512,Teachers of the Hearing Impaired,Administers various forms of assessment and interprets the results.
241512,Teachers of the Hearing Impaired,"Teaches basic academic subjects, and practical and self-help skills to hearing impaired students."
241512,Teachers of the Hearing Impaired,"Devises instructional materials, methods and aids to assist in training and rehabilitation."
241512,Teachers of the Hearing Impaired,"Advises, instructs and counsels parents and teachers on the availability and use of special techniques."
241512,Teachers of the Hearing Impaired,"Stimulates and develops interests, abilities, manual skills and co-ordination."
241512,Teachers of the Hearing Impaired,Confers with other staff members to plan and schedule lessons for special needs students.
241512,Teachers of the Hearing Impaired,Prepares and maintains student data and other records and submits reports.
241513,Teachers of the Sight Impaired,Assesses students' abilities and limitations.
241513,Teachers of the Sight Impaired,"Plans, organises and implements special programmes to provide remedial or advanced tuition."
241513,Teachers of the Sight Impaired,Administers various forms of assessment and interprets the results.
241513,Teachers of the Sight Impaired,"Teaches basic academic subjects, and practical and self-help skills to sight impaired students."
241513,Teachers of the Sight Impaired,"Devises instructional materials, methods and aids to assist in training and rehabilitation."
241513,Teachers of the Sight Impaired,"Advises, instructs and counsels parents and teachers on the availability and use of special techniques."
241513,Teachers of the Sight Impaired,"Stimulates and develops interests, abilities, manual skills and co-ordination."
241513,Teachers of the Sight Impaired,Confers with other staff members to plan and schedule lessons for special needs students.
241513,Teachers of the Sight Impaired,Prepares and maintains student data and other records and submits reports.
241599,Other Special Education Teachers,Assess students' abilities and limitations.
241599,Other Special Education Teachers,"Plans, organises and implements special programmes to provide remedial or advanced tuition."
241599,Other Special Education Teachers,Administers various forms of assessment and interprets the results.
241599,Other Special Education Teachers,Teaches basic academic subjects as well as practical and self-help skills to children with special needs (e.g. distance learners or migrant students).
241599,Other Special Education Teachers,"Devises instructional materials, methods and aids to assist in training and rehabilitation."
241599,Other Special Education Teachers,"Advises, instructs and counsels parents and teachers on the availability and use of special techniques."
241599,Other Special Education Teachers,"Stimulates and develops interests, abilities, manual skills and co-ordination."
241599,Other Special Education Teachers,Confers with other staff members to plan and schedule lessons for special needs students.
241599,Other Special Education Teachers,Prepares and maintains student data and other records and submits reports.
242111,University Lecturers,"Prepares and delivers lectures, and conducts tutorials, seminars and laboratory sessions."
242111,University Lecturers,"Prepares and marks essays, assignments and examinations."
242111,University Lecturers,Advises students on academic and related matters.
242111,University Lecturers,"Attends departmental and faculty meetings, conferences and seminars."
242111,University Lecturers,Supervises work programmes of postgraduate and honours students and tutorial staff.
242111,University Lecturers,"Participates in setting course and degree requirements, curriculum revision and academic planning."
242111,University Lecturers,"Serves on council, senate, faculty and other committees and professorial boards."
242111,University Lecturers,Conducts research and undertakes consultancies in a particular field of knowledge.
242111,University Lecturers,Stimulates and guides class discussions.
242111,University Lecturers,Compiles bibliographies of specialised materials for reading assignments.
242112,University Tutors,"Prepares and conducts tutorials, seminars and laboratory sessions."
242112,University Tutors,"Marks essays, assignments and examinations."
242112,University Tutors,Advises students on academic and related matters.
242112,University Tutors,"Attends departmental and faculty meetings, conferences and seminars."
242112,University Tutors,Serves on committees and boards.
242112,University Tutors,Conducts research.
242112,University Tutors,Stimulates and guides class discussions.
242112,University Tutors,Compiles bibliographies of specialised materials for reading assignments.
249111,Education Advisers,"Consults with teachers, principals and administrative officials of educational institutions to co-ordinate educational programmes and provide advice."
249111,Education Advisers,Identifies and evaluates developments in education by conducting research into educational systems.
249111,Education Advisers,"Serves on committees to identify present and future needs within the educational system, and plan, develop and modify facilities and programmes."
249111,Education Advisers,"Documents subjects and courses developed, and evaluates new courses."
249111,Education Advisers,Organises and conducts workshops and conferences to train teachers in new programmes and methods.
249111,Education Advisers,"Applies knowledge of learning processes and school structures to develop operational and training programmes, and submit them for decision and funding."
249112,Education Reviewers,"Visits schools and observes teachers in the classroom, noting pupil response, motivation and teaching techniques."
249112,Education Reviewers,"Discusses programmes, records and teachers with school principals to record academic performance of schools, welfare of pupils and performance of individual teachers."
249112,Education Reviewers,"Makes suggestions to government officials about improvements to educational facilities, equipment, buildings and staff to ensure continued standards of education."
249211,Art Teachers (Private Tuition),Plans programmes of study for individual students and groups.
249211,Art Teachers (Private Tuition),Prepares and presents material on the theory of the subject area.
249211,Art Teachers (Private Tuition),Instructs and demonstrates practical aspects of the subject area.
249211,Art Teachers (Private Tuition),Assigns problems and exercises relative to students' training needs and talents.
249211,Art Teachers (Private Tuition),"Assesses students and offers advice, criticism and encouragement."
249211,Art Teachers (Private Tuition),"Revises curricula, course content, course materials and methods of instruction."
249211,Art Teachers (Private Tuition),"Prepares students for examinations, performances and assessments."
249211,Art Teachers (Private Tuition),"Keep abreast of developments in the subject area by attending professional conferences, seminars and courses, reading current literature, and talking with colleagues."
249211,Art Teachers (Private Tuition),May arrange visits and tours to professional exhibitions and performances.
249211,Art Teachers (Private Tuition),May organise exhibitions or performances of students' work.
249212,Dance Teachers (Private Tuition),Plans programmes of study for individual students and groups.
249212,Dance Teachers (Private Tuition),Prepares and presents material on the theory of the subject area.
249212,Dance Teachers (Private Tuition),Instructs and demonstrates practical aspects of the subject area.
249212,Dance Teachers (Private Tuition),Assigns problems and exercises relative to students' training needs and talents.
249212,Dance Teachers (Private Tuition),"Assesses students and offers advice, criticism and encouragement."
249212,Dance Teachers (Private Tuition),"Revises curricula, course content, course materials and methods of instruction."
249212,Dance Teachers (Private Tuition),"Prepares students for examinations, performances and assessments."
249212,Dance Teachers (Private Tuition),"Keep abreast of developments in the subject area by attending professional conferences, seminars and courses, reading current literature, and talking with colleagues."
249212,Dance Teachers (Private Tuition),May arrange visits and tours to professional exhibitions and performances.
249212,Dance Teachers (Private Tuition),May organise exhibitions or performances of students' work.
249213,Drama Teachers (Private Tuition),Plans programmes of study for individual students and groups.
249213,Drama Teachers (Private Tuition),Prepares and presents material on the theory of the subject area.
249213,Drama Teachers (Private Tuition),Instructs and demonstrates practical aspects of the subject area.
249213,Drama Teachers (Private Tuition),Assigns problems and exercises relative to students' training needs and talents.
249213,Drama Teachers (Private Tuition),"Assesses students and offers advice, criticism and encouragement."
249213,Drama Teachers (Private Tuition),"Revises curricula, course content, course materials and methods of instruction."
249213,Drama Teachers (Private Tuition),"Prepares students for examinations, performances and assessments."
249213,Drama Teachers (Private Tuition),"Keep abreast of developments in the subject area by attending professional conferences, seminars and courses, reading current literature, and talking with colleagues."
249213,Drama Teachers (Private Tuition),May arrange visits and tours to professional exhibitions and performances.
249214,Music Teachers (Private Tuition),Plans programmes of study for individual students and groups.
249214,Music Teachers (Private Tuition),Prepares and presents material on the theory of the subject area.
249214,Music Teachers (Private Tuition),Instructs and demonstrates practical aspects of the subject area.
249214,Music Teachers (Private Tuition),Assigns problems and exercises relative to students' training needs and talents.
249214,Music Teachers (Private Tuition),"Assesses students and offers advice, criticism and encouragement."
249214,Music Teachers (Private Tuition),"Revises curricula, course content, course materials and methods of instruction."
249214,Music Teachers (Private Tuition),"Prepares students for examinations, performances and assessments."
249214,Music Teachers (Private Tuition),"Keep abreast of developments in the subject area by attending professional conferences, seminars and courses, reading current literature, and talking with colleagues."
249214,Music Teachers (Private Tuition),May arrange visits and tours to professional exhibitions and performances.
249214,Music Teachers (Private Tuition),May organise exhibitions or performances of students' work.
249299,Other Private Tutors and Teachers,Plans programmes of study for students and groups.
249299,Other Private Tutors and Teachers,Prepares and presents material on the theory of the subject area.
249299,Other Private Tutors and Teachers,Instructs and demonstrates practical aspects of the subject area.
249299,Other Private Tutors and Teachers,Assigns problems and exercises relative to students' training needs and talents.
249299,Other Private Tutors and Teachers,"Assesses students and offers advice, criticism and encouragement."
249299,Other Private Tutors and Teachers,"Revises curricula, course content, materials and methods of instruction."
249299,Other Private Tutors and Teachers,"Prepares students for examinations, performances and assessments."
249299,Other Private Tutors and Teachers,"Keeps abreast of developments in the subject area by attending conferences, seminars and courses, reading current literature, and talking with colleagues."
249299,Other Private Tutors and Teachers,May arrange visits and tours to professional exhibitions and performances.
249299,Other Private Tutors and Teachers,May organise exhibitions or performances of students' work.
251111,Dietitians,"Plans diets and menus, and instructs people on the requirements and importance of diet and on the planning and preparation of food."
251111,Dietitians,Supervises the preparation and serving of meals.
251111,Dietitians,"Collects, organises and assesses data relating to health and nutritional status of individuals, groups and communities."
251111,Dietitians,Monitors food intake and quality to provide nutritional care.
251111,Dietitians,Calculates nutritional values of food served.
251111,Dietitians,"Plans, conducts and evaluates nutrition intervention programs and compiles educational material."
251111,Dietitians,"Provides nutrition assessments, nutrition management, and nutrition education, research and training."
251111,Dietitians,Consults with other health professionals and related workers to manage the dietary and nutritional needs of patients.
251112,Nutritionists,"Plans diets and menus, and instructs people on the requirements and importance of diet and on the planning and preparation of food."
251112,Nutritionists,Supervises the preparation and serving of meals.
251112,Nutritionists,"Collects, organises and assesses data relating to health and nutritional status of individuals, groups and communities."
251112,Nutritionists,Monitors food intake and quality to provide nutritional care.
251112,Nutritionists,Calculates nutritional values of food served.
251112,Nutritionists,"Plans, conducts and evaluates nutrition intervention programs and compiles educational material."
251112,Nutritionists,"Provides nutrition assessments, nutrition management, and nutrition education, research and training."
251112,Nutritionists,Consults with other health professionals and related workers to manage the dietary and nutritional needs of patients.
251211,Medical Diagnostic Radiographers,Receives referrals to perform medical imaging of patients.
251211,Medical Diagnostic Radiographers,"Determines appropriate equipment to use such as x-rays and computed tomography (ct) equipment, and selects the appropriate equipment settings to provide the diagnostic information requested by medical practitioners."
251211,Medical Diagnostic Radiographers,Calculates details of procedures such as settings of recording equipment.
251211,Medical Diagnostic Radiographers,Explains procedures to patients and answers patients’ queries about processes.
251211,Medical Diagnostic Radiographers,Ensures patients welfare during procedures.
251211,Medical Diagnostic Radiographers,"Positions patients, screens and equipment preparatory to procedures."
251211,Medical Diagnostic Radiographers,Views the screen and decides if images are satisfactory for diagnostic purposes and selects images to show medical practitioners.
251211,Medical Diagnostic Radiographers,Conveys findings of procedures to medical practitioners.
251212,Medical Radiation Therapists,Receives referrals to perform radiation treatment of patients.
251212,Medical Radiation Therapists,Determines appropriate equipment to use.
251212,Medical Radiation Therapists,"Calculates details of procedures such as length and intensity of exposure to radiation, size and strength of dosage of isotopes and settings of recording equipment."
251212,Medical Radiation Therapists,Explains procedures to patients and answers patients' queries about processes.
251212,Medical Radiation Therapists,Ensures patients welfare during procedures.
251212,Medical Radiation Therapists,"Positions patients, screens and equipment preparatory to procedures."
251212,Medical Radiation Therapists,Conveys findings of procedures to medical practitioners.
251213,Nuclear Medicine Technologists,Receives referrals to perform medical imaging and radiation treatment.
251213,Nuclear Medicine Technologists,Determines equipment and selects settings to provide the information requested by medical practitioners.
251213,Nuclear Medicine Technologists,"Calculates details of procedures such as length and intensity of exposure to radiation, size and strength of dosage of isotopes and settings of recording equipment."
251213,Nuclear Medicine Technologists,Explains procedures to patients and answers queries about processes.
251213,Nuclear Medicine Technologists,Ensures patient's welfare during procedures.
251213,Nuclear Medicine Technologists,"Positions patients, screens and equipment preparatory to procedures."
251213,Nuclear Medicine Technologists,Decides if images are satisfactory for diagnostic purposes and selects images to show medical practitioners.
251213,Nuclear Medicine Technologists,Conveys findings of procedures to medical practitioners.
251214,Sonographers,Receives referrals to perform medical imaging.
251214,Sonographers,"Determines appropriate equipment to use, and selects appropriate equipment settings to provide the diagnostic information requested by medical practitioners."
251214,Sonographers,Calculates details of procedures such as length and intensity of exposure and settings of recording equipment.
251214,Sonographers,Explains procedures to patients and answers their queries about processes.
251214,Sonographers,Ensures patient's welfare during procedures.
251214,Sonographers,"Positions patients, screens and equipment preparatory to procedures."
251214,Sonographers,Decides if images are satisfactory for diagnostic purposes and selects images to show medical practitioners.
251214,Sonographers,Conveys findings of procedures to medical practitioners.
251312,Occupational Health and Safety Advisers,Controls hazards and risks in the workplace.
251312,Occupational Health and Safety Advisers,"Develops, implements and monitors programmes minimising workplace and environmental pollution involving chemical and physical hazards."
251312,Occupational Health and Safety Advisers,"Promotes ergonomic principles within the workplace such as matching furniture, equipment and work activities to the needs of employees."
251312,Occupational Health and Safety Advisers,"Inspects and audits workplaces, processes, plant, and chemical and physical hazards for legislative compliance."
251312,Occupational Health and Safety Advisers,Trains employees in personal protective equipment and safe working procedures.
251312,Occupational Health and Safety Advisers,"Records and investigates injuries and equipment damage, and reports safety performance."
251312,Occupational Health and Safety Advisers,Co-ordinates the return of injured workers into the workplace.
251411,Optometrists,Examines patients' eyes and sets tests to determine the nature and extent of vision abnormalities.
251411,Optometrists,"Assesses ocular health and visual function by measuring visual acuity and refractive error, as well as testing the function of visual pathways and fields, eye movements, freedom of vision and intraocular pressure, and performs other tests."
251411,Optometrists,"Detects, diagnoses and manages eye disease."
251411,Optometrists,"Refers patients to, and receives referrals from other health providers, and prescribes medications for the treatment of eye disease."
251411,Optometrists,Diagnoses eye movement disorders and defects of binocular function.
251411,Optometrists,"Prescribes lenses, contact lenses and low vision aids, and checks suitability."
251411,Optometrists,Prescribes exercises to co-ordinate eye movement and focusing.
251411,Optometrists,"Manages programmes for eye movement disorders, and instructs patients in the use of corrective techniques and eye exercises."
251411,Optometrists,"Advises on visual health matters such as contact lens care, vision care for the elderly, optics, visual ergonomics, and occupational and industrial eye safety."
251411,Optometrists,Conducts preventative screening programs.
251411,Optometrists,Conducts rehabilitation programs for the visually impaired.
251412,Orthoptists,Diagnoses eye movement disorders and defects of binocular function.
251412,Orthoptists,"Prescribes lenses, contact lenses and low vision aids, and checks suitability and comfort."
251412,Orthoptists,Prescribes exercises to co-ordinate movement and focusing of eyes.
251412,Orthoptists,"Manages programmes for eye movement disorders, as well as instructing and counselling patients in the use of corrective techniques and eye exercises."
251412,Orthoptists,"Advises on visual health matters such as contact lens care, vision care for the elderly, optics, visual ergonomics, and occupational and industrial eye safety."
251412,Orthoptists,Conducts rehabilitation programs for the visually impaired.
251511,Hospital Pharmacists,"Receives prescriptions, checks patients' medicine histories, and ensures optimal dosage and methods of administration and drug compatibility before dispensing."
251511,Hospital Pharmacists,"Prepares or supervises the preparation and labelling of liquid medicines, ointments, powders, tablets and other medications to fill prescriptions."
251511,Hospital Pharmacists,Advises patients on drug incompatibility and contra-indications.
251511,Hospital Pharmacists,"Maintains prescription files and records issue of narcotics, poisons and habit-forming drugs."
251511,Hospital Pharmacists,"Stores and preserves vaccines, serums and other drugs subject to deterioration."
251511,Hospital Pharmacists,"Supervises and co-ordinates the work of pharmacy technicians, pharmacy interns and pharmacy sales assistants."
251512,Industrial Pharmacists,"Conducts research to develop and improve pharmaceuticals, cosmetics and related chemical products."
251512,Industrial Pharmacists,"Confers with chemists, engineering professionals and other professionals about manufacturing techniques and ingredients."
251512,Industrial Pharmacists,"Tests and analyses drugs to determine their identity, purity and strength in relation to specified standards."
251512,Industrial Pharmacists,Develops standards for drugs used in pharmaceuticals.
251513,Retail Pharmacists,"Receives prescriptions, checks patients' medicine histories, and ensures optimal dosage and methods of administration and drug compatibility before dispensing."
251513,Retail Pharmacists,"Prepares or supervises the preparation and labelling of liquid medicines, ointments, powders, tablets and other medications to fill prescriptions."
251513,Retail Pharmacists,Advises patients on drug incompatibility and contra-indications.
251513,Retail Pharmacists,"Maintains prescription files and records issue of narcotics, poisons and habit-forming drugs."
251513,Retail Pharmacists,"Stores and preserves vaccines, serums and other drugs subject to deterioration."
251513,Retail Pharmacists,"Supplies non-prescription medicines, and diagnostic and therapeutic aids."
251513,Retail Pharmacists,"Supervises and co-ordinates the work of pharmacy technicians, pharmacy interns and pharmacy sales assistants."
251911,Health Promotion Officers,Develops communication objectives in relation to health issues.
251911,Health Promotion Officers,Identifies the audience most at need or risk and establishes the most appropriate method to reach that audience.
251911,Health Promotion Officers,Prepares publicity and or presentations on health issues.
251911,Health Promotion Officers,Sets up displays on health issues.
251911,Health Promotion Officers,Gives presentations to community groups on health issues to increase public awareness.
251911,Health Promotion Officers,Writes material to assist in the promotion of health issues.
251911,Health Promotion Officers,Undertakes research to make sure that data is correct and current.
251911,Health Promotion Officers,May work in conjunction with other organisations or government departments.
251912,Orthotists and Prosthetists,"Examines the patient and takes the necessary measurements to create an artificial limb, brace, splint or other related appliance."
251912,Orthotists and Prosthetists,Reads prescriptions for limbs and other related devices.
251912,Orthotists and Prosthetists,Makes a plaster cast of the limb or abnormality.
251912,Orthotists and Prosthetists,Designs limbs or related appliances.
251912,Orthotists and Prosthetists,Makes the device or limb and supervises its construction or selects a commercially-made product and adjusts it to fit the patient.
251912,Orthotists and Prosthetists,Fits the device or limb to the patient.
251912,Orthotists and Prosthetists,Instructs the patient on the use and care of the device or limb.
251912,Orthotists and Prosthetists,Carries out repairs and follow-ups with the patient to evaluate the effectiveness of an artificial limb or device.
251999,Genetic Counsellors (and Other Health Professionals not covered elsewhere),Works with patients on areas of concern in regards to genetics.
251999,Genetic Counsellors (and Other Health Professionals not covered elsewhere),Provides information and resources to assist patients.
251999,Genetic Counsellors (and Other Health Professionals not covered elsewhere),Assesses client needs in relation to treatment.
251999,Genetic Counsellors (and Other Health Professionals not covered elsewhere),"Conducts counselling interviews with individuals, couples and family groups."
251999,Genetic Counsellors (and Other Health Professionals not covered elsewhere),Arranges the admission of patients to hospitals.
252111,Chiropractors,Administers a variety of tests to identify and assess physical problems and ailments of patients.
252111,Chiropractors,Plans and discusses effective management of patients' dysfunction.
252111,Chiropractors,"Designs, reviews, monitors, assesses and evaluates treatment programmes."
252111,Chiropractors,"Records detailed patient medical histories, treatments delivered and the patients' responses and progress to treatments."
252111,Chiropractors,"Refers patients to specialists and liaises with other health professionals in relation to patients' problems, needs and progress."
252111,Chiropractors,"Educates patients, their partners, family and friends in therapeutic procedures, such as home exercises and lifestyle changes, to enhance patients' health and wellbeing."
252112,Osteopaths,Assists and improves the function of body systems.
252112,Osteopaths,Plans and discusses effective management of patients' dysfunction.
252112,Osteopaths,"Designs, reviews, monitors, assesses and evaluates treatment programmes."
252112,Osteopaths,"Records detailed patient medical histories, treatments delivered and the patients' responses and progress to treatments."
252112,Osteopaths,"Uses gentle movements to treat muscles, bones and joints."
252112,Osteopaths,Gently changes and corrects the movement of the spine to restore movement and health.
252112,Osteopaths,"Refers patients to specialists and liaise with other health professionals in relation to patients' problems, needs and progress."
252112,Osteopaths,"Educates patients, their partners, family and friends in therapeutic procedures, such as home exercises and lifestyle changes, to enhance patients' health and wellbeing."
252211,Acupuncturists,"Assesses patients to determine the nature of the disorder, illness, problem or need by questioning, examining and observing"
252211,Acupuncturists,Develops and implements treatment plans using acupuncture.
252211,Acupuncturists,Evaluates and documents patients' progress through treatment plans.
252212,Homoeopaths,"Assesses patients to determine the nature of the disorder, illness, problem or need by questioning, examining and observing."
252212,Homoeopaths,Develops and implements treatment plans using homoeopathic medicine.
252212,Homoeopaths,Evaluates and documents patients' progress through treatment plans.
252212,Homoeopaths,Prescribes medicines to stimulate the body's capacity for self-healing.
252213,Naturopaths,"Assesses patients to determine the nature of the disorder, illness, problem or need by questioning, examining and observing."
252213,Naturopaths,Develops and implements treatment plans.
252213,Naturopaths,Evaluates and documents patients' progress through treatment plans.
252213,Naturopaths,Seeks to improve and treat disease chiefly by assisting the body's innate capacity to recover from illness and injury.
252213,Naturopaths,"Naturopathic practice may include a broad array of different modalities, including manual therapy, homeopathy, hydrotherapy, herbalism, acupuncture, counselling and environmental medicine."
252214,Chinese Medicine Practitioners,"Assesses patients to determine the nature of the disorder, illness, problem or need by questioning, examining and observing."
252214,Chinese Medicine Practitioners,"Develops and implements treatment plans using techniques and methods such as acupuncture, chinese herbal medicine, massage, diet, exercise and breathing therapy."
252214,Chinese Medicine Practitioners,Evaluates and documents patients' progress through treatment plans.
252214,Chinese Medicine Practitioners,Provides dietary and lifestyle advice and guidelines.
252214,Chinese Medicine Practitioners,"Prescribes natural medicines, such as herbal, mineral and animal extracts, to stimulate the body's capacity for self-healing."
252299,"Music, Dance, Drama, Play, Hypnotic, and Related Therapists","Assesses patients to determine the nature of the disorder, illness, problem or need by questioning, examining and observing."
252299,"Music, Dance, Drama, Play, Hypnotic, and Related Therapists","Develops and implements treatment plans using applications such as dance, drama, hypnotic and music therapies."
252299,"Music, Dance, Drama, Play, Hypnotic, and Related Therapists",Evaluates and documents patients' progress through treatment plans.
252311,Dental Specialists (including Orthodontists),"Diagnoses dental diseases using a range of methods such as radiographs, salivary tests and medical histories."
252311,Dental Specialists (including Orthodontists),"Provides restorative oral care such as implants, complex crown and bridge restorations, and orthodontics, and repairs damaged and decayed teeth."
252311,Dental Specialists (including Orthodontists),Provides oral surgical treatments such as biopsy of tissue and prescription of medication.
252311,Dental Specialists (including Orthodontists),Restores oral function with removable and fixed oral prostheses.
252311,Dental Specialists (including Orthodontists),Assists in diagnosing general diseases having oral manifestations such as diabetes.
252311,Dental Specialists (including Orthodontists),"Leads a dental team which may comprise of dental hygienists, dental therapists, dental assistants and other dental specialists."
252711,Audiologists,Administers and interprets a wide range of audiometric tests to determine hearing efficiency and locate sites of hearing problems.
252711,Audiologists,"Interprets audiometric test results alongside other medical, social and behavioural diagnostic data."
252711,Audiologists,Evaluates total response pattern and acoustic tests to distinguish between organic and non-organic hearing loss.
252711,Audiologists,"Plans, directs and participates in counselling, speech reading and other rehabilitation programmes."
252711,Audiologists,Prescribes appropriate hearing aids and instructing patients in use.
252712,Speech Pathologists,Administers tests and observes patients to determine nature and extent of disorders.
252712,Speech Pathologists,Plans and conducts programs of remedial exercises to correct disorders such as stuttering and abnormal articulation.
252712,Speech Pathologists,"Administers individual and group therapy for rehabilitation of patients with communication problems caused by defective hearing, cerebral palsy, surgery and injury."
252712,Speech Pathologists,Advises on treatment for children with difficulties in learning to speak.
252712,Speech Pathologists,"Counsels and guides language-handicapped individuals, their families, teachers and employers."
253111,General Practitioners,"Conducts examinations and questions patients to determine the nature of disorders and illnesses, and records patients' medical information."
253111,General Practitioners,"Orders laboratory tests, x-rays and other diagnostic procedures, and interprets findings to assist in diagnosis."
253111,General Practitioners,"Provides overall care for patients, and prescribes and administers treatments, medications and other remedial measures."
253111,General Practitioners,Monitors patients' progress and response to treatment.
253111,General Practitioners,"Advises on diet, exercise and other habits which aid prevention and treatment of disease and disorders."
253111,General Practitioners,"Refers patients to, and exchanges medical information with, specialist medical practitioners."
253111,General Practitioners,"Reports births, deaths and notifiable diseases to government authorities."
253111,General Practitioners,Arranges the admission of patients to hospitals.
253112,Resident Medical Officers,"Conducts examinations and questions patients to determine the nature of disorders and illnesses, and records patients' medical information."
253112,Resident Medical Officers,"Orders laboratory tests, x-rays and other diagnostic procedures, and interprets findings to assist in diagnosis."
253112,Resident Medical Officers,"Provides overall care for patients, and prescribes and administers treatments, medications and other remedial measures."
253112,Resident Medical Officers,Monitors patients' progress and response to treatment.
253112,Resident Medical Officers,"Advises on diet, exercise and other habits which aid prevention and treatment of disease and disorders."
253112,Resident Medical Officers,"Refers patients to, and exchanges medical information with, specialist medical practitioners."
253112,Resident Medical Officers,"Reports births, deaths and notifiable diseases to government authorities."
253112,Resident Medical Officers,Arranges the admission of patients to hospitals.
253311,Specialist Physicians (General Medicine),"Examines patients to determine the nature and extent of problems after referral from general medical practitioners and other medical specialists, and undertakes laboratory tests and diagnostic procedures."
253311,Specialist Physicians (General Medicine),Analyses test results and other medical information to make diagnoses.
253311,Specialist Physicians (General Medicine),"Prescribes and administers drugs, as well as remedial and therapeutic treatment and procedures."
253311,Specialist Physicians (General Medicine),Records medical information and data.
253311,Specialist Physicians (General Medicine),Reports specified contagious and notifiable diseases to government health and immigration authorities.
253311,Specialist Physicians (General Medicine),May admit or refer patients to hospitals.
253311,Specialist Physicians (General Medicine),May consult other medical specialists.
253312,Cardiologists,"Examines patients to determine the nature and extent of problems after referral from general medical practitioners and other medical specialists, and undertakes laboratory tests and diagnostic procedures."
253312,Cardiologists,Analyses test results and other medical information to make diagnoses.
253312,Cardiologists,"Prescribes and administers drugs, as well as remedial and therapeutic treatment and procedures."
253312,Cardiologists,Records medical information and data.
253312,Cardiologists,Reports specified contagious and notifiable diseases to government health and immigration authorities.
253312,Cardiologists,May admit or refer patients to hospitals.
253312,Cardiologists,May consult other medical specialists.
253313,Clinical Haematologists,"Examines patients to determine the nature and extent of problems after referral from general medical practitioners and other medical specialists, and undertakes laboratory tests and diagnostic procedures."
253313,Clinical Haematologists,Analyses test results and other medical information to make diagnoses.
253313,Clinical Haematologists,"Prescribes and administers drugs, as well as remedial and therapeutic treatment and procedures."
253313,Clinical Haematologists,Records medical information and data.
253313,Clinical Haematologists,Reports specified contagious and notifiable diseases to government health and immigration authorities.
253313,Clinical Haematologists,May admit or refer patients to hospitals.
253313,Clinical Haematologists,May consult other medical specialists.
253314,Medical Oncologists,"Examines patients to determine the nature and extent of problems after referral from general medical practitioners and other medical specialists, and undertakes laboratory tests and diagnostic procedures."
253314,Medical Oncologists,Analyses test results and other medical information to make diagnoses.
253314,Medical Oncologists,"Prescribes and administers drugs, as well as remedial and therapeutic treatment and procedures."
253314,Medical Oncologists,Records medical information and data.
253314,Medical Oncologists,Reports specified contagious and notifiable diseases to government health and immigration authorities.
253314,Medical Oncologists,May admit or refer patients to hospitals.
253314,Medical Oncologists,May consult other medical specialists.
253315,Endocrinologists,"Examines patients to determine the nature and extent of problems after referral from general medical practitioners and other medical specialists, and undertakes laboratory tests and diagnostic procedures."
253315,Endocrinologists,Analyses test results and other medical information to make diagnoses.
253315,Endocrinologists,"Prescribes and administers drugs, as well as remedial and therapeutic treatment and procedures."
253315,Endocrinologists,Records medical information and data.
253315,Endocrinologists,Reports specified contagious and notifiable diseases to government health and immigration authorities.
253315,Endocrinologists,May admit or refer patients to hospitals.
253315,Endocrinologists,May consult other medical specialists.
253316,Gastroenterologists,"Examines patients to determine the nature and extent of problems after referral from general medical practitioners and other medical specialists, and undertakes laboratory tests and diagnostic procedures."
253316,Gastroenterologists,Analyses test results and other medical information to make diagnoses.
253316,Gastroenterologists,"Prescribes and administers drugs, as well as remedial and therapeutic treatment and procedures."
253316,Gastroenterologists,Records medical information and data.
253316,Gastroenterologists,Reports specified contagious and notifiable diseases to government health and immigration authorities.
253316,Gastroenterologists,May admit or refer patients to hospitals.
253316,Gastroenterologists,May consult other medical specialists.
253317,Intensive Care Specialists,"Examines patients to determine the nature and extent of problems after referral from general medical practitioners and other medical specialists, and undertakes laboratory tests and diagnostic procedures."
253317,Intensive Care Specialists,Analyses test results and other medical information to make diagnoses.
253317,Intensive Care Specialists,"Prescribes and administers drugs, as well as remedial and therapeutic treatment and procedures."
253317,Intensive Care Specialists,Records medical information and data.
253317,Intensive Care Specialists,Reports specified contagious and notifiable diseases to government health and immigration authorities.
253317,Intensive Care Specialists,May admit or refer patients to hospitals.
253317,Intensive Care Specialists,May consult other medical specialists.
253318,Neurologists,"Examines patients to determine the nature and extent of problems after referral from general medical practitioners and other medical specialists, and undertakes laboratory tests and diagnostic procedures."
253318,Neurologists,Analyses test results and other medical information to make diagnoses.
253318,Neurologists,"Prescribes and administers drugs, as well as remedial and therapeutic treatment and procedures."
253318,Neurologists,Records medical information and data.
253318,Neurologists,Reports specified contagious and notifiable diseases to government health and immigration authorities.
253318,Neurologists,May admit or refer patients to hospitals.
253318,Neurologists,May consult other medical specialists.
253321,Paediatricians,"Examines patients to determine the nature and extent of problems after referral from general medical practitioners and other medical specialists, and undertakes laboratory tests and diagnostic procedures."
253321,Paediatricians,Analyses test results and other medical information to make diagnoses.
253321,Paediatricians,"Prescribes and administers drugs, as well as remedial and therapeutic treatment and procedures."
253321,Paediatricians,Records medical information and data.
253321,Paediatricians,Reports specified contagious and notifiable diseases to government health and immigration authorities.
253321,Paediatricians,May admit or refer patients to hospitals.
253321,Paediatricians,May consult other medical specialists.
253322,Renal Medicine Specialists,"Examines patients to determine the nature and extent of problems after referral from general medical practitioners and other medical specialists, and undertakes laboratory tests and diagnostic procedures."
253322,Renal Medicine Specialists,Analyses test results and other medical information to make diagnoses.
253322,Renal Medicine Specialists,"Prescribes and administers drugs, as well as remedial and therapeutic treatment and procedures."
253322,Renal Medicine Specialists,Records medical information and data.
253322,Renal Medicine Specialists,Reports specified contagious and notifiable diseases to government health and immigration authorities.
253322,Renal Medicine Specialists,May admit or refer patients to hospitals.
253322,Renal Medicine Specialists,May consult other medical specialists.
253323,Rheumatologists,"Examines patients to determine the nature and extent of problems after referral from general medical practitioners and other medical specialists, and undertakes laboratory tests and diagnostic procedures."
253323,Rheumatologists,Analyses test results and other medical information to make diagnoses.
253323,Rheumatologists,"Prescribes and administers drugs, as well as remedial and therapeutic treatment and procedures."
253323,Rheumatologists,Records medical information and data.
253323,Rheumatologists,Reports specified contagious and notifiable diseases to government health and immigration authorities.
253323,Rheumatologists,May admit or refer patients to hospitals.
253323,Rheumatologists,May consult other medical specialists.
253324,Thoracic Medicine Specialists,"Examines patients to determine the nature and extent of problems after referral from general medical practitioners and other medical specialists, and undertakes laboratory tests and diagnostic procedures."
253324,Thoracic Medicine Specialists,Analyses test results and other medical information to make diagnoses.
253324,Thoracic Medicine Specialists,"Prescribes and administers drugs, as well as remedial and therapeutic treatment and procedures."
253324,Thoracic Medicine Specialists,Records medical information and data.
253324,Thoracic Medicine Specialists,Reports specified contagious and notifiable diseases to government health and immigration authorities.
253324,Thoracic Medicine Specialists,May admit or refer patients to hospitals.
253324,Thoracic Medicine Specialists,May consult other medical specialists.
253399,Other Specialist Physicians,"Examines patients to determine the nature and extent of problems after referral from general medical practitioners and other medical specialists, and undertakes laboratory tests and diagnostic procedures."
253399,Other Specialist Physicians,Analyses test results and other medical information to make diagnoses.
253399,Other Specialist Physicians,"Prescribes and administers drugs, as well as remedial and therapeutic treatment and procedures."
253399,Other Specialist Physicians,Records medical information and data.
253399,Other Specialist Physicians,Reports specified contagious and notifiable diseases to government health and immigration authorities.
253399,Other Specialist Physicians,May admit or refer patients to hospitals.
253399,Other Specialist Physicians,May consult other medical specialists.
253511,Surgeons (General),"Examines patients to determine the necessity of operations, estimates and explains risks to patients, and selects the best operational procedures."
253511,Surgeons (General),"Reviews reports on patients' general physical condition, reactions to medications and medical histories."
253511,Surgeons (General),Consults with anaesthetists regarding the correct anaesthesia for patients.
253511,Surgeons (General),Performs surgical operations.
253511,Surgeons (General),"Examines instruments, equipment, and surgical set-up to ensure that antiseptic and aseptic methods have been followed."
253511,Surgeons (General),"Instructs other medical, nursing and associated staff regarding the preparation of patients and instrument and equipment requirements."
253511,Surgeons (General),"Prescribes post-operative care, and observes and investigates patients' progress."
253511,Surgeons (General),Maintains records of operations performed.
253511,Surgeons (General),May specialise in particular types of operations.
253512,Cardiothoracic Surgeons,"Examines patients to determine the necessity of operations, estimates and explains risks to patients, and selects the best operational procedures."
253512,Cardiothoracic Surgeons,"Reviews reports on patients' general physical condition, reactions to medications and medical histories."
253512,Cardiothoracic Surgeons,Consults with anaesthetists regarding the correct anaesthesia for patients.
253512,Cardiothoracic Surgeons,Performs surgical operations.
253512,Cardiothoracic Surgeons,"Examines instruments, equipment, and surgical set-up to ensure that antiseptic and aseptic methods have been followed."
253512,Cardiothoracic Surgeons,"Instructs other medical, nursing and associated staff regarding the preparation of patients and instrument and equipment requirements."
253512,Cardiothoracic Surgeons,"Prescribes post-operative care, and observes and investigates patients' progress."
253512,Cardiothoracic Surgeons,Maintains records of operations performed.
253512,Cardiothoracic Surgeons,May specialise in particular types of operations.
253513,Neurosurgeons,"Examines patients to determine the necessity of operations, estimates and explains risks to patients, and selects the best operational procedures."
253513,Neurosurgeons,"Reviews reports on patients' general physical condition, reactions to medications and medical histories."
253513,Neurosurgeons,Consults with anaesthetists regarding the correct anaesthesia for patients.
253513,Neurosurgeons,Performs surgical operations.
253513,Neurosurgeons,"Examines instruments, equipment, and surgical set-up to ensure that antiseptic and aseptic methods have been followed."
253513,Neurosurgeons,"Instructs other medical, nursing and associated staff regarding the preparation of patients and instrument and equipment requirements."
253513,Neurosurgeons,"Prescribes post-operative care, and observes and investigates patients' progress."
253513,Neurosurgeons,Maintains records of operations performed.
253513,Neurosurgeons,May specialise in particular types of operations.
253514,Orthopaedic Surgeons,"Examines patients to determine the necessity of operations, estimates and explains risks to patients, and selects the best operational procedures."
253514,Orthopaedic Surgeons,"Reviews reports on patients' general physical condition, reactions to medications and medical histories."
253514,Orthopaedic Surgeons,Consults with anaesthetists regarding the correct anaesthesia for patients.
253514,Orthopaedic Surgeons,Performs surgical operations.
253514,Orthopaedic Surgeons,"Examines instruments, equipment, and surgical set-up to ensure that antiseptic and aseptic methods have been followed."
253514,Orthopaedic Surgeons,"Instructs other medical, nursing and associated staff regarding the preparation of patients and instrument and equipment requirements."
253514,Orthopaedic Surgeons,"Prescribes post-operative care, and observes and investigates patients' progress."
253514,Orthopaedic Surgeons,Maintains records of operations performed.
253514,Orthopaedic Surgeons,May specialise in particular types of operations.
253515,"Ear, Nose and Throat Specialists","Examines patients to determine the necessity of operations, estimates and explains risks to patients, and selects the best operational procedures."
253515,"Ear, Nose and Throat Specialists","Reviews reports on patients' general physical condition, reactions to medications and medical histories."
253515,"Ear, Nose and Throat Specialists",Consults with anaesthetists regarding the correct anaesthesia for patients.
253515,"Ear, Nose and Throat Specialists",Performs surgical operations.
253515,"Ear, Nose and Throat Specialists","Examines instruments, equipment, and surgical set-up to ensure that antiseptic and aseptic methods have been followed."
253515,"Ear, Nose and Throat Specialists","Instructs other medical, nursing and associated staff regarding the preparation of patients and instrument and equipment requirements."
253515,"Ear, Nose and Throat Specialists","Prescribes post-operative care, and observes and investigates patients' progress."
253515,"Ear, Nose and Throat Specialists",Maintains records of operations performed.
253515,"Ear, Nose and Throat Specialists",May specialise in particular types of operations.
253516,Paediatric Surgeons,"Examines patients to determine the necessity of operations, estimates and explains risks to patients, and selects the best operational procedures."
253516,Paediatric Surgeons,"Reviews reports on patients' general physical condition, reactions to medications and medical histories."
253516,Paediatric Surgeons,Consults with anaesthetists regarding the correct anaesthesia for patients.
253516,Paediatric Surgeons,Performs surgical operations.
253516,Paediatric Surgeons,"Examines instruments, equipment, and surgical set-up to ensure that antiseptic and aseptic methods have been followed."
253516,Paediatric Surgeons,"Instructs other medical, nursing and associated staff regarding the preparation of patients and instrument and equipment requirements."
253516,Paediatric Surgeons,"Prescribes post-operative care, and observes and investigates patients' progress."
253516,Paediatric Surgeons,Maintains records of operations performed.
253516,Paediatric Surgeons,May specialise in particular types of operations.
253517,Plastic and Reconstructive Surgeons,"Examines patients to determine the necessity of operations, estimates and explains risks to patients, and selects the best operational procedures."
253517,Plastic and Reconstructive Surgeons,"Reviews reports on patients' general physical condition, reactions to medications and medical histories."
253517,Plastic and Reconstructive Surgeons,Consults with anaesthetists regarding the correct anaesthesia for patients.
253517,Plastic and Reconstructive Surgeons,Performs surgical operations.
253517,Plastic and Reconstructive Surgeons,"Examines instruments, equipment, and surgical set-up to ensure that antiseptic and aseptic methods have been followed."
253517,Plastic and Reconstructive Surgeons,"Instructs other medical, nursing and associated staff regarding the preparation of patients and instrument and equipment requirements."
253517,Plastic and Reconstructive Surgeons,"Prescribes post-operative care, and observes and investigates patients' progress."
253517,Plastic and Reconstructive Surgeons,Maintains records of operations performed.
253517,Plastic and Reconstructive Surgeons,May specialise in particular types of operations.
253518,Urologists,"Examines patients to determine the necessity of operations, estimates and explains risks to patients, and selects the best operational procedures."
253518,Urologists,"Reviews reports on patients' general physical condition, reactions to medications and medical histories."
253518,Urologists,Consults with anaesthetists regarding the correct anaesthesia for patients.
253518,Urologists,Performs surgical operations.
253518,Urologists,"Examines instruments, equipment, and surgical set-up to ensure that antiseptic and aseptic methods have been followed."
253518,Urologists,"Instructs other medical, nursing and associated staff regarding the preparation of patients and instrument and equipment requirements."
253518,Urologists,"Prescribes post-operative care, and observes and investigates patients' progress."
253518,Urologists,Maintains records of operations performed.
253518,Urologists,May specialise in particular types of operations.
253521,Vascular Surgeons,"Examines patients to determine the necessity of operations, estimates and explains risks to patients, and selects the best operational procedures."
253521,Vascular Surgeons,"Reviews reports on patients' general physical condition, reactions to medications and medical histories."
253521,Vascular Surgeons,Consults with anaesthetists regarding the correct anaesthesia for patients.
253521,Vascular Surgeons,Performs surgical operations.
253521,Vascular Surgeons,"Examines instruments, equipment, and surgical set-up to ensure that antiseptic and aseptic methods have been followed."
253521,Vascular Surgeons,"Instructs other medical, nursing and associated staff regarding the preparation of patients and instrument and equipment requirements."
253521,Vascular Surgeons,"Prescribes post-operative care, and observes and investigates patients' progress."
253521,Vascular Surgeons,Maintains records of operations performed.
253521,Vascular Surgeons,May specialise in particular types of operations.
253911,Dermatologists,Examines patients and carries out or arranges for specialised tests.
253911,Dermatologists,Prescribes medicine and advises patients on regiment to preserve or restore the health of the skin.
253911,Dermatologists,Maintains clinical records.
253912,Emergency Medicine Specialists,"Examines patients for injuries, diseases and disorders and carries out a range of specialist tests and procedures."
253912,Emergency Medicine Specialists,May administer drugs as required.
253912,Emergency Medicine Specialists,Arranges patients admissions.
253913,Obstetricians and Gynaecologists,"Diagnoses and treats female patients for diseases of the reproductive system, using surgery if necessary."
253913,Obstetricians and Gynaecologists,Examines patients periodically and provides advice or prescribes medication during pre-natal period.
253913,Obstetricians and Gynaecologists,Delivers infants and cares for mother for prescribed period of time following childbirth.
253914,Eye Specialists,Read patient's history.
253914,Eye Specialists,Examine patients and determine whether surgery is necessary.
253914,Eye Specialists,Consults with anaesthetists about the operation and the patient's treatment.
253914,Eye Specialists,Gives instructions about preparing patients for operating theatres.
253914,Eye Specialists,Performs and manages operations.
253914,Eye Specialists,Provides instructions for post-operative care.
253914,Eye Specialists,Monitors patients after surgery.
253914,Eye Specialists,Keeps medical records and sends final reports to general practitioners.
253914,Eye Specialists,May teach trainees.
253915,Pathologists,"Conducts tests on body samples to determine nature, stage of development and possible source of illness."
253915,Pathologists,Studies effects of selected drugs on diseased organisms to find effective methods for treating specific patients.
253915,Pathologists,Performs autopsies.
253915,Pathologists,May apply scientific knowledge and skills to investigate crimes by analysis physical and biological evidence.
253917,Diagnostic and Interventional Radiologists,"Examines internal structures and functions of organ systems, and considers x-ray findings and other examinations and tests."
253917,Diagnostic and Interventional Radiologists,"Makes diagnoses and advises patients, physicians, surgeons or other doctors."
253917,Diagnostic and Interventional Radiologists,"Administers radiopaque substances by injection, orally, or as enemas, to render internal structures and organs visible on x-ray films or fluoroscope screens."
253917,Diagnostic and Interventional Radiologists,"Conducts ultrasound, gamma camera, radioisotope scans and ct scanning."
253918,Radiation Oncologists,"Examines internal structures and functions of organ systems, and considers x-ray findings and other examinations and tests."
253918,Radiation Oncologists,"Makes diagnoses and advises patients, physicians, surgeons or other doctors."
253918,Radiation Oncologists,"Administers radiopaque substances by injection, orally, or as enemas, to render internal structures and organs visible on x-ray films or fluoroscope screens."
253918,Radiation Oncologists,"Conducts ultrasound, gamma camera, radioisotope scans and ct scanning."
253999,Medical Practitioners (not covered elsewhere),Examines patients and carries out or arranges special tests.
253999,Medical Practitioners (not covered elsewhere),Prescribes medicine and advises patients on regimen to preserve and restore health and/or fitness.
253999,Medical Practitioners (not covered elsewhere),May administer dugs as required.
253999,Medical Practitioners (not covered elsewhere),Maintains medical records.
254211,Nurse Educators,"Researches, plans, develops and implements nursing curriculum."
254211,Nurse Educators,Facilitates practical experience for general and specialist nurses.
254211,Nurse Educators,Evaluates ongoing and changing educational needs and monitors course outcomes.
254211,Nurse Educators,"Participates in developing and implementing policies affecting nursing, nurse education and health."
254212,Nurse Researchers,"Undertakes and promotes nursing and interdisciplinary research projects, and disseminates research information."
254212,Nurse Researchers,Promotes utilisation of current research findings into clinical nursing practice and patient management.
254212,Nurse Researchers,"Promotes the implementation of research and research findings into organisation-wide functions such as safety, quality and risk management."
254212,Nurse Researchers,Provides support and education for other nurses undertaking research.
254411,Nurse Practitioners,"Assesses, plans, implements and evaluates nursing care for patients according to accepted nursing practice and standards."
254411,Nurse Practitioners,"Works in consultation with other health professionals and members of health teams, and co-ordinating the care of patients."
254411,Nurse Practitioners,"Provides interventions, treatments and therapies such as medications, and monitors responses to treatment and care plans."
254411,Nurse Practitioners,Promotes health and assists in preventing ill health by participating in health education and other health promotion activities.
254411,Nurse Practitioners,Answers questions and providing information to patients and families about treatment and care.
254411,Nurse Practitioners,Supervises and co-ordinating the work of enrolled nurses and other health care workers.
254412,Registered Nurses (Aged Care),"Assesses, plans, implements and evaluates nursing care for patients according to accepted nursing practice and standards."
254412,Registered Nurses (Aged Care),"Works in consultation with other health professionals and members of health teams, and co-ordinates the care of patients."
254412,Registered Nurses (Aged Care),"Provides interventions, treatments and therapies such as medications, and monitors responses to treatment and care plan."
254412,Registered Nurses (Aged Care),Promotes health and assists in preventing ill health by participating in health education and other health promotion activities.
254412,Registered Nurses (Aged Care),Answers questions and provides information to patients and families about treatment and care.
254412,Registered Nurses (Aged Care),Supervises and co-ordinates the work of enrolled nurses and other health care workers.
254413,Registered Nurses (Child and Family Health),"Assesses, plans, implements and evaluates nursing care for patients according to accepted nursing practice and standards."
254413,Registered Nurses (Child and Family Health),"Works in consultation with other health professionals and members of health teams, and co-ordinating the care of patients."
254413,Registered Nurses (Child and Family Health),"Provides interventions, treatments and therapies such as medications, and monitors responses to treatment and care plans."
254413,Registered Nurses (Child and Family Health),Promotes health and assists in preventing ill health by participating in health education and other health promotion activities.
254413,Registered Nurses (Child and Family Health),Answers questions and providing information to patients and families about treatment and care.
254413,Registered Nurses (Child and Family Health),Supervises and co-ordinating the work of enrolled nurses and other health care workers.
254414,Registered Nurses (Community Health),"Assesses, plans, implements and evaluates nursing care for patients according to accepted nursing practice and standards."
254414,Registered Nurses (Community Health),"Works in consultation with other health professionals and members of health teams, and co-ordinating the care of patients."
254414,Registered Nurses (Community Health),"Provides interventions, treatments and therapies such as medications, and monitors responses to treatment and care plans."
254414,Registered Nurses (Community Health),Promotes health and assists in preventing ill health by participating in health education and other health promotion activities.
254414,Registered Nurses (Community Health),Answers questions and providing information to patients and families about treatment and care.
254414,Registered Nurses (Community Health),Supervises and co-ordinating the work of enrolled nurses and other health care workers.
254415,Registered Nurses (Critical Care and Emergency),"Assesses, plans, implements and evaluates nursing care for patients according to accepted nursing practice and standards."
254415,Registered Nurses (Critical Care and Emergency),"Works in consultation with other health professionals and members of health teams, and co-ordinating the care of patients."
254415,Registered Nurses (Critical Care and Emergency),"Provides interventions, treatments and therapies such as medications, and monitors responses to treatment and care plans."
254415,Registered Nurses (Critical Care and Emergency),Promotes health and assists in preventing ill health by participating in health education and other health promotion activities.
254415,Registered Nurses (Critical Care and Emergency),Answers questions and providing information to patients and families about treatment and care.
254415,Registered Nurses (Critical Care and Emergency),Supervises and co-ordinates the work of enrolled nurses and other health care workers.
254416,Registered Nurses (Developmental Disability),"Assesses, plans, implements and evaluates nursing care for patients according to accepted nursing practice and standards."
254416,Registered Nurses (Developmental Disability),"Works in consultation with other health professionals and members of health teams, and co-ordinating the care of patients."
254416,Registered Nurses (Developmental Disability),"Provides interventions, treatments and therapies such as medications, and monitors responses to treatment and care plans."
254416,Registered Nurses (Developmental Disability),Promotes health and assists in preventing ill health by participating in health education and other health promotion activities.
254416,Registered Nurses (Developmental Disability),Answers questions and providing information to patients and families about treatment and care.
254416,Registered Nurses (Developmental Disability),Supervises and co-ordinates the work of enrolled nurses and other health care workers.
254417,Registered Nurses (Disability and Rehabilitation),"Assesses, plans, implements and evaluates nursing care for patients according to accepted nursing practice and standards."
254417,Registered Nurses (Disability and Rehabilitation),"Works in consultation with other health professionals and members of health teams, and co-ordinating the care of patients."
254417,Registered Nurses (Disability and Rehabilitation),"Provides interventions, treatments and therapies such as medications, and monitors responses to treatment and care plans."
254417,Registered Nurses (Disability and Rehabilitation),Promotes health and assists in preventing ill health by participating in health education and other health promotion activities.
254417,Registered Nurses (Disability and Rehabilitation),Answers questions and providing information to patients and families about treatment and care.
254417,Registered Nurses (Disability and Rehabilitation),Supervises and co-ordinates the work of enrolled nurses and other health care workers.
254418,Registered Nurses (Medical),"Assesses, plans, implements and evaluates nursing care for patients according to accepted nursing practice and standards."
254418,Registered Nurses (Medical),"Works in consultation with other health professionals and members of health teams, and co-ordinating the care of patients."
254418,Registered Nurses (Medical),"Provides interventions, treatments and therapies such as medications, and monitors responses to treatment and care plans."
254418,Registered Nurses (Medical),Promotes health and assists in preventing ill health by participating in health education and other health promotion activities.
254418,Registered Nurses (Medical),Answers questions and providing information to patients and families about treatment and care.
254418,Registered Nurses (Medical),Supervises and co-ordinates the work of enrolled nurses and other health care workers.
254421,Registered Nurses (Medical Practice),"Assesses, plans, implements and evaluates nursing care for patients according to accepted nursing practice and standards."
254421,Registered Nurses (Medical Practice),"Works in consultation with other health professionals and members of health teams, and co-ordinating the care of patients."
254421,Registered Nurses (Medical Practice),"Provides interventions, treatments and therapies such as medications, and monitors responses to treatment and care plans."
254421,Registered Nurses (Medical Practice),Promotes health and assists in preventing ill health by participating in health education and other health promotion activities.
254421,Registered Nurses (Medical Practice),Answers questions and providing information to patients and families about treatment and care.
254421,Registered Nurses (Medical Practice),Supervises and co-ordinates the work of enrolled nurses and other health care workers.
254422,Registered Nurses (Mental Health),"Assesses, plans, implements and evaluates nursing care for patients according to accepted nursing practice and standards."
254422,Registered Nurses (Mental Health),"Works in consultation with other health professionals and members of health teams, and co-ordinating the care of patients."
254422,Registered Nurses (Mental Health),"Provides interventions, treatments and therapies such as medications, and monitors responses to treatment and care plans."
254422,Registered Nurses (Mental Health),Promotes health and assists in preventing ill health by participating in health education and other health promotion activities.
254422,Registered Nurses (Mental Health),Answers questions and providing information to patients and families about treatment and care.
254422,Registered Nurses (Mental Health),Supervises and co-ordinates the work of enrolled nurses and other health care workers.
254423,Registered Nurses (Perioperative),"Assesses, plans, implements and evaluates nursing care for patients according to accepted nursing practice and standards."
254423,Registered Nurses (Perioperative),"Works in consultation with other health professionals and members of health teams, and co-ordinating the care of patients."
254423,Registered Nurses (Perioperative),"Provides interventions, treatments and therapies such as medications, and monitors responses to treatment and care plans."
254423,Registered Nurses (Perioperative),Promotes health and assists in preventing ill health by participating in health education and other health promotion activities.
254423,Registered Nurses (Perioperative),Answers questions and providing information to patients and families about treatment and care.
254423,Registered Nurses (Perioperative),Supervises and co-ordinates the work of enrolled nurses and other health care workers.
254424,Registered Nurses (Surgical),"Assesses, plans, implements and evaluates nursing care for patients according to accepted nursing practice and standards."
254424,Registered Nurses (Surgical),"Works in consultation with other health professionals and members of health teams, and co-ordinating the care of patients."
254424,Registered Nurses (Surgical),"Provides interventions, treatments and therapies such as medications, and monitors responses to treatment and care plans."
254424,Registered Nurses (Surgical),Promotes health and assists in preventing ill health by participating in health education and other health promotion activities.
254424,Registered Nurses (Surgical),Answers questions and providing information to patients and families about treatment and care.
254424,Registered Nurses (Surgical),Supervises and co-ordinates the work of enrolled nurses and other health care workers.
254499,Registered Nurses (not covered elsewhere),"Assesses, plans, implements and evaluates nursing care for patients according to accepted nursing practice and standards."
254499,Registered Nurses (not covered elsewhere),"Works in consultation with other health professionals and members of health teams, and co-ordinating the care of patients."
254499,Registered Nurses (not covered elsewhere),"Provides interventions, treatments and therapies such as medications, and monitors responses to treatment and care plans."
254499,Registered Nurses (not covered elsewhere),Promotes health and assists in preventing ill health by participating in health education and other health promotion activities.
254499,Registered Nurses (not covered elsewhere),Answers questions and providing information to patients and families about treatment and care.
254499,Registered Nurses (not covered elsewhere),Supervises and co-ordinates the work of enrolled nurses and other health care workers.
261111,ICT Business Analysts,"Identifies, investigates, and analyses business processes, procedures and work practices."
261111,ICT Business Analysts,"Identifies and evaluates inefficiencies and recommends optimal business practices, and system functionality and behaviour."
261111,ICT Business Analysts,"Uses project management methodologies, principles and techniques to develop project plans and to cost, resource and manage projects."
261111,ICT Business Analysts,"Takes responsibility for deploying functional solutions, such as creating, adopting and implementing system test plans, which ensures acceptable quality and integrity of the system."
261111,ICT Business Analysts,"Creates user and trainer documentation, and conducts formal training classes."
261111,ICT Business Analysts,Develops functional specifications for use by system developers.
261111,ICT Business Analysts,Uses data and process modelling techniques to create clear system specifications for the design and development of system software.
261111,ICT Business Analysts,"Acts as a central reference and information source, providing guidance and assistance in the system project decision making process."
261112,Systems Analysts,"Identify, investigate, and analyse business processes, procedures and work practices."
261112,Systems Analysts,"Identifies and evaluates inefficiencies and recommends optimal business practices, and system functionality and behaviour."
261112,Systems Analysts,"Uses project management methodologies, principles and techniques to develop project plans and to cost, resource and manage projects."
261112,Systems Analysts,"Takes responsibility for deploying functional solutions, such as creating, adopting and implementing system test plans, which ensures acceptable quality and integrity of the system."
261112,Systems Analysts,"Creates user and trainer documentation, and conducts formal training classes."
261112,Systems Analysts,Develops functional specifications for use by system developers.
261112,Systems Analysts,Uses data and process modelling techniques to create clear system specifications for the design and development of system software.
261112,Systems Analysts,"Acts as a central reference and information source, providing guidance and assistance in the system project decision making process."
261211,Game and Multimedia Developers,"Analyses, designs and develops internet sites applying a mixture of artistry and creativity with software programming and scripting languages and interfacing with operating environments."
261211,Game and Multimedia Developers,"Designs and develops digital animations, images, presentations, games, audio and video clips, and internet applications using multimedia software, tools and utilities, interactive graphics and programming languages."
261212,Web Developers,"Analyses, designs and develops internet sites applying a mixture of artistry and creativity with software programming and scripting languages and interfacing with operating environments."
261212,Web Developers,"Communicates with network specialists regarding web-related issues, such as security and hosting web sites, to control and enforce internet and web server security, space allocation, user access, business continuity, web site backup and disaster recovery planning."
261212,Web Developers,"Designs, develops and integrates computer code with other specialised inputs, such as image files, audio files and scripting languages, to produce, maintain and support web sites."
261212,Web Developers,"Assists in analysing, specifying and developing internet strategies, web-based methodologies and development plans."
261311,Analyst Programmers,"Researches, consults, analyses and evaluates system programme needs."
261311,Analyst Programmers,"Identifies technology limitations and deficiencies in existing systems and associated processes, procedures and methods."
261311,Analyst Programmers,"Tests, debugs, diagnoses and corrects errors and faults in an applications programming language within established testing protocols, guidelines and quality standards to ensure programs and applications perform to specification."
261312,Developer Programmers,"Writes and maintains programme code to meet system requirements, system designs and technical specifications in accordance with quality accredited standards."
261312,Developer Programmers,"Writes, updates and maintains technical programme, end user documentation and operational procedures."
261313,Software Engineers,"Provides advice, guidance and expertise in developing proposals and strategies for software design activities such as financial evaluation and costings for recommending software purchases and upgrades."
261399,Other Software and Applications Programmers,"Tests, debugs, diagnoses and corrects errors and faults in an applications programming language within established testing protocols, guidelines and quality standards to ensure programs and applications perform to specification."
262111,Database Administrators,"Designs and maintains database architecture, data structures, tables, dictionaries and names conventions to ensure the accuracy and completeness of all data master files."
262111,Database Administrators,"Performs the operational establishment and preventive maintenance of backups, recovery procedures, and enforcing security and integrity controls."
262111,Database Administrators,"Implements and administers database documentation, guidelines, policies and procedures."
262111,Database Administrators,"Tests database systems and upgrades, such as debugging, tracking, reproduction, logging and resolving all identified problems, according to approved quality test scripts, procedures and processes."
262112,ICT Security Specialists,"Accepts responsibility for the processes, procedures and operational management associated with system security and disaster recovery planning."
262112,ICT Security Specialists,"Liaises with security vendors, suppliers, service providers and external resources."
262112,ICT Security Specialists,"Analyses, recommends, installs and maintains software security applications and monitors contractual obligations, performance delivery and service level agreements."
262113,Systems Administrators,"Troubleshoots and provides service support in diagnosing, resolving and repairing server-related hardware and software malfunctions, encompassing workstations and communication infrastructure."
262113,Systems Administrators,"Prepares and maintains documentation, policies and instructions, and records and details operational procedures and system logs."
262113,Systems Administrators,"Ensures that the design of computer sites allows all components to fit together and work properly, and monitors and adjusts the performance of networks."
262113,Systems Administrators,Continually survey the current computer site to determine future network needs and make recommendations for enhancements in the implementation of future servers and networks.
263111,Computer Network and Systems Engineers,"Analyses, develops, interprets and evaluates complex system design and architecture specifications, data models and diagrams in the development, configuration and integration of computer systems."
263111,Computer Network and Systems Engineers,"Researches, analyses, evaluates and monitors network infrastructure to ensure networks are configured to operate at optimal performance."
263111,Computer Network and Systems Engineers,"Assesses and recommends improvements to network operations and integrated hardware, software, communications and operating systems."
263112,Network Administrators,Provides specialist skills in supporting and troubleshooting network problems and emergencies.
263112,Network Administrators,"Installs, configures, tests, maintains and administers new and upgraded networks, software database applications, servers and workstations."
263112,Network Administrators,Provides network programming in support of specific business needs and requirements.
263112,Network Administrators,"Prepares and maintains procedures and documentation for network inventory, and records diagnosis and resolution of network faults, enhancements and modifications to networks, and maintenance instructions."
263113,Network Analysts,"Analyses, develop, interprets and evaluates complex system design and architecture specifications, data models and diagrams in the development, configuration and integration of computer systems."
263113,Network Analysts,"Researches, analyses, evaluates and monitors network infrastructure to ensure networks are configured to operate at optimal performance."
263113,Network Analysts,"Assesses and recommends improvements to network operations and integrated hardware, software, communications and operating systems."
263113,Network Analysts,"Monitors network traffic, and activity, capacity and usage to ensure continued integrity and optimal network performance."
263211,ICT Quality Assurance Engineers,"Schedules and conducts quality audit inspections, and analyses and reviews systems, data and documentation."
263211,ICT Quality Assurance Engineers,Identifies variations and potential high risk areas in securing adherence to standards and procedures.
263211,ICT Quality Assurance Engineers,Recommends corrective action plans and improvements in the resolution of non-compliance with standards detected through monitoring and auditing of processes and procedures.
263211,ICT Quality Assurance Engineers,"Communicates, educates and liaises with users and management to ensure awareness and adherence to standards, procedures and quality control issues and activities."
263212,ICT Support Engineers,"Assists in troubleshooting, diagnosing, testing and resolving system problems and issues."
263212,ICT Support Engineers,"Develops, conducts and provides technical guidance and training in application software and operational procedures."
263212,ICT Support Engineers,"Analyses, evaluates and diagnoses technical problems and issues such as installation, maintenance, repair, upgrade and configuration and troubleshooting of desktops, software, hardware, printers, internet, email, databases, operating systems and security systems."
263213,ICT Systems Test Engineers,"Tests, identifies and diagnoses functionality errors and faults in systems, and programming code within established testing protocols, guidelines and quality standards to ensure systems perform to specification."
263213,ICT Systems Test Engineers,"Performs organisational systems architecture reviews and assessments, and recommends current and future hardware and software strategies and directions."
263213,ICT Systems Test Engineers,"Creates and reviews technical documentation such as procedural, instructional and operational guides and manuals, technical reports and specifications and maintenance inventory systems."
263299,Other ICT Support and Test Engineers,"Assists in troubleshooting, diagnosing, testing and resolving system problems and issues."
263299,Other ICT Support and Test Engineers,"Develops, conducts and provides technical guidance and training in application software and operational procedures."
263299,Other ICT Support and Test Engineers,"Analyses, evaluates and diagnoses technical problems and issues."
263299,Other ICT Support and Test Engineers,"Tests, identifies and diagnoses functionality errors and faults in systems, and programming code within established testing protocols, guidelines and quality standards to ensure systems perform to specification."
263299,Other ICT Support and Test Engineers,"Performs organisational systems architecture reviews and assessments, and recommends current and future hardware and software strategies and directions."
263299,Other ICT Support and Test Engineers,"Creates and reviews technical documentation such as procedural, instructional and operational guides and manuals, technical reports and specifications and maintenance inventory systems."
263311,Telecommunications Engineers,"Designs, builds, configures and commissions devices, networks and systems and ensures systems interconnect with equipment from different manufacturers, service providers and users."
263311,Telecommunications Engineers,"Compiles proposals to define goals, identifies scope, background and need, and ascertains cost of the proposal."
263311,Telecommunications Engineers,Evaluates and procures new products and services.
263311,Telecommunications Engineers,"Ensures compliance with laws, regulations, policies and procedures in the provision of systems."
263311,Telecommunications Engineers,"Selects and develops new sites by locating sites, filing, drawing up, and drafting drawings, and following through to approval."
263311,Telecommunications Engineers,"Determines appropriate configurations of hardware and software, ensuring desired performance of equipment."
263311,Telecommunications Engineers,"Prepares and interprets specifications, drawings and regulations for the use of equipment."
263311,Telecommunications Engineers,"Determines the type and arrangement of circuits, transformers, circuit-breakers, transmission lines and equipment."
263311,Telecommunications Engineers,"Identifies and analyses problems and needs of existing systems, to determine the most appropriate means of reducing, eliminating and avoiding current and future problems and improve communications."
263311,Telecommunications Engineers,"Monitors systems to assess need for updates, upgrades, enhancements, preventive maintenance and new systems."
263311,Telecommunications Engineers,"Assesses performance levels of system hardware and software to project future needs, and develops short and long-terms plans for updating equipment, adding capabilities, enhancing existing systems and providing improved telecommunications."
263312,Telecommunications Network Engineers,"Designs, builds, configures and commissions devices, networks and systems and ensures systems interconnect with equipment from different manufacturers, service providers and users."
263312,Telecommunications Network Engineers,"Compiles engineering project proposals to define goals, identifies scope, background and need, and ascertains cost of the project."
263312,Telecommunications Network Engineers,Evaluates and procures new products and services.
263312,Telecommunications Network Engineers,"Ensures compliance with laws, regulations, policies and procedures in the provision of systems."
263312,Telecommunications Network Engineers,"Develops new sites by locating sites, filing, drawing up, and drafting drawings, and following through to approval."
263312,Telecommunications Network Engineers,"Determines appropriate configurations of hardware and software, ensuring desired performance of equipment."
263312,Telecommunications Network Engineers,"Prepares and interprets specifications, drawings and regulations for the use of equipment."
263312,Telecommunications Network Engineers,"Determines the type and arrangement of circuits, transformers, circuit-breakers, transmission lines and equipment."
263312,Telecommunications Network Engineers,"Identifies and analyses problems and needs of existing systems, to determine the most appropriate means of correcting current and future problems and improve communications."
263312,Telecommunications Network Engineers,Monitors systems.
263312,Telecommunications Network Engineers,"Assesses performance levels of system hardware and software to project future needs, and develops short and long-terms plans for updating equipment, adding capabilities, enhancing existing systems and providing improved telecommunications."
271211,Judges,Researches statutes and previous court decisions relevant to cases.
271211,Judges,Conducts trials and hearings.
271211,Judges,Hears and evaluates arguments and evidence in civil and criminal summary matters.
271211,Judges,"Decides penalties and sentences within statutory limits, such as fines, bonds and detention, awarding damages in civil matters, and issuing court orders."
271211,Judges,Exercises arbitral powers if resolution is not achieved or seems improbable through conciliation.
271211,Judges,"Advises government of legal, constitutional and parliamentary matters and drafts bills and attends committee meetings during consideration of bills."
271211,Judges,Advises agents on legal and technical matters.
271212,Magistrates,Hears and evaluates arguments and evidence in civil and criminal summary matters.
271212,Magistrates,"Decides penalties and sentences within statutory limits, such as fines, bonds and detention, awards damages in civil matters, and issues court orders."
271213,Tribunal Members,Exercises arbitral powers if resolution is not achieved or seems improbable through conciliation.
271213,Tribunal Members,Prepares settlement memoranda and obtains signatures of parties.
271213,Tribunal Members,"Advises government of legal, constitutional and parliamentary matters and drafts bills and attends committee meetings during consideration of bills."
271299,Judicial and Other Legal Professionals (not covered elsewhere),Researches statutes and previous court decisions relevant to cases.
271299,Judicial and Other Legal Professionals (not covered elsewhere),"Decides penalties and sentences within statutory limits, such as fines, bonds and detention, awards damages in civil matters, and issues court orders."
271299,Judicial and Other Legal Professionals (not covered elsewhere),"Advises government of legal, constitutional and parliamentary matters and drafts bills and attends committee meetings during consideration of bills."
271299,Judicial and Other Legal Professionals (not covered elsewhere),Advises agents on legal and technical matters.
272111,Careers Counsellors,"Works with clients on career, study and employment options by obtaining and examining information relevant to their abilities and needs."
272111,Careers Counsellors,Provides information and resources to assist clients with job-seeking skills.
272112,Drug and Alcohol Counsellors,Assesses client needs in relation to treatment for drug and alcohol abuse.
272112,Drug and Alcohol Counsellors,"Conducts counselling interviews with individuals, couples and family groups."
272112,Drug and Alcohol Counsellors,"Assists people in the understanding and adjustment of attitudes, expectations and behaviour."
272112,Drug and Alcohol Counsellors,Presents alternative approaches and discusses potential for attitude and behavioural change.
272112,Drug and Alcohol Counsellors,Consults with clients to develop rehabilitation plans taking account of vocational and social needs.
272112,Drug and Alcohol Counsellors,May work in a call centre.
272113,Family and Marriage Counsellors,"Conducts counselling interviews with individuals, couples and family groups."
272113,Family and Marriage Counsellors,"Assists people in the understanding and adjustment of attitudes, expectations and behaviour to develop more effective interpersonal and marital relationships."
272113,Family and Marriage Counsellors,Presents alternative approaches and discusses potential for attitude and behavioural change.
272113,Family and Marriage Counsellors,Consults with clients to develop rehabilitation plans taking account of vocational and social needs.
272113,Family and Marriage Counsellors,May work in a call centre.
272114,Rehabilitation Counsellors,"Conducts counselling interviews with individuals, couples and family groups."
272114,Rehabilitation Counsellors,"Assists people in the understanding and adjustment of attitudes, expectations and behaviour."
272114,Rehabilitation Counsellors,Presents alternative approaches and discusses potential for attitude and behavioural change.
272114,Rehabilitation Counsellors,Consults with clients to develop rehabilitation plans taking account of vocational and social needs.
272114,Rehabilitation Counsellors,May work in a call centre.
272115,Student Counsellors,Conducts counselling interviews with students.
272115,Student Counsellors,"Assists students in the understanding and adjustment of attitudes, expectations and behaviour to develop more effective interpersonal relationships."
272115,Student Counsellors,Presents alternative approaches and discusses potential for attitude and behavioural change.
272115,Student Counsellors,"Contributes information, understanding and advice on the learning and behaviour of students, especially those with special needs, and assists parents and teachers in dealing with these needs."
272115,Student Counsellors,May work in a call centre.
272199,Other Counsellors and Life Coaches,"Conducts counselling interviews with individuals, couples and family groups."
272199,Other Counsellors and Life Coaches,"Assists people in the understanding and adjustment of attitudes, expectations and behaviour to develop more effective interpersonal and marital relationships."
272199,Other Counsellors and Life Coaches,Presents alternative approaches and discusses potential for attitude and behavioural change.
272199,Other Counsellors and Life Coaches,Consults with clients to develop rehabilitation plans taking account of vocational and social needs.
272199,Other Counsellors and Life Coaches,"Contributes information, understanding and advice on the learning and behaviour of students, especially those with special needs, and assists parents and teachers in dealing with these needs."
272199,Other Counsellors and Life Coaches,May work in a call centre.
272311,Clinical Psychologists,"Collects data about clients and assesses their cognitive, behavioural and emotional disorders."
272311,Clinical Psychologists,Administers and interprets diagnostic tests and formulates plans for treatment.
272311,Clinical Psychologists,"Develops, administers and evaluates individual and group treatment programmes."
272311,Clinical Psychologists,Consults with other professionals on details of cases and treatment plans.
272312,Educational Psychologists,"Conducts research studies of motivation in learning, group performance and individual differences in mental abilities and educational performance."
272312,Educational Psychologists,Collects data and analyses characteristics of students and recommends educational programmes.
272312,Educational Psychologists,"Formulates achievement, diagnostic and predictive tests for use by teachers in planning methods and content of instruction."
272313,Organisational Psychologists,"Develops interview techniques, psychological tests and other aids in workplace selection, placement, appraisal and promotion."
272313,Organisational Psychologists,"Conducts surveys and research studies on job design, work groups, morale, motivation, supervision and management."
272313,Organisational Psychologists,Performs job analyses and establishes job requirements by observing and interviewing employees and managers.
272314,Psychotherapists,"Collects data about clients and assesses their cognitive, behavioural and emotional disorders."
272314,Psychotherapists,Administers and interprets diagnostic tests and formulates plans for treatment.
272314,Psychotherapists,"Develops, administers and evaluates individual and group treatment programs."
272314,Psychotherapists,Consults with other professionals on details of cases and treatment plans.
272399,Other Psychologists,"Collects data about clients and assesses their cognitive, behavioural and emotional functioning."
272399,Other Psychologists,Administers and interprets diagnostic tests and formulates plans for treatment.
272399,Other Psychologists,"Develops, administers and evaluates individual and group treatment programmes."
272399,Other Psychologists,Consults with other professionals on details of cases and treatment plans.
272411,Historians,"Assembles historical data by consulting sources of information such as historical indexes and catalogues, archives, court records, diaries, newspaper files and other materials."
272411,Historians,"Organises, authenticates, evaluates and interprets historical, political, sociological, anthropological and linguistic data."
272411,Historians,"Undertakes historical and cultural research into human activity, and prepares and presents research findings."
272412,Interpreters,Provides simultaneous and consecutive verbal or signed renditions of speeches into another language.
272412,Interpreters,"Renders the meaning and feeling of what is said and signed into another language in the appropriate register and style in a range of settings such as courts, hospitals, schools, workplaces and conferences."
272413,Translators,Studies original texts and transcripts of recorded spoken material to comprehend subject matter and translates them into another language.
272413,Translators,"Renders the meaning and feeling of written material, such as literary, legal, technical and scientific texts, into another language in the appropriate register and style, so that it will read as an original piece rather than as a translation."
272499,Other Social Professionals,"Assembles historical data by consulting sources of information such as historical indexes and catalogues, archives, court records, diaries, newspaper files and other materials."
272499,Other Social Professionals,"Organises, authenticates, evaluates and interprets historical, political, sociological, anthropological and linguistic data."
272499,Other Social Professionals,"Undertakes historical and cultural research into human activity, and prepares and presents research findings."
272611,Community Arts Workers,"Researches and analyses community issues, needs and problems."
272611,Community Arts Workers,"Develops, evaluates and maintains community resources and programmes."
272611,Community Arts Workers,Evaluates data and writes reports such as submissions requesting funding for continuing programmes and new projects.
272612,Recreation Officers,"Identifies issues of local need, concerns and aspirations through community consultation."
272612,Recreation Officers,"Organises local sporting, cultural and recreational events and activities such as community functions, hobby classes, community arts projects and sporting competitions."
272613,Welfare Workers,"Provides support while exploring alternatives with clients who experience difficulties such as marital problems, unemployment, illness and drug abuse."
272613,Welfare Workers,"Assesses risks and provides intensive short-term crisis counselling for victims of domestic violence, child abuse, disasters and other crises."
272613,Welfare Workers,"Assists to establish and administer neighbourhood houses, community groups, employment training programmes and other services."
311211,Anaesthetic Technicians,"Operates equipment used in diagnosing and monitoring disorders of the heart, kidneys, nervous system and in anaesthesia."
311211,Anaesthetic Technicians,Undertakes and assists with medical analytical procedures and assists anaesthetists and surgical teams.
311212,Cardiac Technicians,"Operates equipment used in diagnosing and monitoring disorders of the heart, kidneys, nervous system."
311212,Cardiac Technicians,"Records the electrical activity of the heart, from which the heart rate is measured and pattern and rhythm interpreted."
311213,Medical Laboratory Technicians,"Operates equipment used in diagnosing and monitoring disorders of hearing, the heart, kidneys and nervous system."
311213,Medical Laboratory Technicians,Undertakes and assists with medical analytical procedures and assists anaesthetists and surgical teams.
311213,Medical Laboratory Technicians,"Records the electrical activity of the heart, from which the heart rate is measured and pattern and rhythm is interpreted."
311213,Medical Laboratory Technicians,Prepares and stains slides and tissue sections to study the cells of blood for histological examination.
311213,Medical Laboratory Technicians,"Performs diagnostic tests on tissues and fluids and analyses the chemical constituents of blood, urine, faeces and tissues."
311213,Medical Laboratory Technicians,Tests for diseases by looking for the presence of antibodies and the products of immune response in samples.
311213,Medical Laboratory Technicians,"Sets up, checks and maintains operating theatres, and anaesthetic workstations, life support machines and associated equipment."
311213,Medical Laboratory Technicians,Refers prescriptions to pharmacists and assists in preparing medications.
311214,Operating Theatre Technicians,"Sets up, checks and maintains operating theatres, anaesthetic workstations, life support machines and associated equipment."
311215,Pharmacy Technicians,Refers prescriptions to pharmacists and assists in preparing medications.
311216,Pathology Collectors,Greet donors.
311216,Pathology Collectors,"Records donors' personal details, including their weight, age, blood type and contact details."
311216,Pathology Collectors,Explains the procedure to donors and checks their personal details.
311216,Pathology Collectors,Takes a finger-prick test to check the donor's haemoglobin (red blood cells) and ensure that iron levels in the blood are normal.
311216,Pathology Collectors,Takes blood from donors.
311216,Pathology Collectors,Informs donors of emergency medical contacts for potential side-effects of donating blood.
311216,Pathology Collectors,Cares for donors who may be feeling dizzy or have another adverse reaction.
311216,Pathology Collectors,"Provides refreshments for donors, and ensures they absorb enough sugar back into their system."
311216,Pathology Collectors,Maintains machinery and orders supplies.
311216,Pathology Collectors,Advertises blood collection days.
311216,Pathology Collectors,Drives a blood bank collection vehicle.
311216,Pathology Collectors,Gives speeches about donating blood.
311299,Other Medical Technicians,"Operates equipment used in diagnosing and monitoring disorders of hearing, the heart, kidneys and nervous system, and during anaesthesia."
311299,Other Medical Technicians,Undertakes and assists with medical analytical procedures and assists anaesthetists and surgical teams.
311299,Other Medical Technicians,"Records the electrical activity of the heart, from which the heart rate is measured and pattern and rhythm is interpreted."
311299,Other Medical Technicians,Prepares and stains slides and tissue sections to study the cells of blood for histological examination.
311299,Other Medical Technicians,"Performs diagnostic tests on tissues and fluids and analyses the chemical constituents of blood, urine, faeces and tissues."
311299,Other Medical Technicians,Tests for diseases by looking for the presence of antibodies and the products of immune response in samples.
311299,Other Medical Technicians,"Sets up, checks and maintains operating theatres, and anaesthetic workstations, life support machines and associated equipment."
311311,Fisheries Officers,Patrols and investigates waterways for unlawful fishing activities and the removal of protected marine life.
311311,Fisheries Officers,"Educates, advises and provides information on a wide range of topics relating to fish and their protection."
311311,Fisheries Officers,May initiate or assist in legal action to enforce regulations.
311312,Meat Inspectors,Inspects animals and animal products to identify product quality issues and provide advice to producers.
311312,Meat Inspectors,"Audits and monitors quality procedures at farms, food handling and processing facilities to ensure compliance with required standards."
311312,Meat Inspectors,"Tests samples of produce for quality, size and purity."
311312,Meat Inspectors,"Ensures that required standards of hygiene are observed at storage, processing and packing facilities and in transport vehicles."
311312,Meat Inspectors,Advises primary producers on economic aspects of disease eradication and informs producers and the general public of the health implication of disease and impurities.
311312,Meat Inspectors,"Examines imported animals, and makes necessary quarantine arrangements."
311312,Meat Inspectors,May initiate or assist in legal action to enforce regulations.
311313,Quarantine Officers,"Examines imported plants and animals, and products, such as timber, seeds and dried fruits, and makes quarantine arrangements as required."
311399,Other Primary Products Inspectors,"Inspects animals, plants and agricultural produce to identify product quality issues and provide advice to producers."
311399,Other Primary Products Inspectors,"Audits and monitors quality procedures at farms, food handling and processing facilities to ensure compliance with required standards."
311399,Other Primary Products Inspectors,"Tests samples of produce for quality, size and purity."
311399,Other Primary Products Inspectors,"Ensure that required standards of hygiene are observed at storage, processing and packing facilities and in transport vehicles."
311399,Other Primary Products Inspectors,Advises primary producers on economic aspects of disease eradication and informs producers and the general public of the health implication of disease and impurities.
311411,Chemistry Technicians,"Prepares materials for experimentation, including freezing and slicing specimens and mixing chemicals."
311411,Chemistry Technicians,Collects information and samples.
311411,Chemistry Technicians,"Conducts field and laboratory experiments, tests and analyses."
311411,Chemistry Technicians,"Presents results in graphic or written form by preparing maps charts, sketches, diagrams and reports."
311411,Chemistry Technicians,Performs routine mathematical calculations and computations of measurement.
311411,Chemistry Technicians,Controls the quality and quantity of laboratory supplies by testing samples and monitoring usage.
311411,Chemistry Technicians,"Checks, calibrates and maintains test equipment."
311411,Chemistry Technicians,"Participates in fabricating, installing and modifying equipment to ensure that critical standards are met."
311412,Earth Science Technicians,"Prepares materials for experimentation, including freezing and slicing specimens and mixing chemicals."
311412,Earth Science Technicians,Collects information and samples.
311412,Earth Science Technicians,"Conducts field and laboratory experiments, tests and analyses."
311412,Earth Science Technicians,"Presents results in graphic or written form by preparing maps charts, sketches, diagrams and reports."
311412,Earth Science Technicians,Performs routine mathematical calculations and computations of measurement.
311412,Earth Science Technicians,Controls the quality and quantity of laboratory supplies by testing samples and monitoring usage.
311412,Earth Science Technicians,"Checks, calibrates and maintains test equipment."
311412,Earth Science Technicians,"Participates in fabricating, installing and modifying equipment to ensure that critical standards are met."
311413,Life Science Technicians,"Prepares materials for experimentation, including freezing and slicing specimens and mixing chemicals."
311413,Life Science Technicians,Collects information and samples.
311413,Life Science Technicians,"Conducts field and laboratory experiments, tests and analyses."
311413,Life Science Technicians,"Presents results in graphic or written form by preparing maps charts, sketches, diagrams and reports."
311413,Life Science Technicians,Performs routine mathematical calculations and computations of measurement.
311413,Life Science Technicians,Controls the quality and quantity of laboratory supplies by testing samples and monitoring usage.
311413,Life Science Technicians,"Checks, calibrates and maintains test equipment."
311413,Life Science Technicians,"Participate in fabricating, installing and modifying equipment to ensure that critical standards are met."
311414,School Laboratory Technicians,Prepares experiments and demonstrations for science classes.
311499,Other Science Technicians,"Prepares materials for experimentation, including freezing and slicing specimens and mixing chemicals."
311499,Other Science Technicians,Collects information and samples.
311499,Other Science Technicians,"Conducts field and laboratory experiments, tests and analyses."
311499,Other Science Technicians,"Presents results in graphic or written form by preparing maps charts, sketches, diagrams and reports."
311499,Other Science Technicians,Performs routine mathematical calculations and computations of measurement.
311499,Other Science Technicians,Controls the quality and quantity of laboratory supplies by testing samples and monitoring usage.
311499,Other Science Technicians,"Checks, calibrates and maintains test equipment."
311499,Other Science Technicians,"Participates in fabricating, installing and modifying equipment to ensure that critical standards are met."
312111,Architectural Draftspersons,"Assists construction managers, architects and surveyors in planning and organisation."
312111,Architectural Draftspersons,"Interprets plans, regulations and codes of practice."
312111,Architectural Draftspersons,"Prepares preliminary sketches, working drawings and specifications."
312111,Architectural Draftspersons,"Prepares, edits and revises plans, maps, charts and drawings."
312111,Architectural Draftspersons,Co-ordinates works programs.
312112,Building Associates,"Assists construction managers, architects and surveyors in planning and organisation."
312112,Building Associates,Co-ordinates work programmes.
312112,Building Associates,Calculates costs and estimates time scales.
312114,Construction Estimators,"Assists construction managers, architects and surveyors in planning and organisation."
312114,Construction Estimators,"Interprets plans, regulations and codes of practice."
312114,Construction Estimators,Calculates costs and estimates time scales.
312115,Plumbing Inspectors,"Inspects work and materials for compliance with specifications, regulations and standards."
312116,Surveying and Spatial Science Technicians,"Assists construction managers, architects and surveyors in planning and organisation."
312116,Surveying and Spatial Science Technicians,"Interprets plans, regulations and codes of practice."
312116,Surveying and Spatial Science Technicians,"Prepares preliminary sketches, working drawings and specifications."
312116,Surveying and Spatial Science Technicians,"Prepares, edits and revises maps, charts and drawings."
312116,Surveying and Spatial Science Technicians,Collects data using surveying instruments and photogrammetric equipment.
312116,Surveying and Spatial Science Technicians,Performs routine computations and plotting preliminary data.
312211,Civil Engineering Draftspersons,"Prepares sketches, charts, tabulations, plans and designs for civil engineering works such as drainage, water supply, sewage reticulation systems, roads, airports, dams and other structures."
312212,Civil Engineering Technicians,"Prepares sketches, charts, tabulations, plans and designs for civil engineering works such as drainage, water supply, sewage reticulation systems, roads, airports, dams and other structures."
312212,Civil Engineering Technicians,Performs and directs fieldwork and laboratory testing.
312212,Civil Engineering Technicians,"Interprets work assignment instructions, applies appropriate procedures and selects equipment."
312212,Civil Engineering Technicians,Collects and analyses data and carries out computations.
312212,Civil Engineering Technicians,"Estimates material costs and ensures finished works are within specifications, regulations and contract provisions."
312212,Civil Engineering Technicians,"Inspects civil engineering works, and organises and supervises maintenance and repair work."
312212,Civil Engineering Technicians,"Conducts field and laboratory tests of construction materials and soils, and collects data for traffic surveys."
312311,Electrical Engineering Draftspersons,"Prepares drawings, plans and diagrams of electrical installations and circuitry."
312311,Electrical Engineering Draftspersons,"Assists electrical engineers and engineering technologists in design and layout of electrical installations and circuitry on substations, switchgear, cabling systems and motor control systems."
312312,Electrical Engineering Technicians,"Collects data, performs tests and calculations, graphs results, and prepares charts and tabulation."
312312,Electrical Engineering Technicians,"Estimates materials, costs and quantities."
312312,Electrical Engineering Technicians,Inspects designs and finished products for compliance with specifications and regulations.
312312,Electrical Engineering Technicians,"Assembles, installs, tests, modifies and repairs electrical equipment and installations to conform with regulations and safety requirements."
312312,Electrical Engineering Technicians,"Undertakes electrical workshop functions, such as installing assemblies for protection relays, metering and indicating devices."
312312,Electrical Engineering Technicians,Assists with research and experimentation programs.
312511,Mechanical Engineering Draftspersons,"Prepares drawings, plans and designs for mechanical engineering work under the direction of mechanical engineers and engineering technologists."
312511,Mechanical Engineering Draftspersons,Assists mechanical engineers and engineering technologists in the design of mechanical equipment and plants.
312512,Mechanical Engineering Technicians,Selects tools and equipment.
312512,Mechanical Engineering Technicians,"Assembles and installs new and modified mechanical assemblies, components, machine tools and controls, and hydraulic power systems."
312512,Mechanical Engineering Technicians,"Estimates material costs and quantities, and machine requirements."
312512,Mechanical Engineering Technicians,Performs and directs field and laboratory tests.
312512,Mechanical Engineering Technicians,"Collects and analyses data, carries out complex computations and prepares diagrams."
312512,Mechanical Engineering Technicians,Organises and supervises inspection and maintenance of machines and plant.
312512,Mechanical Engineering Technicians,"Ensures that designs and finished work are within specifications, regulations and contract provisions."
312911,Maintenance Planners,Develops schedules and planning strategies for the up keep and maintenance of all plant equipment.
312911,Maintenance Planners,Co-ordinates and monitors the maintenance undertaken on all plant equipment.
312912,Metallurgical and Materials Technicians,Studies the properties of metals and other materials.
312912,Metallurgical and Materials Technicians,Develops and improves existing materials.
312912,Metallurgical and Materials Technicians,Develops new combinations of metals (alloy development) and creates products that combine metals with other materials.
312912,Metallurgical and Materials Technicians,Develops techniques to repair metal damage.
312912,Metallurgical and Materials Technicians,Advises engineers and manufacturers on industrial processes that use metals and the correct selection of metals for specific uses.
312912,Metallurgical and Materials Technicians,Checks the quality of metals or other materials used in new products.
312912,Metallurgical and Materials Technicians,Conducts quality tests and other tests to detect defects.
312912,Metallurgical and Materials Technicians,"Uses ultrasonic, radiographic and other non-destructive testing methods."
312912,Metallurgical and Materials Technicians,"Interprets results from radiographs, meters and other indicators."
312912,Metallurgical and Materials Technicians,Write evidence briefs for litigation cases and appear as an expert witness in court.
312913,Mine Deputies,"Prepares designs, plans and schedules for mining operations."
312913,Mine Deputies,Determines the equipment that is to be utilised.
312913,Mine Deputies,Co-ordinates work in progress on the mine site.
312913,Mine Deputies,"Discusses work in progress and consults with contractors, engineers, geologists and surveyors."
312913,Mine Deputies,Prepares reports on work in progress.
312913,Mine Deputies,Supervises work involving explosives.
312913,Mine Deputies,Ensures safety and environmental standards are being meet and maintained.
312999,Building and Engineering Technicians (not covered elsewhere),Selects tools and equipment.
312999,Building and Engineering Technicians (not covered elsewhere),"Assembles and installs new and modified assemblies, components and controls."
312999,Building and Engineering Technicians (not covered elsewhere),Estimates material costs and quantities.
312999,Building and Engineering Technicians (not covered elsewhere),Performs and directs field tests.
312999,Building and Engineering Technicians (not covered elsewhere),"Prepares designs, plans and schedules for mining operations."
312999,Building and Engineering Technicians (not covered elsewhere),Designs ships.
312999,Building and Engineering Technicians (not covered elsewhere),"Collects and analyses data, carries out complex computations and prepares diagrams."
312999,Building and Engineering Technicians (not covered elsewhere),Organises and supervises inspection and maintenance of machines and plant.
312999,Building and Engineering Technicians (not covered elsewhere),"Ensures that designs and finished work are within specifications, regulations and contract provisions."
313111,Hardware Technicians,Determines software and hardware requirements to provide solutions to problems.
313111,Hardware Technicians,Responds to queries on software and hardware problems.
313111,Hardware Technicians,Installs and downloads appropriate software.
313111,Hardware Technicians,Adapting existing programs to meet users' requirements.
313111,Hardware Technicians,Ensuring efficient use of applications and equipment.
313111,Hardware Technicians,"Implementing computer networks, designing and maintaining websites."
313111,Hardware Technicians,"Repairing and replacing peripheral equipment such as terminals, printer and modems."
313111,Hardware Technicians,May work in a call centre.
313112,ICT Customer Support Officers,Determines software and hardware requirements to provide solutions to problems.
313112,ICT Customer Support Officers,Responds to queries on software and hardware problems.
313112,ICT Customer Support Officers,Installs and downloads appropriate software.
313112,ICT Customer Support Officers,Adapts existing programs to meet users' requirements.
313112,ICT Customer Support Officers,Ensures efficient use of applications and equipment.
313112,ICT Customer Support Officers,"Implements computer networks, designs and maintains websites."
313112,ICT Customer Support Officers,"Repairs/replaces peripheral equipment such as terminals, printer and modems."
313112,ICT Customer Support Officers,May work in call centre.
313112,ICT Customer Support Officers,"Computer systems technicians assemble, install, maintain and repair computer hardware, software and related equipment."
313113,Web Administrators,Designs and maintains web sites.
313199,Other ICT Support Technicians,Determines software and hardware requirements to provide solutions to problems.
313199,Other ICT Support Technicians,Responds to queries on software and hardware problems.
313199,Other ICT Support Technicians,Installs and downloads appropriate software.
313199,Other ICT Support Technicians,Adapts existing programs to meet users' requirements.
313199,Other ICT Support Technicians,Ensures efficient use of applications and equipment.
313199,Other ICT Support Technicians,"Implements computer networks, designs and maintains websites."
313199,Other ICT Support Technicians,"Repairs and replaces peripheral equipment such as terminals, printer and modems."
313199,Other ICT Support Technicians,May work in a call centre.
313211,Radiocommunications Technicians,"Installs, maintains, repairs and diagnoses malfunctions of microwave, telemetry, satellite and other radio and electromagnetic communication systems."
313211,Radiocommunications Technicians,"Liaises with vendors, suppliers, service providers and external resources and monitors contractual obligations and performance delivery."
313212,Telecommunications Field Engineers,"Configures and integrates networks and telecommunications technology with computer software, hardware, desktops, peripherals, databases and operating systems."
313212,Telecommunications Field Engineers,"Develops and records logs of the details, locations and status of inventories, parts, equipment and instruments and maintains the documentation of communication policies, procedures, guidelines and regulations, and quality standards."
313212,Telecommunications Field Engineers,"Provides technical advice and information, and monitors the performance of complex telecommunications networks and equipment."
313213,Telecommunications Network Planners,Plans the development of customer access telecommunications network infrastructure.
313213,Telecommunications Network Planners,"Liaises with vendors, suppliers, service providers and external resources and monitors contractual obligations and performance delivery."
313213,Telecommunications Network Planners,"Provides ongoing operational support in designing, optimising, troubleshooting, diagnosing, repairing and resolving telecommunications network performance malfunctions, defects and faults."
313214,Telecommunications Technical Officers and Technologists,"Installs, maintains and diagnoses malfunctions of microwave, telemetry, satellite and other radio and electromagnetic communication systems."
313214,Telecommunications Technical Officers and Technologists,"Configures and integrates networks and technology with computer software, hardware, desktops, peripherals, databases and operating systems."
313214,Telecommunications Technical Officers and Technologists,"Develops and records logs of the details, locations and statuses of inventories, parts, equipment and instruments and maintains the documentation of communication policies, procedures, guidelines and regulations, and quality standards."
313214,Telecommunications Technical Officers and Technologists,"Provides technical advice and information, and monitors the performance of complex networks and equipment."
313214,Telecommunications Technical Officers and Technologists,Plans the development of customer access network infrastructure.
313214,Telecommunications Technical Officers and Technologists,"Liaise with vendors, suppliers, service providers and external resources and monitors contractual obligations and performance delivery."
313214,Telecommunications Technical Officers and Technologists,"Provides ongoing support in designing, optimising, troubleshooting, diagnosing, repairing and resolving of network performance malfunctions, defects and faults."
321211,Motor Mechanics (General),Diagnoses faults in engines and parts.
321211,Motor Mechanics (General),"Dismantles and removes engine assemblies, transmissions, steering mechanisms and other components, and checks parts."
321211,Motor Mechanics (General),"Repairs and replaces worn and defective parts and reassembles mechanical components, referring to service manuals as needed."
321211,Motor Mechanics (General),Performs scheduled maintenance services to achieve smoother running of vehicles and ensure compliance with pollution regulations.
321211,Motor Mechanics (General),Reassembles engines and parts after being repaired.
321211,Motor Mechanics (General),"Tests and adjusts mechanical parts after being repaired for proper performance, diagnoses and test parts with the assistance of computers."
321211,Motor Mechanics (General),May inspect vehicles and issue roadworthiness certificates or detail work required to achieve roadworthiness.
321212,Diesel Motor Mechanics,Detects and diagnoses faults in engines and parts.
321212,Diesel Motor Mechanics,"Dismantles and removes engine assemblies, transmissions, steering mechanisms and other components, and checks parts."
321212,Diesel Motor Mechanics,"Repairs and replaces worn and defective parts and reassembles mechanical components, and refers to service manuals as needed."
321212,Diesel Motor Mechanics,Reassembles engines and parts after being repaired.
321212,Diesel Motor Mechanics,"Tests and adjusts mechanical parts after being repaired for proper performance, diagnoses and tests parts with the assistance of computers."
321212,Diesel Motor Mechanics,May inspect vehicles and issue roadworthiness certificates or detail work required to achieve roadworthiness.
321213,Motorcycle Mechanics,Detects and diagnoses faults in engines and parts.
321213,Motorcycle Mechanics,"Dismantles and removes engine assemblies, transmissions, steering mechanisms and other components, and checks parts."
321213,Motorcycle Mechanics,"Repairs and replaces worn and defective parts and reassembles mechanical components, and refers to service manuals as needed."
321213,Motorcycle Mechanics,"Performs scheduled maintenance services such as oil changes, lubrications and engine tune-ups to achieve smoother running of vehicles and ensure compliance with pollution regulations."
321213,Motorcycle Mechanics,Reassembles engines and parts after being repaired.
321213,Motorcycle Mechanics,"Tests and adjusts mechanical parts after being repaired for proper performance, diagnoses and test parts with the assistance of computers."
321213,Motorcycle Mechanics,May inspect vehicles and issue roadworthiness certificates or detail work required to achieve roadworthiness.
321214,Small Engine Mechanics,Detects and diagnoses faults in engines and parts.
321214,Small Engine Mechanics,"Dismantles and removes engine assemblies, transmissions, steering mechanisms and other components, and checks parts."
321214,Small Engine Mechanics,"Repairs and replaces worn and defective parts and reassembles mechanical components, and refers to service manuals as needed."
321214,Small Engine Mechanics,"Performs scheduled maintenance services such as oil changes, lubrications and engine tune-ups to achieve smoother running of vehicles and ensure compliance with pollution regulations."
321214,Small Engine Mechanics,Reassembles engines and parts after being repaired.
322111,Blacksmiths,Selects metal stock for job requirements.
322111,Blacksmiths,"Heats metal in forges and furnaces and hammers, punches and cuts metal using hand tools and machine presses."
322111,Blacksmiths,Tempers and hardens finished articles by quenching in oil or water baths or by cooling gradually in air.
322111,Blacksmiths,Prepares electrolytic and silver solutions for electroforming and planting solution to the objects to be coated.
322111,Blacksmiths,Sets and adjusts controls to regulate electric current and depositing of coating on objects.
322111,Blacksmiths,"Prepares horses hooves for shoeing, nails horseshoes to hooves and trims hooves."
322111,Blacksmiths,"Cuts, trims, shapes and smoothes stock to form mould patterns."
322111,Blacksmiths,"Fills boxes with sand and sets patterns in place and pours molten metal into moulds, applies refractory paint and positions cores in moulds."
322111,Blacksmiths,"Finishes metal and articles by polishing and buffing and applying shellac, lacquer, paint and other finishes."
322112,Electroplaters,Selects metal stock for job requirements.
322112,Electroplaters,"Heats metal in forges and furnaces and hammers, punches and cuts metal using hand tools and machine presses."
322112,Electroplaters,Tempers and hardens finished articles by quenching in oil or water baths or by cooling gradually in air.
322112,Electroplaters,Prepares electrolytic and silver solutions for electroforming and planting solution to the objects to be coated.
322112,Electroplaters,Sets and adjusts controls to regulate electric current and depositing of coating on objects.
322113,Farriers,Selects metal stock for job requirements.
322113,Farriers,"Heats metal in forges and furnaces and hammers, punches and cuts metal using hand tools and machine presses."
322113,Farriers,Tempers and hardens finished articles by quenching in oil or water baths or by cooling gradually in air.
322113,Farriers,"Prepares horses' hooves for shoeing, nailing horseshoes to hooves, and trimming hooves."
322114,Metal Casting Trades Workers,Selects metal stock for job requirements.
322114,Metal Casting Trades Workers,"Heats metal in forges and furnaces and hammers, punches and cuts metal using hand tools and machine presses."
322114,Metal Casting Trades Workers,Tempers and hardens finished articles by quenching in oil or water baths or by cooling gradually in air.
322114,Metal Casting Trades Workers,"Cuts, trims, shapes and smoothes stock to form mould patterns."
322114,Metal Casting Trades Workers,"Fills boxes with sand and sets patterns in place and pours molten metal into moulds, applying refractory paint and positioning cores in moulds."
322115,Metal Polishers,"Finishes metal and articles by polishing and buffing and applying shellac, lacquer, paint and other finishes."
322311,Metal Fabricators,"Studies blueprints, drawings and specifications to determine job requirements."
322311,Metal Fabricators,"Selects, cleans and prepares metal stock."
322311,Metal Fabricators,"Cuts marked out metal sections and shapes using hand tools, flame cutting torches and metal cutting machines."
322311,Metal Fabricators,"Shapes and bends metal sections and pipes using hand and machine tools, and by heating and hammering."
322311,Metal Fabricators,Aligns parts to be joined using hand tools and measuring instrument.
322311,Metal Fabricators,"Joins metal sections using various welding techniques, bolting and riveting."
322311,Metal Fabricators,"Examines welds for width of bead, penetration and precision."
322311,Metal Fabricators,"Cleans and smoothes welds by filing, chiselling and grinding."
322312,Pressure Welders,"Shapes and bends metal sections and pipes using hand and machine tools, and by heating and hammering."
322312,Pressure Welders,Aligns parts to be joined using hand tools and measuring instruments.
322313,Welders (First Class),Aligns parts to be joined using hand tools and measuring instrument.
322313,Welders (First Class),"Joins metal sections using various welding techniques, bolting and riveting."
322313,Welders (First Class),"Examines welds for width of bead, penetration and precision."
322313,Welders (First Class),"Cleans and smoothes welds by filing, chiselling and grinding."
323111,Aircraft Maintenance Engineers (Avionics),"Dismantles, inspects, tests, repairs and reassembles aircraft engines, ancillary motors and engine accessories, electrical systems and sub-assemblies of aircraft frames."
323111,Aircraft Maintenance Engineers (Avionics),Installs electrical circuits and equipment.
323111,Aircraft Maintenance Engineers (Avionics),"Tests aircraft communication equipment, aircraft instrumentation and electronic systems using electronic testing equipment and specialised apparatus."
323111,Aircraft Maintenance Engineers (Avionics),Replaces and tests aircraft oxygen system components.
323111,Aircraft Maintenance Engineers (Avionics),Assembles parts and sub-assemblies of aircraft frames.
323111,Aircraft Maintenance Engineers (Avionics),"Conducts routine pre-flight inspections of engines, aircraft frames and mechanical systems."
323111,Aircraft Maintenance Engineers (Avionics),Maintains records of action taken.
323111,Aircraft Maintenance Engineers (Avionics),"May manufacture aircraft electrical, instrument and radio hardware components."
323112,Aircraft Maintenance Engineers (Mechanical),"Dismantles, inspects, tests, repairs and reassembles aircraft engines, ancillary motors and engine accessories, electrical systems and sub-assemblies of aircraft frames."
323112,Aircraft Maintenance Engineers (Mechanical),Installs electrical circuits and equipment.
323112,Aircraft Maintenance Engineers (Mechanical),"Tests aircraft communication equipment, aircraft instrumentation and electronic systems using electronic testing equipment and specialised apparatus."
323112,Aircraft Maintenance Engineers (Mechanical),Replaces and tests aircraft oxygen system components.
323112,Aircraft Maintenance Engineers (Mechanical),Assembles parts and sub-assemblies of aircraft frames.
323112,Aircraft Maintenance Engineers (Mechanical),"Conducts routine pre-flight inspections of engines, aircraft frames and mechanical systems."
323112,Aircraft Maintenance Engineers (Mechanical),Maintains records of action taken.
323112,Aircraft Maintenance Engineers (Mechanical),"May manufacture aircraft electrical, instrument and radio hardware components."
323113,Aircraft Maintenance Engineers (Structures),"Dismantles, inspects, tests, repairs and reassembles sub-assemblies of aircraft frames."
323113,Aircraft Maintenance Engineers (Structures),Assembles parts and sub-assemblies of aircraft frames.
323113,Aircraft Maintenance Engineers (Structures),"Conducts routine pre-flight inspections of engines, aircraft frames and mechanical systems."
323113,Aircraft Maintenance Engineers (Structures),Maintains records of action taken.
323211,Fitters (General),"Determines suitable material, method and sequence of operations and machine settings."
323211,Fitters (General),Fits fabricated metal parts and assembles them.
323211,Fitters (General),"Checks metal parts for accuracy, clearance and fit."
323211,Fitters (General),"Sets guides, stops and other controls on machining tools, sets up prescribed cutting and shaping tools and dies in machines and presses, and sets controls for textile machines."
323211,Fitters (General),"Forms metal stock and castings to press, cut, grind, plane, bore and drill metal."
323211,Fitters (General),"Cuts, threads, bends and installs hydraulic and pneumatic pipes and lines."
323211,Fitters (General),"Prepares pattern mechanisms to control the operation of textile machines used to spin, weave, knit, sew and tuft fabric."
323211,Fitters (General),"Performs maintenance of machines, mechanical parts and fluid power equipment."
323211,Fitters (General),May erect machines and equipment.
323212,Fitter and Turners,"Studies drawings and specifications to determine suitable material, method and sequence of operations and machine settings."
323212,Fitter and Turners,Fits fabricated metal parts into products and assembles metal parts and sub-assemblies to produce machines and equipment.
323212,Fitter and Turners,"Checks fabricated and assembled metal parts for accuracy, clearance and fit using precision measuring instruments."
323212,Fitter and Turners,"Sets guides, stops and other controls on machining tools, sets up prescribed cutting and shaping tools and dies in machines and presses, and sets controls for textile machines."
323212,Fitter and Turners,"Forms metal stock and castings to fine tolerance using machining tools to press, cut, grind, plane, bore and drill metal."
323212,Fitter and Turners,"Cuts, threads, bends and installs hydraulic and pneumatic pipes and lines."
323212,Fitter and Turners,"Diagnoses faults and performs operational maintenance of machines, and overhauls and repairs mechanical parts and fluid power equipment."
323212,Fitter and Turners,May erect machines and equipment on-site.
323213,Fitter-Welders,"Determines suitable material, method and sequence of operations and machine settings."
323213,Fitter-Welders,Fits fabricated metal parts and assembles metal parts to produce machines and equipment.
323213,Fitter-Welders,"Checks parts for accuracy, clearance and fit."
323213,Fitter-Welders,"Sets guides, stops and other controls on machining tools, sets up prescribed cutting and shaping tools and dies in machines and presses, and sets controls for textile machines."
323213,Fitter-Welders,"Forms metal stock and castings to press, cut, grind, plane, bore and drill metal."
323213,Fitter-Welders,"Cuts, threads, bends and installs hydraulic and pneumatic pipes and lines."
323213,Fitter-Welders,"Performs operational maintenance of machines, parts and fluid power equipment."
323213,Fitter-Welders,May erect machines and equipment.
323214,Metal Machinists (First Class),"Studying drawings and specifications to determine suitable material, method and sequence of operations, and machine settings."
323214,Metal Machinists (First Class),Fitting fabricated metal parts into products and assembling metal parts and subassemblies to produce machines and equipment.
323214,Metal Machinists (First Class),"Checking fabricated and assembled metal parts for accuracy, clearance and fit using precision measuring instruments."
323214,Metal Machinists (First Class),"Setting guides, stops and other controls on machining tools, setting up prescribed cutting and shaping tools and dies in machines and presses."
323214,Metal Machinists (First Class),"Forming metal stock and castings to fine tolerances using machining tools to press, cut, grind, plane, bore and drill metal."
323214,Metal Machinists (First Class),"Cutting, threading, bending and installing hydraulic and pneumatic pipes and lines."
323214,Metal Machinists (First Class),"Diagnosing faults and performing operational maintenance of machines, and overhauling and repairing mechanical parts and fluid power equipment."
323214,Metal Machinists (First Class),May erect machines and equipment on-site.
323215,"Textile, Clothing and Footwear Mechanics","Sets guides, stops and other controls on machining tools, sets up and sets controls for textile machines."
323215,"Textile, Clothing and Footwear Mechanics","Diagnoses faults and performs operational maintenance of machines, and overhauls and repairs."
323215,"Textile, Clothing and Footwear Mechanics",May erect machines and equipment on-site.
323299,Other Metal Fitters and Machinists,"Studies drawings and specifications to determine suitable material, method and sequence of operations and machine settings."
323299,Other Metal Fitters and Machinists,Fits fabricated metal parts into products and assembles metal parts and sub-assemblies to produce machines and equipment.
323299,Other Metal Fitters and Machinists,"Checks fabricated and assembled metal parts for accuracy, clearance and fit using precision measuring instruments."
323299,Other Metal Fitters and Machinists,"Sets guides, stops and other controls on machining tools, sets up prescribed cutting and shaping tools and dies in machines and presses, and sets controls for textile machines."
323299,Other Metal Fitters and Machinists,"Forms metal stock and castings to fine tolerance using machining tools to press, cut, grind, plane, bore and drill metal."
323299,Other Metal Fitters and Machinists,"Cuts, threads, bends and installs hydraulic and pneumatic pipes and lines."
323299,Other Metal Fitters and Machinists,"Diagnoses faults and performs operational maintenance of machines, and overhauls and repairs mechanical parts and fluid power equipment."
323299,Other Metal Fitters and Machinists,May erect machines and equipment on-site.
323311,Engravers,"Inscribes letters, figures and designs on surfaces of jewellery, trophies and other ornamental items."
323312,Gunsmiths,Assembles parts and subassemblies of firearms.
323312,Gunsmiths,"Dismantling firearms, repairing and replacing defective parts, and reassembling articles using hand and power tools and specially designed machines."
323312,Gunsmiths,Calibrating precision instruments.
323312,Gunsmiths,May estimate costs and prepare quotes for repairs.
323313,Locksmiths,Assembles parts and sub-assemblies of precision instruments and locks.
323313,Locksmiths,"Dismantles precision instruments, locks, repairs and replaces defective parts, and reassembles articles using hand and power tools and specially designed machines."
323313,Locksmiths,"Installs security systems, changes tumblers in locks, changes locks, cuts keys and opens locks by manipulation."
323313,Locksmiths,May estimate costs and prepare quotes for repairs.
323314,Precision Instrument Makers and Repairers,"Assembles parts and sub-assemblies of precision instruments and locks, timepieces and firearms."
323314,Precision Instrument Makers and Repairers,"Dismantles precision instruments, locks, timepieces and firearms, repairs and replaces defective parts, and reassembles articles using hand and power tools and specially designed machines."
323314,Precision Instrument Makers and Repairers,"Calibrates precision instruments using standard weights and measures, jigs and fixtures, and hand tools to adjust and align parts and small balancing weights."
323314,Precision Instrument Makers and Repairers,May estimate costs and prepare quotes for repairs.
323315,Saw Doctors,"Dismantles precision instruments, repairs and replaces defective parts, and reassembles articles using hand and power tools and specially designed machines."
323315,Saw Doctors,"Makes blades for circular, band and other power saws and repairs, sets and sharpens blades for hand and power saws."
323315,Saw Doctors,May estimate costs and prepare quotes for repairs.
323316,Watch and Clock Makers and Repairers,Assembles parts and sub-assemblies of precision instruments and timepieces.
323316,Watch and Clock Makers and Repairers,"Dismantles precision instruments, timepieces, repairs and replaces defective parts, and reassembles articles using hand and power tools and specially designed machines."
323316,Watch and Clock Makers and Repairers,Tests circuits in electronic timepieces.
323316,Watch and Clock Makers and Repairers,May estimate costs and prepare quotes for repairs.
323411,Engineering Patternmakers,"Studies, drawings and specifications to determine dimensions and tolerances of articles to be manufactured and models to be constructed."
323411,Engineering Patternmakers,Measures and marks out metal stock and castings using various gauges.
323411,Engineering Patternmakers,Shapes metal and wood stock using machine tools.
323411,Engineering Patternmakers,"Checks accuracy of manufactured articles and finished patterns to fine tolerances, using precision measuring instruments."
323411,Engineering Patternmakers,Tests and modifies manufactured articles.
323411,Engineering Patternmakers,Applies protective finishes to patterns and paints pattern sections to indicate method of assembly.
323411,Engineering Patternmakers,Assembles pattern sections and shapes work pieces to specified finish.
323411,Engineering Patternmakers,"Pours and spreads materials into moulds and over models of patterns, and builds laminations of fibreglass cloth and plastic resin to fabricate patterns."
323411,Engineering Patternmakers,Repairs broken and damaged patterns and corrects patterns to compensate for defects in casting.
323411,Engineering Patternmakers,Constructs templates for layout and inspection.
323412,Toolmakers,Studies drawings and specifications to determine dimensions and tolerances of articles to be manufactured and models to be constructed.
323412,Toolmakers,Measures and marks out metal stock and castings using various gauges.
323412,Toolmakers,Shapes metal and wood stock using machine tools.
323412,Toolmakers,"Checks accuracy of manufactured articles and finished patterns to fine tolerances, using precision measuring instruments."
323412,Toolmakers,Tests and modifies manufactured articles.
323412,Toolmakers,Applies protective finishes to patterns and painting pattern sections to indicate method of assembly.
323412,Toolmakers,Assembles pattern sections and shapes work pieces to specified finish.
324211,Vehicle Body Builders,"Constructs framework sections in metal, wood, fibreglass and other materials using shaping machines and cutting and welding equipment."
324211,Vehicle Body Builders,"Bolts, screws, rivets and welds sections together to form complete frameworks."
324211,Vehicle Body Builders,"Cuts and shapes panels of sheet metal, aluminium and reinforced plastic and attaches to frameworks using hand and power tools."
324211,Vehicle Body Builders,Modifies assembly line vehicles to special requirements.
324212,Vehicle Trimmers,"Prepares new vehicle trim work according to drawings and sketches, and removes old coverings and fittings from vehicles and takes new measurements."
324212,Vehicle Trimmers,"Selects and cuts pieces of fabric, vinyl and leather and sews pieces together using heavy-duty sewing machines."
324212,Vehicle Trimmers,"Installs internal trim in vehicles such as lining, floor coverings and armrests."
324212,Vehicle Trimmers,"Attaches door trims, rubber seals, locks and handles."
331111,Bricklayers,"Studies plans and specifications to determine materials required, dimensions and installation procedures."
331111,Bricklayers,Erects scaffolding.
331111,Bricklayers,"Seals foundations with damp resistant materials and spreads layers of mortar to serve as base and binder for blocks, using trowels."
331111,Bricklayers,"Lays bricks in rows, designs and shapes, and spreads mortar between the joints."
331111,Bricklayers,Embeds blocks in mortar and removes excess mortar.
331111,Bricklayers,Checks vertical and horizontal alignment.
331111,Bricklayers,"Cuts, shapes, and polishes stones and bricks using machines and hand tools, and shapes bricks to fit irregular spaces."
331111,Bricklayers,"Repairs and maintains bricks, cement blocks and related structures."
331112,Stonemasons,"Studies plans and specifications to determine materials required, dimensions and installation procedures."
331112,Stonemasons,Erects scaffolding.
331112,Stonemasons,"Seals foundations with damp resistant materials and spreads layers of mortar to serve as base and binder for blocks, using trowels."
331112,Stonemasons,Checks vertical and horizontal alignment.
331112,Stonemasons,"Cuts, shapes, and polishes stones and bricks using machines and hand tools, and shapes bricks to fit irregular spaces."
331112,Stonemasons,"Repairs and maintains bricks, cement blocks and related structures."
331112,Stonemasons,Designs and cuts monumental masonry including lettering.
331112,Stonemasons,Constructs walls using stone slabs and large masonry slab blocks.
331212,Carpenters,"Studies drawings and specifications to determine materials required, dimensions and installation procedures."
331212,Carpenters,"Order and select timbers and materials, and prepare layouts."
331212,Carpenters,"Cuts materials, and assembles and nails cut and shaped parts."
331212,Carpenters,"Erects framework and roof framing, laying sub-flooring and floorboards and verifying trueness of structures."
331212,Carpenters,"Nails fascia panels, sheaths roofs, and fits exterior wall cladding, as well as door and window frames."
331212,Carpenters,Assembles prepared wood to form structures and fittings ready to install.
331212,Carpenters,Cutting wood joints.
331212,Carpenters,May construct concrete framework.
331212,Carpenters,May repair existing fittings.
331212,Carpenters,"May work with plastic laminates, perspex and metals."
331213,Joiners,Assembles prepared wood and aluminium to form structures and fits ready to install.
331213,Joiners,Cuts wood joints.
331213,Joiners,Constructs concrete framework.
331213,Joiners,May repair existing fittings.
331213,Joiners,"Works with plastic laminates, perspex and metals."
333211,Fibrous Plasterers,Determines plasterboard layout and installs insulation and vapour barriers.
333211,Fibrous Plasterers,"Measures, marks and cuts plasterboard, lifts and positions panels and secures them to walls, ceilings and battens."
333211,Fibrous Plasterers,Prepares corner beads and securing them in position.
333211,Fibrous Plasterers,"Covers joins and nail holes with wet plaster and sealing compounds, and smoothes them using wet brush and sand paper."
333211,Fibrous Plasterers,"Plumbs and straightens corners, angles and wall and ceiling surfaces."
333211,Fibrous Plasterers,"Applies and finishes acoustic, insulating and fireproofing materials bonded with plaster, plastic cement and similar materials."
333212,Solid Plasterers,"Fixes pre-cast cornices, panel mouldings, ceiling centres and other plaster fittings."
333212,Solid Plasterers,"Covers joins and nail holes with wet plaster and sealing compounds, and smoothes them using wet brushes and sand paper."
333212,Solid Plasterers,"Mixes and applies coats of plaster, cement and render to structures using trowels, and levels and smoothes coats to uniform thickness."
333212,Solid Plasterers,"Plumbs and straightens corners, angles and wall and ceiling surfaces."
333212,Solid Plasterers,Creates decorative textures in finishing coats.
334111,Plumbers (General),Studies drawings and specifications to determine the layout of plumbing systems and materials required.
334111,Plumbers (General),Sets out and installs hot and cold water systems and associated equipment.
334111,Plumbers (General),"Installs water-based fire protection systems, including fire hydrants, hose reels and sprinkler systems."
334111,Plumbers (General),"Designs and installs sanitary plumbing and water supply systems, discharge pipes and sanitary fixtures."
334112,Airconditioning and Mechanical Services Plumbers,Studies drawings and specifications to determine the layout of plumbing systems and materials required.
334112,Airconditioning and Mechanical Services Plumbers,"Assembles and installs mechanical services plant, air handling and conditioning equipment and small bore heating systems."
334113,Drainers,Studies drawings and specifications to determine the layout of plumbing systems and materials required.
334113,Drainers,Installs sewerage and effluent pumping equipment and disposal systems.
334113,Drainers,Installs below-ground drainage systems and associated ground support systems.
334114,Gasfitters,"Installs gas appliances, flues and pressure regulating devices."
334115,Roof Plumbers,Studies drawings and specifications to determine the layout of plumbing systems and materials required.
334115,Roof Plumbers,"Fabricating and installing metal roofing, rainwater goods and flashings."
341111,Electricians (General),"Examines blueprints, wiring diagrams and specifications to determine sequence and methods of operation."
341111,Electricians (General),Measures and lays out insulation reference points.
341111,Electricians (General),"Selects, cuts and connects wire and cable to terminals and connectors."
341111,Electricians (General),Uses electrical and electronic test instruments to trace and diagnose faults.
341111,Electricians (General),Repairs and replaces faulty wiring and defective parts.
341111,Electricians (General),Positions and installs electrical switchboards.
341111,Electricians (General),Connects electrical systems to power supply.
341111,Electricians (General),Tests continuity of circuit.
341112,Electricians (Special Class),"Examines blueprints, wiring diagrams and specifications to determine sequence and methods of operation."
341112,Electricians (Special Class),Measures and lays out insulation reference points.
341112,Electricians (Special Class),"Selects, cuts and connects wire and cable to terminals and connectors."
341112,Electricians (Special Class),Uses electrical and electronic test instruments to trace and diagnose faults.
341112,Electricians (Special Class),Repairs and replaces faulty wiring and defective parts.
341112,Electricians (Special Class),Positions and installs electrical switchboards.
341112,Electricians (Special Class),Connects electrical systems to power supply.
341112,Electricians (Special Class),Tests continuity of circuit.
341113,Lift Mechanics,"Examines blueprints, wiring diagrams and specifications to determine sequence and methods of operation."
341113,Lift Mechanics,Measures and lays out insulation reference points.
341113,Lift Mechanics,"Selects, cuts and connects wire and cable to terminals and connectors."
341113,Lift Mechanics,Uses instruments to trace and diagnose faults.
341113,Lift Mechanics,Repairs and replaces faulty wiring and defective parts.
341113,Lift Mechanics,Positions and installs electrical switchboards.
341113,Lift Mechanics,Connects electrical systems to power supply.
341113,Lift Mechanics,Tests continuity of circuit.
341113,Lift Mechanics,"Installs, tests and adjusts electric and mechanical parts of lifts."
342211,Electrical Linesworkers,"Installs conductors and aerial equipment, and underground cables and equipment."
342211,Electrical Linesworkers,Installs and maintains equipment associated with electrical supply such as transformers.
342211,Electrical Linesworkers,Attends to electrical breakdowns and emergencies.
342211,Electrical Linesworkers,"Maintains poles and associated hardware, and continuity of electrical supply and street lighting."
342211,Electrical Linesworkers,Conducts routine maintenance on the aerial and underground electricity supply network.
342211,Electrical Linesworkers,Conducts low voltage switching operations.
342211,Electrical Linesworkers,Fits pole hardware and cross arms.
342212,Technical Cable Jointers,Installs and maintains equipment associated with electrical supply such as transformers.
342212,Technical Cable Jointers,Attends to electrical breakdown and emergencies.
342212,Technical Cable Jointers,Conducts routine maintenance on the aerial and underground electricity supply networks.
342212,Technical Cable Jointers,"Prepares low and high voltage cable joints and cable terminations, while connecting and installing electrical equipment and overhead lines."
342212,Technical Cable Jointers,Uses heavy plant equipment such as elevated work platforms and portable equipment such as hydraulic drills.
342212,Technical Cable Jointers,"May undertake substation installation and maintenance, and specialised testing and revenue metre installation."
342312,Communications Operators,"Sends and receives messages by satellite communication systems, radio, radio telegraph, radio telephone, morse or radio telex."
342312,Communications Operators,"Records incoming messages, including navigational and other data, keeping a log of messages sent and received."
342312,Communications Operators,Makes minor repairs to radio equipment or radar.
342312,Communications Operators,Provides a watch on maritime distress frequencies.
342312,Communications Operators,Broadcasts navigational and weather warnings from coastal stations to ships at sea.
342312,Communications Operators,Operates equipment which interconnects with inland service.
342313,Electronic Equipment Trades Workers,"Examines and tests machines, equipment, instruments and control systems to diagnose faults."
342313,Electronic Equipment Trades Workers,"Adjusts, repairs, replaces worn and defective parts and wiring, and maintains machines, equipment and instruments, advises users of correct operating procedures to prevent malfunction."
342313,Electronic Equipment Trades Workers,Installs electronic instruments and control systems.
342313,Electronic Equipment Trades Workers,"Applies knowledge of electrical, electronic, mechanical, hydraulic and pneumatic principles in commissioning and maintaining control systems."
342314,Electronic Instrument Trades Workers (General),"Examines and tests machines, equipment, instruments and control systems to diagnose faults."
342314,Electronic Instrument Trades Workers (General),"Adjusts, repairs, replaces worn and defective parts and wiring, and maintains machines, equipment and instruments, advises users of correct operating procedures to prevent malfunction."
342314,Electronic Instrument Trades Workers (General),Installs electronic instruments and control systems.
342314,Electronic Instrument Trades Workers (General),"Applies knowledge of electrical, electronic, mechanical, hydraulic and pneumatic principles in commissioning and maintaining control systems."
342315,Electronic Instrument Trades Workers (Special Class),"Examines and tests machines, equipment, instruments and control systems to diagnose faults."
342315,Electronic Instrument Trades Workers (Special Class),"Adjusts, repairs and replaces worn and defective parts and wiring, and maintains machines, equipment and instruments, as well as advising users of correct operating procedures to prevent malfunction."
342315,Electronic Instrument Trades Workers (Special Class),Installs electronic instruments and control systems.
342315,Electronic Instrument Trades Workers (Special Class),"Applies knowledge of electrical, electronic, mechanical, hydraulic and pneumatic principles in commissioning and maintaining control systems."
342411,Cablers (Data and Telecommunications),"Examines drawings, specifications and work areas to determine positioning and connections for equipment to be installed."
342411,Cablers (Data and Telecommunications),"Installs cabling for telephone, radio, pay tv and computer transmission."
342411,Cablers (Data and Telecommunications),Joins cables and seals sheaths with lead and thermoplastic.
342412,Telecommunications Cable Jointers,"Installs cabling for telephone, radio, pay tv and computer transmission."
342412,Telecommunications Cable Jointers,Joins cables and seals sheaths with lead and thermoplastic.
342412,Telecommunications Cable Jointers,"Erects, tests and maintains aerial and underground wires and cables, and radio and mobile phone antennae."
342413,Telecommunications Linesworkers,"Installs cabling for telephone, radio, pay tv and computer transmission."
342413,Telecommunications Linesworkers,Joins cables and seals sheaths with lead and thermoplastic.
342413,Telecommunications Linesworkers,"Erects, tests and maintains aerial and underground wires and cables, and radio and mobile phone antennae."
342413,Telecommunications Linesworkers,"Installs telecommunications equipment and appliances such as telephones, switchboards and data transmission equipment."
342414,Telecommunications Technicians,"Locates faults in telecommunications equipment using instruments such as ohmmeters, voltmeters, ammeters and transmission measuring equipment."
342414,Telecommunications Technicians,Attaches wires and cables to appliances.
342414,Telecommunications Technicians,"Adjusts, replaces and repairs faulty items, and tests equipment using electronic instruments."
342414,Telecommunications Technicians,"Installs telecommunications equipment and appliances such as telephones, switchboards and data transmission equipment."
351111,Bakers,Checks the cleanliness of equipment and operating site to ensure compliance with health and safety regulation.
351111,Bakers,Checks quality of raw materials and weighs ingredients.
351111,Bakers,Implements appropriate baking techniques.
351111,Bakers,Prepares pastry fillings.
351111,Bakers,Monitors oven temperature and products appearance.
351111,Bakers,"Co-ordinates the forming, loading, baking, unloading, de-panning and cooling of batches of breads, rolls and pastry products."
351111,Bakers,"Glazes buns and pastries, and decorating cakes with cream and icing."
351111,Bakers,Operating machines which roll and mould dough and cut biscuits.
351111,Bakers,"Empties, cleans and greases baking trays, tins and other cooking equipment."
351112,Pastrycooks,Checks the cleanliness of equipment and operating site to ensure compliance with health and safety regulation.
351112,Pastrycooks,Checks quality of raw materials and weighs ingredients.
351112,Pastrycooks,Implements appropriate baking techniques.
351112,Pastrycooks,Prepares pastry fillings.
351112,Pastrycooks,Monitors oven temperature and products appearance.
351112,Pastrycooks,"Co-ordinates the forming, loading, baking, unloading, de-panning and cooling of batches of breads, rolls and pastry products."
351112,Pastrycooks,"Glazes buns and pastries, and decorating cakes with cream and icing."
351112,Pastrycooks,Operating machines which roll and mould dough and cut biscuits.
351112,Pastrycooks,"Empties, cleans and greases baking trays, tins and other cooking equipment."
361111,Dog Handlers and Trainers,Teaches animals to obey verbal and non-verbal commands and addresses behavioural problems.
361111,Dog Handlers and Trainers,Trains animals to perform in competitions.
361112,Horse Trainers,Teaches horses to obey verbal and non-verbal commands and addresses behavioural problems.
361112,Horse Trainers,Trains horses to accept riders and pull vehicles.
361112,Horse Trainers,Trains horses to perform in competitions.
361113,Pet Groomers,"Bathes, cuts, combs, blow dries and styles pets' coats, clips their nails and cleans their ears."
361114,Zookeepers,"Prepares, cleans, disinfects and maintains comfortable cages and enclosures."
361114,Zookeepers,"Transports food, fills water troughs and feeds animals according to their individual needs."
361114,Zookeepers,"Maintains animal health records, treats minor injuries and reports serious conditions to veterinarians."
361114,Zookeepers,"Exercises and plays with animals, answers visitor questions and transfers animals between enclosures by leading or carrying them."
361114,Zookeepers,Dusts and sprays insecticides on animals and immerses them in insecticide baths to control insect pests.
361115,Kennel Hands,"Bathes, cuts, combs, blow-dry's and styles pets' coats, clips their nails and cleans their ears."
361115,Kennel Hands,"Inspects, prepares, cleans, disinfects and maintains comfortable cages and enclosures."
361115,Kennel Hands,"Transports food, fills water troughs and feeds animals according to their individual needs."
361115,Kennel Hands,"Maintains animal health records, treats minor injuries and reports serious conditions to veterinarians."
361115,Kennel Hands,"Exercises and plays with animals, answers visitor questions and transfers animals between enclosures by leading or carrying them."
361115,Kennel Hands,Dusts and sprays insecticides on animals and immerses them in insecticide baths to control insect pests.
361199,Other Animal Attendants and Trainers,"Performs crutching tasks, teaches animals to obey verbal and non-verbal commands and addresses behavioural problems."
361199,Other Animal Attendants and Trainers,Treats various pests and conditions.
362211,Gardeners (General),Prepares and maintains seedbeds and growing sites.
362211,Gardeners (General),"Propagates and plants trees, bushes, hedges, flowers and bulbs."
362211,Gardeners (General),"Prepares lawn areas by spreading top soil and planting grass, and laying instant turf."
362211,Gardeners (General),"Maintains planted and grassed areas by weeding, trimming, fertilising, watering and mowing."
362211,Gardeners (General),"Prunes trees and hedges, and installs plant support and protection devices."
362211,Gardeners (General),"Constructs gravel and paved areas, walls, fences, pergolas, ponds, barbecues and garden furniture."
362211,Gardeners (General),Examines trees to asses their condition and determine treatment.
362211,Gardeners (General),Lopping limbs off trees and shaping branches using chain or handsaws.
362211,Gardeners (General),"Sprays and dusts plants and trees to control insects and disease, and fells diseased trees."
362212,Arborists,"Prunes trees and hedges, and installs plant support and protection devices."
362212,Arborists,Examines trees to asses their condition and determine treatment.
362212,Arborists,Lops limbs off trees and shapes branches using chain or handsaws.
362212,Arborists,"Sprays and dusts plants and trees to control insects and disease, and fells diseased trees."
362213,Landscape Gardeners,"Prepares plans and drawings, selects materials and plants, and schedules landscape construction."
362213,Landscape Gardeners,Sets out and installs hardscape and softscape structures.
362213,Landscape Gardeners,"Constructs gravel and paved areas, walls, fences, pergolas, ponds, barbecues and garden furniture."
362213,Landscape Gardeners,Prepares seedbeds and growing sites.
362213,Landscape Gardeners,"Plants trees, bushes, hedges, flowers and bulbs."
362213,Landscape Gardeners,Prepares lawn areas by spreading top soil and planting grass or laying instant turf.
392111,Print Finishers,Sets up and supervises the operation of automatic binding and finishing equipment.
392111,Print Finishers,"Binds full, half and limp-bound books, and repairs bindings."
392111,Print Finishers,"Folds, collates and sews signatures by machine and hand."
392111,Print Finishers,"Operates paper guillotines for pre-press and post-press paper cutting and trimming, and programmes electronically-operated units."
392111,Print Finishers,"Operates systems to insert printed material into newspapers, magazines and envelopes."
392111,Print Finishers,Embellishes printed products automatically and manually.
392112,Screen Printers,Embellishes printed products automatically and manually.
392112,Screen Printers,Operates photographic and electronic reproduction devices.
392112,Screen Printers,Prepares stencils using computer and hand cut methods.
392112,Screen Printers,"Selects, mixes and matches coloured inks and loads them into screen printing presses."
392112,Screen Printers,"Loads printed items into drying racks, and unloads and stacks dry items."
392311,Printing Machinists,"Sets, adjusts and monitors substrate-feed mechanisms, delivery mechanisms, inking systems and other printing machine functions."
392311,Printing Machinists,"Mixes ink and solvents to standard, and regulates paper and ink supply."
392311,Printing Machinists,Determines press operations to check print quality standards and detect malfunctions.
392311,Printing Machinists,"Produces a variety of printed products using relief, lithographic, flexographic and gravure printing presses, and in-line finishing systems."
392311,Printing Machinists,"Prepares plates, blankets and impression cylinders."
392311,Printing Machinists,Loads paper into feeding mechanisms.
392311,Printing Machinists,Monitors machine operations and quality of printing.
392311,Printing Machinists,Undertakes maintenance of machines.
392311,Printing Machinists,"Produces and manages digital print images, and transferring and outputting images."
392311,Printing Machinists,May set up and operate paper and bookbinding guillotines.
392312,Small Offset Printers,"Prepares plates, blankets and impression cylinders on small offset lithographic printing presses."
392312,Small Offset Printers,Loads paper into feeding mechanisms.
392312,Small Offset Printers,Monitors machine operations and quality of printing.
392312,Small Offset Printers,"Undertakes maintenance, adjustments, repair and cleaning of machines."
392312,Small Offset Printers,"Produces and manages digital print images, and transferring and outputting images."
392312,Small Offset Printers,May set up and operate paper and bookbinding guillotines.
393111,Canvas Goods Fabricators,"Cuts and prepares canvas to design specifications, patterns and drawings."
393111,Canvas Goods Fabricators,"Sews, glues and rivets sections of canvas together to make articles such as awnings, tents, tarpaulins and horse rugs."
393111,Canvas Goods Fabricators,"Attaches grommets, fastenings and other fittings to canvas goods."
393111,Canvas Goods Fabricators,Fabricates sails.
393112,Leather Goods Makers,"Cuts and prepares leather to design specifications, patterns and drawings."
393112,Leather Goods Makers,"Joins parts of leather articles using rivets, hand sewing, sewing machines, tools and adhesive."
393112,Leather Goods Makers,Restores and repairs leather articles.
393112,Leather Goods Makers,Designs patterns and prototypes of boots and shoes.
393112,Leather Goods Makers,Makes and grades patterns using manual and computerised methods.
393112,Leather Goods Makers,"Clicks synthetics, corrected grains, leather linings and leather outers by hand and machine."
393112,Leather Goods Makers,Alters and repairs footwear.
393113,Sail Makers,"Prepares sailcloth to design specifications, patterns and drawings."
393113,Sail Makers,Fabricates sails.
393114,Shoemakers,"Cuts and prepares canvas, leather to design specifications, patterns and drawings."
393114,Shoemakers,"Joins parts of leather articles using rivets, hand sewing, sewing machines, tools and adhesive."
393114,Shoemakers,Restores and repairs leather articles.
393114,Shoemakers,Designs patterns and prototypes of boots and shoes.
393114,Shoemakers,Makes and grades patterns using manual and computerised methods.
393114,Shoemakers,"Clicks synthetics, corrected grains, leather linings and leather outers by hand and machine."
393114,Shoemakers,Alters and repairs footwear.
393211,Apparel Cutters,"Confers with customers to determine material, styles and designs of garments."
393211,Apparel Cutters,"Interprets designs, sketches and samples to determine pattern specifications."
393211,Apparel Cutters,Cuts out master patterns.
393211,Apparel Cutters,Lays up and cuts fabric.
393212,Clothing Patternmakers,"Confers with customers to determine material, styles and designs of garments."
393212,Clothing Patternmakers,"Interprets designs, sketches and samples to determine pattern specifications."
393212,Clothing Patternmakers,Cuts out master patterns.
393213,Dressmakers and Tailors,"Confers with customers to determine material, styles and designs of garments."
393213,Dressmakers and Tailors,"Interprets designs, sketches and samples to determine pattern specifications."
393213,Dressmakers and Tailors,Cuts out master patterns.
393213,Dressmakers and Tailors,Lays up and cuts fabric.
393213,Dressmakers and Tailors,"Pins, bastes and drapes garment parts."
393213,Dressmakers and Tailors,Sews garments.
393213,Dressmakers and Tailors,Fits basted garments on customers and marks areas requiring alteration.
393213,Dressmakers and Tailors,"Sews buttonholes, and sews on buttons, hooks, eyes and press fasteners to finish garments."
393213,Dressmakers and Tailors,Pressing and finishing work.
393299,Other Clothing Trades Workers,"Confers with customers to determine material, styles and designs of garments."
393299,Other Clothing Trades Workers,"Interprets designs, sketches and samples to determine pattern specifications."
393299,Other Clothing Trades Workers,Cuts out master patterns.
393299,Other Clothing Trades Workers,Lays up and cuts fabric.
393299,Other Clothing Trades Workers,"Pins, bastes and drapes garment parts."
393299,Other Clothing Trades Workers,Sews garments.
393299,Other Clothing Trades Workers,Fits basted garments on customers and marks areas requiring alteration.
394211,Furniture Finishers,"Studies drawings, work orders and sample parts to determine specifications."
394211,Furniture Finishers,Determines tool and machine requirements and sequence of operations.
394211,Furniture Finishers,"Sets up woodworking machines and wood stock for correct cutting, planning, turning, shaping and sanding."
394211,Furniture Finishers,"Operates machines to cut, plane, turn, shape and sand work pieces."
394211,Furniture Finishers,"Removes old finishes by stripping with steel wool and glasspaper, and by applying solvents and paint strippers, and removing softened finishes by scraping."
394211,Furniture Finishers,"Applies varnish, shellac, lacquer, stains and paint to surfaces and polishes and waxes finished surfaces."
394212,Picture Framers,Fits and fastens frame pieces.
394212,Picture Framers,Mounts backing materials and subjects for framing.
394213,Wood Machinists,"Sets up woodworking machines and wood stock for correct cutting, planning, turning, shaping and sanding."
394213,Wood Machinists,"Operates machines to cut, plane, turn, shape and sand work pieces."
394213,Wood Machinists,"Removes old finishes by stripping with steel wool and glasspaper, and by applying solvents and paint strippers, and removing softened finishes by scraping."
394213,Wood Machinists,"Applying varnish, shellac, lacquer, stains and paint to surfaces and polishing and waxing finished surfaces."
394213,Wood Machinists,Fitting and fastening frame pieces.
394213,Wood Machinists,Mounting backing materials and subjects for framing.
394214,Wood Turners,"Sets up woodworking machines and wood stock for correct cutting, planning, turning, shaping and sanding."
394214,Wood Turners,"Operates machines to cut, plane, turn, shape and sand work pieces."
394299,Other Wood Machinists and Wood Trades Workers,"Studies drawings, work orders and sample parts to determine specifications."
394299,Other Wood Machinists and Wood Trades Workers,Determines tooling and machine requirements and sequence of operations.
394299,Other Wood Machinists and Wood Trades Workers,"Sets up woodworking machines and wood stock for correct cutting, planning, turning, shaping and sanding."
394299,Other Wood Machinists and Wood Trades Workers,"Operates machines to cut, plane, turn, shape and sand work pieces."
394299,Other Wood Machinists and Wood Trades Workers,"Removes old finishes by stripping with steel wool and glasspaper, and by applying solvents and paint strippers, and removing softened finishes by scraping."
394299,Other Wood Machinists and Wood Trades Workers,"Applies varnish, shellac, lacquer, stains and paint to surfaces and polishes and waxes finished surfaces."
399111,Boat Builders and Repairers,"Studies plans and specifications, and prepares templates and scale plans for fabrication and cutting of hull sections."
399111,Boat Builders and Repairers,Marks reference points and lines on dry docks and slipways.
399111,Boat Builders and Repairers,Checks position and functioning of slipway apparatus.
399111,Boat Builders and Repairers,Assembles shells of boats and erecting hull sections of ship.
399111,Boat Builders and Repairers,"Erects and prepares launching platforms, conducting pre-launch tests and supervising launching procedures."
399111,Boat Builders and Repairers,"Installs masts, frames, decking, fittings, machines, shafts and safety equipment."
399111,Boat Builders and Repairers,"Builds and installs structures such as cabins, machine mountings, propeller supports and rudders."
399111,Boat Builders and Repairers,Determines repair requirements and procedures.
399111,Boat Builders and Repairers,"May make hull moulds and fabricate and repair vessels using materials such as aluminium, wood, glass, reinforced plastics, carbon fibre, kevlar, fibreglass and concrete."
399112,Shipwrights,"Studies plans and specifications, and prepares templates and scale plans for fabrication and cutting of hull sections."
399112,Shipwrights,Marks reference points and lines on dry docks and slipways.
399112,Shipwrights,Checks position and functioning of slipway apparatus.
399112,Shipwrights,Assembles shells of boats and erecting hull sections of ship.
399112,Shipwrights,"Erects and prepares launching platforms, conducting pre-launch tests and supervising launching procedures."
399112,Shipwrights,"Installs masts, frames, decking, fittings, machines, shafts and safety equipment."
399112,Shipwrights,"Builds and installs structures such as cabins, machine mountings, propeller supports and rudders."
399112,Shipwrights,Determines repair requirements and procedures.
399112,Shipwrights,"May make hull moulds and fabricate and repair vessels using materials such as aluminium, wood, glass, reinforced plastics, carbon fibre, kevlar, fibreglass and concrete."
399211,Chemical Plant Operators,Controls equipment that performs continuous and batch processes to process chemicals.
399211,Chemical Plant Operators,"Controls the preparation, measuring and feeding of raw material and processing agents such as catalysts and filtering media into plant."
399211,Chemical Plant Operators,Patrols and inspects equipment to ensure proper operation and sets operating controls on equipment.
399211,Chemical Plant Operators,Analyses samples and readings and records test data.
399211,Chemical Plant Operators,"Controls records of production, quantities transferred and details of blending and pumping operations."
399211,Chemical Plant Operators,Checks equipment for malfunctions and arranges maintenance.
399212,Gas and Petroleum Operators,"Controls equipment that performs continuous and batch processes to process natural gas, manufacture refined petroleum products, and blend petroleum base stocks to produce commercial fuels, lubricating oils and asphalt."
399212,Gas and Petroleum Operators,"Controls the preparation, measuring and feeding of raw material and processing agents into plant."
399212,Gas and Petroleum Operators,Patrols and inspects equipment to ensure proper operation and sets operating controls on equipment.
399212,Gas and Petroleum Operators,Analyses samples and readings and records test data.
399212,Gas and Petroleum Operators,"Controls records of production, quantities transferred and details of blending and pumping operations."
399212,Gas and Petroleum Operators,Checks equipment for malfunctions and arranges maintenance.
399212,Gas and Petroleum Operators,"Writes reports and maintains records on equipment performance, instrument readings and switching operations."
399212,Gas and Petroleum Operators,Carries out routine operating tests.
399213,Power Generation Plant Operators,Operates power generation plant controls to produce required load.
399213,Power Generation Plant Operators,Monitors operation of power generation plant and interpreting instrument readings.
399213,Power Generation Plant Operators,Authorising procedures to isolate high-voltage and low-voltage electrical apparatus and plant.
399213,Power Generation Plant Operators,"Writes reports and maintains records on equipment performance, instrument readings and switching operations."
399213,Power Generation Plant Operators,Carrying out routine operating tests.
399311,Gallery and Museum Technicians,Mounts and prepares objects for display.
399311,Gallery and Museum Technicians,"Designs and arranges exhibit furnishings, display cases and display areas."
399311,Gallery and Museum Technicians,Assists in setting up lighting and display equipment.
399311,Gallery and Museum Technicians,"Receives, ships, packs and unpacks exhibits."
399312,Library Technicians,Orders new library materials and maintains library records and circulation systems.
399312,Library Technicians,Catalogues printed and recorded material.
399312,Library Technicians,Enters data into databases and edits computer records.
399312,Library Technicians,Operates audio-visual and reprographic equipment.
399312,Library Technicians,Searches and verifies bibliographic data.
399511,Broadcast Transmitter Operators,Operates microwave equipment to transmit video information to transmitter sites and receive video signals from remote locations.
399511,Broadcast Transmitter Operators,Maintains and repairs radio and television transmitters and associated equipment.
399512,"Camera Operators (Film, Television or Video)","Selects and attaches equipment to cameras, positions cameras, and follows the action of scenes being photographed while adjusting controls."
399513,Light Technicians,"Positions equipment, such as spotlights, floodlights and cables, and operates lights during filming, broadcasting and stage performances."
399514,Make Up Artists,"Applies and retouches make up during shootings and performances, including special effects make up such as scars and wounds."
399515,Musical Instrument Makers and Repairers,"Designs and makes musical instruments and instrument parts using specially selected materials and techniques similar to those used in cabinetmaking, metal pipe making, silver smithing and wood carving."
399515,Musical Instrument Makers and Repairers,Tunes and repairs musical instruments.
399516,Sound Technicians,"Sets up and adjusts equipment such as microphones, and operates sound mixing consoles and associated equipment to regulate volume and sound quality."
399516,Sound Technicians,"Selects and sets up television recording, editing and mixing equipment, and adjusts and monitors their operation."
399517,Television Equipment Operators,"Selects and sets up television recording, editing and mixing equipment, and adjusts and monitors their operation."
399599,Other Performing Arts Technicians,Operates microwave equipment to transmit video information to transmitter sites and receives video signals from remote locations.
399599,Other Performing Arts Technicians,Selects and attaches equipment to cameras.
399599,Other Performing Arts Technicians,"Positions equipment during filming, broadcasting and stage performances."
399599,Other Performing Arts Technicians,Dresses actors during shooting and performance.
399599,Other Performing Arts Technicians,"Sets up and adjusts equipment such as microphones, and booms."
399911,Divers,"Performs mechanical, construction, repair and inspection duties using hand tools, cutting and welding equipment and hydraulic or air powered equipment."
399911,Divers,Secures cables or floatation devices to objects to raise them to the surface.
399911,Divers,Dives in diving bells and operates articulated arms to perform tasks.
399911,Divers,Controls equipment at the surface for other divers.
399911,Divers,"Carries out other underwater duties such as surveys, searches, blasting and collection of scientific or exploratory samples and operates underwater equipment including video and television camera and sonar gear."
399912,Interior Decorators,Discusses design ideas and provides advice to clients.
399912,Interior Decorators,Analyses clients' requirements.
399912,Interior Decorators,"Plans and designs whole building interiors, rooms, shops, residential and leisure spaces."
399912,Interior Decorators,"Plans interior infrastructure such as lighting, air-conditioning and communication cabling."
399912,Interior Decorators,"Prepares drawings, samples and decorating instructions."
399912,Interior Decorators,Makes any necessary changes to the designs or drawings.
399912,Interior Decorators,Advises on hiring trades people.
399912,Interior Decorators,Designs furniture or fittings.
399912,Interior Decorators,Works with architects and other contractors at the early stages of designing an interior space.
399912,Interior Decorators,Keep up to date with trends and legal requirements in interior design.
399912,Interior Decorators,May be involved with project management.
399912,Interior Decorators,May run their own business.
399913,Optical Dispensers,Takes facial measurements and assists customer in choice of frame.
399913,Optical Dispensers,Shapes and fits lenses into frames.
399913,Optical Dispensers,"Repairs spectacles, and sells a range of optical goods."
399914,Optical Mechanics,Selects and assembles optical elements for instruments and fits them in position.
399914,Optical Mechanics,"Scrapes, files and laps mount of instrument to align optical elements."
399914,Optical Mechanics,"Centres, focuses, adjusts and calibrates instrument on standard targets."
399914,Optical Mechanics,Anchors lenses and other optical elements with adhesives or retaining ring.
399915,Photographer's Assistants,Assists qualified photographers in photo shoots.
399915,Photographer's Assistants,Sets up studio for shoots.
399915,Photographer's Assistants,Arranges cameras and film.
399915,Photographer's Assistants,Organises lighting and other photographic equipment.
399915,Photographer's Assistants,Locates props for photo shoots.
399915,Photographer's Assistants,Takes photos.
399915,Photographer's Assistants,Develops and print photos.
399915,Photographer's Assistants,Scans photos into a computer.
399915,Photographer's Assistants,Edits and formats pictures and saves them to disk.
399915,Photographer's Assistants,May mount photographs and set up exhibits.
399916,Plastics Technicians,Sets up the die (mould for shaping the product) to produce a plastic product.
399916,Plastics Technicians,Prepares the line-changing equipment.
399916,Plastics Technicians,Changes the equipment in the machines so they produce different products.
399916,Plastics Technicians,Starts up and shuts down the machines.
399916,Plastics Technicians,"Sets and records a machine's conditions such as heat, pressure and vacuum levels."
399916,Plastics Technicians,Makes sure the product complies with the specifications.
399916,Plastics Technicians,Fixes process problems if products do not meet the required standard.
399916,Plastics Technicians,Conducts basic quality control tests.
399916,Plastics Technicians,Fabricates equipment.
399916,Plastics Technicians,Designs equipment.
399916,Plastics Technicians,Fixes or organises the fixing of machines.
399917,Wool Classers,"Sorts wool into groups according to length, fibre thickness, breed and colour."
399917,Wool Classers,Places sorted wool into appropriate bins.
399917,Wool Classers,Presses the wool into bales.
399917,Wool Classers,Supervises the pressing and branding of wool bales.
399917,Wool Classers,"Operates wool-weighing, sampling and wool-blending machinery."
399917,Wool Classers,Keeps records of the wool bales pressed.
399917,Wool Classers,"Carries out minor maintenance on wool-weighing, sampling and wool-blending machines."
399917,Wool Classers,May be responsible for wool shed management.
399999,Technicians and Trades Workers (not covered elsewhere),Talks to clients about their needs.
399999,Technicians and Trades Workers (not covered elsewhere),Orders materials and equipment.
399999,Technicians and Trades Workers (not covered elsewhere),Designs and shapes the blank (polyurethane board).
399999,Technicians and Trades Workers (not covered elsewhere),Applies colour to the board.
399999,Technicians and Trades Workers (not covered elsewhere),Covers the blank with fibreglass cloth and resin.
399999,Technicians and Trades Workers (not covered elsewhere),Draws designs on tissue and transfers them onto the board.
399999,Technicians and Trades Workers (not covered elsewhere),Attaches fibreglass fins and/or fin systems.
399999,Technicians and Trades Workers (not covered elsewhere),Sands the board to achieve a smooth finish and sprays or brushes the board with a chemical finish.
411111,Ambulance Officers,"Attends accidents, emergencies and requests for medical assistance and provides pre-hospital care."
411111,Ambulance Officers,"Assesses health of patients, assesses need for assistance, specialised needs and factors affecting patients' conditions."
411111,Ambulance Officers,Performs therapies and administers drugs according to protocol.
411111,Ambulance Officers,Resuscitates and defibrillates patients and operates life-support equipment.
411111,Ambulance Officers,Transports accident victims to medical facilities.
411111,Ambulance Officers,Transports sick and disabled persons for specialised treatment and rehabilitation.
411111,Ambulance Officers,Instructs community groups and essential service workers in first aid.
411111,Ambulance Officers,Attends public events where accidents and other health emergencies may occur.
411111,Ambulance Officers,"Ensures that ambulances are adequately maintained and stocked with medical supplies, and that equipment is in good working order."
411111,Ambulance Officers,Prepares written reports on the state of patients' injuries and treatment.
411112,Intensive Care Ambulance Paramedics,"Attends accidents, emergencies and requests for medical assistance and provides pre-hospital care."
411112,Intensive Care Ambulance Paramedics,"Assesses health of patients, assesses need for assistance, specialised needs and factors affecting patients' conditions."
411112,Intensive Care Ambulance Paramedics,Performs therapies and administers drugs according to protocol.
411112,Intensive Care Ambulance Paramedics,Resuscitates and defibrillates patients and operates life-support equipment.
411112,Intensive Care Ambulance Paramedics,Transports accident victims to medical facilities.
411112,Intensive Care Ambulance Paramedics,Transports sick and disabled persons for specialised treatment and rehabilitation.
411112,Intensive Care Ambulance Paramedics,Instructs community groups and essential service workers in first aid.
411112,Intensive Care Ambulance Paramedics,Attends events where accidents and other health emergencies may occur.
411112,Intensive Care Ambulance Paramedics,"Ensures that ambulances are adequately maintained and stocked with medical supplies, and that equipment is in good working order."
411112,Intensive Care Ambulance Paramedics,Prepares written reports on the state of patients' injuries and treatment.
411211,Dental Hygienists,"Provides educational programmes to motivate children, parents and the community in matters relating to oral health."
411211,Dental Hygienists,Provides fluoride therapy by applying re-mineralising solutions and desensitising agents.
411211,Dental Hygienists,Removes deposits from teeth.
411212,Dental Prosthetists,Takes impressions of the mouth.
411212,Dental Prosthetists,Takes dental radiographs.
411212,Dental Prosthetists,Fabricates full and partial dentures.
411212,Dental Prosthetists,"Constructs mouth guards, crowns, metal clasps, inlays, bridgework and other aids."
411212,Dental Prosthetists,Repairs and relines denture bases.
411213,Dental Technicians,"Dental technicians work from a mould of a client's mouth made by a dentist or a clinical dental technician, and custom-make a wide range of appliances for the mouth, including: removable partial dentures."
411213,Dental Technicians,Crowns (covers for broken or damaged teeth).
411213,Dental Technicians,Dentures.
411213,Dental Technicians,Removable orthodontic appliances (plates with wires to straighten teeth).
411213,Dental Technicians,Mouthguards.
411213,Dental Technicians,Splints for broken or cracked jawbones.
411213,Dental Technicians,Anti-snoring devices.
411213,Dental Technicians,Teeth whitening trays. clinical dental technicians: assess oral tissue.
411213,Dental Technicians,Recognise abnormal conditions of the mouth.
411213,Dental Technicians,Take impressions of teeth.
411213,Dental Technicians,"Make partial dentures, full dentures and other oral devices."
411213,Dental Technicians,Reline dentures that are ill-fitting.
411214,Dental Therapists,"Provides educational programmes to motivate children, parents and the community in matters relating to oral health."
411214,Dental Therapists,Provides fluoride therapy by applying re-mineralising solutions and desensitising agents.
411214,Dental Therapists,Removes deposits from teeth.
411214,Dental Therapists,Applies non-invasive fissure sealants to teeth.
411214,Dental Therapists,Takes impressions of the mouth.
411214,Dental Therapists,Takes dental radiographs.
411411,Enrolled Nurses,"Assesses, plans and implements nursing care for patients according to accepted nursing practice and standards."
411411,Enrolled Nurses,"Provides interventions, treatments and therapies such as administering medications, and monitoring responses to treatments and care plans."
411411,Enrolled Nurses,Assists registered nurses and other team members to co-ordinate and evaluate care provided.
411412,Mothercraft Nurses,Promotes and assists in health education activities for the prevention of ill health.
411412,Mothercraft Nurses,"Bathes, feeds, changes and settles newborn infants."
411412,Mothercraft Nurses,Provides advice and training on infant care to parents of newborn infants.
411412,Mothercraft Nurses,Provides emotional support to parents of newborn infants.
411711,Community Workers,"Assesses community needs and resources for health, welfare, housing, employment, training and other facilities and services."
411711,Community Workers,"Liaises with community groups, welfare agencies, government bodies and private businesses about community issues and promotes awareness of community resources and services."
411712,Disabilities Services Officers,"Supports families and provides education and care for disabled persons in adult service units, group housing and government institutions."
411712,Disabilities Services Officers,"Assesses clients' needs and plans, develops and implements educational, training and support programs."
411712,Disabilities Services Officers,Interviews clients and assesses the nature and extent of difficulties.
411712,Disabilities Services Officers,Monitors and reports on the progress of clients.
411713,Family Support Workers,"Assesses clients' needs and plans, develops and implements educational, training and support programs."
411713,Family Support Workers,Interviews clients and assesses the nature and extent of difficulties.
411713,Family Support Workers,Monitors and reports on the progress of clients.
411713,Family Support Workers,Refers clients to agencies that can provide additional help.
411714,Parole and Probation Officers,Supervises offenders on probation and parole.
411714,Parole and Probation Officers,"Assesses clients' needs and plans develops and implements educational, training and support programmes."
411714,Parole and Probation Officers,Interviews clients and assesses the nature and extent of difficulties.
411714,Parole and Probation Officers,Monitors and reports on the progress of clients.
411714,Parole and Probation Officers,Refers clients to agencies that can provide additional help.
411714,Parole and Probation Officers,Completes administrative work which may include written correspondence and reports.
411715,Residential Care Officers,"Supports families and provides education and care for children and disabled persons in adult service units, group housing and government institutions."
411715,Residential Care Officers,"Assesses clients' needs and plans, develops and implements educational, training and support programmes."
411715,Residential Care Officers,Interviews clients and assesses the nature and extent of difficulties.
411715,Residential Care Officers,Monitors and reports on the progress of clients.
411716,Youth Workers,"Assists young people to solve social, emotional and financial problems."
411716,Youth Workers,"Assesses clients' needs and plans, develops and implements educational, training and support programs."
411716,Youth Workers,Interviews clients and assesses the nature and extent of difficulties.
411716,Youth Workers,Monitors and reports on the progress of clients.
411716,Youth Workers,Refers clients to agencies that can provide additional help.
421111,Child Care Workers,Assists in the preparation of materials and equipment for children's education and recreational activities.
421111,Child Care Workers,Manages children's behaviour and guides children's social development.
421111,Child Care Workers,Prepares and conducts activities for children.
421111,Child Care Workers,Entertains children by reading and playing games.
421111,Child Care Workers,Supervises children in recreational activities.
421111,Child Care Workers,Supervises the daily routine of children.
421111,Child Care Workers,Supervises the hygiene of children.
421112,Family Day Care Workers,Assists in the preparation of materials and equipment for children's education and recreational activities.
421112,Family Day Care Workers,Manages children's behaviour and guides children's social development.
421112,Family Day Care Workers,Prepares and conducts activities for children.
421112,Family Day Care Workers,Entertains children by reading and playing games.
421112,Family Day Care Workers,Supervises children in recreational activities.
421112,Family Day Care Workers,Supervises the daily routine of children.
421112,Family Day Care Workers,Supervises the hygiene of children.
421113,Nannies,Assists in the preparation of materials and equipment for children's education and recreational activities.
421113,Nannies,Manages children's behaviour and guides children's social development.
421113,Nannies,Prepares and conducts activities for children.
421113,Nannies,Entertains children by reading and playing games.
421113,Nannies,Supervises children in recreational activities.
421113,Nannies,Supervises the daily routine of children.
421113,Nannies,Supervises the hygiene of children.
421114,Out of School Hours Care Workers,Assists in the preparation of materials and equipment for children's education and recreational activities.
421114,Out of School Hours Care Workers,Manages children's behaviour and guides children's social development.
421114,Out of School Hours Care Workers,Prepares and conducts activities for children.
421114,Out of School Hours Care Workers,Entertains children by reading and playing games.
421114,Out of School Hours Care Workers,Supervises children in recreational activities.
421114,Out of School Hours Care Workers,Supervises the daily routine of children.
421114,Out of School Hours Care Workers,Supervises the hygiene of children.
422112,Integration Aides,"Demonstrates, supervises and participates in activities which enhance the physical, social, emotional and intellectual development of children in schools and preschool centres."
422112,Integration Aides,Prepares indoor and outdoor areas for learning and recreational activities.
422112,Integration Aides,"Assists children with intellectual, physical and behavioural difficulties with their academic studies."
422112,Integration Aides,Assists children individually to learn social skills.
422115,Preschool Aides,"Demonstrates, supervises and participates in activities which enhance the physical, social, emotional and intellectual development of children in schools and pre-school centres."
422115,Preschool Aides,Prepares indoor and outdoor areas for learning and recreational activities.
422115,Preschool Aides,"Assists children with intellectual, physical and behavioural difficulties with their academic studies."
422115,Preschool Aides,Assists children individually to learn social skills.
422115,Preschool Aides,"Assists with preparing teaching aids, and copying and collating written and printed material."
422115,Preschool Aides,Distributes and collects lesson materials.
422116,Teachers' Aides,"Demonstrates, supervises and participates in activities which enhance the physical, social, emotional and intellectual development of children in schools and preschool centres."
422116,Teachers' Aides,Prepares indoor and outdoor areas for learning and recreational activities.
422116,Teachers' Aides,"Assists children with intellectual, physical and behavioural difficulties with their academic studies."
422116,Teachers' Aides,Assists children individually to learn social skills.
422116,Teachers' Aides,"Assists with preparing teaching aids, and copying and collating written and printed material."
422116,Teachers' Aides,Distributes and collects lesson materials.
423311,Hospital orderlies,"Assists patients with their personal care needs such as showering, dressing and eating."
423311,Hospital orderlies,Assists patients with their mobility and communication needs.
423311,Hospital orderlies,Moves patients around the facility by pushing them in wheelchairs or in mobile beds.
423311,Hospital orderlies,Moves equipment around the facility.
423311,Hospital orderlies,Performs generally manual support tasks at the direction of medical staff.
423312,Nursing Support Workers,"Assists patients with their personal care needs such as showering, dressing and eating."
423312,Nursing Support Workers,Assists patients with their mobility and communication needs.
423312,Nursing Support Workers,Participates in planning the care of individuals.
423312,Nursing Support Workers,Follows therapy plans such as interventions to assist those with dementia and behavioural problems.
423312,Nursing Support Workers,"Observes and reports changes in patients' conditions, and reports complaints about care."
423312,Nursing Support Workers,Assists with rehabilitation exercises.
423312,Nursing Support Workers,Provides basic treatment and delivery of medications.
423313,Personal Care Assistants,"Assists with personal care needs such as showering, dressing, eating, mobility, communication."
423313,Personal Care Assistants,Participates in care planning.
423313,Personal Care Assistants,Follows therapy plans i.e. interventions to assist those with dementia and behavioural problems.
423313,Personal Care Assistants,Observes/reports changes in patients' condition.
423313,Personal Care Assistants,Reports complaints about care.
423313,Personal Care Assistants,"Assists with rehabilitation exercises, basic treatment and delivery of medications."
423314,Therapy Aides,Assists patients with their mobility and communication needs.
423314,Therapy Aides,"Assists with rehabilitation exercises, basic treatment and delivers medications."
423314,Therapy Aides,Provides direct support and assistance to therapists.
423314,Therapy Aides,"Observes and reports changes in patients' condition, and reports complaints about care."
423411,Child and Youth Residential Care Assistants,Plans and implements programmes of supervision and care for children in residential care.
423411,Child and Youth Residential Care Assistants,"Supervises and arranges activities to enhance the physical, social, emotional and intellectual development of children in residential care."
423411,Child and Youth Residential Care Assistants,"Wakes children and ensures they are washed, dressed, fed and ready for educational and recreational activities."
423411,Child and Youth Residential Care Assistants,Supervises children during domestic activities such as eating meals and showering.
423411,Child and Youth Residential Care Assistants,"Maintains discipline, enforces regulations and behaviour standards, compiles disciplinary reports and assists in implementing remedial measures."
423412,Hostel Parents,Plans and implements programmes of supervision and care for children in residential care.
423412,Hostel Parents,"Supervises and arranges activities to enhance the physical, social, emotional and intellectual development of children in residential care."
423412,Hostel Parents,"Wakes children and ensures they are washed, dressed, fed and ready for educational and recreational activities."
423412,Hostel Parents,Supervises children during domestic activities such as eating meals and showering.
423412,Hostel Parents,"Maintains discipline, enforces regulations and behaviour standards, compiles disciplinary reports and assists in implementing remedial measures."
423413,Refuge Workers,Organises refuge accommodation.
423413,Refuge Workers,Provides emotional support to residents of refuges.
423413,Refuge Workers,Refers residents of refuges for health and welfare assistance and ensures security of refuge.
431111,Bar Attendants,"Prepares, serves and sells cocktails, mixed drinks, bottled, canned and other alcoholic and non-alcoholic beverages, and a variety of coffee beverages such as lattes, cappuccinos and other espresso-based beverages."
431111,Bar Attendants,"Cleans and maintains bar service area, coffee-making area and espresso machine."
431111,Bar Attendants,Collects payment for sales and operates cash registers.
431111,Bar Attendants,Promotes services and products.
431111,Bar Attendants,Washes glassware and arranges bottles and glasses.
431111,Bar Attendants,Taps kegs and attaches supply lines.
431111,Bar Attendants,"Replenishes drink dispensers, shelves and refrigerators."
431111,Bar Attendants,Sells light snacks.
431111,Bar Attendants,Selects and grinds coffee.
431112,Baristas,"Prepares, serves and sells a variety of coffee beverages such as lattes, cappuccinos and other espresso-based beverages."
431112,Baristas,"Cleans and maintains bar service area, coffee-making area and espresso machine."
431112,Baristas,Collects payment for sales and operates cash registers.
431112,Baristas,Promotes services and products.
431112,Baristas,Sells light snacks.
431112,Baristas,Selects and grinds coffee.
431911,Bar Usefuls and Bussers,Prepares service areas by cleaning and laying tables.
431911,Bar Usefuls and Bussers,"Removes used plates, cutlery and glassware from tables, wipes up bar areas and tables."
431911,Bar Usefuls and Bussers,Empties rubbish containers and ashtrays.
431911,Bar Usefuls and Bussers,Washes up spills or sweeps up broken glass.
431912,Doorpersons and Luggage Porters,Escorts guests or residents to their rooms.
431912,Doorpersons and Luggage Porters,Assists with baggage.
431912,Doorpersons and Luggage Porters,Advises guests or residents of in-house facilities and local attractions.
431912,Doorpersons and Luggage Porters,"Receives and distributes mail, telegrams, packages and messages to rooms."
431912,Doorpersons and Luggage Porters,Delivers newspapers to rooms and lounges.
431912,Doorpersons and Luggage Porters,May clean patrons' shoes and arrange cleaning and laundering of clothing.
431912,Doorpersons and Luggage Porters,Runs errands as directed.
431912,Doorpersons and Luggage Porters,May clean public areas.
431999,Hospitality Workers (not covered elsewhere),Greets customers and determines their requirements.
431999,Hospitality Workers (not covered elsewhere),Checks in garments and other items and issues tracking ticket.
431999,Hospitality Workers (not covered elsewhere),Answers enquiries on events and may distribute programmes and information.
431999,Hospitality Workers (not covered elsewhere),May assist with a range of duties involved in the operation of a bar.
441211,Emergency Service Workers,Attends the scene of fires and other emergencies.
441211,Emergency Service Workers,Rescues and evacuates people stranded or trapped in dangerous situations.
441211,Emergency Service Workers,"Operates pumps, sprays water, foam and chemicals from hoses, portable extinguishers and other appliances to extinguish fires and to disperse or neutralise dangerous substances."
441211,Emergency Service Workers,Cuts openings in buildings and crashed vehicles to free occupants.
441211,Emergency Service Workers,Maintains site security systems.
441211,Emergency Service Workers,Administers first aid.
441211,Emergency Service Workers,"Attends and participates in training activities, rescue classes, drills, demonstrations and courses in emergency and fire-fighting techniques."
441211,Emergency Service Workers,Trains recruits in emergency procedures and practices.
441211,Emergency Service Workers,Visits buildings and potential fire hazards to study access points and locations of hydrants.
441211,Emergency Service Workers,Maintains tools and equipment.
441212,Fire Fighters,Attends the scene of fires and other emergencies.
441212,Fire Fighters,Rescues and evacuates people stranded or trapped in dangerous situations.
441212,Fire Fighters,"Operates pumps, sprays water, foam and chemicals from hoses, portable extinguishers and other appliances to extinguish fires and to disperse or neutralise dangerous substances."
441212,Fire Fighters,Cuts openings in buildings and crashed vehicles to free occupants.
441212,Fire Fighters,Maintains site security systems.
441212,Fire Fighters,Administers first aid.
441212,Fire Fighters,"Attends and participates in training activities, rescue classes, drills, demonstrations and courses in emergency and fire-fighting techniques."
441212,Fire Fighters,Trains recruits in emergency procedures and practices.
441212,Fire Fighters,Visits buildings and potential fire hazards to study access points and locations of hydrants.
441212,Fire Fighters,Maintains tools and equipment.
441311,Detectives,Investigates and prosecutes offences.
441311,Detectives,Secures and examines scenes of crimes and accidents to obtain evidence.
441311,Detectives,Protects witnesses and investigates official corruption.
441311,Detectives,Maintains public order and safety.
441311,Detectives,Patrols assigned areas to minimise potential for public disturbance and crime.
441311,Detectives,"Investigates accidents, crimes, minor offences and citizens' complaints, gathering evidence, and pursuing, arresting and interviewing suspected offenders."
441311,Detectives,Tests persons suspected of driving under the influence of alcohol and drugs and issues infringement notices for traffic offences.
441311,Detectives,Directs and re-routes traffic at congested areas.
441311,Detectives,Attends community meetings and answers inquiries.
441311,Detectives,Gives advice and assistance to victims of crime and their families.
441311,Detectives,Maintains records and prepares reports.
441312,Police Officers,Investigates and prosecutes offences.
441312,Police Officers,Secures and examines crime and accident scenes to obtain evidence.
441312,Police Officers,Protects witnesses and investigates corruption.
441312,Police Officers,Maintains public order and safety.
441312,Police Officers,Patrols assigned areas to prevent public disturbance and crime.
441312,Police Officers,"Investigates accidents, crimes, minor offences and citizens' complaints, gathering evidence, and pursuing, arresting and interviewing suspected offenders."
441312,Police Officers,Tests drivers suspected of using alcohol/other drugs and issues infringement notices for traffic offences.
441312,Police Officers,Directs and re-routes traffic at congested areas.
441312,Police Officers,Attends meetings and answers inquiries.
441312,Police Officers,Provides advice and assistance to crime victims and their families.
441312,Police Officers,Keeps records and prepares reports.
442211,"Alarm, Security and Surveillance Monitors","Watches for irregularities such as broken water-pipes and fire hazards and takes action to prevent fire, accidental loss or criminal activity."
442211,"Alarm, Security and Surveillance Monitors","Monitors alarms and contacts supervisors, police and fire brigades by radio or phone if security is breached or fire is detected."
442212,Armoured Car Escorts,"Picks up and ensures the safe delivery of cash, payroll and valuables."
442213,Crowd Controllers,Issues security passes to authorised visitors and gives directions.
442213,Crowd Controllers,Maintains order at venues where there are large gatherings of people.
442214,Private Investigators,"Investigates shoplifting, theft, dishonesty or other undesirable conduct."
442214,Private Investigators,"Makes inquiries concerning property and seeks, obtains or supplies information pertaining to the personal character, financial position, occupation or whereabouts of any person."
442215,Retail Loss Prevention Officers,Detects and investigates theft and other unlawful acts carried out in retail establishments.
442215,Retail Loss Prevention Officers,Apprehends offenders and calls police.
442215,Retail Loss Prevention Officers,Prepares reports.
442216,Security Consultants,Advises clients on security requirements and designing security specifications.
442217,Security Officers,Patrols areas and keeps watch for people acting suspiciously.
442217,Security Officers,"Watches for irregularities such as broken water-pipes and fire hazards and takes action to prevent fire, accidental loss or criminal activity."
442217,Security Officers,May make arrests where authorised by law.
442217,Security Officers,"Conveys, or guards messengers conveying, valuables to and from banks or other establishments."
442217,Security Officers,May sweep floors and supervise heating plants.
442299,Other Security Workers,"Patrols property and checks doors, windows and gates for unauthorised entry."
442299,Other Security Workers,Watches for irregularities.
442299,Other Security Workers,Advises clients on security requirements and designs security specifications.
442299,Other Security Workers,Protects a person or group by physically intervening with their own body in hostile situation.
451311,Funeral Directors,"Interviews families and associates of deceased to assist with funeral arrangements such as selection of coffin, type of service and publication of death notices."
451311,Funeral Directors,Advise on funeral costs and welfare provisions.
451311,Funeral Directors,Collects bodies from mortuaries.
451311,Funeral Directors,"Ensures death certificates have been issued, burial and cremation certificates processed and that other legal requirements are met."
451311,Funeral Directors,"Prepares bodies for viewing and burial by washing, draining body fluids, applying padding and cosmetics, dressing bodies and placing them in coffins."
451311,Funeral Directors,"Liaise with clergy, cemetery and crematorium staff."
451311,Funeral Directors,"Co-ordinates movement of coffins and funeral cars, arranges floral displays and collects attendance and tribute cards."
451311,Funeral Directors,"Arranges placement of coffins at funeral sites, and placing and adjusting of floral displays and lighting."
451311,Funeral Directors,Keeps records and accounts of transactions and services performed.
451311,Funeral Directors,May arrange construction of memorials and the disposal of ashes.
451399,Funeral Workers (Other),"Interviews families and associates of the deceased to assist with funeral arrangements such as the selection of coffin, type of service and publication of death notices."
451399,Funeral Workers (Other),Advise on funeral costs and welfare provisions.
451399,Funeral Workers (Other),Collects bodies from mortuaries.
451399,Funeral Workers (Other),"Ensures death certificates have been issued, burial and cremation certificates processed and that other legal requirements are met."
451399,Funeral Workers (Other),"Prepares bodies for viewing and burial by washing, draining body fluids, applying padding and cosmetics, dressing bodies and placing them in coffins."
451399,Funeral Workers (Other),"Liaise with clergy, cemetery and crematorium staff."
451399,Funeral Workers (Other),"Co-ordinates the movement of coffins and funeral cars, arranges floral displays and collects attendance and tribute cards."
451399,Funeral Workers (Other),"Arranges the placement of coffins at funeral sites, and the placing and adjusting of floral displays and lighting."
451399,Funeral Workers (Other),Keeps records and accounts of transactions and services performed.
451399,Funeral Workers (Other),May arrange the construction of memorials and the disposal of ashes.
451411,Gallery and Museum Guides,Meets and greets visitors.
451411,Gallery and Museum Guides,Controls visitors' access to exhibits.
451411,Gallery and Museum Guides,"Plans, organises and conducts tours."
451411,Gallery and Museum Guides,Arranges entry to places of interest.
451411,Gallery and Museum Guides,"Answers questions, provides commentaries, issues brochures and tour literature, shows audio-visual presentations, and explains components and procedures at tour sites."
451411,Gallery and Museum Guides,May assist with installing and dismantling exhibits.
451412,Tour Guides,Meets and greets visitors.
451412,Tour Guides,Controls visitors' access to exhibits.
451412,Tour Guides,Plans and rearranges schedules and itineraries.
451412,Tour Guides,"Plans, organises and conducts tours."
451412,Tour Guides,Arranges transportation and accommodation for visitors following planned itineraries.
451412,Tour Guides,Arranges entry to places of interest.
451412,Tour Guides,"Answers questions, provides commentaries, issues brochures and tour literature, shows audio-visual presentations, and explains components and procedures at tour sites."
451412,Tour Guides,May assist with installing and dismantling exhibits.
451511,Natural Remedy Consultants,Interviews clients to work out their needs.
451511,Natural Remedy Consultants,"Treats emotional, psychological and physical imbalances of the body using natural techniques and diagnostic methods."
451511,Natural Remedy Consultants,Monitors and corrects imbalances in the body using muscle testing techniques.
451512,Weight Loss Consultants,Interviews clients to work out their needs.
451512,Weight Loss Consultants,Monitors and corrects imbalances in the body using muscle testing techniques.
451512,Weight Loss Consultants,Advises clients on dietary requirements and exercise programs.
451512,Weight Loss Consultants,Records clients' weight and measurements.
451512,Weight Loss Consultants,Instructs clients on the use of exercise equipment.
451512,Weight Loss Consultants,Provides support and counselling.
451611,Tourist Information Officers,"Answers inquiries from tourists and offers suggestions about tours, travel routes, accommodation and local customs."
451611,Tourist Information Officers,Provides literature and information on local and inter-island tours and places of interest.
451611,Tourist Information Officers,Discusses transport availability and cost.
451611,Tourist Information Officers,May work in a call centre.
451612,Travel Consultants,"Determines clients' requirements for travel, accommodation and special interests."
451612,Travel Consultants,"Suggests itineraries based on available travel routes, availability and convenience of transport and cost."
451612,Travel Consultants,"Makes and confirms travel and accommodation reservations and informs clients of bus, plane, ship and train connections."
451612,Travel Consultants,"Notifies clients of travel dates, baggage limits, and medical and visa requirements."
451612,Travel Consultants,"Provides information on tourist attractions and tour availability, and procedures for dealing with lost and stolen documents."
451612,Travel Consultants,Assists with travel clearances.
451612,Travel Consultants,"Collects payments and issues clients' itineraries, relevant documentation, tickets for travel and vouchers for accommodation."
451612,Travel Consultants,"Provides information on travel insurance, relevant government regulations such as customs regulations, and use of credit cards and traveller's cheques."
451612,Travel Consultants,"Answers inquiries from tourists and offers suggestions about tours, travel routes, accommodation and local customs."
451612,Travel Consultants,Provides literature and information on local and national tours and places of interest.
451612,Travel Consultants,Discusses transport availability and cost.
451711,Flight Attendants,Checks passengers' tickets and directs them to seats.
451711,Flight Attendants,"Receives and stows food, equipment and cabin baggage."
451711,Flight Attendants,Makes public announcements.
451711,Flight Attendants,Conducts safety checks and demonstrations of safety equipment and procedures.
451711,Flight Attendants,"Carries out emergency procedures, assists and directs passengers in emergencies."
451711,Flight Attendants,"Distributes reading material, pillows, blankets and other amenities for the comfort of passengers."
451711,Flight Attendants,"Operates galleys, prepares and heats food for passengers and serves refreshments and meals."
451711,Flight Attendants,Co-ordinates the sale of goods to passengers.
451711,Flight Attendants,Manages the completion of any customs and immigration documentation which may be required.
451711,Flight Attendants,Tidies aircraft.
451799,Other Travel Attendants,Checks passengers' tickets and directs them to seats and cabins.
451799,Other Travel Attendants,"Receives and stows food, equipment and cabin baggage."
451799,Other Travel Attendants,Makes public announcements.
451799,Other Travel Attendants,Conducts safety checks and demonstrations of safety equipment and procedures.
451799,Other Travel Attendants,Assists passengers in emergency drills.
451799,Other Travel Attendants,"Carries out emergency procedures, assists and directs passengers in emergencies."
451799,Other Travel Attendants,"Distributes reading material, pillows, blankets and other amenities for the comfort of passengers."
451799,Other Travel Attendants,"Operates galleys, prepares and heats food for passengers and serves refreshments and meals."
451799,Other Travel Attendants,Co-ordinates the sale of goods to passengers.
451799,Other Travel Attendants,Manages the completion of any customs and immigration documentation which may be required.
451799,Other Travel Attendants,Tidies ship and railway cabins.
451811,Civil Celebrants,Prepares ceremonies in conjunction with the client.
451811,Civil Celebrants,"Performs civil marriage ceremonies, funerals, commitment ceremonies, namings and other ceremonies."
451811,Civil Celebrants,Maintains appropriate records.
451812,Hair and Beauty Salon Assistants,"Discusses client needs, analyses skin characteristics and advises on suitable skin care, treatments and application of make-up."
451812,Hair and Beauty Salon Assistants,Applies general cosmetic and corrective make-up.
451812,Hair and Beauty Salon Assistants,"Performs manicures and pedicures such as decorative nail art, application of artificial nails, nail repair, and other specialised hand and foot treatments."
451812,Hair and Beauty Salon Assistants,Performs facial and body treatments such as massages.
451812,Hair and Beauty Salon Assistants,"Treats unwanted hair through waxing, bleaching, tinting, depilation and electrolysis."
451812,Hair and Beauty Salon Assistants,Evaluates beauty therapy processes and products.
451812,Hair and Beauty Salon Assistants,"Receives bookings, arranges appointments and maintains client records."
451812,Hair and Beauty Salon Assistants,Provides advice on and selling cosmetic products.
451814,Body Artists,Explains tattooing procedure to client.
451814,Body Artists,Ensures client is certain about wanting a tattoo.
451814,Body Artists,"Helps the client chose an image, interprets the client's ideas to form a suitable image, copy or design image for the client, resizes image to fit the body part it is going on and makes a stencil of the image."
451814,Body Artists,Shaves the area being tattooed and applies disinfectant to the skin.
451814,Body Artists,Puts the stencil on the skin to ensure it fits with the body part.
451814,Body Artists,Solders the group of needles onto the needle bar.
451814,Body Artists,"Draws the outline, colouring and shadowing of the tattoo with inked needles."
451814,Body Artists,Applies cream and antiseptic covers to the finished tattoo.
451814,Body Artists,Tells clients how to properly care for the tattoo.
451814,Body Artists,Ensures all sterilisation equipment is kept in good working order.
451814,Body Artists,"Ensures the studio and equipment meets with sterilisation, waste management and health and safety standards."
451814,Body Artists,Trains people.
451815,First Aid Trainers,"Researches, plans, develops and implements first aid curriculum."
451815,First Aid Trainers,Facilitates practical experience.
451815,First Aid Trainers,Evaluates ongoing and changing educational needs and monitors course outcomes.
451815,First Aid Trainers,Participates in developing and implementing policies affecting first aid.
451816,Religious Assistants,Conducts services of worship and acknowledgment of faith.
451816,Religious Assistants,"Delivers sermons, homilies, special talks, and plans music for services."
451816,Religious Assistants,"Participates in activities of communities, encourages people to be aware of their responsibilities, and organises community projects."
451816,Religious Assistants,"Conducts classes of religious instruction, and supervises prayer and discussion groups, retreats and seminars."
451816,Religious Assistants,Conducts premarital and family counselling and refers people to professional service agencies where necessary.
451816,Religious Assistants,"Assists with performance of marriages, funerals and special memorial services according to tradition and ecclesiastical and civil law."
451816,Religious Assistants,"Visits members of the community in their homes, hospitals and other institutions to provide advice and religious comfort."
451816,Religious Assistants,Keeps records as required by the church and civil law.
452212,Fishing Guides,Meets and introduces members of a tour on arrival.
452212,Fishing Guides,Organises and supervises groups involved in outdoor fishing adventures.
452212,Fishing Guides,"Sets up and maintains equipment, and ensures equipment is safe and in working condition."
452212,Fishing Guides,Demonstrates and provides instruction in the use of equipment and techniques required for participation.
452212,Fishing Guides,"Provides advice on safety measures, and ensures activities are conducted in a manner to minimise risk to participants."
452212,Fishing Guides,Responds to emergencies by providing first aid assistance and takes appropriate further action if required.
452212,Fishing Guides,Answers questions and advises on local interest points.
452212,Fishing Guides,May maintain written reports of daily activities and carry out other administrative work.
452213,Hunting Guides,Meets members of a tour on arrival and makes introductions.
452213,Hunting Guides,Organises and supervises groups involved in outdoor hunting adventures.
452213,Hunting Guides,"Sets up and maintains equipment, and ensures that equipment is safe and in working condition."
452213,Hunting Guides,Demonstrates and provides instruction in the use of equipment and techniques required for participation.
452213,Hunting Guides,"Provides advice on safety measures, and ensures that activities are conducted in a manner to minimise risk to participants."
452213,Hunting Guides,Responds to emergencies by providing first aid assistance and takes appropriate further action if required.
452213,Hunting Guides,Answers questions and advises on local interest points within a specific region.
452213,Hunting Guides,May maintain written reports of daily activities and carry out other administrative work.
452214,Mountain and Glacier Guides,Meets members of a tour on arrival and makes introductions.
452214,Mountain and Glacier Guides,Organises and supervises groups involved in outdoor mountaineering and trekking adventures.
452214,Mountain and Glacier Guides,"Sets up and maintains equipment, and ensures that equipment is safe and in working condition."
452214,Mountain and Glacier Guides,Demonstrates and provides instruction in the use of equipment and techniques required for participation.
452214,Mountain and Glacier Guides,"Provides advice on safety measures, and ensures that activities are conducted in a manner to minimise risk to participants."
452214,Mountain and Glacier Guides,Responds to emergencies by providing first aid assistance and takes appropriate further action if required.
452214,Mountain and Glacier Guides,Answers questions and advises on local interest points within a specific region.
452214,Mountain and Glacier Guides,May maintain written reports of daily activities and carry out other administrative work.
452215,Outdoor Adventure Instructors,Meets members of a tour on arrival and makes introductions.
452215,Outdoor Adventure Instructors,"Organises and supervises groups involved in outdoor adventures such as bungy jumping, fishing and hunting, mountaineering, trekking and white-water rafting."
452215,Outdoor Adventure Instructors,"Sets up and maintains equipment, and ensures that equipment is safe and in working condition."
452215,Outdoor Adventure Instructors,Demonstrates and provides instruction in the use of equipment and techniques required for participation.
452215,Outdoor Adventure Instructors,"Provides advice on safety measures, and ensures that activities are conducted in a manner to minimise risk to participants."
452215,Outdoor Adventure Instructors,Responds to emergencies by providing first aid assistance and takes appropriate further action if required.
452215,Outdoor Adventure Instructors,Answers questions and advises on local interest points within a specific region.
452215,Outdoor Adventure Instructors,May maintain written reports of daily activities and carry out other administrative work.
452216,Trekking Guides,Meets members of a tour on arrival and makes introductions.
452216,Trekking Guides,Organises and supervises groups involved in outdoor trekking adventures.
452216,Trekking Guides,"Sets up and maintains equipment, and ensures that equipment is safe and in working condition."
452216,Trekking Guides,Demonstrates and provides instruction in the use of equipment and techniques required for participation.
452216,Trekking Guides,"Provides advice on safety measures, and ensures that activities are conducted in a manner to minimise risk to participants."
452216,Trekking Guides,Responds to emergencies by providing first aid assistance and takes appropriate further action if required.
452216,Trekking Guides,Answers questions and advises on local interest points within a specific region.
452216,Trekking Guides,May maintain written reports of daily activities and carry out other administrative work.
452217,Whitewater Rafting Guides,Meets members of a tour on arrival and makes introductions.
452217,Whitewater Rafting Guides,Organises and supervises groups involved in white-water rafting outdoor adventures.
452217,Whitewater Rafting Guides,"Sets up and maintains equipment, and ensures that equipment is safe and in working condition."
452217,Whitewater Rafting Guides,Demonstrates and provides instruction in the use of equipment and techniques required for participation.
452217,Whitewater Rafting Guides,"Provides advice on safety measures, and ensures that activities are conducted in a manner to minimise risk to participants."
452217,Whitewater Rafting Guides,Responds to emergencies by providing first aid assistance and takes appropriate further action if required.
452217,Whitewater Rafting Guides,Answers questions and advises on local interest points within a specific region.
452217,Whitewater Rafting Guides,May maintain written reports of daily activities and carry out other administrative work.
452299,Other Outdoor Adventure Guides,Meets members of a tour on arrival and makes introductions.
452299,Other Outdoor Adventure Guides,Organises and supervises groups involved in a range of outdoor adventures.
452299,Other Outdoor Adventure Guides,"Sets up and maintains equipment, and ensures that equipment is safe and in working condition."
452299,Other Outdoor Adventure Guides,Demonstrates and provides instruction in the use of equipment and techniques required for participation.
452299,Other Outdoor Adventure Guides,"Provides advice on safety measures, and ensures that activities are conducted in a manner to minimise risk to participants."
452299,Other Outdoor Adventure Guides,Responds to emergencies by providing first aid assistance and takes appropriate further action if required.
452299,Other Outdoor Adventure Guides,Answers questions and advises on local interest points within a specific region.
452299,Other Outdoor Adventure Guides,May maintain written reports of daily activities and carry out other administrative work.
452311,"Scuba, Snorkelling and Dive instructors","Coaches, trains and instructs sportspersons by analysing performances and developing abilities."
452311,"Scuba, Snorkelling and Dive instructors",Motivates sportspersons and supervises practice.
452311,"Scuba, Snorkelling and Dive instructors","Promotes sports and skills development, and oversees participation in sport."
452312,Gymnastics Coaches and Instructors,"Coaches, trains and instructs sportspersons by analysing performances and developing abilities."
452312,Gymnastics Coaches and Instructors,Motivates sportspersons and supervises practice sessions.
452312,Gymnastics Coaches and Instructors,Recruits players and other coaching staff.
452312,Gymnastics Coaches and Instructors,Arranges entries into sporting competitions.
452312,Gymnastics Coaches and Instructors,"Promotes sports and skills development, and oversees the participation of young people in sport."
452312,Gymnastics Coaches and Instructors,Officiates at sporting events to enforce rules.
452312,Gymnastics Coaches and Instructors,"Co-ordinates and directs sporting activities, and liaises with other officials to interpret and enforce rules and regulations relating to sport."
452313,Horse Riding Coaches and Instructors,"Coaches, trains and instructs sportspersons by analysing performances and developing abilities."
452313,Horse Riding Coaches and Instructors,Motivates sportspersons and supervises practice sessions.
452313,Horse Riding Coaches and Instructors,Recruits players and other coaching staff.
452313,Horse Riding Coaches and Instructors,Arranges entries into sporting competitions.
452313,Horse Riding Coaches and Instructors,"Promotes sports and skills development, and oversees the participation of young people in sport."
452313,Horse Riding Coaches and Instructors,Officiates at sporting events to enforce rules.
452313,Horse Riding Coaches and Instructors,"Co-ordinates and directs sporting activities, and liaises with other officials to interpret and enforce rules and regulations relating to sport."
452314,Snowsport Instructors,"Coaches, trains and instructs sportspersons by analysing performances and developing abilities."
452314,Snowsport Instructors,Motivates sportspersons and supervises practice sessions.
452314,Snowsport Instructors,Recruits players and other coaching staff.
452314,Snowsport Instructors,Arranges entries into sporting competitions.
452314,Snowsport Instructors,"Promotes sports and skills development, and oversees the participation of young people in sport."
452314,Snowsport Instructors,Officiates at sporting events to enforce rules.
452314,Snowsport Instructors,"Co-ordinates and directs sporting activities, and liaises with other officials to interpret and enforce rules and regulations relating to sport."
452316,Tennis Coaches,"Coaches, trains and instructs sportspersons by analysing performances and developing abilities."
452316,Tennis Coaches,Motivates sportspersons and supervises practice sessions.
452316,Tennis Coaches,Recruits players and other coaching staff.
452316,Tennis Coaches,Arranges entries into sporting competitions.
452316,Tennis Coaches,"Promotes sports and skills development, and oversees the participation of young people in sport."
452316,Tennis Coaches,Officiates at sporting events to enforce rules.
452316,Tennis Coaches,"Co-ordinates and directs sporting activities, and liaises with other officials to interpret and enforce rules and regulations relating to sport."
452317,Other Sports Coaches and Instructors,"Coaches, trains and instructs sportspeople by analysing performances and developing abilities."
452317,Other Sports Coaches and Instructors,Motivates sportspeople and supervises practice sessions.
452317,Other Sports Coaches and Instructors,Recruits players and other coaching staff.
452317,Other Sports Coaches and Instructors,Arranges entries into sporting competitions.
452317,Other Sports Coaches and Instructors,"Promotes sports and skills development, and oversees the participation of young people in sport."
452317,Other Sports Coaches and Instructors,Officiates at sporting events to enforce rules.
452317,Other Sports Coaches and Instructors,"Co-ordinates and directs sporting activities, and liaises with other officials to interpret and enforce rules and regulations relating to sport."
452318,Dog and Horse Racing Officials,Officiates at sporting events to enforce rules.
452318,Dog and Horse Racing Officials,"Co-ordinates and directs sporting activities, and liaises with other officials to interpret and enforce rules and regulations relating to sport."
452322,Sports Umpires,Officiates at sporting events to enforce rules.
452322,Sports Umpires,"Co-ordinates and directs sporting activities, and liaises with other officials to interpret and enforce rules and regulations relating to sport."
452323,Other Sports Officials,Officiates at sporting events to enforce rules.
452323,Other Sports Officials,"Co-ordinates and directs sporting activities, and liaises with other officials to interpret and enforce rules and regulations relating to sport."
452411,"Footballers (Soccer, Rugby and AFL)",Maintains a high degree of expertise in football.
452411,"Footballers (Soccer, Rugby and AFL)",Adheres to the rules and regulations associated with football.
452411,"Footballers (Soccer, Rugby and AFL)",Attends regular practice sessions and undertakes private training to maintain the required standard of fitness.
452411,"Footballers (Soccer, Rugby and AFL)",Decides on strategies in consultation with coaches.
452411,"Footballers (Soccer, Rugby and AFL)",Assesses other competitors and conditions at venues.
452411,"Footballers (Soccer, Rugby and AFL)",Competes in sporting events.
452411,"Footballers (Soccer, Rugby and AFL)",Undertakes sports promotional activities and television appearances.
452412,Golfers,Maintains a high degree of expertise in golf.
452412,Golfers,Attends regular practice sessions and undertakes private training to maintain the required standard of fitness.
452412,Golfers,Decides on strategies in consultation with coaches.
452412,Golfers,Assesses other competitors and conditions at venues.
452412,Golfers,Competes in golfing events.
452412,Golfers,Adheres to the rules and regulations associated with golf.
452412,Golfers,Undertakes sports promotional activities and television appearances.
452413,Jockeys,Maintains a high degree of expertise in horse riding.
452413,Jockeys,Attends regular practice sessions and undertakes private training to maintain the required standard of fitness.
452413,Jockeys,Decides on strategies in consultation with coaches.
452413,Jockeys,Assesses other competitors and conditions at venues.
452413,Jockeys,Competes in racing trials and events.
452413,Jockeys,Adheres to the rules and regulations associated with horse racing.
452413,Jockeys,Undertakes sports promotional activities and television appearances.
452414,Lifeguards,Promotes water safety awareness and undertakes rescue of people in difficulty in the water.
452499,Other Sportspersons,Maintains a high degree of expertise in a particular sport.
452499,Other Sportspersons,Attends regular practice sessions and undertakes private training to maintain the required standard of fitness.
452499,Other Sportspersons,Decides on strategies in consultation with coaches.
452499,Other Sportspersons,Assesses other competitors and conditions at venues.
452499,Other Sportspersons,Competes in sporting events.
452499,Other Sportspersons,Adheres to the rules and regulations associated with a specific sport.
452499,Other Sportspersons,Undertakes sports promotional activities and television appearances.
511111,Contract Administrators,"Develops, reviews and negotiates variations to contracts, programs, projects and services."
511111,Contract Administrators,"Responds to inquiries and resolves problems concerning contracts, programmes, projects, services provided, and persons affected."
511111,Contract Administrators,"Manages paperwork associated with contracts, programmes, projects and services provided."
511111,Contract Administrators,"Works with project managers, architects, engineering professionals, owners and others to ensure that goals are met."
511111,Contract Administrators,Advises senior management on matters requiring attention and implementing their decisions.
511112,Program and Project Administrators,Advises senior management on matters requiring attention and implements their decisions.
511112,Program and Project Administrators,Oversees work by contractors and reports on variations to work orders.
511112,Program and Project Administrators,Prepares and reviews submissions and reports concerning the organisation's activities.
511112,Program and Project Administrators,"Collects and analyses data associated with projects undertaken, and reports on project outcomes."
511112,Program and Project Administrators,Reviews and arranges new office accommodation.
512211,Health Practice Managers,"Contributes to the planning and review of office services, and sets priorities and office service standards."
512211,Health Practice Managers,"Allocates human resources, space and equipment."
512211,Health Practice Managers,Assigns work to and monitors work performance of staff.
512211,Health Practice Managers,Manages records and accounts of the practice.
512211,Health Practice Managers,Liaises with professionals to co-ordinate practice business and to facilitate resolution of problems.
512211,Health Practice Managers,Manages physical facilities and ensures buildings and equipment are maintained.
512211,Health Practice Managers,Ensures compliance with occupational health and safety regulations.
512211,Health Practice Managers,"Ensures work complies with relevant government legislation, policies and procedures."
512211,Health Practice Managers,"Co-ordinates personnel activities such as hiring, promotions, performance management, payroll, training and supervision."
512299,Other Practice Managers,"Contributes to the planning and review of office services, and sets priorities and office service standards."
512299,Other Practice Managers,"Allocates human resources, space and equipment."
512299,Other Practice Managers,Assigns work to and monitors work performance of staff.
512299,Other Practice Managers,Manages records and accounts of the practice.
512299,Other Practice Managers,Liaises with professionals to co-ordinate practice business and to facilitate resolution of problems.
512299,Other Practice Managers,Manages physical facilities and ensures buildings and equipment are maintained.
512299,Other Practice Managers,Ensures compliance with occupational health and safety regulations.
512299,Other Practice Managers,"Ensures work complies with relevant government legislation, policies and procedures."
512299,Other Practice Managers,"Co-ordinates personnel activities such as hiring, promotions, performance management, payroll, training and supervision."
521211,Secretaries (General),"Liaises with other staff to arrange meetings, and to gain and provide information."
521211,Secretaries (General),"Prepares reports, briefing notes and correspondence, and proofreads work for typographical and grammatical errors."
521211,Secretaries (General),Maintains appointment diaries and makes travel arrangements.
521211,Secretaries (General),"Processes incoming and outgoing mail, files correspondence and maintains records."
521211,Secretaries (General),"Answers telephone calls, responds to inquiries and redirects callers."
521211,Secretaries (General),Takes and transcribes dictation of letters and other documents.
521211,Secretaries (General),"Greets visitors, ascertains nature of business and directs visitors to appropriate personal."
521211,Secretaries (General),May implement management decisions and maintain records of meetings.
521211,Secretaries (General),May handle bookkeeping and petty cash functions.
521212,Legal Secretaries,"Liaises with other staff to arrange meetings, and to gain and provide information."
521212,Legal Secretaries,"Prepares reports, briefing notes and correspondence, and proofreads work for typographical and grammatical errors."
521212,Legal Secretaries,Maintains diaries and makes travel arrangements.
521212,Legal Secretaries,"Processes incoming and outgoing mail, filing correspondence and maintains records."
521212,Legal Secretaries,"Answers telephone calls, responds to inquiries and redirects callers."
521212,Legal Secretaries,Takes and transcribes dictation of letters and other documents.
521212,Legal Secretaries,"Greets visitors, ascertains nature of business and directs visitors to appropriate personal."
521212,Legal Secretaries,May implement management decisions and maintain records of meetings.
532111,Data Entry Operators,Enters data and codes required to process information.
532111,Data Entry Operators,"Retrieves, confirms and updates data in storage and keeps records of data input."
532111,Data Entry Operators,Takes verbatim records of proceedings in rapid shorthand using computerised equipment and shorthand-writing machines.
532111,Data Entry Operators,"Transcribes information recorded in shorthand and on sound recording equipment, and proofreads and corrects copy."
532112,Machine Shorthand Reporters,Takes verbatim records of proceedings in rapid shorthand using computerised equipment and shorthand-writing machines.
532112,Machine Shorthand Reporters,"Transcribes information recorded in shorthand and on sound recording equipment, and proofreads and corrects copy."
532112,Machine Shorthand Reporters,Reads portions of transcripts during trials and other proceedings on request of judges and other officials.
532112,Machine Shorthand Reporters,"Reproduces the spoken word, environmental sounds and song lyrics as captions for television programs, and the deaf or hearing impaired."
532113,Typists,Operates a computer to type a variety of documents.
532113,Typists,Proof-reads and corrects copy.
532113,Typists,Transcribes information from audio equipment.
532113,Typists,"Prepares reports, letters and similar material for publication and electronic transmission."
532113,Typists,Sorts outgoing material and prepares documents for transmission.
532113,Typists,"May take shorthand and do limited, routine clerical work."
541112,Call Centre or Contact Centre Operators,"Answers incoming calls, emails and messages, and assists customers with their specific inquiries."
541112,Call Centre or Contact Centre Operators,Identifies requirements and records information into computer systems.
541112,Call Centre or Contact Centre Operators,Creates further interest in goods and services by offering customers more information about goods and inviting customers to use services on offer.
541112,Call Centre or Contact Centre Operators,Updates databases to reflect changes to the status of customers and prospective customers.
541112,Call Centre or Contact Centre Operators,"Arranges the dispatch of goods, information kits and brochures to customers and interested parties."
541112,Call Centre or Contact Centre Operators,"Undertakes clerical duties, such as faxing, and filling out paperwork, and liaising with other departments associated with completing the customer contact."
541112,Call Centre or Contact Centre Operators,Issues invoices and receives electronic payments for goods and services provided.
542111,Receptionists (General),"Greets and welcomes visitors, and directs them to the appropriate person."
542111,Receptionists (General),Arranges and records details of appointments.
542111,Receptionists (General),"Answers inquiries and provides information on the goods, services and activities of the organisation."
542111,Receptionists (General),"Answers, connects and transfers telephone calls."
542111,Receptionists (General),Receives and resolves complaints from clients and the public.
542111,Receptionists (General),"Receives and distributes correspondence, facsimile messages and deliveries."
542111,Receptionists (General),Maintains the reception area.
542111,Receptionists (General),Advises on and arranges reservations and accommodation.
542111,Receptionists (General),"May perform other clerical tasks such as word processing, data entry, filing, mail dispatch and photocopying."
542112,Admissions Clerks,"Greets and welcomes patients, and directs them to the appropriate person."
542112,Admissions Clerks,Arranges and records details of admissions.
542112,Admissions Clerks,"Answers, connects and transfers telephone calls."
542112,Admissions Clerks,Receives and resolves complaints from patients and the public.
542112,Admissions Clerks,"May perform other clerical tasks such as word processing, data entry, filing, mail dispatch and photocopying."
542113,Hotel and Motel Receptionists,"Greets and welcomes visitors, and directs them."
542113,Hotel and Motel Receptionists,Arranges and records details of appointments.
542113,Hotel and Motel Receptionists,"Answers inquiries and provides information on the goods, services and activities of the organisation."
542113,Hotel and Motel Receptionists,"Answers, connects and transfers telephone calls."
542113,Hotel and Motel Receptionists,Receives and resolves complaints.
542113,Hotel and Motel Receptionists,"Receives and distributes correspondence, facsimile messages and deliveries."
542113,Hotel and Motel Receptionists,Maintains the reception area.
542113,Hotel and Motel Receptionists,Advises on and arranges reservations and accommodation.
542113,Hotel and Motel Receptionists,"May perform other clerical tasks such as word processing, data entry, filing, mail dispatch and photocopying."
542114,Medical Receptionists,"Greets and welcomes patients and visitors, and directs them to the appropriate person."
542114,Medical Receptionists,Arranges and records details of appointments.
542114,Medical Receptionists,Locates patient files.
542114,Medical Receptionists,Answers inquiries and provides information on the goods and services of the organisation.
542114,Medical Receptionists,"Answers, connects and transfers telephone calls."
542114,Medical Receptionists,Receives and resolves complaints from clients and the public.
542114,Medical Receptionists,"Receives and distributes correspondence, facsimile messages and deliveries."
542114,Medical Receptionists,Maintains the reception area.
542114,Medical Receptionists,Advises on and arranges reservations and accommodation.
542114,Medical Receptionists,"May perform other clerical tasks such as word processing, data entry, filing, mail dispatch and photocopying."
551111,Accounts Clerks,Prepares and processes documentation related to accounts payable and receivable.
551111,Accounts Clerks,Reconciles invoices and dispatches payments.
551111,Accounts Clerks,"Calculates, analyses and investigates the costs of proposed expenditure, wages and standard costs."
551111,Accounts Clerks,Prepares bank reconciliations.
551111,Accounts Clerks,Allocates expenditure to specified budget accounts.
551111,Accounts Clerks,Summarises expenditure and receipts.
551111,Accounts Clerks,May work in a call centre.
551112,Cost Clerks,"Calculates, analyses and investigates the costs of proposed expenditure, wages and standard costs."
551112,Cost Clerks,Prepares bank reconciliations.
551112,Cost Clerks,Allocates expenditure to specified budget accounts.
551112,Cost Clerks,Summarises expenditure and receipts.
551112,Cost Clerks,Prepares records of standard costs and values for items such as raw materials and packaging supplies.
551112,Cost Clerks,Records cost variations and contract price movements.
551112,Cost Clerks,"Compiles cost data for preparation of operating budgets, and profit and loss calculations."
551112,Cost Clerks,"Investigates the costs of proposed expenditures, quotations and estimates."
551112,Cost Clerks,"Prepares reports of total costs, inventory adjustments and selling prices and profits."
552312,Insurance Consultants,"Processes insurance applications, adjustments to insurance cover, standard endorsements and insurance claims."
552312,Insurance Consultants,Monitors balances of accounts and summarises reinsurance to determine outstanding risk.
552312,Insurance Consultants,Surveys potential risk exposure.
552312,Insurance Consultants,Dispatches notices of premiums due and forms concerning conservation and transfer of insurance.
552313,Money Market Clerks,"Obtains information on the form of competitors by research, attending trials and liaising with contacts."
552313,Money Market Clerks,"Reviews, checks, verifies and issues transaction documentation for securities."
552313,Money Market Clerks,Claims accruing dividends and processing dividend payments.
552313,Money Market Clerks,"Compiles results of calculations into tables, graphs and charts to be used in analysis."
552314,Statistical Clerks,"Compiles statistics from financial records, survey returns and other data sources, and verifies the authenticity of the material."
552314,Statistical Clerks,"Operates computers to input, manipulate and output information."
552314,Statistical Clerks,"Compiles results of calculations into tables, graphs and charts to be used in analysis."
561111,Betting Agency Counter Clerks,"Takes bets and debits credit accounts and bank accounts electronically, as well as receiving cash."
561111,Betting Agency Counter Clerks,Records and enters bets electronically and in transaction ledgers.
561111,Betting Agency Counter Clerks,Issues tickets and prepares summaries of transactions.
561111,Betting Agency Counter Clerks,Monitors amounts of money placed on race entrants.
561111,Betting Agency Counter Clerks,"Checks details and numbers on winning betting tickets against those in betting ledgers and electronic records, and pays out money on winning tickets."
561111,Betting Agency Counter Clerks,Verifies the identity and account balances of betting agency customers.
561111,Betting Agency Counter Clerks,"Answers betting inquiries over the telephone, via email and in person."
561113,Telephone Betting Clerks,"Records and enters bets, debiting credit and bank accounts electronically."
561113,Telephone Betting Clerks,Records and enters bets electronically and in transaction ledgers.
561113,Telephone Betting Clerks,Issues electronic tickets and prepares summaries of transactions.
561113,Telephone Betting Clerks,Monitors amounts of money placed on race entrants.
561113,Telephone Betting Clerks,"Checks details and numbers on winning betting tickets against those in electronic records, and pays out money on winning tickets."
561113,Telephone Betting Clerks,Verifies the identity and account balances of betting agency customers.
561113,Telephone Betting Clerks,"Answers betting inquiries over the telephone, via email and in person."
561113,Telephone Betting Clerks,May work in a call centre.
561199,Other Betting Clerks,Records and enters bets.
561199,Other Betting Clerks,Issues tickets and prepares summaries of transactions.
561199,Other Betting Clerks,Monitors amounts of money placed.
561199,Other Betting Clerks,"Checks details and numbers on winning betting tickets against those in electronic records, and pays out money on winning tickets."
561199,Other Betting Clerks,And verifies the identity and account balances of betting agency customers.
561211,Couriers,Sorts and sequences items for delivery.
561211,Couriers,"Delivers mail, parcels, documents and other items to customers' premises and mailboxes."
561211,Couriers,Receives orders for deliveries from customers.
561211,Couriers,Collects signatures and charges for cash-on-delivery orders.
561211,Couriers,Issues and collects receipts for pick-up and delivery items.
561211,Couriers,Keeps records of items received and delivered.
561212,Postal Delivery Officers,Sorts and sequences items for delivery.
561212,Postal Delivery Officers,"Delivers mail, parcels, documents and other items to customers' premises and mailboxes."
561212,Postal Delivery Officers,Loads and unloads mail conveyances and internal mail handling equipment.
561212,Postal Delivery Officers,"Maintains log books, directories, mail counts, equipment maintenance logs and other delivery records."
561212,Postal Delivery Officers,"Assists with receipting inward mail, checking wrongly addressed, mis-sorted, undelivered and redirected mail, and processing freepost and underpaid mail and some freight."
561411,Mail Clerks,Receives and checks incoming mail and mail bags.
561411,Mail Clerks,Assists with the verification of registered and special articles.
561411,Mail Clerks,"Operates mail processing equipment such as letter preparation lines, letter indexing and sorting equipment, multi-line optical character machines and bar-coding equipment."
561411,Mail Clerks,Performs manual sorting duties and prepares documentation for dispatching mail.
561411,Mail Clerks,"Processes underpaid mail, bulk mail lodgements, express mail and other mail services."
561411,Mail Clerks,Investigates complaints regarding lost items.
561412,Postal Sorting Officers,Receives and checks incoming mail and mail bags.
561412,Postal Sorting Officers,Assists with the verification of registered and special articles.
561412,Postal Sorting Officers,"Operates mail processing equipment such as letter preparation lines, letter indexing and sorting machines, multi-line optical character machines and bar-coding equipment."
561412,Postal Sorting Officers,Performs manual sorting duties and prepares documentation for dispatching mail.
561412,Postal Sorting Officers,"Processes underpaid mail, bulk mail lodgements, express mail and other mail services."
561412,Postal Sorting Officers,Investigates complaints regarding lost items.
561911,Classified Advertising Clerks,Answers telephone queries.
561911,Classified Advertising Clerks,"Records details for advertisement, including time slot wanted and length or advertisement."
561911,Classified Advertising Clerks,Updates databases and pre-existing advertisements.
561911,Classified Advertising Clerks,Confirms details with clients.
561911,Classified Advertising Clerks,Forwards advertisements to editorial staff.
561912,Meter Readers,Loads and unloads mail conveyances and internal mail handling equipment.
561912,Meter Readers,Checks meter numbers and records any broken seals or other damage.
561912,Meter Readers,Updates clients details and notes location of meters.
561912,Meter Readers,Downloads information recorded on hand held computer into a central database.
561912,Meter Readers,May respond to customer queries or refer them onto the customer service department.
561912,Meter Readers,May undertake customer surveys.
561913,Parking Inspectors,Checks parked cars within an allotted area to establish if a car has been parked illegally or for too long.
561913,Parking Inspectors,Issues infringement notices and records details of time and location.
561913,Parking Inspectors,Calls tow trucks to move illegally parked vehicles.
561913,Parking Inspectors,Reports faulty meters.
561913,Parking Inspectors,Collects money from parking meters/machines.
561913,Parking Inspectors,Reports and organises the removal of abandoned vehicles.
561913,Parking Inspectors,May give evidence in court if someone appeals the infringement notice.
561999,Clerical and Office Support Workers (not covered elsewhere),Prepares and processes documentation.
561999,Clerical and Office Support Workers (not covered elsewhere),Orders and monitors supply levels.
561999,Clerical and Office Support Workers (not covered elsewhere),"Assists professionals in the completion of their duties, or undertakes research on their behalf."
561999,Clerical and Office Support Workers (not covered elsewhere),Carries out general office duties.
561999,Clerical and Office Support Workers (not covered elsewhere),May work in a call centre.
591112,Production Clerks,Examines orders and compiles data for production schedules.
591112,Production Clerks,Checks inventories and prepares delivery schedules.
591112,Production Clerks,"Examines containers to ensure that they are filled, and records quantities."
591112,Production Clerks,Investigates and identifies supply sources and prepares and processes purchase orders.
591112,Production Clerks,"Counts incoming stock and reconciles it with requisitions, and updates inventory and stock location records."
591113,Purchasing Officers,Receives and checks purchase requests against inventory records and stock on hand.
591113,Purchasing Officers,Examines orders and compiles data for production schedules.
591113,Purchasing Officers,"Identifies, contacts and negotiates contracts with suppliers."
591115,Stock Clerks,Counts incoming stock and reconciles it with requisitions.
591115,Stock Clerks,Updates inventory and stock location records.
591115,Stock Clerks,"Establishes and co-ordinates the operating procedures for receiving, handling, storing and shipping goods."
591116,Warehouse Administrators,"Counts incoming stock and reconciles it with requisitions, and updates inventory and stock location records."
591116,Warehouse Administrators,"Establishes and co-ordinates the operating procedures for receiving, handling, storing and shipping goods."
591117,Order Clerks,Requisitions supplies from stock and sends orders to production departments and other firms.
591117,Order Clerks,"Confirms completion of orders and compliance with details specified, signs tally sheets and attaches to checked items."
591117,Order Clerks,Receives and checks purchase requests against inventory records and stock on hand.
591117,Order Clerks,"Counts incoming stock and reconciles it with requisitions, and updates inventory and stock location records."
591117,Order Clerks,"Establishes and co-ordinates the operating procedures for receiving, handling, storing and shipping goods."
591211,Despatching and Receiving Clerks,Identifies items and containers of incoming and outgoing shipments and verifies them against consignment records.
591211,Despatching and Receiving Clerks,Ensures outgoing shipments are in good condition and meet specifications.
591211,Despatching and Receiving Clerks,Arranges internal distribution of goods received.
591211,Despatching and Receiving Clerks,Organises the dispatch of goods with completed documentation.
591211,Despatching and Receiving Clerks,Maintains prescribed records of goods received and dispatched.
591211,Despatching and Receiving Clerks,Examines shipping documents and verifies cargo to be released.
591211,Despatching and Receiving Clerks,Records customs clearance requirements and authorises collection of cargo.
591211,Despatching and Receiving Clerks,Calculates storage and clearance charges and bills customers.
591211,Despatching and Receiving Clerks,"Receives details of outgoing cargo, and arranges bookings of freight space and collection of goods from customers."
591211,Despatching and Receiving Clerks,"Provides information to customers on custom tariffs, tariff classifications and concessions, and methods of clearing goods."
591212,Import-Export Clerks,Examines shipping documents and verifies cargo to be released.
591212,Import-Export Clerks,Records customs clearance requirements and authorises collection of cargo.
591212,Import-Export Clerks,Calculates storage and clearance charges and bills customers.
591212,Import-Export Clerks,"Receives details of outgoing cargo, and arranges bookings of freight space and collection of goods from customers."
591212,Import-Export Clerks,"Provides information to customers on custom tariffs, tariff classifications and concessions, and methods of clearing goods."
599111,Conveyancers,"Prepares, examines and advises on the contract for sale of properties and businesses."
599111,Conveyancers,"Carries out title searches and contacts government authorities to find out if any planned development, illegal building work and disputes could affect properties and businesses."
599111,Conveyancers,"Prepares, examines and advises on mortgage documentation."
599111,Conveyancers,"Negotiates the terms and conditions of, and exchanges, contracts of sale, paying deposits, arranging payment of stamp duty, checking for outstanding arrears and land tax obligations, and calculating adjustments for council and water rates."
599112,Legal Executives,"Interviews clients to determine the nature of issues, and receives written information concerning cases from legal professionals and clients."
599112,Legal Executives,Confers with clients and potential witnesses and draws up statements and proposed affidavits in preparation for court proceedings.
599112,Legal Executives,Maintains legal files.
599112,Legal Executives,"Prepares, analyses and interprets a variety of legal documents such as those associated with buying, selling and developing properties and businesses."
599112,Legal Executives,"Assists legal professionals to prepare cases for court by conducting investigations, undertaking research, arranging witness preparation and attendance, and preparing and filing court documents."
599112,Legal Executives,May supervise law clerks and legal secretaries and take responsibility for their work.
599211,Clerks of Court,Lists actions for hearing and processing documentation for court actions.
599211,Clerks of Court,"Documents details of court proceedings, actions and decisions."
599212,Court Bailiffs and Sheriffs,Enforces the law as an officer of the court by executing court orders such as eviction notices.
599212,Court Bailiffs and Sheriffs,Serves legal orders and documents such as summonses and subpoenas.
599213,Court Orderlies,"Organises jury and witness lists and summons, and swears in juries and witnesses."
599213,Court Orderlies,Maintains order in court and hearing rooms and adjacent areas.
599214,Law Clerks,"Assists solicitors in areas of conveyancing, contracts, common law, probate and other legal practice matters."
599215,Trust Officers,"Assists solicitors in areas of conveyancing, contracts, common law, probate and other legal practice matters."
599215,Trust Officers,"Satisfies statutory requirements, establishes beneficial entitlements and distributes assets."
599511,Customs Officers,"Searches aircraft, ships, vehicles, premises and people, as well as checking documents and goods to detect illegal activities such as undocumented cargo, prohibited goods and illegal aliens."
599512,Immigration Officers,Examines and assesses visas and residency applications.
599513,Motor Vehicle Licence Examiners,"Tests applicants' ability to operate a motor vehicle assesses applicants' suitability to hold learner's permits and probationary licences, and issues learner's permits and probationary licences."
599514,Noxious Weeds and Pest Inspectors,Identifies pest and weed problems and determines treatment and management.
599515,Social Security Assessors,Assesses claims for government benefits.
599516,Taxation Inspectors,Carries out random checks of taxation documents to detect non-compliance with taxation legislation.
599517,Train Examiners,"Conducts visual checks of the mechanical, structural, electrical, pneumatic and hydraulic systems of railway wagons, carriages and locomotives for condition and correct classification."
599518,Transport Operations Inspectors,"Ensures that train, tram and bus services are provided according to schedule, monitors the cleanliness, presentation and condition of vehicles, as well as recommending improvements and changes to services."
599521,Water Inspectors,"Receives and assesses applications for licences to use water, investigates the ability of water resources to meet new requirements, and conducts site inspections."
599599,Other Inspectors and Regulatory Officers,Receives and assesses information on potential new viruses.
599599,Other Inspectors and Regulatory Officers,Test viruses and other organisms of concerns.
599599,Other Inspectors and Regulatory Officers,Formulates reports and designs possible antibodies or vaccines.
599599,Other Inspectors and Regulatory Officers,Inspects accommodation.
599599,Other Inspectors and Regulatory Officers,Inspects that weighing machines are correctly calibrated.
599611,Insurance Investigators,Examines scenes of incidents resulting in insurance claims to determine causes and effects.
599611,Insurance Investigators,"Interviews witnesses and claimants to obtain details required to assess the validity of claims and identify the parties responsible for accidents, damage and loss, and prepare statements and reports."
599612,Insurance Loss Adjusters,"Inspects damaged buildings, equipment and motor vehicles and estimates the cost of repairs."
599612,Insurance Loss Adjusters,"Estimates business losses resulting from fire, theft and other business disruptions."
599612,Insurance Loss Adjusters,Reports the extent of damage and estimated costs to the insurer.
599613,Insurance Risk Surveyors,"Inspects property, buildings and operations of commercial and industrial establishments to assess physical conditions and work practices."
599613,Insurance Risk Surveyors,"Evaluates the adequacy of security, fire and related systems."
599613,Insurance Risk Surveyors,Prepares reports and recommends action to reduce risks.
599613,Insurance Risk Surveyors,Compiles data which influence the determination of premium rates.
599912,"Production Assistants (Film, Television, Radio or Stage)","Completes administrative, publicity and research work."
599912,"Production Assistants (Film, Television, Radio or Stage)",Works out shooting and rehearsal schedules.
599912,"Production Assistants (Film, Television, Radio or Stage)",Arranges production meetings.
599912,"Production Assistants (Film, Television, Radio or Stage)","Hires and books vehicles, accommodation, equipment and flights."
599912,"Production Assistants (Film, Television, Radio or Stage)",Sorts out any legal requirements in relation to venues.
599912,"Production Assistants (Film, Television, Radio or Stage)","Photocopies scripts, arranges voice-overs."
599912,"Production Assistants (Film, Television, Radio or Stage)",Organises contracts.
599912,"Production Assistants (Film, Television, Radio or Stage)",Deals with production enquiries from the public.
599912,"Production Assistants (Film, Television, Radio or Stage)",Labels and categorises tapes and sends them to the director and other relevant staff.
599912,"Production Assistants (Film, Television, Radio or Stage)",Carries out general administration tasks.
599914,Radio Despatchers,"Monitors radio frequencies including vhf, hf, channel 16 and other emergency frequencies."
599914,Radio Despatchers,Sends and receives messages.
599914,Radio Despatchers,Maintains a log of messages sent and received.
599914,Radio Despatchers,Broadcast weather reports and warnings.
599914,Radio Despatchers,Answers queries.
599914,Radio Despatchers,Listens for and answers distress calls.
599914,Radio Despatchers,Works with emergency to find and locate vessels and other persons using radio distress signals.
599914,Radio Despatchers,Monitors equipment and may undertake minor repairs as required.
599914,Radio Despatchers,May set up telecommunication equipment.
599915,Clinical Coders,Types information from documents into a computer.
599915,Clinical Coders,Analyses and determines classifications.
599915,Clinical Coders,Reviews information received for accuracy and correctness.
599915,Clinical Coders,Contacts providers and various other sources to obtain information required to resolve discrepancies.
599915,Clinical Coders,Generates reports.
599916,Facilities Administrators,Types information from documents into a computer.
599916,Facilities Administrators,Analyses and determines administrative requirements associated with operation of facilities.
599916,Facilities Administrators,Reviews information received for accuracy and correctness.
599916,Facilities Administrators,Liaises with suppliers and contractors.
599916,Facilities Administrators,Generates reports.
599999,Clerical and Administrative Workers (not covered elsewhere),"Records, prepares, sorts, classifies and files information."
599999,Clerical and Administrative Workers (not covered elsewhere),"Sorts, opens and sends mail."
599999,Clerical and Administrative Workers (not covered elsewhere),Photocopies and faxes documents.
599999,Clerical and Administrative Workers (not covered elsewhere),Prepares reports of a routine nature.
599999,Clerical and Administrative Workers (not covered elsewhere),Records issue of equipment to staff.
599999,Clerical and Administrative Workers (not covered elsewhere),Receives letters and telephone messages.
599999,Clerical and Administrative Workers (not covered elsewhere),"Transcribes information onto computers, and proofreads and corrects copy."
599999,Clerical and Administrative Workers (not covered elsewhere),May provide customers with information about services.
599999,Clerical and Administrative Workers (not covered elsewhere),May perform receptionist duties.
611111,Auctioneers,Appraises and lists property for auction.
611111,Auctioneers,"Organises advertising, catalogues and other publicity for auctions."
611111,Auctioneers,Consults vendors and sets reserve prices.
611111,Auctioneers,Describes property presented and the conditions of sale.
611111,Auctioneers,Asks for or sets opening bids.
611111,Auctioneers,Accepts bids from potential buyers.
611111,Auctioneers,Closes sales to the highest bidders.
611112,Stock and Station Agents,Purchases and sells livestock and rural property on behalf of clients.
611112,Stock and Station Agents,"Sells agricultural supplies, such as seed, grains, feed, sprays, dips, drenches and veterinary products, in accordance with statutory requirements."
611112,Stock and Station Agents,Acts as an insurance agent for rural clients.
611311,Sales Representatives (Building and Plumbing Supplies),Promotes and sells their company's building and plumbing supplies.
611311,Sales Representatives (Building and Plumbing Supplies),"Acquires and updates knowledge of employer's and competitors' goods and services, and market conditions."
611311,Sales Representatives (Building and Plumbing Supplies),Uses directories and other sources to compile lists of prospective business clients.
611311,Sales Representatives (Building and Plumbing Supplies),Visits clients and retail outlets to establish selling opportunities.
611311,Sales Representatives (Building and Plumbing Supplies),"Quotes prices and credit terms, records orders and arranges deliveries."
611311,Sales Representatives (Building and Plumbing Supplies),Follows up clients and ensures satisfaction with goods and services and resolves any problems.
611311,Sales Representatives (Building and Plumbing Supplies),Monitors clients' changing needs and competitor activity and reports on these developments to sales and marketing management.
611311,Sales Representatives (Building and Plumbing Supplies),Prepares sales reports.
611311,Sales Representatives (Building and Plumbing Supplies),Maintains and submits records of business expenses incurred.
611312,Sales Representatives (Business Services),Promotes and sells their company's products and services.
611312,Sales Representatives (Business Services),"Acquires and updates knowledge of employer's and competitors' goods and services, and market conditions."
611312,Sales Representatives (Business Services),Uses directories and other sources to compile lists of prospective business clients.
611312,Sales Representatives (Business Services),Visits clients and retail outlets to establish selling opportunities.
611312,Sales Representatives (Business Services),"Quotes prices and credit terms, records orders and arranges deliveries."
611312,Sales Representatives (Business Services),Follows up clients and ensures satisfaction with goods and services and resolves any problems.
611312,Sales Representatives (Business Services),Monitors clients' changing needs and competitor activity and reports on these developments to sales and marketing management.
611312,Sales Representatives (Business Services),Prepares sales reports.
611312,Sales Representatives (Business Services),Maintains and submits records of business expenses incurred.
611313,Sales Representatives (Motor Vehicle Parts and Accessories),Promotes and sells their company's products and services.
611313,Sales Representatives (Motor Vehicle Parts and Accessories),"Acquires and updates knowledge of employer's and competitors' goods and services, and market conditions."
611313,Sales Representatives (Motor Vehicle Parts and Accessories),Uses directories and other sources to compile lists of prospective business clients.
611313,Sales Representatives (Motor Vehicle Parts and Accessories),Visits clients and retail outlets to establish selling opportunities.
611313,Sales Representatives (Motor Vehicle Parts and Accessories),"Quotes prices and credit terms, records orders and arranges deliveries."
611313,Sales Representatives (Motor Vehicle Parts and Accessories),Follows up clients and ensures satisfaction with goods and services and resolves any problems.
611313,Sales Representatives (Motor Vehicle Parts and Accessories),Monitors clients' changing needs and competitor activity and reports on these developments to sales and marketing management.
611313,Sales Representatives (Motor Vehicle Parts and Accessories),Prepares sales reports.
611313,Sales Representatives (Motor Vehicle Parts and Accessories),Maintains and submits records of business expenses incurred.
611314,Sales Representatives (Personal and Household Goods),Promotes and sells their company's products and services.
611314,Sales Representatives (Personal and Household Goods),"Acquires and updates knowledge of employer's and competitors' goods and services, and market conditions."
611314,Sales Representatives (Personal and Household Goods),Uses directories and other sources to compile lists of prospective business clients.
611314,Sales Representatives (Personal and Household Goods),Visits clients and retail outlets to establish selling opportunities.
611314,Sales Representatives (Personal and Household Goods),"Quotes prices and credit terms, records orders and arranges deliveries."
611314,Sales Representatives (Personal and Household Goods),Follows up clients and ensures satisfaction with goods and services and resolves any problems.
611314,Sales Representatives (Personal and Household Goods),Monitors clients' changing needs and competitor activity and reports on these developments to sales and marketing management.
611314,Sales Representatives (Personal and Household Goods),Prepares sales reports.
611314,Sales Representatives (Personal and Household Goods),Maintains and submits records of business expenses incurred.
611399,Other Sales Representatives,Promotes and sells the company's goods and services.
611399,Other Sales Representatives,"Acquires and updates knowledge of employer's and competitors' goods and services, and market conditions."
611399,Other Sales Representatives,Uses directories and other sources to compile lists of prospective business clients.
611399,Other Sales Representatives,Visits clients and retail outlets to establish selling opportunities.
611399,Other Sales Representatives,"Quotes prices and credit terms, records orders and arranges deliveries."
611399,Other Sales Representatives,Follows up clients and ensures satisfaction with goods and services and resolves any problems.
611399,Other Sales Representatives,Monitors clients' changing needs and competitor activity and reports on these developments to sales and marketing management.
611399,Other Sales Representatives,Prepares sales reports.
611399,Other Sales Representatives,Maintains and submits records of business expenses incurred.
611399,Other Sales Representatives,Provides direct service to customers to assist them in their purchasing and after sales needs.
611399,Other Sales Representatives,May follow up clients to ensure satisfaction with goods and services and resolve any problems.
611399,Other Sales Representatives,"May maintain records, perform reception duties and liaise with management."
612112,Property Managers,"Accepts and lists properties and businesses for lease, conducts inspections, and advises renters on the merits of properties and businesses and the terms of lease."
612112,Property Managers,"Catalogues and details land, buildings and businesses for lease and arranges advertising."
612112,Property Managers,Assesses renters needs and locates properties and businesses for their consideration.
612112,Property Managers,"Collects and holds rent monies from tenants, and remits to owner on agreed basis."
612112,Property Managers,Monitors and addresses non-compliance with terms and conditions of tenancy and pursues rental arrears.
612113,Real Estate Agency Principals,"Accepts and lists properties and businesses for sale and lease, conducts inspections, and advises buyers on the merits of properties and businesses and the terms of sale or lease."
612113,Real Estate Agency Principals,Advises vendors of sales and marketing options such as sale by auction and open house inspections.
612113,Real Estate Agency Principals,"Catalogues and details land, buildings and businesses for sale or lease and arranges advertising."
612113,Real Estate Agency Principals,Assesses buyers' needs and locates properties and businesses for their consideration.
612113,Real Estate Agency Principals,"Offers valuations and advice for buying and selling properties and businesses, and structures the terms of settlement."
612113,Real Estate Agency Principals,"Collects and holds rent monies from tenants, and remits to owner on agreed basis."
612113,Real Estate Agency Principals,Monitors and addresses non-compliance with terms and conditions of tenancy and pursues rental arrears.
612113,Real Estate Agency Principals,"Develops and implements business plans, budgets, policies and procedures for the agency."
612113,Real Estate Agency Principals,"May arrange finance, land brokerage, conveyancing and maintenance of premises."
612114,Real Estate Agents,"Accepts and lists properties and businesses for sale and lease, conducts inspections, and advises buyers on the merits of properties and businesses and the terms of sale or lease."
612114,Real Estate Agents,Advises vendors of sales and marketing options such as sale by auction and open house inspections.
612114,Real Estate Agents,"Catalogues and details land, buildings and businesses for sale or lease and arranges advertising."
612114,Real Estate Agents,Assesses buyers' needs and locates properties and businesses for their consideration.
612114,Real Estate Agents,"Offers valuations and advice for buying and selling properties and businesses, and structures the terms of settlement."
612114,Real Estate Agents,"Collects and holds rent monies from tenants, and remits to owner on agreed basis."
612114,Real Estate Agents,Monitors and addresses non-compliance with terms and conditions of tenancy and pursues rental arrears.
612114,Real Estate Agents,"Develops and implements business plans, budgets, policies and procedures for the agency."
612114,Real Estate Agents,"May arrange finance, land brokerage, conveyancing and maintenance of premises."
612115,Real Estate Representatives,"Accepts and lists properties for sale and lease, conducts inspections, and advises buyers on the merits of properties and businesses and the terms of sale or lease."
612115,Real Estate Representatives,Advises vendors of sales and marketing options such as sale by auction and open house inspections.
612115,Real Estate Representatives,"Catalogues and details land, buildings and businesses for sale or lease and arranges advertising."
612115,Real Estate Representatives,Assesses buyers' needs and locates properties and businesses for their consideration.
612115,Real Estate Representatives,"Offers valuations and advice for buying and selling properties and businesses, and structures the terms of settlement."
612115,Real Estate Representatives,"Collects and holds rent monies from tenants, and remits to owner on agreed basis."
612115,Real Estate Representatives,Monitors and addresses non-compliance with terms and conditions of tenancy and pursues rental arrears.
621311,Motor Vehicle and Caravan Salespersons,"Determines customer requirements and advises on product range, price, delivery, warranties and product use and care."
621311,Motor Vehicle and Caravan Salespersons,Shows vehicles to customers and test drives vehicles with customers.
621311,Motor Vehicle and Caravan Salespersons,"Sells motor vehicles and vehicle products such as parts, tyres, lubricating oils, batteries, car stereos and alarms."
621311,Motor Vehicle and Caravan Salespersons,Takes sales orders and prepares contracts of sale.
621312,Motor Vehicle Parts Interpreters,"Determines customer requirements and advises on product range, price, delivery, warranties and product use and care."
621312,Motor Vehicle Parts Interpreters,"Sells vehicle products such as parts, tyres, lubricating oils, batteries, car stereos and alarms."
621312,Motor Vehicle Parts Interpreters,Takes sales orders and prepares contracts of sale.
621312,Motor Vehicle Parts Interpreters,Receives orders for parts.
621312,Motor Vehicle Parts Interpreters,"Determines part sizes and details such as vehicle make, model, manufacturer and year."
621312,Motor Vehicle Parts Interpreters,"Searches lists of parts to identify part numbers, price and availability."
621711,Cash Van Salespersons,"Collects goods and transports them along established routes, to door-to-door areas, and to street and market locations."
621711,Cash Van Salespersons,"Displays and demonstrates goods, and explains the qualities of goods to customers."
621711,Cash Van Salespersons,Informs customers of new goods and services.
621711,Cash Van Salespersons,Receives payments from customers and gives change.
621711,Cash Van Salespersons,Records transactions on customer receipts and sales records.
621711,Cash Van Salespersons,Wraps and packages goods sold.
621711,Cash Van Salespersons,Develops lists of prospective customers and calls on them to obtain new business.
621711,Cash Van Salespersons,"Orders and purchases goods for sale, and monitors and maintains stock levels."
621711,Cash Van Salespersons,"May attract attention by playing music, singing and calling out goods and services for sale."
621712,Door-to-door Salespersons,Collects goods and transports them along established routes and to door-to-door areas.
621712,Door-to-door Salespersons,"Displays and demonstrates goods, and explains the qualities of goods to customers."
621712,Door-to-door Salespersons,Informs customers of new goods and services.
621712,Door-to-door Salespersons,Receives payments from customers and gives change.
621712,Door-to-door Salespersons,Records transactions on customer receipts and sales records.
621712,Door-to-door Salespersons,Wraps and packages goods sold.
621712,Door-to-door Salespersons,Develops lists of prospective customers and calls on them to obtain new business.
621712,Door-to-door Salespersons,"Orders and purchases goods for sale, and monitors and maintains stock levels."
621713,Street Vendors,Collects goods and transports them along established routes and to street and market locations.
621713,Street Vendors,"Displays and demonstrates goods, and explains the qualities of goods to customers."
621713,Street Vendors,Informs customers of new goods and services.
621713,Street Vendors,Receives payments from customers and gives change.
621713,Street Vendors,Records transactions on customer receipts and sales records.
621713,Street Vendors,Wraps and packages goods sold.
621713,Street Vendors,Develops lists of prospective customers and calls on them to obtain new business.
621713,Street Vendors,"Orders and purchases goods for sale, and monitors and maintains stock levels."
621713,Street Vendors,"May attract attention by playing music, singing and calling out goods and services for sale."
621911,Materials Recyclers,"Sorts, packs and stores plastics, glass, paper, metals and other recyclable materials which have been collected from household, commercial and industrial premises in preparation for use in creating new products."
621912,Rental Salespersons,"Determines customers' requirements and advises on product range, price, and availability."
621912,Rental Salespersons,Completes required paperwork and enters rental agreement into the computer system.
621912,Rental Salespersons,Processes payment.
621912,Rental Salespersons,Provides any necessary information to the customer.
621912,Rental Salespersons,Monitors state of equipment and ensures it is functioning and clean.
621912,Rental Salespersons,"Inspects stock, appliances, equipment, vehicles and devices before they are taken out of the facility and on return."
621912,Rental Salespersons,Demonstrates the use of equipment.
621912,Rental Salespersons,"Monitors, organises and catalogues stock."
621912,Rental Salespersons,Arranges for any required cleaning and repair work.
621999,Sales Assistants and Salespersons (not covered elsewhere),"Determines customer requirements and advises on product range, price, delivery, warranties and product use and care."
621999,Sales Assistants and Salespersons (not covered elsewhere),Demonstrates and explains to customers the establishment's goods and services.
621999,Sales Assistants and Salespersons (not covered elsewhere),Sells goods and services.
621999,Sales Assistants and Salespersons (not covered elsewhere),Accepts payment for goods and services by a variety of payment methods and prepares sales invoices.
621999,Sales Assistants and Salespersons (not covered elsewhere),Assists with the ongoing management of stock such as product inventories and participates in stocktakes.
621999,Sales Assistants and Salespersons (not covered elsewhere),"Stacks and displays goods for sale, and wraps and packs goods sold."
631111,Checkout Operators,"Scans, weighs and records prices of goods."
631111,Checkout Operators,"Receives and processes payments for goods and services by cash, cheques, gift vouchers, credit and debit cards and other payment types."
631111,Checkout Operators,Issues sales dockets and gives change.
631111,Checkout Operators,"Maintains supplies of change, wrapping and other materials used at checkouts."
631111,Checkout Operators,Counts and records money received and balances against register sales records.
631112,Cashiers,"Scans, weighs and records prices of goods."
631112,Cashiers,"Receives and processes payments for goods and services by cash, cheques, gift vouchers, credit and debit cards and other payment types."
631112,Cashiers,Issues sales dockets and gives change.
631112,Cashiers,"Maintains supplies of change, wrapping and other materials used."
631112,Cashiers,"Counts and records money received and balances against register sales records, and prepares money for deposit in financial institutions."
631112,Cashiers,Records and balances petty cash disbursements.
631112,Cashiers,Operates a computer terminal to administer the store's financial transaction system.
631112,Cashiers,Cashes authorised cheques.
639111,Models,"Models garments, footwear and fashion accessories for customers, sales personnel and fashion designers."
639111,Models,"Poses for television, video and cinema commercials and for still photographs which appear in magazines, newspapers, catalogues and on billboards."
639111,Models,"Poses as subjects for paintings, sculptures and other types of art."
639112,Sales Demonstrators,Sets up displays and demonstrates goods to commercial customers and guests in private homes.
639112,Sales Demonstrators,Answers questions and offers advice on the use of goods.
639112,Sales Demonstrators,Sells goods or directs purchasers to sales counters.
639112,Sales Demonstrators,Undertakes merchandising of goods in retail outlets and ensures there is adequate stock attractively presented for sale.
639112,Sales Demonstrators,"Takes orders and makes arrangements for payment, delivery and collection."
639112,Sales Demonstrators,Offers sample goods and distributes catalogues and other literature advertising goods for sale.
639211,Retail Buyers,"Monitors sales data and stock levels, and studies trade, manufacturers' and market information to keep informed of changing market conditions."
639211,Retail Buyers,"Negotiates purchase, promotion and supply arrangements with suppliers."
639211,Retail Buyers,"Designs and implements pricing, marketing, promotional and display strategies."
639211,Retail Buyers,Liaises with management on long-term planning and sales promotions.
639211,Retail Buyers,Establishes working plans according to seasonal and budgetary requirements.
639211,Retail Buyers,"Anticipates consumer trends and determines quantity, style and quality of goods to be purchased."
639212,Wool Buyers,"Monitors sales data and stock levels, and studies trade, manufacturers' and market information to keep informed of changing market conditions."
639212,Wool Buyers,"Negotiates purchase, promotion and supply arrangements with suppliers."
639212,Wool Buyers,"Designs and implements pricing, marketing, promotional and display strategies."
639212,Wool Buyers,Liaises with management on long-term planning and sales promotions.
639212,Wool Buyers,"Inspects, compares, selects and values wool by determining colour, yield, micron and length."
639212,Wool Buyers,"Inspects and buys wool at auction, in wool brokers' stores and in farm sheds."
639212,Wool Buyers,Receives samples from scoured wool exchanges.
639212,Wool Buyers,May visit freezing works to buy slipe wool.
639411,Ticket Sellers,"Receives customers' requests, accepts payments, collects money, and issues tickets, receipts and change."
639411,Ticket Sellers,"Answers inquiries about charges, routes, schedules, reservations, coming attractions and fares."
639411,Ticket Sellers,Contacts customers to cancel or confirm reservations.
639412,Transport Conductors,Collects tickets and change from depot clerks.
639412,Transport Conductors,Signals drivers to stop and proceed.
639412,Transport Conductors,"Oversees passengers' safety in emergency circumstances, and opens and closes vehicle doors."
639412,Transport Conductors,Assists passengers to board and disembark from vehicles and assists passengers with baggage.
711111,Clay Products Machine Operators,"Monitors the flow of clay and other raw materials and products into machines, and adjusts valves and controls to specifications."
711111,Clay Products Machine Operators,Positions clay and stone on machines to be cut and worked.
711111,Clay Products Machine Operators,"Operates concrete mixing, stacking and splitting machines."
711111,Clay Products Machine Operators,Sets up and installs moulds and other machine fixtures.
711112,Concrete Products Machine Operators,"Monitoring the flow of raw materials and products into machines, and adjusting valves and controls to specifications."
711112,Concrete Products Machine Operators,Setting up and installing moulds and other machine fixtures.
711112,Concrete Products Machine Operators,Collecting and examining samples for conformity to specifications and adjusting machine settings accordingly.
711113,Glass Production Machine Operators,"Sets up and operates glass-making machines to produce molten glass, and regulate temperature of molten glass."
711113,Glass Production Machine Operators,Presses and blows glass into moulds to form glassware products.
711113,Glass Production Machine Operators,Collects and examines samples for conformity to specifications and adjusts machine settings accordingly.
711114,Stone Processing Machine Operators,Collects and examines samples for conformity to specifications and adjusts machine settings accordingly.
711114,Stone Processing Machine Operators,Sets grinds and cuts edges.
711114,Stone Processing Machine Operators,"Uses hand tools to cut, inscribe and polish roughly hewn stone to finished condition."
711199,"Other Clay, Concrete, Glass and Stone Processing Machine Operators","Monitoring the flow of raw materials and products into machines, adjusting valves and controls to specifications."
711199,"Other Clay, Concrete, Glass and Stone Processing Machine Operators",Positioning materials on machines to be cut and worked.
711199,"Other Clay, Concrete, Glass and Stone Processing Machine Operators","Operates mixing, stacking and splitting machines."
711199,"Other Clay, Concrete, Glass and Stone Processing Machine Operators",Sets up and installs moulds and other machine fixtures.
711199,"Other Clay, Concrete, Glass and Stone Processing Machine Operators","Sets up and operates machines to produce molten glass, and regulating temperature of molten glass."
711199,"Other Clay, Concrete, Glass and Stone Processing Machine Operators",Presses and/or pours materials into moulds to form products.
711199,"Other Clay, Concrete, Glass and Stone Processing Machine Operators",Collects and examines samples for conformity to specifications and adjust machine settings accordingly.
711199,"Other Clay, Concrete, Glass and Stone Processing Machine Operators",Sets grinds and cuts edges.
711199,"Other Clay, Concrete, Glass and Stone Processing Machine Operators","Uses hand tools to cut, inscribe and polish."
711311,Paper Products Machine Operators,"Sets up printing plates, ink circulation systems, knives, creases, cutting dies, and folding and gluing machines."
711311,Paper Products Machine Operators,Loads machines with paper and fibreboard.
711311,Paper Products Machine Operators,"Operates machines to form cardboard containers, paper plates, egg cartons, tissue paper and other paper products."
711311,Paper Products Machine Operators,Adjusts and cleans machines and performs minor repairs.
711313,Sawmilling Operators,Adjusts and cleans machines and performs minor repairs.
711313,Sawmilling Operators,Secures timber into place and sets saws to produce specified sizes of plank and board to be cut.
711313,Sawmilling Operators,"Starts machines and feeds stock onto cutting saws, and operates automatic feeding mechanisms."
711313,Sawmilling Operators,Raises and lowers saws to trim boards and remove defects such as rot and splits.
711313,Sawmilling Operators,"Controls lathes and slicing machines to produce veneers, and laminates veneers using glue."
711313,Sawmilling Operators,Verifies dimensions of cut stock and accuracy of cuts.
711313,Sawmilling Operators,"Checks saws and other machines for safety, sharpness and correct functioning."
711314,Other Wood Processing Machine Operators,Adjusts and cleans machines and performs minor repairs.
711314,Other Wood Processing Machine Operators,Secures timber into place and sets saws to produce specified sizes of plank and board to be cut.
711314,Other Wood Processing Machine Operators,"Starts machines and feeds stock onto cutting saws, and operates automatic feeding mechanisms."
711314,Other Wood Processing Machine Operators,Raises and lowers saws to trim boards and remove defects such as rot and splits.
711314,Other Wood Processing Machine Operators,"Controls lathes and slicing machines to produce veneers, and laminates veneers using glue."
711314,Other Wood Processing Machine Operators,Verifies dimensions of cut stock and accuracy of cuts.
711314,Other Wood Processing Machine Operators,"Checks saws and other machines for safety, sharpness and correct functioning."
711511,Plastic Cablemaking Machine Operators,"Operates controls to regulate temperature, pressure, speed and flow of operation."
711511,Plastic Cablemaking Machine Operators,"Measures and loads materials, items and ingredients for mixing into machines and feeding mechanisms."
711511,Plastic Cablemaking Machine Operators,"Monitors operation, regulates material supply and adds chemicals and colorants to mixture."
711511,Plastic Cablemaking Machine Operators,"Threads uncoated wire and cable through plastic coating machines, around take-up reels and through dies and cooling chambers."
711511,Plastic Cablemaking Machine Operators,Operates rollers to remove air.
711511,Plastic Cablemaking Machine Operators,Operates vulcaniser presses and controls curing.
711511,Plastic Cablemaking Machine Operators,Examines output for defects and conformity to specifications.
711511,Plastic Cablemaking Machine Operators,Performs minor repairs and maintains production records.
711512,Plastic Compounding and Reclamation Machine Operators,"Operates controls to regulate temperature, pressure, speed and flow of operation."
711512,Plastic Compounding and Reclamation Machine Operators,"Measures and loads materials, items and ingredients for mixing into machines and feeding mechanisms."
711512,Plastic Compounding and Reclamation Machine Operators,"Monitors operation, regulates material supply and adds chemicals and colorants to mixture."
711512,Plastic Compounding and Reclamation Machine Operators,Examines output for defects and conformity to specifications.
711512,Plastic Compounding and Reclamation Machine Operators,Performs minor repairs and maintains production records.
711513,Plastics Fabricators and Welders,Selects appropriate equipment and materials.
711513,Plastics Fabricators and Welders,Cleans and prepares surfaces.
711513,Plastics Fabricators and Welders,"Operates controls to regulate temperature, pressure, speed and flow of operation."
711513,Plastics Fabricators and Welders,"Measures and loads materials, items and ingredients for mixing into machines and feeding mechanisms."
711513,Plastics Fabricators and Welders,"Monitors operation, regulates material supply and adds chemicals and colorants to mixture."
711513,Plastics Fabricators and Welders,"Lays casings, beads, ply and rubber sheets on moulds."
711513,Plastics Fabricators and Welders,Operates rollers to remove air.
711513,Plastics Fabricators and Welders,Operates vulcaniser presses and controls curing.
711513,Plastics Fabricators and Welders,Examines output for defects and conformity to specifications.
711513,Plastics Fabricators and Welders,Performs minor repairs and maintains production records.
711514,Plastics Production Machine Operators (General),"Operates controls to regulate temperature, pressure, speed and flow of operation."
711514,Plastics Production Machine Operators (General),"Measures and loads materials, items and ingredients for mixing into machines and feeding mechanisms."
711514,Plastics Production Machine Operators (General),"Monitors operation, regulates material supply and adds chemicals and colorants to mixture."
711514,Plastics Production Machine Operators (General),"Threads uncoated wire and cable through plastic coating machines, around take-up reels and through dies and cooling chambers."
711514,Plastics Production Machine Operators (General),"Lays casings, beads, ply on moulds."
711514,Plastics Production Machine Operators (General),Operates rollers to remove air.
711514,Plastics Production Machine Operators (General),Operates presses and controls curing.
711514,Plastics Production Machine Operators (General),Examines output for defects and conformity to specifications.
711514,Plastics Production Machine Operators (General),Performs minor repairs and maintains production records.
711515,Reinforced Plastic and Composite Production Workers,"Operates controls to regulate temperature, pressure, speed and flow of operation."
711515,Reinforced Plastic and Composite Production Workers,"Measures and loads materials, items and ingredients for mixing into machines and feeding mechanisms."
711515,Reinforced Plastic and Composite Production Workers,"Monitors operation, regulates material supply and adds chemicals and colorants to mixture."
711515,Reinforced Plastic and Composite Production Workers,"Threads uncoated wire and cable through plastic coating machines, around take-up reels and through dies and cooling chambers."
711515,Reinforced Plastic and Composite Production Workers,"Lays casings, beads, ply and rubber sheets on moulds."
711515,Reinforced Plastic and Composite Production Workers,Operates rollers to remove air.
711515,Reinforced Plastic and Composite Production Workers,Operates vulcaniser presses and controls curing.
711515,Reinforced Plastic and Composite Production Workers,Examines output for defects and conformity to specifications.
711515,Reinforced Plastic and Composite Production Workers,Performs minor repairs and maintains production records.
711516,Rubber Production Machine Operators,"Operates controls to regulate temperature, pressure, speed and flow of operation."
711516,Rubber Production Machine Operators,"Measures and loads materials, items and ingredients for mixing into machines and feeding mechanisms."
711516,Rubber Production Machine Operators,"Monitors operation, regulates material supply and adds chemicals and colorants to mixture."
711516,Rubber Production Machine Operators,"Lays casings, beads, ply and rubber sheets on moulds."
711516,Rubber Production Machine Operators,Operates rollers to remove air.
711516,Rubber Production Machine Operators,Operates vulcaniser presses and controls curing.
711516,Rubber Production Machine Operators,Examines output for defects and conformity to specifications.
711516,Rubber Production Machine Operators,Performs minor repairs and maintains production records.
711599,Other Plastics and Rubber Production Machine Operators,"Operates controls to regulate temperature, pressure, speed and flow of operation."
711599,Other Plastics and Rubber Production Machine Operators,"Measures and loads materials, items and ingredients for mixing into machines and feeding mechanisms."
711599,Other Plastics and Rubber Production Machine Operators,"Monitors operation, regulates material supply and adds chemicals and colorants to mixture."
711599,Other Plastics and Rubber Production Machine Operators,"Threads uncoated wire and cable through plastic coating machines, around take-up reels and through dies and cooling chambers."
711599,Other Plastics and Rubber Production Machine Operators,"Lays casings, beads, ply and rubber sheets on moulds."
711599,Other Plastics and Rubber Production Machine Operators,Operates rollers to remove air.
711599,Other Plastics and Rubber Production Machine Operators,Operates vulcaniser presses and controls curing.
711599,Other Plastics and Rubber Production Machine Operators,Examines output for defects and conformity to specifications.
711599,Other Plastics and Rubber Production Machine Operators,Performs minor repairs and maintains production records.
711711,Footwear Production Machine Operators,Prepares machines for operation by selecting and installing attachments and components for specialised functions.
711711,Footwear Production Machine Operators,Sets and operates controls used to regulate processing operations.
711711,Footwear Production Machine Operators,Starts machines and monitors operation to detect faults and ensure effectiveness of operation.
711711,Footwear Production Machine Operators,"Cuts and machines leather and synthetic shoe uppers, and makes shoes using moulded and cement construction techniques."
711711,Footwear Production Machine Operators,"Examines finished products for defects and variations, reports faults in machines, and carries out quality control procedures."
711712,Hide and Skin Processing Machine Operators,Prepares machines for operation by selecting and installing attachments and components for specialised functions.
711712,Hide and Skin Processing Machine Operators,Sets and operates controls used to regulate processing operations.
711712,Hide and Skin Processing Machine Operators,Starts machines and monitors operation to detect faults and ensure effectiveness of operation.
711712,Hide and Skin Processing Machine Operators,"Loads drums with hides and skins, textiles, and dyeing and tanning solutions."
711712,Hide and Skin Processing Machine Operators,"Examines finished products for defects and variations, reports faults in machines, and carries out quality control procedures."
711713,Knitting Machine Operators,Prepares machines for operation by selecting and installing attachments and components for specialised functions.
711713,Knitting Machine Operators,Sets and operates controls used to regulate processing operations.
711713,Knitting Machine Operators,Starts machines and monitors operation to detect faults and ensure effectiveness of operation.
711713,Knitting Machine Operators,Threads loom shuttles with cross-yarn arms.
711713,Knitting Machine Operators,Positions and feeds machines with fibre packages.
711713,Knitting Machine Operators,Repairs broken yarns by tying and splicing ends.
711713,Knitting Machine Operators,"Examines finished products for defects and variations, reporting faults in machines, and carries out quality control procedures."
711714,Textile Dyeing and Finishing Machine Operators,Prepares machines for operation by selecting and installing attachments and components for specialised functions.
711714,Textile Dyeing and Finishing Machine Operators,Sets and operates controls used to regulate processing operations.
711714,Textile Dyeing and Finishing Machine Operators,Starts machines and monitors operation to detect faults and ensure effectiveness of operation.
711714,Textile Dyeing and Finishing Machine Operators,Loads drums with textiles and dye.
711714,Textile Dyeing and Finishing Machine Operators,Examines finished products for defects and variations.
711715,Weaving Machine Operators,Threads loom shuttles with cross-yarn arms.
711715,Weaving Machine Operators,Positions and feeds machines with fibre packages.
711715,Weaving Machine Operators,Repairs broken yarns by tying and splicing ends.
711715,Weaving Machine Operators,"Examines finished products for defects and variations, reporting faults in machines, and carrying out quality control procedures."
711716,Yarn Carding and Spinning Machine Operators,Prepares machines for operation by selecting and installing attachments and components for specialised functions.
711716,Yarn Carding and Spinning Machine Operators,Sets and operates controls used to regulate processing operations.
711716,Yarn Carding and Spinning Machine Operators,Starts machines and monitors operation to detect faults and ensure effectiveness of operation.
711716,Yarn Carding and Spinning Machine Operators,Threads loom shuttles with cross-yarn arms.
711716,Yarn Carding and Spinning Machine Operators,Positions and feeds machines with fibre packages.
711716,Yarn Carding and Spinning Machine Operators,Repairs broken yarns by tying and splicing ends.
711716,Yarn Carding and Spinning Machine Operators,"Examines finished products for defects and variations, reports faults in machines, and carries out quality control procedures."
711799,Other Textile and Footwear Production Machine Operators,Prepares machines for operation by selecting and installing attachments and components for specialised functions.
711799,Other Textile and Footwear Production Machine Operators,Sets and operates controls used to regulate processing operations.
711799,Other Textile and Footwear Production Machine Operators,Starts machines and monitors operation to detect faults and ensure effectiveness of operation.
711799,Other Textile and Footwear Production Machine Operators,"Cuts and machines leather and synthetic shoe uppers, and makes shoes using moulded and cement construction techniques."
711799,Other Textile and Footwear Production Machine Operators,Threads loom shuttles with cross-yarn arms.
711799,Other Textile and Footwear Production Machine Operators,Positions and feeds machines with fibre packages.
711799,Other Textile and Footwear Production Machine Operators,Repairs broken yarns by tying and splicing ends.
711799,Other Textile and Footwear Production Machine Operators,Loads drums with textiles and dye.
711799,Other Textile and Footwear Production Machine Operators,Examines finished products for defects and variations.
711911,Chemical Production Machine Operators,Operates crushing machines to reduce solid chemicals and other materials to a size suitable for processing.
711911,Chemical Production Machine Operators,Operates mills to grind and pulverise solid chemicals and other materials into particles of a specified size.
711911,Chemical Production Machine Operators,Inspects samples of these materials and monitors the removal of the ground product.
711911,Chemical Production Machine Operators,"Operates machines in which the ingredients used in chemical and related products are mixed and blended, and ensures the accuracy of the blend."
711911,Chemical Production Machine Operators,"May be designated according to the type of material mixed, the product obtained or the machine operated."
711912,Motion Picture Projectionists,Splices and un-splices film.
711912,Motion Picture Projectionists,Splices advertisements and movie trailers to feature length films.
711912,Motion Picture Projectionists,Feeds films into the projector.
711912,Motion Picture Projectionists,Plays films on a projector.
711912,Motion Picture Projectionists,"Adjusts the sound, focus and brightness of film during the playing of the film as necessary."
711912,Motion Picture Projectionists,"Packages the film after its been played and stores it appropriately in a cool, dry area."
711912,Motion Picture Projectionists,Looks after the projection equipment.
711912,Motion Picture Projectionists,May carry out minor repairs on films and projectors as required.
711913,Sand Blasters,Prepares machines for operation by selecting and installing attachments and components for specialised functions.
711913,Sand Blasters,Sets and operates controls used to regulate processing operations.
711913,Sand Blasters,Starts machines and monitors operation to detect faults and ensure effectiveness of operation.
711913,Sand Blasters,Examines finished products for defects and variations.
711914,Sterilisation Technicians,Identifies equipment to be sterilised.
711914,Sterilisation Technicians,Cleans and sterilises surgical instruments and other hospital equipment.
711914,Sterilisation Technicians,Operates a variety of sterilisation machines.
711914,Sterilisation Technicians,Complies with infection control policies and procedures.
711914,Sterilisation Technicians,Prepares and packs medical items.
711999,Machine Operators (not covered elsewhere),Prepares machines for operation by selecting and installing attachments and components for specialised functions.
711999,Machine Operators (not covered elsewhere),Sets and operates controls used to regulate processing operations.
711999,Machine Operators (not covered elsewhere),Starts machines and monitors operation to detect faults and ensure effectiveness of operation.
712211,Drillers,Dismantles moves and reassembles drilling rigs and accessory plant.
712211,Drillers,"Takes samples of ore, liquids and gases and packages them."
712211,Drillers,"Performs minor maintenance and repairs, and lubricates and cleans plant."
712211,Drillers,"Records performance details and information obtained from wells, and keeps logs detailing operations."
712212,Miners,Operates surface and underground mining plant.
712212,Miners,"Undertakes development work such as opening up new shafts, drives, air vents, rises and crib rooms: loads coal, ore or stone onto carts or conveyor systems that remove it for processing."
712213,Shot Firers,Positions explosives in bore holes and primes explosives using detonators and explosive cartridges.
712213,Shot Firers,"Connects wires, fuses and detonating cords to explosive cartridges and detonators, and detonates explosives."
712911,Boiler and Engine Operators,"Maintains supply of solid, liquid or gas fuel to boiler."
712911,Boiler and Engine Operators,Maintains required level of water in boiler and controls draught.
712911,Boiler and Engine Operators,Cleans and maintains boiler and work area.
712913,Cement Production Plant Operators,"Weighs and mixes ingredients to make cement, lime and clinker."
712913,Cement Production Plant Operators,Maintains plant.
712914,Concrete Batching Plant Operators,Weighs and mixes concrete materials.
712914,Concrete Batching Plant Operators,Maintains plant.
712915,Concrete Pump Operators,Pumps concrete.
712915,Concrete Pump Operators,"Pours, sprays and spreads concrete over areas such as foundations, pools and retaining walls."
712915,Concrete Pump Operators,Maintains equipment.
712916,Paper and Pulp Mill Operators,Loads the digester with raw materials and chemicals.
712916,Paper and Pulp Mill Operators,Regulates and adjusts the temperature and pressure within the digester.
712916,Paper and Pulp Mill Operators,Tests samples by titration or standard colour test to determine completion of process.
712916,Paper and Pulp Mill Operators,Drains liquid from digester and monitors the removal of the cooked pulp.
712916,Paper and Pulp Mill Operators,Takes samples of bleached material for laboratory testing.
712916,Paper and Pulp Mill Operators,Washes bleached material and blends to obtain uniform quality.
712916,Paper and Pulp Mill Operators,May be required to add chemicals during the bleaching process and complete chemical or electrolytic tests.
712916,Paper and Pulp Mill Operators,"Undertakes the addition of size, fillers, dyes, alum and chemicals, and tests for correct consistency."
712916,Paper and Pulp Mill Operators,Ensures transfer of completed batch to storage tanks where it is kept under agitation to maintain consistency.
712916,Paper and Pulp Mill Operators,May mix and cook colouring matter for dyeing product in the machine.
712916,Paper and Pulp Mill Operators,Controls flow of wet pulp through rotary screens to paper making machines.
712916,Paper and Pulp Mill Operators,Operates drier and calendar rollers.
712916,Paper and Pulp Mill Operators,Operates super-calendar to impart gloss and finish to surface of paper.
712916,Paper and Pulp Mill Operators,Operates machine to glaze or impregnate paper with coating mixture.
712916,Paper and Pulp Mill Operators,"Separates sheets from felts and lays sheets in packs, re-presses packs."
712916,Paper and Pulp Mill Operators,Separates sheets from pack and dries.
712917,Railway Signal Operators,Directs trains within marshalling yards.
712917,Railway Signal Operators,Breaks apart and join train wagons and carriages.
712917,Railway Signal Operators,"Places wagons, carriages and engines into sidings."
712917,Railway Signal Operators,Directs outgoing trains to the main line.
712917,Railway Signal Operators,May conduct safety checks.
712918,Train Controllers,Authorises and direct movements of trains.
712918,Train Controllers,Communicates with locomotive engineers to ensure safe movements of trains.
712918,Train Controllers,"Familiarises themselves with the weight, length and schedules of trains."
712918,Train Controllers,Records movement of trains including departures and scheduled stops.
712918,Train Controllers,Provides other train controllers with information on trains progress.
712918,Train Controllers,"Authorises and controls any activity taking place on railway tracks, including maintenance work."
712918,Train Controllers,Contacts relevant personal to deal with faults or mechanical failures.
712918,Train Controllers,Reports any accidents or incidents to the land transport authority and any other relevant body such as emergency services.
712921,Waste Water and Water Plant Operators,"Controls flow of raw water into plant, by regulating electric motors, pumps and valves."
712921,Waste Water and Water Plant Operators,Adds specified amounts of chemicals and activates agitators to mix chemicals. carries out such tests as are required in accordance with training given.
712921,Waste Water and Water Plant Operators,Allows impurities to settle and removes them by filtering water through filtering material.
712921,Waste Water and Water Plant Operators,"Pumps purified water into mains, monitors flow and distribution."
712921,Waste Water and Water Plant Operators,"Cleans tanks and maintains equipment, and makes minor repairs."
712921,Waste Water and Water Plant Operators,Pumps waste water into oxidation/settling ponds.
712921,Waste Water and Water Plant Operators,Removes sludge.
712921,Waste Water and Water Plant Operators,"Burns off gases, treats and discharges waste water when it reaches the required levels of purity."
712922,Weighbridge Operators,Weigh vehicles and load and issue measurement tickets.
712922,Weighbridge Operators,Maintains plant.
712999,Stationary Plant Operators (not covered elsewhere),"Starts engine, observes performance and makes necessary adjustments."
712999,Stationary Plant Operators (not covered elsewhere),Controls related equipment such as fans and dampers in ventilation and heating systems or regulators on compressors.
712999,Stationary Plant Operators (not covered elsewhere),Maintains supply of fuel.
712999,Stationary Plant Operators (not covered elsewhere),Cleans and lubricates engines.
721111,Agricultural and Horticultural Mobile Plant Operators,Prepares and positions plant for operation.
721111,Agricultural and Horticultural Mobile Plant Operators,"Operates tractor-drawn and self-propelled plant to plough land and sow, fertilise, cultivate and harvest crops and avoid damaging crops."
721111,Agricultural and Horticultural Mobile Plant Operators,"Adjusts speed, height and depth of implements."
721111,Agricultural and Horticultural Mobile Plant Operators,Keeps log tallies and writes work reports.
721111,Agricultural and Horticultural Mobile Plant Operators,Services plant and performs minor repairs.
721112,Logging Plant Operators,Prepares and positions plant for operation.
721112,Logging Plant Operators,"Operates plant to hold, lift and cut trees."
721112,Logging Plant Operators,"Operates attachments to lift, swing, release and sort trees and logs, and operates auxiliary plants such as chipping machines and log splitting machines."
721112,Logging Plant Operators,Feeds felled trees into processors to strip limbs and cut into logs and load logs onto stockpiles and into trucks.
721112,Logging Plant Operators,Keeps log tallies and writes work reports.
721112,Logging Plant Operators,Services plant and performs minor repairs.
721211,Earthmoving Plant Operators (General),"Selects, fits and removes attachments such as buckets, winches, loading scoops, shovel blades and rock breaking hammers."
721211,Earthmoving Plant Operators (General),"Operates controls to excavate, break, drill, level, compact, gouge out, move, load and spread earth, rock, rubble, soil and other materials."
721211,Earthmoving Plant Operators (General),"Monitors operation of plant and adjusts controls to regulate pressure, speed and flow of operation, and ensure safety of other workers."
721211,Earthmoving Plant Operators (General),"Raise, lower and manipulate attachments using manual and hydraulic controls."
721211,Earthmoving Plant Operators (General),"Service, lubricate, clean and refuel plant and perform minor adjustments and repairs."
721212,Backhoe Operators,Prepares and positions plant for operation.
721212,Backhoe Operators,"Selects, fits and removes attachments."
721212,Backhoe Operators,Operates controls.
721212,Backhoe Operators,"Monitors operation of plant and adjusts controls to regulate pressure, speed and flow of operation, and ensure safety of other workers."
721212,Backhoe Operators,"Raises, lowers and manipulates attachments using manual and hydraulic controls."
721212,Backhoe Operators,"Services, lubricates, cleans and refuels plant and performs minor adjustments and repairs."
721214,Excavator Operators,Prepares and positions plant for operation.
721214,Excavator Operators,"Selects, fits and removes attachments such as buckets, winches, loading scoops, shovel blades and rock breaking hammers."
721214,Excavator Operators,"Operates controls to excavate, break, drill, level, compact, gouge out, move, load and spread earth, rock, rubble, soil and other materials."
721214,Excavator Operators,"Monitors operation of plant and adjusts controls to regulate pressure, speed and flow of operation, and ensures safety of other workers."
721214,Excavator Operators,"Raises, lowers and manipulates attachments using manual and hydraulic controls."
721214,Excavator Operators,"Works from drawings, markers and verbal instructions."
721214,Excavator Operators,"Services, lubricates, cleans and refuels plant and performs minor adjustments and repairs."
721215,Grader Operators,Prepares and positions plant for operation.
721215,Grader Operators,"Selects, fits and removes attachments."
721215,Grader Operators,"Operates controls to move earth, rock, rubble, soil and other materials."
721215,Grader Operators,"Monitors operation of plant and adjusts controls to regulate pressure, speed and flow of operation, and ensures safety of other workers."
721215,Grader Operators,"Raises, lowers and manipulates attachments using manual and hydraulic controls."
721215,Grader Operators,"Works from drawings, markers and verbal instructions."
721215,Grader Operators,"Services, lubricates, cleans and refuels plant and performs minor adjustments and repairs."
721216,Loader Operators,Prepares and positions plant for operation.
721216,Loader Operators,"Selects, fits and removes attachments such as buckets, winches and loading scoops."
721216,Loader Operators,Operates controls to move and load a range of natural materials.
721216,Loader Operators,"Monitors operation of plant and adjusts controls to regulate pressure, speed and flow of operation, and ensures safety of other workers."
721216,Loader Operators,"Raises, lowers and manipulates attachments using manual and hydraulic controls."
721216,Loader Operators,"Works from drawings, markers and verbal instructions."
721216,Loader Operators,"Services, lubricates, cleans and refuels plant and performs minor adjustments and repairs."
721911,Aircraft Baggage Handlers and Airline Ground Crews,Sorts baggage.
721911,Aircraft Baggage Handlers and Airline Ground Crews,Drives baggage and freight to aircraft on forklifts and transport trolleys.
721911,Aircraft Baggage Handlers and Airline Ground Crews,Helps position loading ramps and staircases.
721911,Aircraft Baggage Handlers and Airline Ground Crews,"Loads items into aircraft as per instructions, including livestock."
721911,Aircraft Baggage Handlers and Airline Ground Crews,Fills aircraft fuel tanks.
721911,Aircraft Baggage Handlers and Airline Ground Crews,Unloads aircrafts of freight and baggage.
721911,Aircraft Baggage Handlers and Airline Ground Crews,Directs planes to parking positions.
721911,Aircraft Baggage Handlers and Airline Ground Crews,Directs passengers.
721911,Aircraft Baggage Handlers and Airline Ground Crews,Cleans aircraft.
721912,Linemarkers,Drives over surface to lay appropriate markings.
721912,Linemarkers,Reads drawings and plans.
721912,Linemarkers,Maintains equipment.
721913,Paving Plant Operators,Operates bitumen plant using a range of foot and hand controls focussing on applying paving materials systematically to the area to be paved.
721914,Railway Track Plant Operators,"Drives plant to lay, align and carry out maintenance work on railway tracks."
721914,Railway Track Plant Operators,Maintains equipment.
721915,Road Roller Operators,Drives roller over surface until desired condition is obtained.
721915,Road Roller Operators,Maintains equipment.
721916,Streetsweeper Operators,Drives sweeper over streets and gutters collecting litter and other debris.
721916,Streetsweeper Operators,Maintains equipment.
721999,Mobile Plant Operators (not covered elsewhere),Prepares and positions plant for operation.
721999,Mobile Plant Operators (not covered elsewhere),"Selects, fits and removes attachments."
721999,Mobile Plant Operators (not covered elsewhere),Operates controls to carry out required tasks.
721999,Mobile Plant Operators (not covered elsewhere),"Monitors operation of plant and adjusts controls to regulate pressure, speed and flow of operation, and ensures safety of other workers."
721999,Mobile Plant Operators (not covered elsewhere),"Raises, lowers and manipulates attachments using manual and hydraulic controls."
721999,Mobile Plant Operators (not covered elsewhere),"Works from drawings, markers and verbal instructions."
721999,Mobile Plant Operators (not covered elsewhere),"Services, lubricates, cleans and refuels plant and performs minor adjustments and repairs."
731111,Chauffeurs,Picks up passengers at designated locations.
731111,Chauffeurs,Checks passenger destinations and determines most appropriate routes.
731111,Chauffeurs,Transports passengers to desired destinations.
731111,Chauffeurs,Assists passengers with luggage.
731111,Chauffeurs,"Controls lighting, heating and ventilation to ensure passenger comfort."
731111,Chauffeurs,"Observes prescribed speeds, nearby traffic, travelling conditions and signals to ensure safe arrival of passengers."
731111,Chauffeurs,Ensures passengers arrive at destinations on time.
731112,Taxi Drivers,Stops at requested locations to pick up and set down passengers and their baggage.
731112,Taxi Drivers,Collects fares and gives change.
731112,Taxi Drivers,"Controls lighting, heating and ventilation for passenger comfort."
731112,Taxi Drivers,"Observes prescribed speeds, nearby traffic, travelling conditions and signals to ensure safe arrival of passengers."
731112,Taxi Drivers,Ensures passengers arrive at destinations on time.
731199,Other Automobile Drivers,Plans trips.
731199,Other Automobile Drivers,"Observes prescribed speeds, nearby traffic, travelling conditions and signals to ensure safe arrival of loads/vehicles."
731199,Other Automobile Drivers,Ensures load/vehicles arrive at destinations on time.
731199,Other Automobile Drivers,"Load pilots will also route plan to avoid or manage narrow roads/bridges and overhead structures and objects and obtain any required permits and consents from roading, infrastructure or other authorities and ensure compliance with all laws, rules and regulations relating to the movement of oversized vehicles and loads."
731212,Charter and Tour Bus Drivers,Stops at set locations to pick up and set down passengers.
731212,Charter and Tour Bus Drivers,Opens and closes doors before and after passengers board or disembark.
731212,Charter and Tour Bus Drivers,"Controls lighting, heating and ventilation on buses."
731212,Charter and Tour Bus Drivers,Advises passengers on destinations.
731212,Charter and Tour Bus Drivers,Maintains conduct of passengers.
731212,Charter and Tour Bus Drivers,May use public address systems to provide information and tour commentaries to passengers.
731212,Charter and Tour Bus Drivers,May assist coach passengers with baggage and accommodation bookings.
731212,Charter and Tour Bus Drivers,"May maintain, service and clean coaches."
731213,Passenger Coach Drivers,Stops at set locations to pick up and set down passengers.
731213,Passenger Coach Drivers,Opens and closes doors before and after passengers board or disembark.
731213,Passenger Coach Drivers,May check tickets.
731213,Passenger Coach Drivers,"Controls lighting, heating and ventilation on buses."
731213,Passenger Coach Drivers,Advises passengers on destinations.
731213,Passenger Coach Drivers,Maintains conduct of passengers.
731213,Passenger Coach Drivers,May use public address systems to provide information and commentaries to passengers.
731213,Passenger Coach Drivers,May assist coach passengers with baggage and accommodation bookings.
731213,Passenger Coach Drivers,"May maintain, service and clean coaches."
731311,Train Drivers,Stops at stations and set locations to pick up and set down passengers and freight.
731311,Train Drivers,Opens and closes doors before and after passengers board or disembark.
731311,Train Drivers,"Observes signals, track conditions, nearby traffic and prescribed speeds to ensure safety."
731311,Train Drivers,"Monitors indicator gauges, changes controls and power supply poles and reports operating irregularities."
731311,Train Drivers,Checks time and adherence to timetables.
731311,Train Drivers,May advise passengers on destinations.
731312,Tram Drivers,Stops at stations and set locations to pick up and set down passengers and freight.
731312,Tram Drivers,Opens and closes doors before and after passengers board or disembark.
731312,Tram Drivers,"Observes signals, track conditions, nearby traffic and prescribed speeds to ensure safety."
731312,Tram Drivers,"Monitors indicator gauges, changes controls and power supply poles and reports operating irregularities."
731312,Tram Drivers,Checks time and adherence to timetables.
731312,Tram Drivers,May advise passengers on destinations.
733111,Truck Drivers (General),Manoeuvres vehicles into position for loading and unloading.
733111,Truck Drivers (General),Loads and unloads vehicles using lifting and tipping devices.
733111,Truck Drivers (General),Observes safety requirements when loading and unloading vehicles.
733111,Truck Drivers (General),Makes regular quality checks of vehicles to ensure they can be driven safely.
733111,Truck Drivers (General),Estimates weights to comply with load limitations and ensure safe distribution of weight.
733111,Truck Drivers (General),Ensures goods are stowed and securely covered to prevent loss and damage.
733111,Truck Drivers (General),"Verifies loading documents, checks condition of goods and obtain certification of deliveries."
733112,Aircraft Refuellers,Manoeuvres vehicles into position for replenishing of tanks.
733112,Aircraft Refuellers,Observes safety requirements are met and followed.
733112,Aircraft Refuellers,Attaches hosing couplings and operates truck pump to fill aircraft tanks.
733112,Aircraft Refuellers,Makes regular quality checks of vehicles to ensure they can be driven safely.
733113,Furniture Removalist Drivers,Manoeuvres vehicles into position for loading and unloading.
733113,Furniture Removalist Drivers,Loads and unloads vehicles using lifting and tipping devices.
733113,Furniture Removalist Drivers,Observes safety requirements when loading and unloading vehicles.
733113,Furniture Removalist Drivers,Estimates weights to comply with load limitations and ensure safe distribution of weight.
733113,Furniture Removalist Drivers,Ensures goods are stowed and securely covered to prevent loss and damage.
733113,Furniture Removalist Drivers,"Verifies loading documents, checks condition of goods and obtain certification of deliveries."
733114,Tanker Drivers,Fills tanker as necessary from main supply tanks or from a series of tanks if collecting milk.
733114,Tanker Drivers,Drives vehicle from loading to discharge points.
733114,Tanker Drivers,Attaches hosing couplings and operates truck pump to fill or discharge load.
733114,Tanker Drivers,Ensures all safety and security procedures are followed.
733114,Tanker Drivers,"Makes regular checks of the vehicle, holding tank and couplings."
733114,Tanker Drivers,Keeps all documentation requirements for specific load type.
733115,Tow Truck Drivers,"Travels to scene of accident, illegal parking or other situation requiring towing."
733115,Tow Truck Drivers,Attaches towing equipment to vehicle or winches vehicle onto tilt-deck winch- truck.
733115,Tow Truck Drivers,Tows vehicle to depot or other location.
733115,Tow Truck Drivers,Carries out winching and heavy salvage.
733115,Tow Truck Drivers,Maintains and repairs equipment.
733115,Tow Truck Drivers,Keeps records.
811411,Commercial Housekeepers,Cleans the interior of buildings and the immediate outside areas.
811411,Commercial Housekeepers,"Sweeps, mops and polishes floors, vacuums and shampoos carpets, and cleans curtains and upholstered furniture."
811411,Commercial Housekeepers,"Dusts and polishes furniture, fixtures and fittings."
811411,Commercial Housekeepers,"Picks up rubbish, empties garbage containers, and takes contents to waste areas for removal."
811412,Domestic Housekeepers,"Picks up rubbish, empties garbage containers, and takes contents to waste areas for removal."
811412,Domestic Housekeepers,"Maintains kitchens, washes dishes and cooking utensils, and cleans appliances, cupboards, counters, pantries and floors."
811412,Domestic Housekeepers,"Picks up, sorts, washes, dries, irons and mends linen and clothes."
811412,Domestic Housekeepers,"Prepares and cooks meals, sets and clears tables, and serves food and beverages."
811412,Domestic Housekeepers,"Takes care of household pets and plants, receives visitors, answers telephones, delivers messages, and shops for groceries."
811511,Laundry Workers (General),"Sorts articles for cleaning according to type, colour, fabric and cleaning treatment required."
811511,Laundry Workers (General),Places sorted articles into receptacles and onto conveyor belts for moving to repair and cleaning areas.
811511,Laundry Workers (General),"Checks for and removes stains from garments, and makes minor repairs such as replacing buttons."
811511,Laundry Workers (General),"Loads and unloads washing machines, driers and extractors."
811511,Laundry Workers (General),Adds cleaning agents and starches to articles.
811511,Laundry Workers (General),Smoothes articles and guides them through cleaning and pressing machines.
811511,Laundry Workers (General),"Stops and starts machines to untangle, straighten and remove articles."
811511,Laundry Workers (General),Irons and presses clean articles.
811511,Laundry Workers (General),Places articles on shelves or on hangers for delivery or collection.
811511,Laundry Workers (General),Packages articles and prepares orders for dispatch.
811512,Drycleaners,"Sorts articles according to colour, condition and type of material and decides on type of treatment to be given."
811512,Drycleaners,May make minor repairs such as replacing buttons.
811512,Drycleaners,Places articles in drum and fastens cover before operating valves to feed chemical solution into machine.
811512,Drycleaners,"Operates controls to rotate drum or agitate contents, drains off solution after stopping machine."
811512,Drycleaners,Removes articles and packs them into hand truck.
811512,Drycleaners,Removes spots and stains by rubbing them with solvents.
811512,Drycleaners,Filters solution after use to make it fit for re-use.
811512,Drycleaners,May do pressing using machine or heated flat iron.
811512,Drycleaners,Places articles on shelves or on hangers for delivery or collection.
811512,Drycleaners,Packages articles and prepares orders for dispatch.
811513,Ironers and Pressers,Smoothes articles and guides them through cleaning and pressing machines.
811513,Ironers and Pressers,"Stops and starts machines to untangle, straighten and remove articles."
811513,Ironers and Pressers,Makes minor repairs.
811513,Ironers and Pressers,Irons and presses clean articles.
811513,Ironers and Pressers,Places articles on shelves and hangs articles for delivery and collection.
811513,Ironers and Pressers,Packages articles and prepares orders for dispatch.
811611,Carpet Cleaners,Cleans carpets and upholstered furniture using cleaning machines and their attachments.
811611,Carpet Cleaners,Selects and applies cleaning agents to remove stains from carpets and other surfaces.
811611,Carpet Cleaners,Fills carpet cleaning machines with water and other cleaning agents.
811611,Carpet Cleaners,Pushes pile-lifting machines over carpets and brushes pile to raise and fluff nap.
811611,Carpet Cleaners,"Treats carpets with soil-repellent chemicals and deodorants, and treats for pests."
811612,Window Cleaners,Selects and applies cleaning agents to remove stains from windows and other surfaces.
811612,Window Cleaners,"Uses ladders, swinging scaffolds, bosun's chairs, hydraulic bucket trucks and other equipment to reach and clean windows in multi-storey buildings."
811612,Window Cleaners,"Cleans stone walls, metal surfaces, fascias and window frames using high pressure water cleaners and solvents."
811699,Cleaners (not covered elsewhere),Selects and applies cleaning agents to remove stains from surfaces.
811699,Cleaners (not covered elsewhere),Fills cleaning machines with water and other cleaning agents.
811699,Cleaners (not covered elsewhere),"Treats surfaces with soil-repellent chemicals and deodorants, and treats for pests."
811699,Cleaners (not covered elsewhere),"Cleans stone walls, metal surfaces, fascias and window frames using high pressure water cleaners and solvents."
811699,Cleaners (not covered elsewhere),"Applies chemicals and high pressure cleaning methods to remove micro-organisms from water and filtration systems, and use wet vacuums and other suction equipment to remove scale, accumulated dirt and other deposits from swimming pools, cooling towers components and drains."
821111,Builder's Labourers,"Loads and unloads building and construction materials, tools and equipment and transports them around building sites."
821111,Builder's Labourers,Erects and dismantles temporary structures such as barricades and scaffolding.
821111,Builder's Labourers,"Mixes, pours and spreads materials such as concrete, plaster and mortar."
821111,Builder's Labourers,"Spreads and levels soil, gravel and sand on roads and driveways, trench bottoms and similar locations."
821111,Builder's Labourers,"Assists with assembling and installing piping, valves and fittings."
821111,Builder's Labourers,"Assists with installing fixtures such as toilets, wash basins and sprinkler systems."
821111,Builder's Labourers,"Digs holes and shovels excavated material onto conveyors, wheelbarrows and trucks for removal."
821112,"Drainage, Sewerage and Stormwater Labourers","Cleans and carries out minor repairs on stormwater drains and canals, and checks for cracks and leaks in sewerage systems."
821112,"Drainage, Sewerage and Stormwater Labourers","Digs holes and shovels excavated material onto conveyors, wheelbarrows and trucks for removal."
821113,Earthmoving Labourers,"Digging holes and shovelling excavated material onto conveyors, wheelbarrows and trucks for removal."
821113,Earthmoving Labourers,"Spreading and levelling soil, gravel and sand on roads and driveways, trench bottoms and similar locations. may utilise earthmoving machinery (e.g. trenching and digging machines)."
821114,Plumber's Assistants,"Loading and unloading plumbing fixtures and materials, tools and equipment and transporting them around sites."
821114,Plumber's Assistants,"Assisting with assembling and installing piping, valves and fittings."
821114,Plumber's Assistants,"Assisting with installing fixtures such as toilets, wash basins and sprinkler systems."
821412,Home Improvement Installers,"Examining plans, specifications and work sites to determine the type and quality of installations required and their location."
821412,Home Improvement Installers,"Preparing site for installation of fittings by nailing up furring, drilling holes for screws and bolts, and erecting scaffolding and ladders."
821412,Home Improvement Installers,Gluing blocks and slabs of foamed plastic and cork to walls.
821412,Home Improvement Installers,"Measuring, cutting and applying solar control film to windows."
821412,Home Improvement Installers,"Fitting awnings, security screens, shower screens, prefabricated windows and doors, exterior cladding and other home improvements using hand tools."
821412,Home Improvement Installers,"Drilling holes in wood, brick, stone and fibrous structures, and bolting, screwing and nailing fittings into place."
821412,Home Improvement Installers,"Attaching and adjusting mechanical fittings such as cranks, locks and pull-cords."
821412,Home Improvement Installers,Installing flashing and waterproofing to fittings such as shower screens and prefabricated windows and doors.
821711,Construction Riggers,"Erects lifting tackles by attaching pulleys and blocks to fixed overhead structures, and installs cables and attaches counterweights."
821711,Construction Riggers,"Attaches slinging gear to hoisting equipment and objects to be moved using clamps, hooks, bolts and knots."
821711,Construction Riggers,"Fits and bolts tubes, support braces and components to form bases and build up scaffolding."
821711,Construction Riggers,Lifts and positions sections of scaffolding.
821711,Construction Riggers,"Erects guard rails, guy wires, ropes and clears, lays planks and hangs safety nets."
821712,Scaffolders,"Fits and bolts tubes, support braces and components to form bases and build up scaffolding."
821712,Scaffolders,Lifts and positions sections of scaffolding.
821712,Scaffolders,"Erects guard rails, guy wires, ropes and clamps, laying planks and hanging safety nets."
821712,Scaffolders,Dismantles and removes scaffolding from building sites.
821713,Steel Fixers,"Measures, cuts, bends and fits welded wire mesh into concrete areas to be mesh-reinforced."
821713,Steel Fixers,Fixes mesh and reinforced steel into position in formwork for concrete pours.
821713,Steel Fixers,"Set up winches and rig equipment to raise and position girders, plates, columns and other steel units."
821714,Structural Steel Erectors,"Erects lifting tackles by attaching pulleys and blocks to fixed overhead structures, and installs cables and attaches counterweights."
821714,Structural Steel Erectors,"Attaches slinging gear to hoist equipment and objects to be moved using clamps, hooks, bolts and knots."
821714,Structural Steel Erectors,"Fits and bolts tubes, support braces and components to form bases and build up scaffolding."
821714,Structural Steel Erectors,Lifts and positions sections of scaffolding.
821714,Structural Steel Erectors,"Measures, cuts, bends and fits welded wire mesh into concrete areas to be mesh-reinforced."
821714,Structural Steel Erectors,Fixes mesh and reinforced steel into position in formwork for concrete pours.
821714,Structural Steel Erectors,"Sets up winches and rigging equipment to raise and position girders, plates, columns and other steel units."
821714,Structural Steel Erectors,"Erects guard rails, guy wires, ropes and clears, lays planks and hangs safety nets."
821911,Crane Chasers,Slings cranes and winches.
821911,Crane Chasers,Directs the movement of loads.
821911,Crane Chasers,Ensures loads do not exceed lifting capacities.
821911,Crane Chasers,May inform operator of progress with the manoeuvre.
821912,Driller's Assistants,Working with an experienced driller sets up rig and drilling equipment.
821912,Driller's Assistants,"Directs assembly and disassembly of pipes, casings and drill headings and controls speed and force of drilling."
821912,Driller's Assistants,Examines cores and cuttings to ascertain nature of strata.
821912,Driller's Assistants,Caps well or regulates valves which control outflow of gas or oil.
821912,Driller's Assistants,Attaches and detaches lifting equipment to lower or raise sections of drill pipe into or out of bore hole.
821912,Driller's Assistants,Controls pumps which circulate mud through drilling equipment.
821912,Driller's Assistants,Services pumps.
821913,Laggers,Organises insulating materials to be available for application.
821913,Laggers,Measures cuts and applies insulation.
821913,Laggers,Secures insulation using tools/machinery.
821914,Mining Support Workers,"Assembling, operating and dismantling mining equipment, taking ore, rock and dust samples, and mixing ore treating chemicals and catalysts."
821915,Surveyor's Assistants,"Assists with the measuring of distances, angles and variations in terrain as directed by a surveyor."
821915,Surveyor's Assistants,Places pegs and other survey marks as directed.
821915,Surveyor's Assistants,"Performs various duties to assist surveyor, such as establishing plumb marks."
831111,Baking Factory Workers,"Weighs, measures, mixes, dissolves and boils ingredients."
831111,Baking Factory Workers,"Adds materials, such as spices and preservatives, to food and beverages."
831111,Baking Factory Workers,Operates heating and chilling plant.
831111,Baking Factory Workers,"Monitors product quality before packaging, by inspecting, taking samples and adjusting treatment conditions when necessary."
831111,Baking Factory Workers,Operates machines to process food.
831111,Baking Factory Workers,"Cleans equipment, pumps, hoses, storage tanks, vessels and floors, and maintains infestation control programmes."
831111,Baking Factory Workers,Moves products from production lines into storage and shipping areas.
831111,Baking Factory Workers,Packages products.
831112,Brewery Workers,"Weighs, measures, mixes, and processes ingredients."
831112,Brewery Workers,"Adds materials, such as spices and preservatives."
831112,Brewery Workers,Operates processing plant.
831112,Brewery Workers,"Monitors product quality before packaging by inspecting, taking samples and adjusting treatment conditions when necessary."
831112,Brewery Workers,"Cleans equipment, pumps, hoses, storage tanks, vessels and floors, and maintains infestation control programmes."
831112,Brewery Workers,Regulates speed of processing machinery.
831112,Brewery Workers,Moves products from production lines into storage and shipping areas.
831112,Brewery Workers,Packages and bottles products.
831113,Confectionery Makers,"Weighs, measures, mixes, dissolves and boils ingredients."
831113,Confectionery Makers,"Adds materials, such as spices and preservatives, to food."
831113,Confectionery Makers,"Operates heating, chilling, and similar equipment."
831113,Confectionery Makers,"Monitors product quality before packaging by inspecting, taking samples and adjusting treatment conditions when necessary."
831113,Confectionery Makers,Operates machines to process food product.
831113,Confectionery Makers,"Cleans equipment, pumps, hoses, storage tanks, vessels and floors, and maintains infestation control programmes."
831113,Confectionery Makers,Moves products from production lines into storage and shipping areas.
831113,Confectionery Makers,Packages products.
831114,Dairy Products Makers,"Weighs, measures, mixes, and processes ingredients."
831114,Dairy Products Makers,"Operates heating, chilling, freezing and pasteurising plant."
831114,Dairy Products Makers,"Monitors product quality before packaging by inspecting, taking samples and adjusting treatment conditions when necessary."
831114,Dairy Products Makers,"Cleans equipment, pumps, hoses, storage tanks, vessels and floors, and maintains infestation control programmes."
831114,Dairy Products Makers,Regulates speed of conveyors and associated equipment.
831114,Dairy Products Makers,Moves products from production lines into storage and shipping areas.
831114,Dairy Products Makers,Packages and bottles products.
831115,Fruit and Vegetable Factory Workers,"Weighs, measures, mixes, dissolves and boils ingredients."
831115,Fruit and Vegetable Factory Workers,"Add materials, such as spices and preservative to food and beverages."
831115,Fruit and Vegetable Factory Workers,"Operates heating, chilling, freezing, pasteurising, carbonating, sulphuring and desulphuring plant."
831115,Fruit and Vegetable Factory Workers,"Monitors product quality before packaging by inspecting, taking samples and adjusting treatment conditions when necessary."
831115,Fruit and Vegetable Factory Workers,"Operates machines to peel, core, slice, dice, pit and juice fruit and vegetables."
831115,Fruit and Vegetable Factory Workers,"Cleans equipment, pumps, hoses, storage tanks, vessels and floors, and maintains infestation control programmes."
831115,Fruit and Vegetable Factory Workers,Regulates speed of conveyors and crusher rollers.
831115,Fruit and Vegetable Factory Workers,Packages and bottles products.
831115,Fruit and Vegetable Factory Workers,Moves products from production lines into storage and shipping areas.
831116,Grain Mill Workers,"Weighs, measures, mixes, and processes ingredients."
831116,Grain Mill Workers,"Monitors product quality before packaging by inspecting, taking samples and adjusting treatment conditions when necessary."
831116,Grain Mill Workers,"Cleans equipment, pumps, hoses, storage tanks, vessels and floors, and maintains infestation control programs."
831116,Grain Mill Workers,Regulates speed of conveyors and crusher rollers.
831116,Grain Mill Workers,Moves products from production lines into storage and shipping areas.
831116,Grain Mill Workers,Packages products.
831117,Sugar Mill Workers,"Weighs, measures, and processes ingredients."
831117,Sugar Mill Workers,Operates processing plant.
831117,Sugar Mill Workers,"Monitors product quality before packaging by inspecting, taking samples and adjusting treatment conditions when necessary."
831117,Sugar Mill Workers,"Cleans equipment, pumps, hoses, storage tanks, vessels and floors, and maintains infestation control programs."
831117,Sugar Mill Workers,"Regulates speed of conveyors and crusher rollers, and adjusts tension of rollers to ensure total extraction of juice from sugar cane."
831117,Sugar Mill Workers,Moves products from production lines into storage and shipping areas.
831117,Sugar Mill Workers,Packages products.
831118,Winery Cellar Hands,"Weighs, measures, and processes ingredients."
831118,Winery Cellar Hands,"Monitors product quality before packaging by inspecting, taking samples and adjusting treatment conditions when necessary."
831118,Winery Cellar Hands,"Cleans equipment, pumps, hoses, storage tanks, vessels and floors, and maintains infestation control programs."
831118,Winery Cellar Hands,Moves products from production lines into storage and shipping areas.
831118,Winery Cellar Hands,Packages and bottles products.
831199,Other Food and Drink Factory Workers,"Weighs, measures, mixes, dissolves and boils ingredients."
831199,Other Food and Drink Factory Workers,"Adds materials, such as spices and preservatives."
831199,Other Food and Drink Factory Workers,Operates processing plant.
831199,Other Food and Drink Factory Workers,"Monitors product quality before packaging by inspecting, taking samples and adjusting treatment conditions when necessary."
831199,Other Food and Drink Factory Workers,"Cleans equipment, pumps, hoses, storage tanks, vessels and floors, and maintains infestation control programmes."
831199,Other Food and Drink Factory Workers,Regulates machinery.
831199,Other Food and Drink Factory Workers,Moves products from production lines into storage and shipping areas.
831199,Other Food and Drink Factory Workers,Packages products.
831211,Meat Boners and Slicers,Operates switching controls to direct and drop carcasses and meat cuts from supply rails to boning tables.
831211,Meat Boners and Slicers,"Cuts meat to separate meat, fat and tissue from around bones."
831211,Meat Boners and Slicers,"Washes, scrapes and trims foreign material and blood from meat."
831211,Meat Boners and Slicers,"Cuts sides and quarters of meat into standard meat cuts, such as rumps, flanks and shoulders, and removes internal fat, blood clots, bruises and other matter to prepare them for packing and marketing."
831212,Slaughterers,Operates restrainers and stunning equipment.
831212,Slaughterers,Severs jugular veins of stunned animals to drain blood and facilitate dressing.
831212,Slaughterers,Trims and removes head meat and severs animal heads.
831212,Slaughterers,"Slits open, eviscerates and trims animal carcasses."
831212,Slaughterers,May slaughter livestock according to procedures required by religious customs.
831311,Meat Process Workers,"Processes meat, offal and tripe."
831311,Meat Process Workers,Moves carcasses to chillers and freezers.
831311,Meat Process Workers,Loads meat products into trucks.
831311,Meat Process Workers,Packs boned and sliced meat into cartons.
831311,Meat Process Workers,Cleans and sanitises equipment and work areas.
831312,Poultry Process Workers,Moving carcasses to chillers and freezers.
831312,Poultry Process Workers,Loading meat products into trucks.
831312,Poultry Process Workers,Packing boned and sliced meat into cartons.
831312,Poultry Process Workers,Stunning and shackling poultry for killing and processing.
831312,Poultry Process Workers,"Severing jugular veins of poultry, and removing viscera and residual material from poultry carcasses."
831312,Poultry Process Workers,"Separating organs and glands, such as sweetbreads, livers, hearts and spleens, from poultry carcasses."
831312,Poultry Process Workers,Inspecting and grading poultry for size and quality.
831312,Poultry Process Workers,Packing.
831312,Poultry Process Workers,"Operating machines which slice, peel, skin and crumb."
831312,Poultry Process Workers,Cleaning and sanitising equipment and work areas.
832111,Chocolate Packers,"Obtains supplies of products and assembles bags, package folders and cartons."
832111,Chocolate Packers,"Packs containers and bags with products, and counts, weighs and measures amounts and adjusts quantities."
832111,Chocolate Packers,"Wraps protective material around products, seals bags and containers, and attaches pre-printed labels."
832111,Chocolate Packers,"Counts and places bags and packages onto trays and racks, and into shipping cartons."
832111,Chocolate Packers,"Records information such as numbers, weight, times and dates."
832111,Chocolate Packers,Monitors the filling of containers and adjusts machines to maintain volume and seal quality.
832111,Chocolate Packers,"Checks the cleanliness and operation of machines, equipment and containers."
832112,Container Fillers,Obtains supplies of products and fills packages.
832112,Container Fillers,"Packs containers and bags with products, and counts, weighs and measures amounts and adjusts quantities."
832112,Container Fillers,"Wraps protective material around products, seals bags and containers, and attaches pre-printed labels."
832112,Container Fillers,"Counts and places bags and packages onto trays and racks, and into shipping cartons."
832112,Container Fillers,"Records information such as numbers, weight, times and dates."
832112,Container Fillers,Monitors the filling of containers and adjusts machines to maintain volume and seal quality.
832112,Container Fillers,"Checks the cleanliness and operation of machines, equipment and containers."
832113,Fruit and Vegetable Packers,"Obtains supplies of products and assembles bags, package folders and cartons."
832113,Fruit and Vegetable Packers,"Packs containers and bags with products, and counts, weighs and measures amounts and adjusts quantities."
832113,Fruit and Vegetable Packers,"Wraps protective material around products, seals bags and containers, and attaches pre-printed labels."
832113,Fruit and Vegetable Packers,"Counts and places bags and packages onto trays and racks, and into shipping cartons."
832113,Fruit and Vegetable Packers,"Records information such as numbers, weight, times and dates."
832113,Fruit and Vegetable Packers,Monitors the filling of containers and adjusts machines to maintain volume and seal quality.
832113,Fruit and Vegetable Packers,Monitors the supply and quality of containers and contents of holding tanks.
832113,Fruit and Vegetable Packers,"Checks the cleanliness and operation of machines, equipment and containers."
832114,Meat Packers,"Obtains supplies of products and assembles bags, package folders and cartons."
832114,Meat Packers,"Packs containers and bags with products, and counts, weighs and measures amounts and adjusts quantities."
832114,Meat Packers,"Wraps protective material around products, seals bags and containers, and attaches pre-printed labels."
832114,Meat Packers,"Counts and places bags and packages onto trays and racks, and into shipping cartons."
832114,Meat Packers,"Records information such as numbers, weight, times and dates."
832114,Meat Packers,Monitors the filling of containers and adjusts machines to maintain volume and seal quality.
832114,Meat Packers,Monitors the supply and quality of containers and contents of holding tanks.
832114,Meat Packers,"Checks the cleanliness and operation of machines, equipment and containers."
832115,Seafood Packers,"Obtains supplies of seafood and assembles bags, package folders and cartons."
832115,Seafood Packers,"Packs containers and bags with products, and counts, weighs and measures amounts and adjusts quantities."
832115,Seafood Packers,"Wraps protective material around products, seals bags and containers, and attaches pre-printed labels."
832115,Seafood Packers,"Counts and places bags and packages onto trays and racks, and into shipping cartons."
832115,Seafood Packers,"Records information such as numbers, weight, times and dates."
832115,Seafood Packers,Monitors the filling of containers and adjusts machines to maintain volume and seal quality.
832115,Seafood Packers,Monitors the supply and quality of containers and contents of holding tanks.
832115,Seafood Packers,"Checks the cleanliness and operation of machines, equipment and containers."
832199,Other Packers,"Obtains supplies of product and assembles bags, package folders and cartons."
832199,Other Packers,"Packs containers and bags with products, and counts, weighs and measures amounts and adjusts quantities."
832199,Other Packers,"Wraps protective material around products, seals bags and containers, and attaches pre-printed labels."
832199,Other Packers,"Counts and places bags and packages onto trays and racks, and into shipping cartons."
832199,Other Packers,"Records information such as numbers, weight, times and dates."
832199,Other Packers,Monitors the filling of containers and adjusts machines to maintain volume and seal quality.
832199,Other Packers,Monitors the supply and quality of containers and contents of holding tanks.
832199,Other Packers,"Checks the cleanliness and operation of machines, equipment and containers."
839211,Plastics Factory Workers,Dumps material into hoppers of machines.
839211,Plastics Factory Workers,Stop moulding machines and discharge contents.
839211,Plastics Factory Workers,Cut foam products from foam blocks.
839211,Plastics Factory Workers,"Clean, smooth and wax moulds for making products."
839211,Plastics Factory Workers,Brush and spray release agents onto moulds to assist with the removal of moulded products.
839211,Plastics Factory Workers,Build up layers of fibreglass and resin on moulds.
839211,Plastics Factory Workers,"Clean work areas, tools and equipment."
839211,Plastics Factory Workers,"May smooth rough edges of moulds using files, grinders and sanders."
839212,Rubber Factory Workers,"Adjusts steam and water valves to regulate heat of machine, depending on process to be carried out."
839212,Rubber Factory Workers,Inserts die or mould to machine or press where required.
839212,Rubber Factory Workers,"Loads or feeds raw rubber or rubber compounds to machine, before or after starting machine."
839212,Rubber Factory Workers,Adjusts machine controls or processes where necessary to ensure correct thickness of product or speed of extrusion.
839212,Rubber Factory Workers,Removes finished product from machine by hand or with hand tools.
839212,Rubber Factory Workers,"Washes crude rubber, applies chemicals where required and operates special types of machines or presses."
839311,Product Examiners,Studies product specifications and takes measurement to determine conformity to specifications.
839311,Product Examiners,"Examines and marks output for visible defects such as cracks, holes and breakages."
839311,Product Examiners,Makes minor repairs and adjustments to products.
839311,Product Examiners,"Compiles quality assurance reports, maintains documentation and reports findings."
839311,Product Examiners,Examines products for defects and grades product.
839312,Product Graders,Studies product specifications and takes measurement to determine conformity to specifications.
839312,Product Graders,Examines products for defects and grades produce.
839312,Product Graders,Designates grading of produce and records details of assessment according to classification system.
839313,Product Testers,Collects and labels samples for inspection.
839313,Product Testers,Records details of sampling procedures and sources of samples.
839313,Product Testers,Prepares samples and carries out prescribed tests.
839411,Paper and Pulp Mill Workers,Loads digester with raw materials and chemicals.
839411,Paper and Pulp Mill Workers,Regulates and adjusts the temperature and pressure within the digester.
839411,Paper and Pulp Mill Workers,Tests samples by titration or standard colour test to determine completion of process.
839411,Paper and Pulp Mill Workers,Drains liquid from digester and monitors removal of the cooked pulp.
839411,Paper and Pulp Mill Workers,Takes samples of bleached material for testing.
839411,Paper and Pulp Mill Workers,Washes bleached material and blends to obtain uniform quality.
839411,Paper and Pulp Mill Workers,May be required to add chemicals during the bleaching process and make chemical or electrolytic tests.
839411,Paper and Pulp Mill Workers,"Undertakes the addition of size, fillers, dyes, alum and chemicals, and tests for correct consistency."
839411,Paper and Pulp Mill Workers,Ensures transfer of completed batch to storage tanks where it is kept under agitation to maintain consistency.
839411,Paper and Pulp Mill Workers,May mix and cook colouring matter for dyeing product in the machine.
839411,Paper and Pulp Mill Workers,Controls flow of wet pulp through rotary screens to paper making machines.
839411,Paper and Pulp Mill Workers,Operates drier and calendar rollers.
839411,Paper and Pulp Mill Workers,Operates supercalendar to impart gloss and finish to surface of paper.
839411,Paper and Pulp Mill Workers,Operates machine to glaze or impregnate paper with coating mixture.
839411,Paper and Pulp Mill Workers,"Separates sheets from felts and lays sheets in packs, re-presses packs."
839411,Paper and Pulp Mill Workers,Separates sheets from pack and dries.
839412,Sawmill and Timber Yard Workers,"Examines wood for faults such as knots, bad edges, stains and poor machine work."
839412,Sawmill and Timber Yard Workers,Returns faulty pieces for further machining.
839412,Sawmill and Timber Yard Workers,Grades and marks satisfactory pieces according to quality and size.
839412,Sawmill and Timber Yard Workers,Keeps records of defective work.
839413,Wood and Wood Products Factory Workers,Assists with setting up and operating plant and ancillary equipment used in the manufacture of sheets and boards.
839413,Wood and Wood Products Factory Workers,"Transports processed wood products, such as plywood, chipboard sheets and panels, to work areas."
839413,Wood and Wood Products Factory Workers,Clears blockages in machines.
839413,Wood and Wood Products Factory Workers,Assists with measuring and cutting materials.
839413,Wood and Wood Products Factory Workers,Packs and loads finished products for transportation.
839413,Wood and Wood Products Factory Workers,"Cleans work areas, tools and equipment."
839911,Cement and Concrete Plant Workers,"Greasing and assembling concrete moulds, holding reinforcing steel in position during concrete pours, stripping moulds from dried concrete products and finishing products."
839912,Chemical Plant Workers,Delivering materials to processing areas.
839912,Chemical Plant Workers,Dumping ingredients into hoppers.
839912,Chemical Plant Workers,"Operating machines to heat, cool and agitate chemical solutions."
839912,Chemical Plant Workers,Filling and fastening covers on containers and attaching labels and information on products.
839913,Clay Processing Factory Workers,Loading clay into machines.
839913,Clay Processing Factory Workers,"Stacking products on kiln cars, pallets and trolleys, and moving kiln cars and trolleys to and from kilns dryers, sorting, storage and shipping areas."
839914,Fabric and Textile Factory Workers,"Cutting canvas, upholstery and curtain fabrics."
839914,Fabric and Textile Factory Workers,Delivering materials to machines.
839914,Fabric and Textile Factory Workers,"Operating automatic machines using computerised patterns, pressing partially completed and finished garments, and inspecting and finishing completed garments."
839915,Footwear Factory Workers,Selects pattern and cuts material and shoe parts by machine.
839915,Footwear Factory Workers,Constructs components by machine and assembles footwear by sewing parts together.
839915,Footwear Factory Workers,Cleans and inspects shoes.
839916,Glass Processing Workers,"Setting up, monitoring, adjusting and repairing automatic machines and equipment, and checking weight of glassware."
839916,Glass Processing Workers,Performing practical tasks related to the production of glass products.
839917,Hide and Skin Processing Workers,Prepares surface of skin prior to removal of hair or wool.
839917,Hide and Skin Processing Workers,"Reduces thickness of hide, grades and pickles until required for further treatment."
839917,Hide and Skin Processing Workers,Applies dye to pelts using appropriate means.
839917,Hide and Skin Processing Workers,"May also finish pelts by softening, fluffing, brushing and combing."
841211,Fruit and Nut Farm Workers,Undertakes planting using hand tools and farm machines.
841211,Fruit and Nut Farm Workers,Builds trellises for climbing plants and vines.
841211,Fruit and Nut Farm Workers,"Operates machines to cultivate, fertilise, spray and harvest fruit and nuts."
841211,Fruit and Nut Farm Workers,"Sprays trees, vines and other plants with chemicals to control weeds, insects, fungus growth and diseases."
841211,Fruit and Nut Farm Workers,"Thins, weeds and hoes row crops, and prunes trees and vines."
841211,Fruit and Nut Farm Workers,Irrigates land for crop growth.
841211,Fruit and Nut Farm Workers,"Selects and picks fruit and nuts according to size and ripeness, and discards rotting and over-ripened produce."
841211,Fruit and Nut Farm Workers,"Grades, sorts and packs produce into containers."
841211,Fruit and Nut Farm Workers,Loads filled fruit and nut containers onto trucks.
841212,Fruit and Nut Pickers,"Selects and picks fruit and nuts according to size and ripeness, and discards rotting and over-ripened produce."
841212,Fruit and Nut Pickers,"Grades, sorts and packs produce into containers."
841212,Fruit and Nut Pickers,Loads filled fruit and nut containers onto trucks.
841213,"Grain, Oilseed and Pasture Farm Workers","Plants seeds, seedlings, roots, bulbs, vines and other plants using hand tools and farm machines."
841213,"Grain, Oilseed and Pasture Farm Workers",Builds trellises for climbing vegetables and vines.
841213,"Grain, Oilseed and Pasture Farm Workers","Operates farm machines to cultivate, fertilise, spray and harvest vegetables and other field crops."
841213,"Grain, Oilseed and Pasture Farm Workers","Sprays plants, crops and pastures with chemicals to control weed growth, insects, fungus growth and diseases."
841213,"Grain, Oilseed and Pasture Farm Workers","Thins, weeds and hoes row crops and vines."
841213,"Grain, Oilseed and Pasture Farm Workers",Irrigates land for crop growth.
841213,"Grain, Oilseed and Pasture Farm Workers","Selects and harvests crops according to size and ripeness, and discards rotting and over-ripened produce."
841213,"Grain, Oilseed and Pasture Farm Workers","Grades, sorts, bunches and packs produce into containers and loads onto trucks."
841214,Vegetable Farm Workers,Plants crops using hand tools and farm machines.
841214,Vegetable Farm Workers,Builds trellises for climbing vegetables and vines.
841214,Vegetable Farm Workers,"Operates farm machines to cultivate, fertilise, spray and harvest."
841214,Vegetable Farm Workers,"Sprays with chemicals to control weed growth, insects, fungus growth and diseases."
841214,Vegetable Farm Workers,"Thins, weeds and hoes."
841214,Vegetable Farm Workers,Irrigates land for crop growth.
841214,Vegetable Farm Workers,"Selects and picks vegetables according to size and ripeness, and discards rotting and over-ripened produce."
841214,Vegetable Farm Workers,"Grades, sorts, bunches and packs produce into containers."
841214,Vegetable Farm Workers,Loads filled vegetable containers onto trucks.
841215,Vegetable Pickers,"Selects and picks vegetables according to size and ripeness, and discards rotting and over-ripened produce."
841215,Vegetable Pickers,"Grades, sorts, bunches and packs produce into containers."
841215,Vegetable Pickers,Loads filled vegetable containers onto trucks.
841216,Vineyard Workers,Plants vines and other plants using hand tools and farm machines.
841216,Vineyard Workers,Builds trellises for climbing vines.
841216,Vineyard Workers,"Operates farm machines to cultivate, fertilise, spray and harvest grapes."
841216,Vineyard Workers,"Sprays vines and other plants with chemicals to control weed growth, insects, fungus growth and diseases."
841216,Vineyard Workers,Prunes vines.
841216,Vineyard Workers,Irrigates land for crop growth.
841216,Vineyard Workers,"Selects and picks grapes according to size and ripeness, and discards rotting and over-ripened produce."
841216,Vineyard Workers,"Grades, sorts, bunches and packs produce into containers."
841216,Vineyard Workers,Loads filled grape containers onto trucks.
841299,Other Crop Farm Workers,Undertakes planting.
841299,Other Crop Farm Workers,Using hand tools and farm machines.
841299,Other Crop Farm Workers,"Operates farm machines to cultivate, fertilise, spray and harvest produce."
841299,Other Crop Farm Workers,"Sprays plants with chemicals to control weed growth, insects, fungus growth and diseases."
841299,Other Crop Farm Workers,"Thins, weeds and hoes row crops, and prunes."
841299,Other Crop Farm Workers,Irrigates land for crop growth.
841299,Other Crop Farm Workers,"Selects and picks produce according to size and ripeness, and discards rotting and over-ripened produce."
841299,Other Crop Farm Workers,"Grades, sorts, bunches and packs produce into containers."
841299,Other Crop Farm Workers,Loads filled produce containers onto trucks.
841311,Forestry Workers,"Maintains forest roads, buildings, facilities, signs and equipment."
841311,Forestry Workers,"Kills weeds, fells and de-barks non-productive trees and thins young plantations."
841311,Forestry Workers,"Collect seeds, and cultivates and plants seedlings for reforestation purposes."
841311,Forestry Workers,"Applies fertilisers, insecticides and herbicides to individual trees and general forest areas."
841311,Forestry Workers,Maintains look-out for fires in forests.
841312,Logging Assistants,"Removes major branches and tree tops, trims branches and saws trunks into logs."
841312,Logging Assistants,Assists with loading and transporting logs.
841312,Logging Assistants,Plans the felling of trees and determines the natural and intended fall of each tree.
841312,Logging Assistants,Clears surrounding area of saplings and debris prior to tree-felling.
841312,Logging Assistants,Operates and maintains manual and machine saws to fell trees and to cut felled trees into logs.
841313,Tree Fallers,Fells and de-barks non-productive trees and thins young plantations.
841313,Tree Fallers,"Removes major branches and tree tops, trims branches and saws trunks into logs."
841313,Tree Fallers,Assists with loading and transporting logs.
841313,Tree Fallers,Plans the felling of trees and determines the natural and intended fall of each tree.
841313,Tree Fallers,Clears surrounding area of saplings and debris prior to tree-felling.
841313,Tree Fallers,Operates and maintains manual and machine saws to fell trees and to cut felled trees into logs.
841411,Garden Labourers,"Loading, unloading and moving garden supplies and equipment."
841411,Garden Labourers,Preparing garden sites and plots using hand tools and machines.
841411,Garden Labourers,"Assisting with planting and transplanting flowers, shrubs, trees and lawns."
841411,Garden Labourers,"Maintaining gardens by watering, weeding and mowing lawns."
841411,Garden Labourers,Cleaning gardens and removing rubbish.
841411,Garden Labourers,"Assisting with propagating, planting and potting seeds, bulbs and cuttings."
841411,Garden Labourers,Tending plants by hand watering and weeding.
841411,Garden Labourers,"Adjusting mist irrigation systems, shade and ventilation."
841412,Nursery Hands (Horticulture),"Loading, unloading and moving nursery supplies and equipment."
841412,Nursery Hands (Horticulture),Preparing nursery sites and plots using hand tools and machines.
841412,Nursery Hands (Horticulture),Assisting with propagating and transplanting plants.
841412,Nursery Hands (Horticulture),"Watering, and weeding."
841412,Nursery Hands (Horticulture),Tidying work areas and removing rubbish.
841412,Nursery Hands (Horticulture),Tending plants by hand watering and weeding.
841412,Nursery Hands (Horticulture),"Adjusting mist irrigation systems, shade and ventilation."
841511,Beef Cattle Farm Workers,"Patrols, inspects and reports on the condition of livestock."
841511,Beef Cattle Farm Workers,Provides livestock with feed and water.
841511,Beef Cattle Farm Workers,Assist with maintaining the health and welfare of livestock.
841511,Beef Cattle Farm Workers,Musters and drives livestock between paddocks to ensure sufficient feed is available.
841512,Dairy Cattle Farm Workers,"Patrols, inspects and reports on the condition of livestock."
841512,Dairy Cattle Farm Workers,Provide livestock with feed and water.
841512,Dairy Cattle Farm Workers,Assist with maintaining the health and welfare of livestock.
841512,Dairy Cattle Farm Workers,Musters and drives livestock to milking and between paddocks to ensure sufficient feed is available.
841512,Dairy Cattle Farm Workers,"Washes and cleans udders, attaches milking machines and milks cows."
841512,Dairy Cattle Farm Workers,Cleans milking shed.
841513,Mixed Livestock Farm Workers,"Patrolling, inspecting and reporting on the condition of livestock."
841513,Mixed Livestock Farm Workers,Providing livestock with feed and water.
841513,Mixed Livestock Farm Workers,Assisting with maintaining the health and welfare of livestock.
841513,Mixed Livestock Farm Workers,Mustering and droving livestock to milking and shearing sheds and between paddocks to ensure sufficient feed is available.
841513,Mixed Livestock Farm Workers,"Washing and cleaning udders, and attaching milking machines to udders and milking cows."
841513,Mixed Livestock Farm Workers,Collecting eggs and placing in incubators.
841513,Mixed Livestock Farm Workers,Herding sheep for shearing and keeping mobs separate during shearing.
841513,Mixed Livestock Farm Workers,"Spreading fleeces on skirting tables for classing, pressing wool and branding bales."
841513,Mixed Livestock Farm Workers,"Exercising horses by walking, riding, leading and swimming, and attending to horses at track work, barrier trials and races."
841513,Mixed Livestock Farm Workers,"Cleaning stables and hatcheries, storing bedding and performing minor repairs on fixtures, buildings and fences."
841513,Mixed Livestock Farm Workers,"Assembling, preparing and storing horse gear."
841514,Poultry Farm Workers,"Patrols, inspects and reports on the condition of chickens."
841514,Poultry Farm Workers,Provides chickens with feed and water.
841514,Poultry Farm Workers,Assists with and maintains the health and welfare of chickens.
841514,Poultry Farm Workers,Collects eggs and place in incubators.
841515,Sheep Farm Workers,"Patrols, inspects and reports on the condition of sheep."
841515,Sheep Farm Workers,Provides sheep with feed and water.
841515,Sheep Farm Workers,Assists with maintaining the health and welfare of livestock.
841515,Sheep Farm Workers,Musters and drives sheep to shearing sheds and between paddocks to ensure sufficient feed is available.
841515,Sheep Farm Workers,Herds sheep for shearing and keeps mobs separate during shearing.
841515,Sheep Farm Workers,"Spreads fleeces on skirting tables for classing, pressing wool and branding bales."
841516,Stablehands,"Exercises horses by walking, riding, leading and swimming, and attending to horses at track work, barrier trials and races."
841516,Stablehands,"Cleans stables, stores bedding and performs minor repairs on fixtures, buildings and fences."
841516,Stablehands,"Assembles, prepares and stores horse gear."
841517,Wool Handlers,Herds sheep for shearing and keeps mobs separate during shearing.
841517,Wool Handlers,"Spreads fleeces on skirting tables for classing, pressing wool and branding bales."
841599,Other Livestock Farm Workers,"Patrols, inspects and reports on the condition of livestock."
841599,Other Livestock Farm Workers,Provides livestock with feed and water.
841599,Other Livestock Farm Workers,Assists with maintaining the health and welfare of livestock.
841599,Other Livestock Farm Workers,Musters and drives livestock to milking and shearing sheds and between paddocks to ensure sufficient feed is available.
841599,Other Livestock Farm Workers,Washes and cleans livestock.
841599,Other Livestock Farm Workers,"Herds animals for shearing, branding or culling purposes."
841599,Other Livestock Farm Workers,"Cleans barns, stables and stiles."
841599,Other Livestock Farm Workers,"Assembles, prepares and stores equipment and food."
841911,Hunter-Trappers,"Travels to allocated shooting areas on foot or by helicopter and stalks, shoots or traps animals."
841911,Hunter-Trappers,Lays poison and sets traps.
841911,Hunter-Trappers,Checks traps to remove carcasses.
841911,Hunter-Trappers,Removes parts of animal as evidence of kill.
841911,Hunter-Trappers,Collects sample of animal carcasses for scientific analysis if required.
841911,Hunter-Trappers,Monitors and records animal population numbers and spread.
841913,Pest Controllers,Ascertains nature and extent of pest to be eradicated.
841913,Pest Controllers,"Sprays chemicals or lays appropriate bait, wears protective clothing if applicable."
841913,Pest Controllers,May make follow-up visits to ensure eradication has been completed.
851211,Pastrycook's Assistants,Gathering and preparing base ingredients for baking.
851211,Pastrycook's Assistants,"Mixing ingredients to make dough and pastries, cake batter, fillings, icings and desserts."
851211,Pastrycook's Assistants,"Operating commercial bakery equipment including mixers, rollers, cutters and ovens."
851211,Pastrycook's Assistants,"Sheeting and rolling out dough, putting dough into baking dishes or on trays."
851211,Pastrycook's Assistants,Cooking goods and removing cooked items from ovens.
851211,Pastrycook's Assistants,"Cooling and decorating with creams and icings where required, cleaning cooking utensils and food preparation surfaces, storing food supplies in cupboards, pantries and other storage areas."
851299,Other Food Trades Assistants,Gathering food ingredients in preparation for cooking and serving.
851299,Other Food Trades Assistants,Gathering pots and pans in preparation for cooking food ingredients.
851299,Other Food Trades Assistants,Weighing and measuring ingredients.
851299,Other Food Trades Assistants,"Washing, peeling, cutting, slicing and dicing ingredients for cooking and serving."
851299,Other Food Trades Assistants,"Cutting and grinding meat, poultry and seafood in preparation for cooking."
851299,Other Food Trades Assistants,Removing cooked food from ovens and food warmers.
851299,Other Food Trades Assistants,"Washing work areas, equipment, utensils, dishes and silverware."
851299,Other Food Trades Assistants,"Storing food supplies, equipment, utensils, dishes and silverware in refrigerators, cupboards, pantries and other storage areas."
851299,Other Food Trades Assistants,Advising when food supplies are low.
891111,Freight Handlers (Rail or Road),Labels goods with customers' details and destinations.
891111,Freight Handlers (Rail or Road),"Loads goods into trucks, containers and rail wagons, and secures loads."
891111,Freight Handlers (Rail or Road),Ties down loads and covers them with tarpaulins.
891111,Freight Handlers (Rail or Road),Guides truck drivers into loading bays and through confined spaces.
891111,Freight Handlers (Rail or Road),"Performs clerical functions to record and check cargo on arrival, storage and dispatch."
891111,Freight Handlers (Rail or Road),Opens and closes hatches and secures cargo to prevent shifting during voyages.
891111,Freight Handlers (Rail or Road),Transfers loads using moving equipment and directs equipment operations using communication systems.
891112,Truck Driver's Offsiders,Working with a truck driver: labelling goods with customers' details and destinations.
891112,Truck Driver's Offsiders,"Loading goods into trucks, containers and rail wagons, and securing loads."
891112,Truck Driver's Offsiders,Assisting to tie down loads and cover them with tarpaulins.
891112,Truck Driver's Offsiders,Guiding truck drivers into loading bays and through confined spaces.
891112,Truck Driver's Offsiders,"Performing clerical functions to record and check cargo on arrival, storage and dispatch."
891112,Truck Driver's Offsiders,Transferring loads using moving equipment and directing equipment operations using communication systems.
891113,Waterside Workers,"Receiving instructions by radio telephone and/or radio data terminal to load, unload or move cargo."
891113,Waterside Workers,Securing and releasing mooring lines of ships.
891113,Waterside Workers,Opening and closing ship hatches.
891113,Waterside Workers,Transferring loads using moving equipment and directing equipment operations using communication systems.
891113,Waterside Workers,"Stacking cargo on pallets, trays, flats and slings to facilitate transfer to and from ships."
891113,Waterside Workers,"Operating heavy vehicles and machinery, such as straddle carriers, fork-lifts and ships' cranes, to load and unload cargo from trucks, ships and rail transport services."
891113,Waterside Workers,Sorting cargo before loading and unloading.
891113,Waterside Workers,Labelling goods with customers' details and destinations.
891113,Waterside Workers,"Loading goods into trucks, containers and rail wagons, and securing loads."
891113,Waterside Workers,Assisting to tie down loads and covering them with tarpaulins.
891113,Waterside Workers,Guiding truck drivers into loading bays and through confined spaces.
891113,Waterside Workers,"Performing clerical functions to record and check cargo on arrival, storage and dispatch."
891113,Waterside Workers,Positioning goods in the holds of ships and securing cargo to prevent shifting during voyages.
891113,Waterside Workers,Packing containers and re-packing damaged containers.
891113,Waterside Workers,Cleaning out ships' tanks and holds.
891113,Waterside Workers,Washing out containers and carrying out other general yard duties such as shunting on the railway.
891113,Waterside Workers,Arranging for damaged containers of hazardous material to be quarantined.
891113,Waterside Workers,Carrying out safety checks.
899211,Deck Hands,"Handles ropes and wires, and operates mooring equipment when berthing and unberthing."
899211,Deck Hands,Stands lookout watches at sea and adjusts the ship's course as directed.
899211,Deck Hands,Assists with cargo operations using on-board equipment and stows and secures cargo.
899211,Deck Hands,"Patrols ships to ensure safety of the vessel, cargo and passengers."
899211,Deck Hands,"Performs routine maintenance and checks on deck equipment, cargo gear, rigging, and lifesaving and fire fighting appliances."
899212,Fishing Hands,Attaches gear and fastens towing cables to nets.
899212,Fishing Hands,"Casts and lowers nets, pots, lines and traps into water."
899212,Fishing Hands,"Prepares lines, attaches running gear and bait, and sets lines into position."
899212,Fishing Hands,Hauls in fishing gear and removes fish and other marine life.
899212,Fishing Hands,"Sorts, cleans, preserves, stows and refrigerates catch."
899411,Motor Vehicle Parts and Accessories Fitters (General),Removes old and damaged parts and cleans surrounding areas on vehicles.
899411,Motor Vehicle Parts and Accessories Fitters (General),"Fits batteries and installs accessories such as sun roofs, stereos and alarms."
899411,Motor Vehicle Parts and Accessories Fitters (General),"Inspects, removes and repairs muffler mountings, and fits new mufflers, extractors and exhaust pipes."
899411,Motor Vehicle Parts and Accessories Fitters (General),Removes radiators from vehicles and cleans and repairs them.
899411,Motor Vehicle Parts and Accessories Fitters (General),"Installs new or repaired radiators into vehicles and repairs and replaces other units in the cooling system such as thermostats, head gaskets and water pumps."
899411,Motor Vehicle Parts and Accessories Fitters (General),Inspects tyres to determine which repair action to implement and repairs punctures in tubes and tubeless tyres.
899411,Motor Vehicle Parts and Accessories Fitters (General),Operates air driven equipment to remove and refit tyres and tubes on vehicles.
899411,Motor Vehicle Parts and Accessories Fitters (General),Balances wheels and tyres using static and electronic equipment.
899412,Autoglaziers,Removes old and damaged parts and cleans surrounding areas on vehicles.
899412,Autoglaziers,Fits and installs accessories such as sun roofs.
899412,Autoglaziers,"Removes damaged glass, trims strips and rubber seals from window frames and mountings on motor vehicles, positions new windscreens and glass windows on frames and attaches and seals them."
899414,Radiator Repairers,Removes radiators from vehicles and cleans and repairs them.
899414,Radiator Repairers,"Installs new or repaired radiators into vehicles and repairs and replaces other units in the cooling system such as thermostats, head gaskets and water pumps."
899415,Tyre Fitters,Inspects tyres to determine which repair action to implement and repairs punctures in tubes and tubeless tyres.
899415,Tyre Fitters,Operates air driven equipment to remove and refit tyres and tubes on vehicles.
899415,Tyre Fitters,Balances wheels and tyres using static and electronic equipment.
899511,Printer's Assistants,"Assisting with setting up, operating and adjusting machines."
899511,Printer's Assistants,Maintaining and lubricating printing machines.
899511,Printer's Assistants,Clearing waste and cleaning work areas and machines.
899511,Printer's Assistants,"Folding, collating and fastening printed products by machine and hand."
899511,Printer's Assistants,Performing hand binding and finishing operations.
899511,Printer's Assistants,"Operating specialised machines such as casing-in and mini binders, and automatic carton folding and gluing machines."
899511,Printer's Assistants,Carrying out routine quality control.
899512,Printing Table Workers,"Assisting with setting up, operating and adjusting machines."
899512,Printing Table Workers,Maintaining and lubricating bindery machines.
899512,Printing Table Workers,Clearing waste and cleaning work areas and machines.
899512,Printing Table Workers,"Folding, collating and fastening printed products by machine and hand."
899512,Printing Table Workers,Performing hand binding and finishing operations.
899512,Printing Table Workers,"Operating specialised machines such as casing-in and mini binders, and automatic carton folding and gluing machines."
899512,Printing Table Workers,Carrying out routine quality control.
899911,Bicycle Mechanics,Assembles new bicycles that are delivered to the bicycle shop.
899911,Bicycle Mechanics,Checks bicycles before they go on sale.
899911,Bicycle Mechanics,Services and repairs bicycles brought in by customers.
899911,Bicycle Mechanics,"Advises customers about bicycle repair options, parts and accessories."
899911,Bicycle Mechanics,May be responsible for updating and maintaining stock such as bicycle parts and accessories.
899911,Bicycle Mechanics,"May be involved in sales work and general shop duties such as answering the phone, serving customers and opening the shop."
899911,Bicycle Mechanics,Experienced bicycle mechanics may work for regional or national cycling teams on tour.
899912,Car Park Attendants,Answer customers' enquiries.
899912,Car Park Attendants,Accepts money and give change.
899912,Car Park Attendants,Issues the correct tickets.
899912,Car Park Attendants,Direct drivers to a parking space.
899912,Car Park Attendants,Checks to make sure all vehicles have a parking ticket.
899912,Car Park Attendants,Keeps an eye on the cars and the parking area.
899912,Car Park Attendants,Makes security checks on vehicles.
899912,Car Park Attendants,Collects rubbish and keep the area clean.
899912,Car Park Attendants,Does the banking and keep reports of tickets issued.
899912,Car Park Attendants,Carries out parking warden duties.
899913,Crossing Supervisors,"Escorts children, disabled and other pedestrians across roads."
899913,Crossing Supervisors,Stops traffic to facilitate people crossing the road.
899913,Crossing Supervisors,"Re-establishes traffic flow once pedestrians have reached the other side of the road. escorts children, disabled and other pedestrians across roads."
899914,Electrical and Telecommunications Trades Assistants,"Installs, maintains, repairs and diagnoses malfunctions of electrical or telecommunications systems."
899914,Electrical and Telecommunications Trades Assistants,To conform with regulations and safety requirements.
899914,Electrical and Telecommunications Trades Assistants,"Performs a range of manual tasks such as digging, lifting, cutting and laying cable to assist trade workers."
899915,Leaflet and Newspaper Deliverers,Delivers various printed advertisements and/or newspapers to private home mailboxes.
899915,Leaflet and Newspaper Deliverers,"May use one of a variety of means of transport, including foot, bicycle, or motor vehicle."
899916,Mechanic's Assistants,Assists mechanics to: detect and diagnose faults in engines and parts.
899916,Mechanic's Assistants,"Dismantle and remove engine assemblies, transmissions, steering mechanisms and other components, and check parts."
899916,Mechanic's Assistants,"Repair and replace worn and defective parts and reassemble mechanical components, and refer to service manuals as needed."
899916,Mechanic's Assistants,"Perform scheduled maintenance services such as oil changes, lubrications and engine tune-ups to achieve smoother running of vehicles and ensure compliance with pollution regulations."
899916,Mechanic's Assistants,Reassemble engines and parts after being repaired.
899916,Mechanic's Assistants,"Test and adjust mechanical parts after being repaired for proper performance, diagnose and test parts with the assistance of computers."
899917,Railways Assistants,Answers questions from passengers.
899917,Railways Assistants,"Assists passengers with large luggage, pushchairs and prams."
899917,Railways Assistants,"Helps people with special needs, such as wheelchair users."
899917,Railways Assistants,Check tickets and makes sure people are in the correct place to catch their train.
899917,Railways Assistants,May give signalling instructions to train drivers and may clean the station and platform area.
899917,Railways Assistants,May assist in the ticket selling office and provide travel information to passengers.
899918,Sign Erectors,"Loads and unloads building and construction materials, tools and equipment and transports them to the site."
899918,Sign Erectors,Selects the materials that will be used.
899918,Sign Erectors,Cuts the board to size and frames it.
899918,Sign Erectors,Prepares the mounting posts to receive the sign.
899918,Sign Erectors,Secures the sign to the mounting post.
899918,Sign Erectors,Dismantles unwanted signs.
899921,Ticket Collectors and Ushers,"Issues tickets to patrons, accepts payments and gives change."
899921,Ticket Collectors and Ushers,"Answers enquiries concerning admission prices, event schedules and coming attractions."
899921,Ticket Collectors and Ushers,Keeps daily balance sheet of cash received and tickets sold.
899921,Ticket Collectors and Ushers,Fills reservations by telephone or mail.
899921,Ticket Collectors and Ushers,Checks ticket stubs and shows patrons to seats.
899921,Ticket Collectors and Ushers,Distributes programmes.
899921,Ticket Collectors and Ushers,"Stores clothing, luggage and other articles for patrons and employees of an establishment, and issues claim checks or tickets for their return."
899922,Trolley Collectors,Walks or drives about the site to locate trolleys.
899922,Trolley Collectors,Collects trolleys together.
899922,Trolley Collectors,Either hitches trolley to vehicle or pushes trolleys back to trolley bay.
899922,Trolley Collectors,Corrals trolleys into trolley bay and performs minor repairs on damaged trolleys or removes trolley for more difficult repairs.
899922,Trolley Collectors,Removes debris from trolleys and periodically cleans the trolley stock.
899999,Labourers (not covered elsewhere),"Performs lifting, carrying, stacking, shovelling, digging and similar tasks using simple hand tools or small mechanical equipment."
111399,Other Legislators,"Develops national, state, territory or local government policies and formulates, amends and repeals legislation and by-laws."
111399,Other Legislators,"Helps constituents with a range of problems, particularly with regard to matters concerning government and local agencies."
111399,Other Legislators,Investigates matters of concern to the public and to particular persons and groups.
111399,Other Legislators,Introduces proposals for government action and represents public and electoral interests.
111399,Other Legislators,Issues policy directions to government departments and exercises control over local government authorities.
111399,Other Legislators,"Attends community functions and meetings of local groups to provide services to the community, gauge public opinions and provide information on government plans."
111399,Other Legislators,May serve as a member on parliamentary committees and inquiries.
111399,Other Legislators,May present petitions on behalf of concerned groups.
121211,Cotton Growers,"Co-ordinates production and marketing of cotton, from soil preparation to harvest taking into account environmental and market factors."
121211,Cotton Growers,Selects and plants seeds.
121211,Cotton Growers,Maintains crop production by cultivating and maintains optimal growing conditions.
121211,Cotton Growers,"Organises and conducts farming operations, such as collecting, storing, grading and packaging produce, as well as organising the sale, purchase and dispatch of produce."
121211,Cotton Growers,"Directs and oversees general farming activities, such as fertilising and pest and weed control."
121211,Cotton Growers,"Maintains farm buildings, fences, equipment and water supply systems."
121211,Cotton Growers,"Maintains and evaluates records of farming activities, monitors market activity and plans crop preparation and production, to meet contract requirements and market demands."
121211,Cotton Growers,"Manages business capital including budgeting, taxation, debt and loan management."
121211,Cotton Growers,"May select, train and supervise staff and contractors."
121217,Sugar Cane Growers,"Co-ordinates production and marketing of sugar cane, from soil preparation to harvest taking into account environmental and market factors."
121217,Sugar Cane Growers,Plants seeds and seedlings and grafts new varieties to root stocks.
121217,Sugar Cane Growers,Maintains crop production by cultivating and maintains optimal growing conditions.
121217,Sugar Cane Growers,"Organises and conducts farming operations, such as collecting, storing, grading and packaging produce, as well as organising the sale, purchase and dispatch of produce."
121217,Sugar Cane Growers,"Directs and oversees general farming activities, such as fertilising and pest and weed control."
121217,Sugar Cane Growers,"Maintains farm buildings, fences, equipment and water supply systems."
121217,Sugar Cane Growers,"Maintains and evaluates records of farming activities, monitors market activity and plans crop preparation and production, to meet contract requirements and market demands."
121217,Sugar Cane Growers,"Manages business capital including budgeting, taxation, debt and loan management."
121217,Sugar Cane Growers,"May select, train and supervise staff and contractors."
139112,Commissioned Fire Officers,Establishes administrative and operational procedures by taking account of the organisation's operating environment.
139112,Commissioned Fire Officers,"Makes policy decisions and accepts responsibility for operations, performance of staff, achievement of targets and adherence to budgets, standards and procedures."
139112,Commissioned Fire Officers,Establishes lines of control and delegates responsibilities to subordinate staff.
139112,Commissioned Fire Officers,Represents the organisation in dealings with other organisations and the public.
139112,Commissioned Fire Officers,Controls the collection and interpretation of management information to monitor performance.
139112,Commissioned Fire Officers,"Controls the use of, and accounting for, the assets and facilities of the organisation."
139112,Commissioned Fire Officers,Prepares budgets and other management plans.
139112,Commissioned Fire Officers,"Prepares reports, authorises the release of information and handles public relations activities."
139912,Environmental Managers,"Develops and implements environmental strategies, policies, practices and action plans to ensure corporate sustainable development."
139912,Environmental Managers,"Co-ordinates all aspects of pollution control, waste management, recycling, environmental health, conservation and renewable energy to ensure compliance with environmental legislation."
139912,Environmental Managers,"Audits, analyses and reports environmental performance to internal and external clients and regulatory bodies."
139912,Environmental Managers,"Carries out impact assessments to identify, assess and reduce an organisation's environmental risks and financial costs."
139912,Environmental Managers,"Promotes, raises awareness and trains staff at all levels on environmental issues and responsibilities."
139912,Environmental Managers,Negotiates environmental service agreements and manages associated costs and revenues.
149211,Call Centre or Contact Centre Managers,"Develops and reviews policies, programs and procedures concerning customer relations and goods and services provided."
149211,Call Centre or Contact Centre Managers,Ensures operational efficiency within a call centre.
149211,Call Centre or Contact Centre Managers,Provides direction and feedback to team members and assists with recruitment.
149211,Call Centre or Contact Centre Managers,"Manages, motivates and develops staff providing customer services."
149211,Call Centre or Contact Centre Managers,"Plans and implements after-sales services to follow up customer satisfaction, ensure performance of goods purchased, and modify and improve services provided."
149211,Call Centre or Contact Centre Managers,"Liaises with other organisational units, service agents and customers to identify and respond to customer expectations."
149211,Call Centre or Contact Centre Managers,May work in a call centre.
212415,Technical Writers,"Researches and writes technical, information-based material and documentation for manuals, text books, handbooks and multimedia products."
212499,"Bloggers, Critics, Sports and Other Writers (not covered elsewhere)","Determines written advertising approaches by consulting clients and management, and studying products to establish principal selling features."
212499,"Bloggers, Critics, Sports and Other Writers (not covered elsewhere)","Writes advertisements for press, radio, television, cinema screens, billboards, catalogues and shop displays."
212499,"Bloggers, Critics, Sports and Other Writers (not covered elsewhere)",Makes decisions about the specific content of publications in conjunction with other senior editors and in accordance with editorial policies and guidelines.
212499,"Bloggers, Critics, Sports and Other Writers (not covered elsewhere)","Reviews copy for publication, to ensure conformity with accepted rules of grammar, style, format and story coherence as well as the accuracy, legality and ethics of content."
212499,"Bloggers, Critics, Sports and Other Writers (not covered elsewhere)","Collects and analyses facts about newsworthy events from interviews, printed matter, investigations and observations."
212499,"Bloggers, Critics, Sports and Other Writers (not covered elsewhere)","Writes news reports, commentaries, articles and feature stories for newspapers, magazines, journals, television and radio on topics of public interest."
212499,"Bloggers, Critics, Sports and Other Writers (not covered elsewhere)","Researches and writes technical, information-based material and documentation for manuals, text books, handbooks and multimedia products."
212499,"Bloggers, Critics, Sports and Other Writers (not covered elsewhere)","Critically discusses daily news topics in the editorial columns of newspapers and reviewing books, films and plays."
222212,Futures Traders,"Obtains information on securities, market conditions, government regulations and financial circumstances of clients."
222212,Futures Traders,"Interprets data from securities reports, financial periodicals and stock-quotation viewer screens."
222212,Futures Traders,Analyses financial markets and financial market products.
222212,Futures Traders,"Provides information and offers advice on financial market matters and market conditions, as well as the history and prospects of corporations."
222212,Futures Traders,Executes buy and sell orders in the market place on behalf of clients.
222212,Futures Traders,Relays trade information to clients such as the number of contracts bought and sold and the price.
222212,Futures Traders,"Monitors futures prices and market changes, and bidding for commodity futures contracts."
222212,Futures Traders,Records and transmits buy and sell orders.
222213,Stockbrokers,"Obtains information on securities, market conditions, government regulations and financial circumstances of clients."
222213,Stockbrokers,"Interprets data from securities reports, financial periodicals and stock-quotation viewer screens."
222213,Stockbrokers,Analyses financial markets and financial market products.
222213,Stockbrokers,"Provides information and offers advice on financial market matters and market conditions, as well as the history and prospects of corporations."
222213,Stockbrokers,Executes buy and sell orders in the market place on behalf of clients.
222213,Stockbrokers,Relays trade information to clients such as the number of contracts bought and sold and the price.
222213,Stockbrokers,"Monitors stock prices and market changes, and bids for securities and bonds."
222213,Stockbrokers,Records and transmits buy and sell orders.
222213,Stockbrokers,Calculates and records costs of transactions.
225112,Market Research Analysts,"Plans, develops and organises advertising policies and campaigns to support sales objectives."
225112,Market Research Analysts,Advises executives and clients on advertising strategies and campaigns to reach target markets; creates consumer awareness and effectively promotes the attributes of goods and services.
225112,Market Research Analysts,"Co-ordinates production of advertising campaigns involving specialised activities within time and budget constraints, such as artwork, copywriting, media scripting, television and film production and media placement."
225112,Market Research Analysts,Analyses data regarding consumer patterns and preferences.
225112,Market Research Analysts,Interprets and predicts current and future consumer trends.
225112,Market Research Analysts,"Researches potential demand and market characteristics for new goods and services, as well as collecting and analysing the data and other statistical information."
225112,Market Research Analysts,"Supports business growth and development through the preparation and execution of marketing objectives, policies and programs."
225112,Market Research Analysts,Commissions and undertakes market research to identify market opportunities for new and existing goods and services.
225112,Market Research Analysts,"Advises on all elements of marketing such as product mix, pricing, advertising and sales promotion, selling, and distribution channels"
233999,Engineering Professionals (not covered elsewhere),Visits locations where projects are currently underway to monitor task completion and ensures that goals are being met.
233999,Engineering Professionals (not covered elsewhere),Supervises the scope of large scale projects and assesses each worker’s contribution to the project.
233999,Engineering Professionals (not covered elsewhere),Collaborates with the project management team to offer assistance with technical details for the design or development/building process.
233999,Engineering Professionals (not covered elsewhere),Calculates the supply details for any materials and the labour requirements as well as determining the cost of everything to see if it falls within the budget of the project.
233999,Engineering Professionals (not covered elsewhere),Researches potential risks and impacts from the scope of the project and develops a plan to address concerns.
233999,Engineering Professionals (not covered elsewhere),"Writes detailed summaries of project timelines, impact reports, requests for proposals and other written statements for stakeholders or the public."
233999,Engineering Professionals (not covered elsewhere),"Maintains optimal standards during project management, following all relevant federal, state, local and industry guidelines."
234413,Hydrogeologists,"Conducts preliminary surveys of mineral, petroleum and natural gas deposits with prospectors, mining engineers, metallurgists, and other mineral scientists and engineers."
234413,Hydrogeologists,Prepares and supervises the production of laboratory reports and scientific papers.
234413,Hydrogeologists,"Conducts studies of the structure, nature and formation of the earth’s crust and the minerals contained in it."
234413,Hydrogeologists,"Studies and dates fossils and rock strata to develop knowledge of the evolution and biology of life forms, and to assess their commercial applications."
234413,Hydrogeologists,"Studies the effects of natural events, such as erosion, sedimentation, earthquakes and volcanic activity, on the formation of the earth’s surface and sea beds."
234413,Hydrogeologists,"Carries out exploration to determine the resources present by sampling, examining and analysing geological specimens, rock cores, cuttings and samples using optical, chemical, electronic and mechanical techniques."
234413,Hydrogeologists,Conducts surveys of variations in the earth’s gravitational and magnetic fields to determine its physical features.
234413,Hydrogeologists,Investigates the propagation of seismic waves to determine the structure and stability of the earth’s mantle and crust.
234413,Hydrogeologists,Studies the causes of earthquakes and other stress states of the earth’s crust.
234413,Hydrogeologists,"Performs laboratory and field studies as well as aerial, ground and drill hole surveys."
234915,Exercise Physiologists,Assists and improves the function of muscles through physical activity and exercise programs.
234915,Exercise Physiologists,Administers a variety of tests to identify and assess physical problems and ailments of patients.
234915,Exercise Physiologists,"Plans and discusses effective management of patients' disabilities, weight, injury or fitness."
234915,Exercise Physiologists,"Designs, reviews, monitors, assesses and evaluates fitness/treatment programmes."
234915,Exercise Physiologists,"Records detailed patient medical histories, exercise undertaken and the patients' responses and progress under exercise programs."
234915,Exercise Physiologists,"Refers patients to specialists and liaises with other health professionals in relation to patients' problems, needs and progress."
234915,Exercise Physiologists,"Educates patients, their partners, family and friends in rehabilitation procedures, such as home exercises and lifestyle changes, to enhance patients' health and wellbeing."
251311,Environmental Health Officers,"Develops, implements and reviews environmental health management plans and occupational health and safety plans."
251311,Environmental Health Officers,"Prepares and implements plans and strategies for the safe, economic and suitable disposal of commercial, industrial, medical and household wastes."
251311,Environmental Health Officers,Advises on and enforces relevant legislation.
251311,Environmental Health Officers,"Implements prevention programs and strategies for communicable diseases, food safety, waste water treatment and disposal systems, recreation and domestic water quality and any contaminated or hazardous substances."
251311,Environmental Health Officers,"Works to minimise air, sea, water and noise pollution to improve health outcomes."
251311,Environmental Health Officers,"Identifies hazards, assesses and controls risks in the workplace."
251311,Environmental Health Officers,"Develops, implements and monitors programs minimising workplace and environmental pollution involving chemical and physical hazards."
251311,Environmental Health Officers,"Promotes ergonomic principles within the workplace such as matching furniture, equipment and work activities to the needs of employees."
251311,Environmental Health Officers,"Inspects and audits workplaces, processes, plant, chemical and physical hazards for legislative compliance."
251311,Environmental Health Officers,Trains employees in personal protective equipment and safe working procedures.
251311,Environmental Health Officers,"Records and investigates injuries and equipment damage, as well as reporting on safety performance."
251311,Environmental Health Officers,Co-ordinates the return of injured workers into the workplace.
252312,Dentists,"Diagnoses dental diseases using a range of methods such as radiographs, salivary tests and medical histories."
252312,Dentists,"Provides preventative oral health care such as periodontal treatments, fluoride applications and oral health promotion."
252312,Dentists,"Provides restorative oral care, such as implants, complex crown and bridge restorations, orthodontics and repairs to damaged or decayed teeth."
252312,Dentists,Provides oral surgical treatments such as biopsy of tissue and prescription of medications.
252312,Dentists,Performs routine orthodontic treatment.
252312,Dentists,Assists in diagnosing general diseases having oral manifestations such as diabetes.
252312,Dentists,Educates patients to take care of their mouth and teeth.
252312,Dentists,"Leads a dental team which may comprise of dental hygienists, dental therapists, dental assistants and other dental specialists."
254425,Registered Nurses (Paediatrics),"Assesses, plans, implements and evaluates nursing care for patients according to accepted nursing practice and standards."
254425,Registered Nurses (Paediatrics),"Works in consultation with other health professionals and members of health teams, co-ordinating the care of patients."
254425,Registered Nurses (Paediatrics),"Provides interventions, treatments and therapies such as medications, and monitors responses to treatments and care plans."
254425,Registered Nurses (Paediatrics),Promotes health and assists in preventing ill health by participating in health education and other health promotion activities.
254425,Registered Nurses (Paediatrics),Answers questions and provides information to patients and families about treatment and care.
254425,Registered Nurses (Paediatrics),Supervises and co-ordinates the work of enrolled nurses and other health care workers.
261314,Software Testers,"Tests, identifies and diagnoses functionality errors and faults in systems."
261314,Software Testers,"Programs code within established testing protocols, guidelines and quality standards to ensure systems perform to specification."
261314,Software Testers,"Performs organisational systems architecture reviews and assessments, recommending current and future strategies and directions for hardware and software."
261314,Software Testers,"Creates and reviews technical documentation, such as procedural, instructional and operational manuals or guides, technical reports and specifications, and maintenance inventory systems."
271214,Intellectual Property Lawyers,"Receives written information in the form of briefs and verbal instructions concerning cases from solicitors, other specialist legal professionals and clients."
271214,Intellectual Property Lawyers,Provides advice and written opinions on points of intellectual property law.
271214,Intellectual Property Lawyers,Confers with clients and witnesses in preparation for court proceedings.
271214,Intellectual Property Lawyers,"Draws up pleadings, affidavits and other court documents."
271214,Intellectual Property Lawyers,Researches statutes and previous court decisions relevant to cases.
271214,Intellectual Property Lawyers,"Outlines the facts to the court, calls up and questions witnesses and addresses the court to argue a client's case."
271214,Intellectual Property Lawyers,Provides opinion on complex intellectual property issues.
271214,Intellectual Property Lawyers,May draw up or settle documents.
271214,Intellectual Property Lawyers,"Interviews clients to determine the nature of problems, then recommends and undertakes appropriate legal action."
271214,Intellectual Property Lawyers,"Prepares cases for court by conducting investigations, undertaking research, giving notice of court actions and arranging the preparation and attendance of witnesses."
271214,Intellectual Property Lawyers,Prepares and critically reviews contracts between parties.
272414,Archaeologists,Uses aerial photography to locate sites that are suitable for excavation and/or digging (for artifacts).
272414,Archaeologists,Plans and organises surveys and excavations within a particular archaeological site.
272414,Archaeologists,"Conducts field work (digging for artifacts) using tools such as pickaxes, brushes and bulldozers."
272414,Archaeologists,"Carries out examination, documentation and preservation of artifacts."
272414,Archaeologists,Performs analysis and interpretation of archaeological data and findings.
272414,Archaeologists,Writes reports about the data and findings for publication.
272414,Archaeologists,Creates virtual simulations of how artifacts or archaeological sites would have looked in the past.
311415,Hydrographers,Prepares technical documentation and drawings for hydrographic survey solutions.
311415,Hydrographers,Performs routine mathematical calculations and computations of measurements for surveying and charting bodies of water.
311415,Hydrographers,"Checks, calibrates and maintains surveying, sonar, navigational and other hydrography equipment."
311415,Hydrographers,"Collects surveying data using computer systems, echo sounders, sonar, gps and other navigation systems."
311415,Hydrographers,"Conducts fieldwork by collecting water bed samples and aquatic life for laboratory experiments, tests and analyses."
311415,Hydrographers,"Prepares maps, charts, sketches, diagrams and reports on the currents and compositions of water bodies."
312113,Building Inspectors,"Reviews and provides advice on plans to ensure they meet building codes, local ordinances, zoning regulations and contract specifications."
312113,Building Inspectors,Approves building plans that are satisfactory and issues building permits.
312113,Building Inspectors,Monitors construction sites periodically to ensure overall compliance.
312113,Building Inspectors,"Inspects plumbing, electrical and other systems to verify alignment level, structure elevation and ensure that they meet the necessary code/specifications."
312113,Building Inspectors,"Uses survey instruments, metering devices, and test equipment to perform inspections."
312113,Building Inspectors,Provides written documentation of findings from inspections.
312113,Building Inspectors,Issues violation notices and stop-work orders until building work is compliant.
312113,Building Inspectors,Certifies structure and plan compliance with the corresponding building regulations.
312199,"Other Architectural, Building and Surveying Technicians","Assists construction managers, architects and surveyors in planning and organisation."
312199,"Other Architectural, Building and Surveying Technicians","Interprets plans, regulations and codes of practice."
312199,"Other Architectural, Building and Surveying Technicians","Prepares preliminary sketches, working drawings and specifications."
312199,"Other Architectural, Building and Surveying Technicians","Prepares, edits and revises plans, maps, charts and drawings."
312199,"Other Architectural, Building and Surveying Technicians",Co-ordinates work programs.
312199,"Other Architectural, Building and Surveying Technicians","Inspects work and materials for compliance with specifications, regulations and standards."
312199,"Other Architectural, Building and Surveying Technicians",Calculates costs and estimates time scales.
312199,"Other Architectural, Building and Surveying Technicians",Collects data using surveying instruments and photogrammetric equipment.
312199,"Other Architectural, Building and Surveying Technicians",Performs routine computations and plots preliminary data.
312411,Electronic Engineering Draftspersons,"Translates sketches that are made by electronic engineers into detailed schematics, technical drawings, blueprints and/or templates."
312411,Electronic Engineering Draftspersons,"Prepares drawings, plans and diagrams for electronic engineering work (such as circuitry) using computer aided design and drafting tools."
312411,Electronic Engineering Draftspersons,"Ensures that drawings and plans follow ordinances, such as zoning laws, building codes and fire regulations."
312412,Electronic Engineering Technicians,"Develops, constructs and tests electronic equipment and associated circuitry in accordance with technical manuals and instructions of electronics engineers and engineering technologists."
312412,Electronic Engineering Technicians,Estimates material costs and quantities of electronic circuitry and equipment.
312412,Electronic Engineering Technicians,Evaluates performance of electronic equipment.
312412,Electronic Engineering Technicians,"Inspects designs and finished products for compliance with specifications, drawings, contracts and regulations."
312412,Electronic Engineering Technicians,"Installs, repairs and modifies electronic equipment."
342311,Business Machine Mechanics,"Examines and tests machines, equipment, instruments and control systems to diagnose faults."
342311,Business Machine Mechanics,"Adjusts, repairs and replaces worn or defective parts and wiring to maintain machines, equipment and instruments."
342311,Business Machine Mechanics,"Reassembles, test operates and adjusts equipment."
342311,Business Machine Mechanics,Advises users of correct operating procedures to prevent malfunctions.
342311,Business Machine Mechanics,Monitors radio traffic as well as transmitting and receiving voice messages.
342311,Business Machine Mechanics,Installs electronic instruments and control systems.
342311,Business Machine Mechanics,"Applies knowledge of electrical, electronic, mechanical, hydraulic and pneumatic principles in commissioning and maintaining control systems."
399918,Fire Protection Equipment Technicians,"Protects human life and property from fire damage, using fire prevention techniques."
399918,Fire Protection Equipment Technicians,Reads and understands complicated technical documents.
399918,Fire Protection Equipment Technicians,Keeps up to date with fire protection measures against terrorist threats or natural disasters.
399918,Fire Protection Equipment Technicians,Analyses existing protection measures and designs up-to-date fire protection systems.
399918,Fire Protection Equipment Technicians,Consults with architects or other industry experts to design safe buildings or transportation vehicles.
399918,Fire Protection Equipment Technicians,"Researches new issues in fire prevention and develops solutions, sometimes with the use of advanced computer modelling systems, to predict the occurrence and spread of fire."
399918,Fire Protection Equipment Technicians,Tests the ability of particular chemicals to suppress fire or performs research on existing fire prevention techniques.
399918,Fire Protection Equipment Technicians,Conducts analysis of fire risks and develops appropriate safeguards.
422111,Aboriginal and Torres Strait Islander Education Workers,"Demonstrates, supervises and participates in activities which enhance the physical, social, emotional and intellectual development of children in schools and preschool centres."
422111,Aboriginal and Torres Strait Islander Education Workers,Prepares indoor and outdoor areas for learning and recreational activities.
422111,Aboriginal and Torres Strait Islander Education Workers,"Assists children with intellectual, physical and behavioural difficulties with their academic studies."
422111,Aboriginal and Torres Strait Islander Education Workers,Assists children individually to learn social skills.
422111,Aboriginal and Torres Strait Islander Education Workers,Assists with preparing teaching aids by copying and collating written and printed material.
422111,Aboriginal and Torres Strait Islander Education Workers,Distributes and collects lesson material.
422111,Aboriginal and Torres Strait Islander Education Workers,"Provides assistance to small groups of aboriginal, torres strait islander and maori students."
422111,Aboriginal and Torres Strait Islander Education Workers,"Provides home-school liaison and counselling for aboriginal, torres strait islander and maori students and their families."
451513,Herbalists (Western),Interviews clients to work out their needs.
451513,Herbalists (Western),"Treats emotional, psychological and physical imbalances of the body, using natural techniques and diagnostic methods."
451513,Herbalists (Western),Monitors and corrects imbalances in the body using herbal supplements.
451513,Herbalists (Western),Records clients' weight and measurements.
451513,Herbalists (Western),Instructs clients on the use of herbal supplements.
451899,Personal Service Workers (not covered elsewhere),"Due to the broad range of occupations in this group, there are no common tasks shared amongst jobs."
452211,Bungy Jump Masters,Meets members of a tour on arrival and makes introductions.
452211,Bungy Jump Masters,Organises and supervises bungy jumping groups.
452211,Bungy Jump Masters,"Sets up and maintains equipment, while ensuring that equipment is in safe and working condition."
452211,Bungy Jump Masters,Demonstrates and provides instruction in the use of equipment and techniques required for participation.
452211,Bungy Jump Masters,"Provides advice on safety measures, while ensuring that activities are conducted in a manner that minimises risk to participants."
452211,Bungy Jump Masters,Responds to emergencies by providing first aid assistance and taking appropriate further action if required.
452211,Bungy Jump Masters,Answers questions and advises on local interest points within a specific region.
452211,Bungy Jump Masters,Maintains written reports of daily activities and carries out other administrative work.
452315,Swimming Coaches and Instructors,"Coaches, trains and instructs swimmers by analysing performances and developing abilities."
452315,Swimming Coaches and Instructors,"Plans and directs strategies, develops play patterns and analyses game progress."
452315,Swimming Coaches and Instructors,Motivates swimmers and supervises practice sessions.
452315,Swimming Coaches and Instructors,Recruits swimmers and other coaching staff/instructors.
452315,Swimming Coaches and Instructors,Arranges entries into swim competitions.
452315,Swimming Coaches and Instructors,Promotes sports and skills development as well as overseeing the participation of young people in swimming.
452315,Swimming Coaches and Instructors,"Officiates at sporting events to enforce rules and regulations, liaising with other officials when necessary."
452315,Swimming Coaches and Instructors,Co-ordinates and directs swimming activities.
452321,Sports Development Officers,"Coaches, trains and instructs sportspersons by analysing performances and developing abilities."
452321,Sports Development Officers,"Plans and directs game strategies, develops play patterns and analyses game progress."
452321,Sports Development Officers,Motivates sportspersons and supervises practice sessions.
452321,Sports Development Officers,Recruits players and other coaching staff.
452321,Sports Development Officers,Arranges entries into sporting competitions.
452321,Sports Development Officers,Promotes sports and skills development as well as overseeing the participation of young people in sport.
452321,Sports Development Officers,"Officiates at sporting events to enforce rules and regulations, liaising with other officials when necessary."
452321,Sports Development Officers,Co-ordinates and directs swimming activities.
541111,Call Centre or Contact Centre Team Leaders,"Answers incoming calls, emails and messages to assist customers with their specific inquiries."
541111,Call Centre or Contact Centre Team Leaders,Identifies requirements and records information into computer systems.
541111,Call Centre or Contact Centre Team Leaders,Coaches staff and assists call centre operators to resolve problems and customer inquiries.
541111,Call Centre or Contact Centre Team Leaders,Develops rosters and manages staff numbers to meet work flows.
541111,Call Centre or Contact Centre Team Leaders,Listens to calls conducted by call centre operators and provides performance feedback.
541111,Call Centre or Contact Centre Team Leaders,Monitors and times calls.
541111,Call Centre or Contact Centre Team Leaders,Creates further interest in goods and services by offering customers more information about goods and inviting customers to use services on offer.
541111,Call Centre or Contact Centre Team Leaders,Updates databases to reflect changes to the status of customers and prospective customers.
541111,Call Centre or Contact Centre Team Leaders,"Arranges the dispatch of goods, information kits and brochures to customers and interested parties."
541111,Call Centre or Contact Centre Team Leaders,"Undertakes clerical duties including faxing and filling out paperwork, as well as liaising with other departments associated with completing the customer contact."
541111,Call Centre or Contact Centre Team Leaders,Issues invoices and receives electronic payments for goods and services provided.
552311,Bookmakers,"Obtains information on the form of competitors through research, attending race trials and liaising with contacts."
552311,Bookmakers,"Offers and varies odds on competitors after considering the type of event, handicaps, weather conditions and odds offered by other bookmakers."
552311,Bookmakers,Monitors balances of accounts and determines financial risks.
552311,Bookmakers,"Reviews, checks, verifies and issues documentation of transactions made."
552311,Bookmakers,"Takes bets and debits credit accounts and bank accounts electronically, and receives cash."
552311,Bookmakers,Records and enters bets electronically and in transaction ledgers.
552311,Bookmakers,Monitors amounts of money placed on race entrants.
552311,Bookmakers,Verifies the identity and account balances of betting agency customers.
552311,Bookmakers,"Answers betting inquiries over the telephone, via email and in person."
561112,Bookmaker's Clerks,Takes bets by debiting credit accounts and bank accounts electronically or physically receiving cash.
561112,Bookmaker's Clerks,Records and enters bets electronically and in transaction ledgers.
561112,Bookmaker's Clerks,Issues tickets and prepares summaries of transactions.
561112,Bookmaker's Clerks,Monitors amounts of money placed on race entrants.
561112,Bookmaker's Clerks,"Checks details and numbers on winning betting tickets against those in betting ledgers and electronic records, before paying out money on winning tickets."
561112,Bookmaker's Clerks,Verifies the identity and account balances of betting agency customers.
561112,Bookmaker's Clerks,"Answers betting inquiries over the telephone, via email and in person."
561112,Bookmaker's Clerks,May work in a call centre.
599913,Proof Readers,"Reviews, proofs and edits content (written or digital) across a variety of media and industries; ensuring correct spelling, grammar, punctuation, syntax, usage, consistency and brand voice in the final product."
599913,Proof Readers,"Ensures the accuracy of all referenced facts (e.g. dates, pages and values) and double-checks cross-referenced materials (e.g. websites and newspapers)."
599913,Proof Readers,"Reviews content and style across company-wide work to ensure campaign, product and brand consistency."
599913,Proof Readers,"Attends team meetings, provides constructive editorial input and communicates with team members to yield consistent, accurate and high-quality work products."
599913,Proof Readers,Improves editing processes by evaluating and recommending changes to create efficiencies.
612111,Business Brokers,Accepts and lists businesses for sale and analyses their performance and market value.
612111,Business Brokers,Provides advice to buyers on the merits of businesses and the terms of sale.
612111,Business Brokers,Advises vendors of sales and marketing options such as sale by auction.
612111,Business Brokers,Catalogues and details businesses for sale and arranges advertising.
612111,Business Brokers,Assesses buyers' needs and locates businesses for their consideration.
612111,Business Brokers,Offers valuations and advice for buying and selling businesses and structures the terms of settlement.
612111,Business Brokers,Monitors and addresses non-compliance with terms and conditions of the sale.
612111,Business Brokers,"May arrange finance, land brokerage, conveyancing and maintenance of business premises."
712912,Bulk Materials Handling Plant Operators,Assists with physical inventory counts and processes.
712912,Bulk Materials Handling Plant Operators,"Completes daily log sheets for bulk plant operations and documents all maintenance activities, as well as time sheets, job sheets and other paperwork for billing purposes."
712912,Bulk Materials Handling Plant Operators,Co-ordinates with outside agencies for shipping of in-bound/out-bound products.
712912,Bulk Materials Handling Plant Operators,"Ensures all materials coming into or leaving the plant are properly documented and enters production tickets, goods receipts and shipping documentation."
712912,Bulk Materials Handling Plant Operators,Ensures that materials are properly labelled and that the disposal of materials is handled in a safe manner that complies with environmental standards.
712912,Bulk Materials Handling Plant Operators,"Operates vehicles used for transporting bulk products and utilises materials handling equipment, such as loaders, forklifts and pallet jacks, to move materials within the plant."
712912,Bulk Materials Handling Plant Operators,"Performs calculations to determine appropriate mixtures, weights and volumes, as well as measuring out the appropriate amount of raw material to meet order specifications."
712912,Bulk Materials Handling Plant Operators,Blends and mixes all bulk products for on-time delivery and as per the programmed design.
712912,Bulk Materials Handling Plant Operators,"Packages, labels and loads finished products as per order requirements."
712912,Bulk Materials Handling Plant Operators,"Performs daily inspections of bulk plant equipment and materials, maintains all equipment, and ensures bulk plant is kept clean."
721213,Bulldozer Operators,Prepares and positions bulldozers for operation.
721213,Bulldozer Operators,"Selects, fits and removes attachments such as loading scoops, shovel blades and rippers"
721213,Bulldozer Operators,"Operates controls to excavate, break, gouge out, move, load and spread materials including earth, rock, rubble and soil."
721213,Bulldozer Operators,"Monitors operation of the bulldozer and adjusts controls to regulate pressure, speed and flow of operation while ensuring safety of other workers."
721213,Bulldozer Operators,"Raises, lowers and manipulates attachments using manual and hydraulic controls."
721213,Bulldozer Operators,"Works from drawings, markers and verbal instructions."
721213,Bulldozer Operators,"Services, lubricates, cleans, refuels and performs minor adjustments or repairs to the bulldozer."
731211,Bus Drivers,Checks pre-paid tickets and relevant forms of concession identification.
731211,Bus Drivers,Issues tickets and provides change or discounted tickets based on concession identification provided by passengers.
731211,Bus Drivers,Stops at stations and set locations to pick up and set down passengers.
731211,Bus Drivers,Opens and closes doors before and after passengers board or disembark.
731211,Bus Drivers,Assists passengers with mobility issues to board or exit the bus.
731211,Bus Drivers,"Observes signals, road conditions, nearby traffic and prescribed speeds to ensure safety."
731211,Bus Drivers,Monitors indicator gauges and reports on operating irregularities of the vehicle.
731211,Bus Drivers,Checks time and adheres to timetables.
731211,Bus Drivers,May advise passengers on destinations.
731211,Bus Drivers,Maintains conduct of passengers.
821411,Building Insulation Installers,"Examines plans, specifications and work sites to determine the type and quality of installations required and their location."
821411,Building Insulation Installers,"Prepares site for insulation and the installation of fittings by nailing up furring, drilling holes for screws and bolts, and erecting scaffolding and ladders."
821411,Building Insulation Installers,Glues blocks and slabs of foamed plastic and cork to walls.
821411,Building Insulation Installers,"Operates equipment to blow and spray mineral wool, fibre fill and foam insulation material into cavities."
821411,Building Insulation Installers,"Cuts insulation material to size and shape, as well as nailing or stapling batt-type insulation to joists, studs and furring."
821411,Building Insulation Installers,"Measures, cuts and applies solar control film to windows."
821411,Building Insulation Installers,"Fits awnings, security screens, shower screens, prefabricated windows and doors, exterior cladding and other home improvements using hand tools."
821411,Building Insulation Installers,"Drills holes in wood, brick, stone and fibrous structures; fitting bolts, screws and nails into place."
821411,Building Insulation Installers,"Attaches and adjusts mechanical fittings such as cranks, locks and pull-cords."
821411,Building Insulation Installers,"Installs flashing and waterproofing to fittings, such as shower screens and prefabricated windows and doors."
831313,Seafood Process Workers,"Sorts, inspects and grades seafood products for size and quality."
831313,Seafood Process Workers,"Prepares seafood by skinning, trimming, washing, gilling, gutting, filleting, shucking, descaling, cooking, smoking, preserving and/or canning fish, shellfish and molluscs."
831313,Seafood Process Workers,"Operates machines which slice, peel, skin and crumb seafood."
831313,Seafood Process Workers,Counts and packs prepared seafood for freezing.
831313,Seafood Process Workers,"Packs frozen seafood blocks into cartons after freezing, in order to prepare stock for dispatch."
831313,Seafood Process Workers,Loads seafood products into trucks.
831313,Seafood Process Workers,Cleans and sanitises equipment and work areas.
839918,Recycling Workers,Dismantles products (such as cars and appliances) and separates their components.
839918,Recycling Workers,Identifies and removes hazardous substances (including chemicals from discarded appliances such as air conditioners and refrigerators).
839918,Recycling Workers,"Sorts materials, such as metals, glass, wood, paper or plastics, into appropriate containers for cleaning, recycling, processing, storing, shipping or grading."
839918,Recycling Workers,Cleans materials (such as metals) according to recycling requirements and prepares them for production (such as cutting in preparation for fabrication or processing).
839918,Recycling Workers,"Operates equipment, such as forklifts, automated refuse and manual recycling collection vehicles, to move materials for processing."
839918,Recycling Workers,Deposits recoverable materials into chutes or places materials on conveyor belts.
839918,Recycling Workers,Maintains a clean work area to ensure workplace safety.
839918,Recycling Workers,"Cleans, disassembles, repairs and maintains the recycling equipment so that it works properly."
839918,Recycling Workers,"Cuts discarded products (such as appliances and automobiles) into small pieces using saws, blow torches and other hand or power tools, for easier disposal."
839918,Recycling Workers,May collect recyclable materials from curb sides for delivery to designated facilities.
839999,Factory Process Workers (not covered elsewhere),"Sets up, monitors, inspects, adjusts, repairs and cleans automatic machines and equipment."
839999,Factory Process Workers (not covered elsewhere),Delivers materials to processing areas.
839999,Factory Process Workers (not covered elsewhere),Loads materials into machines.
839999,Factory Process Workers (not covered elsewhere),Selects product patterns and cuts product materials using automatic machines.
839999,Factory Process Workers (not covered elsewhere),Constructs product components by machine and assembles product parts together (including the attachment product labels and information).
839999,Factory Process Workers (not covered elsewhere),Performs other practical tasks related to the production of products.
839999,Factory Process Workers (not covered elsewhere),"Stacks products on carts, pallets and trolleys."
839999,Factory Process Workers (not covered elsewhere),"Moves carts and trolleys to and from sorting, storage and shipping areas."
841217,Mushroom Pickers,Plants mushroom spawn or spores using hand tools and farm machines.
841217,Mushroom Pickers,"Operates hand tools or farm machines to cultivate, fertilise, spray and harvest mushrooms."
841217,Mushroom Pickers,"Conducts appropriate duties to control weed growth, insects, diseases and undesirable fungus growth."
841217,Mushroom Pickers,Irrigates land for crop growth.
841217,Mushroom Pickers,"Selects and picks mushrooms according to size and ripeness, while discarding rotting and over-ripened produce."
841217,Mushroom Pickers,"Grades, sorts, bunches and packs produce into containers."
841217,Mushroom Pickers,Loads the filled containers onto trucks.
841999,"Farm, Forestry and Garden Workers (not covered elsewhere)",Irrigates land for crop growth.
841999,"Farm, Forestry and Garden Workers (not covered elsewhere)",Collects seeds and cultivates seedlings for replanting purposes.
841999,"Farm, Forestry and Garden Workers (not covered elsewhere)",Plants crops using hand tools and farm machines.
841999,"Farm, Forestry and Garden Workers (not covered elsewhere)",Builds trellises for climbing plants and vines.
841999,"Farm, Forestry and Garden Workers (not covered elsewhere)",Fells and de-barks non-productive crops and thins young plantations.
841999,"Farm, Forestry and Garden Workers (not covered elsewhere)","Sprays plants, crops and pastures with chemicals to control weed growth, insects, fungus growth and diseases."
841999,"Farm, Forestry and Garden Workers (not covered elsewhere)","Operates machinery to cultivate, fertilise, spray and harvest crops."
841999,"Farm, Forestry and Garden Workers (not covered elsewhere)","Selects and harvests crops according to size and ripeness, while discarding rotting and over-ripened produce."
841999,"Farm, Forestry and Garden Workers (not covered elsewhere)","Grades, sorts, bunches and packs produce into containers and loads onto trucks."
841999,"Farm, Forestry and Garden Workers (not covered elsewhere)","Maintains farm, forest and garden roads, buildings, facilities, signs and equipment."
899413,Exhaust and Muffler Repairers,Removes old and damaged parts and cleans surrounding areas on vehicles.
899413,Exhaust and Muffler Repairers,Inspects and repairs muffler mountings.
899413,Exhaust and Muffler Repairers,"Selects replacement parts according to the vehicle make, model and year."
899413,Exhaust and Muffler Repairers,Chooses and/or modifies a suitable alternative if the selected replacement part is not available.
899413,Exhaust and Muffler Repairers,"Bolts, clamps, tacks, fits or welds new mufflers, extractors and exhaust pipes into place."
899923,Road Traffic Controllers,"Sets up, manages and removes temporary traffic control schemes/signs"
899923,Road Traffic Controllers,"Directs vehicular and pedestrian traffic around construction zones, accidents or other road disruptions; ensuring the safety of emergency response teams, construction workers and the general public."
899923,Road Traffic Controllers,"Handles a stop-slow sign, or manages other similar traffic control signs and devices, to direct traffic."
899923,Road Traffic Controllers,"Communicates with other road traffic personnel, construction workers and emergency response teams via radio, to provide and receive updates on traffic conditions."
899923,Road Traffic Controllers,Completes site checks and monitors traffic behaviour and/or flow to ensure safety is maintained at all times.
899923,Road Traffic Controllers,"Takes instructions from crew leaders, foremen, managers, inspectors, auditors or officials."
