month,state_name,region_code,region_name,region_level,anzsco2_code,anzsco2_name,vacancy_3m_moving_average
2019-01,NSW,1GSYD,Greater Sydney,GCCSA,26,ICT Professionals,4148
2019-01,NSW,101,Capital Region,SA4,26,ICT Professionals,5
2019-01,NSW,103,Central West,SA4,26,ICT Professionals,5
2019-01,NSW,104,Coffs Harbour - Grafton,SA4,26,ICT Professionals,4
2019-01,NSW,105,Far West and Orana,SA4,26,ICT Professionals,2
2019-01,NSW,106,Hunter Valley exc Newcastle,SA4,26,ICT Professionals,32
2019-01,NSW,107,Illawarra,SA4,26,ICT Professionals,15
2019-01,NSW,108,Mid North Coast,SA4,26,ICT Professionals,17
2019-01,NSW,109,Murray,SA4,26,ICT Professionals,7
2019-01,NSW,110,New England and North West,SA4,26,ICT Professionals,3
2019-01,NSW,111,Newcastle and Lake Macquarie,SA4,26,ICT Professionals,45
2019-01,NSW,112,Richmond - Tweed,SA4,26,ICT Professionals,5
2019-01,NSW,113,Riverina,SA4,26,ICT Professionals,5
2019-01,NSW,114,Southern Highlands and Shoalhaven,SA4,26,ICT Professionals,6
2019-01,VIC,2GMEL,Greater Melbourne,GCCSA,26,ICT Professionals,2886
2019-01,VIC,201,Ballarat,SA4,26,ICT Professionals,5
2019-01,VIC,202,Bendigo,SA4,26,ICT Professionals,5
2019-01,VIC,203,Geelong,SA4,26,ICT Professionals,29
2019-01,VIC,204,Hume,SA4,26,ICT Professionals,2
2019-01,VIC,205,Latrobe - Gippsland,SA4,26,ICT Professionals,8
2019-01,VIC,215,North West,SA4,26,ICT Professionals,2
2019-01,VIC,216,Shepparton,SA4,26,ICT Professionals,2
2019-01,VIC,217,Warrnambool and South West,SA4,26,ICT Professionals,11
2019-01,QLD,3GBRI,Greater Brisbane,GCCSA,26,ICT Professionals,1294
2019-01,QLD,306,Cairns,SA4,26,ICT Professionals,8
2019-01,QLD,308,Central Queensland,SA4,26,ICT Professionals,5
2019-01,QLD,307,Darling Downs - Maranoa,SA4,26,ICT Professionals,5
2019-01,QLD,309,Gold Coast,SA4,26,ICT Professionals,67
2019-01,QLD,312,Mackay - Isaac - Whitsunday,SA4,26,ICT Professionals,11
2019-01,QLD,315,Queensland - Outback,SA4,26,ICT Professionals,3
2019-01,QLD,316,Sunshine Coast,SA4,26,ICT Professionals,22
2019-01,QLD,317,Toowoomba,SA4,26,ICT Professionals,5
2019-01,QLD,318,Townsville,SA4,26,ICT Professionals,8
2019-01,QLD,319,Wide Bay,SA4,26,ICT Professionals,4
2019-01,SA,4GADE,Greater Adelaide,GCCSA,26,ICT Professionals,354
2019-01,SA,405,Barossa - Yorke - Mid North,SA4,26,ICT Professionals,0
2019-01,SA,406,South Australia - Outback,SA4,26,ICT Professionals,1
2019-01,SA,407,South Australia - South East,SA4,26,ICT Professionals,1
2019-01,WA,5GPER,Greater Perth,GCCSA,26,ICT Professionals,616
2019-01,WA,501,Bunbury,SA4,26,ICT Professionals,2
2019-01,WA,510,Western Australia - Outback (North),SA4,26,ICT Professionals,6
2019-01,WA,511,Western Australia - Outback (South),SA4,26,ICT Professionals,3
2019-01,WA,509,Western Australia - Wheat Belt,SA4,26,ICT Professionals,0
2019-01,TAS,6GHOB,Greater Hobart,GCCSA,26,ICT Professionals,34
2019-01,TAS,602,Launceston and North East,SA4,26,ICT Professionals,10
2019-01,TAS,603,South East,SA4,26,ICT Professionals,0
2019-01,TAS,604,West and North West,SA4,26,ICT Professionals,0
2019-01,NT,7GDAR,Greater Darwin,GCCSA,26,ICT Professionals,35
2019-01,NT,702,Northern Territory - Outback,SA4,26,ICT Professionals,3
2019-01,ACT,8ACTE,Australian Capital Territory,GCCSA,26,ICT Professionals,825
2019-02,NSW,1GSYD,Greater Sydney,GCCSA,26,ICT Professionals,4124
2019-02,NSW,101,Capital Region,SA4,26,ICT Professionals,7
2019-02,NSW,103,Central West,SA4,26,ICT Professionals,4
2019-02,NSW,104,Coffs Harbour - Grafton,SA4,26,ICT Professionals,3
2019-02,NSW,105,Far West and Orana,SA4,26,ICT Professionals,3
2019-02,NSW,106,Hunter Valley exc Newcastle,SA4,26,ICT Professionals,34
2019-02,NSW,107,Illawarra,SA4,26,ICT Professionals,18
2019-02,NSW,108,Mid North Coast,SA4,26,ICT Professionals,15
2019-02,NSW,109,Murray,SA4,26,ICT Professionals,6
2019-02,NSW,110,New England and North West,SA4,26,ICT Professionals,4
2019-02,NSW,111,Newcastle and Lake Macquarie,SA4,26,ICT Professionals,45
2019-02,NSW,112,Richmond - Tweed,SA4,26,ICT Professionals,6
2019-02,NSW,113,Riverina,SA4,26,ICT Professionals,4
2019-02,NSW,114,Southern Highlands and Shoalhaven,SA4,26,ICT Professionals,7
2019-02,VIC,2GMEL,Greater Melbourne,GCCSA,26,ICT Professionals,2916
2019-02,VIC,201,Ballarat,SA4,26,ICT Professionals,6
2019-02,VIC,202,Bendigo,SA4,26,ICT Professionals,6
2019-02,VIC,203,Geelong,SA4,26,ICT Professionals,28
2019-02,VIC,204,Hume,SA4,26,ICT Professionals,2
2019-02,VIC,205,Latrobe - Gippsland,SA4,26,ICT Professionals,7
2019-02,VIC,215,North West,SA4,26,ICT Professionals,3
2019-02,VIC,216,Shepparton,SA4,26,ICT Professionals,1
2019-02,VIC,217,Warrnambool and South West,SA4,26,ICT Professionals,11
2019-02,QLD,3GBRI,Greater Brisbane,GCCSA,26,ICT Professionals,1281
2019-02,QLD,306,Cairns,SA4,26,ICT Professionals,9
2019-02,QLD,308,Central Queensland,SA4,26,ICT Professionals,7
2019-02,QLD,307,Darling Downs - Maranoa,SA4,26,ICT Professionals,4
2019-02,QLD,309,Gold Coast,SA4,26,ICT Professionals,74
2019-02,QLD,312,Mackay - Isaac - Whitsunday,SA4,26,ICT Professionals,13
2019-02,QLD,315,Queensland - Outback,SA4,26,ICT Professionals,4
2019-02,QLD,316,Sunshine Coast,SA4,26,ICT Professionals,26
2019-02,QLD,317,Toowoomba,SA4,26,ICT Professionals,4
2019-02,QLD,318,Townsville,SA4,26,ICT Professionals,6
2019-02,QLD,319,Wide Bay,SA4,26,ICT Professionals,5
2019-02,SA,4GADE,Greater Adelaide,GCCSA,26,ICT Professionals,367
2019-02,SA,405,Barossa - Yorke - Mid North,SA4,26,ICT Professionals,0
2019-02,SA,406,South Australia - Outback,SA4,26,ICT Professionals,1
2019-02,SA,407,South Australia - South East,SA4,26,ICT Professionals,2
2019-02,WA,5GPER,Greater Perth,GCCSA,26,ICT Professionals,592
2019-02,WA,501,Bunbury,SA4,26,ICT Professionals,2
2019-02,WA,510,Western Australia - Outback (North),SA4,26,ICT Professionals,4
2019-02,WA,511,Western Australia - Outback (South),SA4,26,ICT Professionals,1
2019-02,WA,509,Western Australia - Wheat Belt,SA4,26,ICT Professionals,0
2019-02,TAS,6GHOB,Greater Hobart,GCCSA,26,ICT Professionals,35
2019-02,TAS,602,Launceston and North East,SA4,26,ICT Professionals,12
2019-02,TAS,603,South East,SA4,26,ICT Professionals,1
2019-02,TAS,604,West and North West,SA4,26,ICT Professionals,0
2019-02,NT,7GDAR,Greater Darwin,GCCSA,26,ICT Professionals,29
2019-02,NT,702,Northern Territory - Outback,SA4,26,ICT Professionals,2
2019-02,ACT,8ACTE,Australian Capital Territory,GCCSA,26,ICT Professionals,759
2019-03,NSW,1GSYD,Greater Sydney,GCCSA,26,ICT Professionals,4738
2019-03,NSW,101,Capital Region,SA4,26,ICT Professionals,8
2019-03,NSW,103,Central West,SA4,26,ICT Professionals,5
2019-03,NSW,104,Coffs Harbour - Grafton,SA4,26,ICT Professionals,4
2019-03,NSW,105,Far West and Orana,SA4,26,ICT Professionals,3
2019-03,NSW,106,Hunter Valley exc Newcastle,SA4,26,ICT Professionals,41
2019-03,NSW,107,Illawarra,SA4,26,ICT Professionals,22
2019-03,NSW,108,Mid North Coast,SA4,26,ICT Professionals,18
2019-03,NSW,109,Murray,SA4,26,ICT Professionals,6
2019-03,NSW,110,New England and North West,SA4,26,ICT Professionals,5
2019-03,NSW,111,Newcastle and Lake Macquarie,SA4,26,ICT Professionals,56
2019-03,NSW,112,Richmond - Tweed,SA4,26,ICT Professionals,8
2019-03,NSW,113,Riverina,SA4,26,ICT Professionals,3
2019-03,NSW,114,Southern Highlands and Shoalhaven,SA4,26,ICT Professionals,9
2019-03,VIC,2GMEL,Greater Melbourne,GCCSA,26,ICT Professionals,3257
2019-03,VIC,201,Ballarat,SA4,26,ICT Professionals,7
2019-03,VIC,202,Bendigo,SA4,26,ICT Professionals,5
2019-03,VIC,203,Geelong,SA4,26,ICT Professionals,27
2019-03,VIC,204,Hume,SA4,26,ICT Professionals,2
2019-03,VIC,205,Latrobe - Gippsland,SA4,26,ICT Professionals,6
2019-03,VIC,215,North West,SA4,26,ICT Professionals,3
2019-03,VIC,216,Shepparton,SA4,26,ICT Professionals,1
2019-03,VIC,217,Warrnambool and South West,SA4,26,ICT Professionals,11
2019-03,QLD,3GBRI,Greater Brisbane,GCCSA,26,ICT Professionals,1543
2019-03,QLD,306,Cairns,SA4,26,ICT Professionals,13
2019-03,QLD,308,Central Queensland,SA4,26,ICT Professionals,15
2019-03,QLD,307,Darling Downs - Maranoa,SA4,26,ICT Professionals,4
2019-03,QLD,309,Gold Coast,SA4,26,ICT Professionals,89
2019-03,QLD,312,Mackay - Isaac - Whitsunday,SA4,26,ICT Professionals,14
2019-03,QLD,315,Queensland - Outback,SA4,26,ICT Professionals,5
2019-03,QLD,316,Sunshine Coast,SA4,26,ICT Professionals,32
2019-03,QLD,317,Toowoomba,SA4,26,ICT Professionals,4
2019-03,QLD,318,Townsville,SA4,26,ICT Professionals,10
2019-03,QLD,319,Wide Bay,SA4,26,ICT Professionals,5
2019-03,SA,4GADE,Greater Adelaide,GCCSA,26,ICT Professionals,433
2019-03,SA,405,Barossa - Yorke - Mid North,SA4,26,ICT Professionals,1
2019-03,SA,406,South Australia - Outback,SA4,26,ICT Professionals,1
2019-03,SA,407,South Australia - South East,SA4,26,ICT Professionals,1
2019-03,WA,5GPER,Greater Perth,GCCSA,26,ICT Professionals,698
2019-03,WA,501,Bunbury,SA4,26,ICT Professionals,2
2019-03,WA,510,Western Australia - Outback (North),SA4,26,ICT Professionals,5
2019-03,WA,511,Western Australia - Outback (South),SA4,26,ICT Professionals,2
2019-03,WA,509,Western Australia - Wheat Belt,SA4,26,ICT Professionals,1
2019-03,TAS,6GHOB,Greater Hobart,GCCSA,26,ICT Professionals,42
2019-03,TAS,602,Launceston and North East,SA4,26,ICT Professionals,11
2019-03,TAS,603,South East,SA4,26,ICT Professionals,1
2019-03,TAS,604,West and North West,SA4,26,ICT Professionals,1
2019-03,NT,7GDAR,Greater Darwin,GCCSA,26,ICT Professionals,32
2019-03,NT,702,Northern Territory - Outback,SA4,26,ICT Professionals,3
2019-03,ACT,8ACTE,Australian Capital Territory,GCCSA,26,ICT Professionals,910
2019-04,NSW,1GSYD,Greater Sydney,GCCSA,26,ICT Professionals,4511
2019-04,NSW,101,Capital Region,SA4,26,ICT Professionals,6
2019-04,NSW,103,Central West,SA4,26,ICT Professionals,5
2019-04,NSW,104,Coffs Harbour - Grafton,SA4,26,ICT Professionals,4
2019-04,NSW,105,Far West and Orana,SA4,26,ICT Professionals,2
2019-04,NSW,106,Hunter Valley exc Newcastle,SA4,26,ICT Professionals,43
2019-04,NSW,107,Illawarra,SA4,26,ICT Professionals,17
2019-04,NSW,108,Mid North Coast,SA4,26,ICT Professionals,17
2019-04,NSW,109,Murray,SA4,26,ICT Professionals,7
2019-04,NSW,110,New England and North West,SA4,26,ICT Professionals,6
2019-04,NSW,111,Newcastle and Lake Macquarie,SA4,26,ICT Professionals,58
2019-04,NSW,112,Richmond - Tweed,SA4,26,ICT Professionals,8
2019-04,NSW,113,Riverina,SA4,26,ICT Professionals,4
2019-04,NSW,114,Southern Highlands and Shoalhaven,SA4,26,ICT Professionals,7
2019-04,VIC,2GMEL,Greater Melbourne,GCCSA,26,ICT Professionals,3169
2019-04,VIC,201,Ballarat,SA4,26,ICT Professionals,7
2019-04,VIC,202,Bendigo,SA4,26,ICT Professionals,5
2019-04,VIC,203,Geelong,SA4,26,ICT Professionals,28
2019-04,VIC,204,Hume,SA4,26,ICT Professionals,3
2019-04,VIC,205,Latrobe - Gippsland,SA4,26,ICT Professionals,7
2019-04,VIC,215,North West,SA4,26,ICT Professionals,3
2019-04,VIC,216,Shepparton,SA4,26,ICT Professionals,1
2019-04,VIC,217,Warrnambool and South West,SA4,26,ICT Professionals,11
2019-04,QLD,3GBRI,Greater Brisbane,GCCSA,26,ICT Professionals,1525
2019-04,QLD,306,Cairns,SA4,26,ICT Professionals,12
2019-04,QLD,308,Central Queensland,SA4,26,ICT Professionals,16
2019-04,QLD,307,Darling Downs - Maranoa,SA4,26,ICT Professionals,4
2019-04,QLD,309,Gold Coast,SA4,26,ICT Professionals,93
2019-04,QLD,312,Mackay - Isaac - Whitsunday,SA4,26,ICT Professionals,12
2019-04,QLD,315,Queensland - Outback,SA4,26,ICT Professionals,4
2019-04,QLD,316,Sunshine Coast,SA4,26,ICT Professionals,29
2019-04,QLD,317,Toowoomba,SA4,26,ICT Professionals,4
2019-04,QLD,318,Townsville,SA4,26,ICT Professionals,13
2019-04,QLD,319,Wide Bay,SA4,26,ICT Professionals,6
2019-04,SA,4GADE,Greater Adelaide,GCCSA,26,ICT Professionals,426
2019-04,SA,405,Barossa - Yorke - Mid North,SA4,26,ICT Professionals,1
2019-04,SA,406,South Australia - Outback,SA4,26,ICT Professionals,0
2019-04,SA,407,South Australia - South East,SA4,26,ICT Professionals,1
2019-04,WA,5GPER,Greater Perth,GCCSA,26,ICT Professionals,679
2019-04,WA,501,Bunbury,SA4,26,ICT Professionals,2
2019-04,WA,510,Western Australia - Outback (North),SA4,26,ICT Professionals,5
2019-04,WA,511,Western Australia - Outback (South),SA4,26,ICT Professionals,3
2019-04,WA,509,Western Australia - Wheat Belt,SA4,26,ICT Professionals,2
2019-04,TAS,6GHOB,Greater Hobart,GCCSA,26,ICT Professionals,40
2019-04,TAS,602,Launceston and North East,SA4,26,ICT Professionals,9
2019-04,TAS,603,South East,SA4,26,ICT Professionals,1
2019-04,TAS,604,West and North West,SA4,26,ICT Professionals,1
2019-04,NT,7GDAR,Greater Darwin,GCCSA,26,ICT Professionals,28
2019-04,NT,702,Northern Territory - Outback,SA4,26,ICT Professionals,3
2019-04,ACT,8ACTE,Australian Capital Territory,GCCSA,26,ICT Professionals,937
2019-05,NSW,1GSYD,Greater Sydney,GCCSA,26,ICT Professionals,4590
2019-05,NSW,101,Capital Region,SA4,26,ICT Professionals,6
2019-05,NSW,103,Central West,SA4,26,ICT Professionals,4
2019-05,NSW,104,Coffs Harbour - Grafton,SA4,26,ICT Professionals,5
2019-05,NSW,105,Far West and Orana,SA4,26,ICT Professionals,2
2019-05,NSW,106,Hunter Valley exc Newcastle,SA4,26,ICT Professionals,42
2019-05,NSW,107,Illawarra,SA4,26,ICT Professionals,14
2019-05,NSW,108,Mid North Coast,SA4,26,ICT Professionals,16
2019-05,NSW,109,Murray,SA4,26,ICT Professionals,8
2019-05,NSW,110,New England and North West,SA4,26,ICT Professionals,5
2019-05,NSW,111,Newcastle and Lake Macquarie,SA4,26,ICT Professionals,59
2019-05,NSW,112,Richmond - Tweed,SA4,26,ICT Professionals,8
2019-05,NSW,113,Riverina,SA4,26,ICT Professionals,5
2019-05,NSW,114,Southern Highlands and Shoalhaven,SA4,26,ICT Professionals,6
2019-05,VIC,2GMEL,Greater Melbourne,GCCSA,26,ICT Professionals,3259
2019-05,VIC,201,Ballarat,SA4,26,ICT Professionals,8
2019-05,VIC,202,Bendigo,SA4,26,ICT Professionals,3
2019-05,VIC,203,Geelong,SA4,26,ICT Professionals,31
2019-05,VIC,204,Hume,SA4,26,ICT Professionals,3
2019-05,VIC,205,Latrobe - Gippsland,SA4,26,ICT Professionals,7
2019-05,VIC,215,North West,SA4,26,ICT Professionals,1
2019-05,VIC,216,Shepparton,SA4,26,ICT Professionals,1
2019-05,VIC,217,Warrnambool and South West,SA4,26,ICT Professionals,11
2019-05,QLD,3GBRI,Greater Brisbane,GCCSA,26,ICT Professionals,1547
2019-05,QLD,306,Cairns,SA4,26,ICT Professionals,10
2019-05,QLD,308,Central Queensland,SA4,26,ICT Professionals,14
2019-05,QLD,307,Darling Downs - Maranoa,SA4,26,ICT Professionals,4
2019-05,QLD,309,Gold Coast,SA4,26,ICT Professionals,95
2019-05,QLD,312,Mackay - Isaac - Whitsunday,SA4,26,ICT Professionals,9
2019-05,QLD,315,Queensland - Outback,SA4,26,ICT Professionals,3
2019-05,QLD,316,Sunshine Coast,SA4,26,ICT Professionals,28
2019-05,QLD,317,Toowoomba,SA4,26,ICT Professionals,4
2019-05,QLD,318,Townsville,SA4,26,ICT Professionals,14
2019-05,QLD,319,Wide Bay,SA4,26,ICT Professionals,5
2019-05,SA,4GADE,Greater Adelaide,GCCSA,26,ICT Professionals,428
2019-05,SA,405,Barossa - Yorke - Mid North,SA4,26,ICT Professionals,1
2019-05,SA,406,South Australia - Outback,SA4,26,ICT Professionals,1
2019-05,SA,407,South Australia - South East,SA4,26,ICT Professionals,0
2019-05,WA,5GPER,Greater Perth,GCCSA,26,ICT Professionals,704
2019-05,WA,501,Bunbury,SA4,26,ICT Professionals,1
2019-05,WA,510,Western Australia - Outback (North),SA4,26,ICT Professionals,8
2019-05,WA,511,Western Australia - Outback (South),SA4,26,ICT Professionals,4
2019-05,WA,509,Western Australia - Wheat Belt,SA4,26,ICT Professionals,2
2019-05,TAS,6GHOB,Greater Hobart,GCCSA,26,ICT Professionals,41
2019-05,TAS,602,Launceston and North East,SA4,26,ICT Professionals,7
2019-05,TAS,603,South East,SA4,26,ICT Professionals,0
2019-05,TAS,604,West and North West,SA4,26,ICT Professionals,1
2019-05,NT,7GDAR,Greater Darwin,GCCSA,26,ICT Professionals,29
2019-05,NT,702,Northern Territory - Outback,SA4,26,ICT Professionals,3
2019-05,ACT,8ACTE,Australian Capital Territory,GCCSA,26,ICT Professionals,1035
2019-06,NSW,1GSYD,Greater Sydney,GCCSA,26,ICT Professionals,4389
2019-06,NSW,101,Capital Region,SA4,26,ICT Professionals,6
2019-06,NSW,103,Central West,SA4,26,ICT Professionals,4
2019-06,NSW,104,Coffs Harbour - Grafton,SA4,26,ICT Professionals,5
2019-06,NSW,105,Far West and Orana,SA4,26,ICT Professionals,3
2019-06,NSW,106,Hunter Valley exc Newcastle,SA4,26,ICT Professionals,38
2019-06,NSW,107,Illawarra,SA4,26,ICT Professionals,13
2019-06,NSW,108,Mid North Coast,SA4,26,ICT Professionals,12
2019-06,NSW,109,Murray,SA4,26,ICT Professionals,12
2019-06,NSW,110,New England and North West,SA4,26,ICT Professionals,5
2019-06,NSW,111,Newcastle and Lake Macquarie,SA4,26,ICT Professionals,52
2019-06,NSW,112,Richmond - Tweed,SA4,26,ICT Professionals,7
2019-06,NSW,113,Riverina,SA4,26,ICT Professionals,5
2019-06,NSW,114,Southern Highlands and Shoalhaven,SA4,26,ICT Professionals,5
2019-06,VIC,2GMEL,Greater Melbourne,GCCSA,26,ICT Professionals,3158
2019-06,VIC,201,Ballarat,SA4,26,ICT Professionals,9
2019-06,VIC,202,Bendigo,SA4,26,ICT Professionals,3
2019-06,VIC,203,Geelong,SA4,26,ICT Professionals,28
2019-06,VIC,204,Hume,SA4,26,ICT Professionals,4
2019-06,VIC,205,Latrobe - Gippsland,SA4,26,ICT Professionals,8
2019-06,VIC,215,North West,SA4,26,ICT Professionals,2
2019-06,VIC,216,Shepparton,SA4,26,ICT Professionals,2
2019-06,VIC,217,Warrnambool and South West,SA4,26,ICT Professionals,10
2019-06,QLD,3GBRI,Greater Brisbane,GCCSA,26,ICT Professionals,1428
2019-06,QLD,306,Cairns,SA4,26,ICT Professionals,5
2019-06,QLD,308,Central Queensland,SA4,26,ICT Professionals,9
2019-06,QLD,307,Darling Downs - Maranoa,SA4,26,ICT Professionals,4
2019-06,QLD,309,Gold Coast,SA4,26,ICT Professionals,81
2019-06,QLD,312,Mackay - Isaac - Whitsunday,SA4,26,ICT Professionals,8
2019-06,QLD,315,Queensland - Outback,SA4,26,ICT Professionals,2
2019-06,QLD,316,Sunshine Coast,SA4,26,ICT Professionals,23
2019-06,QLD,317,Toowoomba,SA4,26,ICT Professionals,4
2019-06,QLD,318,Townsville,SA4,26,ICT Professionals,10
2019-06,QLD,319,Wide Bay,SA4,26,ICT Professionals,5
2019-06,SA,4GADE,Greater Adelaide,GCCSA,26,ICT Professionals,387
2019-06,SA,405,Barossa - Yorke - Mid North,SA4,26,ICT Professionals,0
2019-06,SA,406,South Australia - Outback,SA4,26,ICT Professionals,1
2019-06,SA,407,South Australia - South East,SA4,26,ICT Professionals,1
2019-06,WA,5GPER,Greater Perth,GCCSA,26,ICT Professionals,660
2019-06,WA,501,Bunbury,SA4,26,ICT Professionals,0
2019-06,WA,510,Western Australia - Outback (North),SA4,26,ICT Professionals,7
2019-06,WA,511,Western Australia - Outback (South),SA4,26,ICT Professionals,4
2019-06,WA,509,Western Australia - Wheat Belt,SA4,26,ICT Professionals,2
2019-06,TAS,6GHOB,Greater Hobart,GCCSA,26,ICT Professionals,31
2019-06,TAS,602,Launceston and North East,SA4,26,ICT Professionals,4
2019-06,TAS,603,South East,SA4,26,ICT Professionals,0
2019-06,TAS,604,West and North West,SA4,26,ICT Professionals,0
2019-06,NT,7GDAR,Greater Darwin,GCCSA,26,ICT Professionals,26
2019-06,NT,702,Northern Territory - Outback,SA4,26,ICT Professionals,2
2019-06,ACT,8ACTE,Australian Capital Territory,GCCSA,26,ICT Professionals,939
2019-07,NSW,1GSYD,Greater Sydney,GCCSA,26,ICT Professionals,4535
2019-07,NSW,101,Capital Region,SA4,26,ICT Professionals,8
2019-07,NSW,103,Central West,SA4,26,ICT Professionals,4
2019-07,NSW,104,Coffs Harbour - Grafton,SA4,26,ICT Professionals,4
2019-07,NSW,105,Far West and Orana,SA4,26,ICT Professionals,3
2019-07,NSW,106,Hunter Valley exc Newcastle,SA4,26,ICT Professionals,39
2019-07,NSW,107,Illawarra,SA4,26,ICT Professionals,16
2019-07,NSW,108,Mid North Coast,SA4,26,ICT Professionals,11
2019-07,NSW,109,Murray,SA4,26,ICT Professionals,10
2019-07,NSW,110,New England and North West,SA4,26,ICT Professionals,4
2019-07,NSW,111,Newcastle and Lake Macquarie,SA4,26,ICT Professionals,54
2019-07,NSW,112,Richmond - Tweed,SA4,26,ICT Professionals,10
2019-07,NSW,113,Riverina,SA4,26,ICT Professionals,3
2019-07,NSW,114,Southern Highlands and Shoalhaven,SA4,26,ICT Professionals,6
2019-07,VIC,2GMEL,Greater Melbourne,GCCSA,26,ICT Professionals,3242
2019-07,VIC,201,Ballarat,SA4,26,ICT Professionals,9
2019-07,VIC,202,Bendigo,SA4,26,ICT Professionals,4
2019-07,VIC,203,Geelong,SA4,26,ICT Professionals,27
2019-07,VIC,204,Hume,SA4,26,ICT Professionals,3
2019-07,VIC,205,Latrobe - Gippsland,SA4,26,ICT Professionals,6
2019-07,VIC,215,North West,SA4,26,ICT Professionals,2
2019-07,VIC,216,Shepparton,SA4,26,ICT Professionals,2
2019-07,VIC,217,Warrnambool and South West,SA4,26,ICT Professionals,10
2019-07,QLD,3GBRI,Greater Brisbane,GCCSA,26,ICT Professionals,1471
2019-07,QLD,306,Cairns,SA4,26,ICT Professionals,5
2019-07,QLD,308,Central Queensland,SA4,26,ICT Professionals,7
2019-07,QLD,307,Darling Downs - Maranoa,SA4,26,ICT Professionals,3
2019-07,QLD,309,Gold Coast,SA4,26,ICT Professionals,83
2019-07,QLD,312,Mackay - Isaac - Whitsunday,SA4,26,ICT Professionals,8
2019-07,QLD,315,Queensland - Outback,SA4,26,ICT Professionals,2
2019-07,QLD,316,Sunshine Coast,SA4,26,ICT Professionals,21
2019-07,QLD,317,Toowoomba,SA4,26,ICT Professionals,3
2019-07,QLD,318,Townsville,SA4,26,ICT Professionals,9
2019-07,QLD,319,Wide Bay,SA4,26,ICT Professionals,5
2019-07,SA,4GADE,Greater Adelaide,GCCSA,26,ICT Professionals,397
2019-07,SA,405,Barossa - Yorke - Mid North,SA4,26,ICT Professionals,0
2019-07,SA,406,South Australia - Outback,SA4,26,ICT Professionals,1
2019-07,SA,407,South Australia - South East,SA4,26,ICT Professionals,1
2019-07,WA,5GPER,Greater Perth,GCCSA,26,ICT Professionals,683
2019-07,WA,501,Bunbury,SA4,26,ICT Professionals,1
2019-07,WA,510,Western Australia - Outback (North),SA4,26,ICT Professionals,8
2019-07,WA,511,Western Australia - Outback (South),SA4,26,ICT Professionals,4
2019-07,WA,509,Western Australia - Wheat Belt,SA4,26,ICT Professionals,1
2019-07,TAS,6GHOB,Greater Hobart,GCCSA,26,ICT Professionals,31
2019-07,TAS,602,Launceston and North East,SA4,26,ICT Professionals,4
2019-07,TAS,603,South East,SA4,26,ICT Professionals,1
2019-07,TAS,604,West and North West,SA4,26,ICT Professionals,1
2019-07,NT,7GDAR,Greater Darwin,GCCSA,26,ICT Professionals,30
2019-07,NT,702,Northern Territory - Outback,SA4,26,ICT Professionals,3
2019-07,ACT,8ACTE,Australian Capital Territory,GCCSA,26,ICT Professionals,981
2019-08,NSW,1GSYD,Greater Sydney,GCCSA,26,ICT Professionals,4366
2019-08,NSW,101,Capital Region,SA4,26,ICT Professionals,8
2019-08,NSW,103,Central West,SA4,26,ICT Professionals,5
2019-08,NSW,104,Coffs Harbour - Grafton,SA4,26,ICT Professionals,2
2019-08,NSW,105,Far West and Orana,SA4,26,ICT Professionals,3
2019-08,NSW,106,Hunter Valley exc Newcastle,SA4,26,ICT Professionals,41
2019-08,NSW,107,Illawarra,SA4,26,ICT Professionals,15
2019-08,NSW,108,Mid North Coast,SA4,26,ICT Professionals,9
2019-08,NSW,109,Murray,SA4,26,ICT Professionals,8
2019-08,NSW,110,New England and North West,SA4,26,ICT Professionals,5
2019-08,NSW,111,Newcastle and Lake Macquarie,SA4,26,ICT Professionals,55
2019-08,NSW,112,Richmond - Tweed,SA4,26,ICT Professionals,9
2019-08,NSW,113,Riverina,SA4,26,ICT Professionals,2
2019-08,NSW,114,Southern Highlands and Shoalhaven,SA4,26,ICT Professionals,6
2019-08,VIC,2GMEL,Greater Melbourne,GCCSA,26,ICT Professionals,3092
2019-08,VIC,201,Ballarat,SA4,26,ICT Professionals,10
2019-08,VIC,202,Bendigo,SA4,26,ICT Professionals,4
2019-08,VIC,203,Geelong,SA4,26,ICT Professionals,27
2019-08,VIC,204,Hume,SA4,26,ICT Professionals,3
2019-08,VIC,205,Latrobe - Gippsland,SA4,26,ICT Professionals,7
2019-08,VIC,215,North West,SA4,26,ICT Professionals,4
2019-08,VIC,216,Shepparton,SA4,26,ICT Professionals,2
2019-08,VIC,217,Warrnambool and South West,SA4,26,ICT Professionals,10
2019-08,QLD,3GBRI,Greater Brisbane,GCCSA,26,ICT Professionals,1442
2019-08,QLD,306,Cairns,SA4,26,ICT Professionals,6
2019-08,QLD,308,Central Queensland,SA4,26,ICT Professionals,10
2019-08,QLD,307,Darling Downs - Maranoa,SA4,26,ICT Professionals,3
2019-08,QLD,309,Gold Coast,SA4,26,ICT Professionals,82
2019-08,QLD,312,Mackay - Isaac - Whitsunday,SA4,26,ICT Professionals,10
2019-08,QLD,315,Queensland - Outback,SA4,26,ICT Professionals,2
2019-08,QLD,316,Sunshine Coast,SA4,26,ICT Professionals,12
2019-08,QLD,317,Toowoomba,SA4,26,ICT Professionals,3
2019-08,QLD,318,Townsville,SA4,26,ICT Professionals,10
2019-08,QLD,319,Wide Bay,SA4,26,ICT Professionals,4
2019-08,SA,4GADE,Greater Adelaide,GCCSA,26,ICT Professionals,370
2019-08,SA,405,Barossa - Yorke - Mid North,SA4,26,ICT Professionals,0
2019-08,SA,406,South Australia - Outback,SA4,26,ICT Professionals,1
2019-08,SA,407,South Australia - South East,SA4,26,ICT Professionals,1
2019-08,WA,5GPER,Greater Perth,GCCSA,26,ICT Professionals,671
2019-08,WA,501,Bunbury,SA4,26,ICT Professionals,1
2019-08,WA,510,Western Australia - Outback (North),SA4,26,ICT Professionals,6
2019-08,WA,511,Western Australia - Outback (South),SA4,26,ICT Professionals,2
2019-08,WA,509,Western Australia - Wheat Belt,SA4,26,ICT Professionals,2
2019-08,TAS,6GHOB,Greater Hobart,GCCSA,26,ICT Professionals,31
2019-08,TAS,602,Launceston and North East,SA4,26,ICT Professionals,3
2019-08,TAS,603,South East,SA4,26,ICT Professionals,1
2019-08,TAS,604,West and North West,SA4,26,ICT Professionals,1
2019-08,NT,7GDAR,Greater Darwin,GCCSA,26,ICT Professionals,28
2019-08,NT,702,Northern Territory - Outback,SA4,26,ICT Professionals,3
2019-08,ACT,8ACTE,Australian Capital Territory,GCCSA,26,ICT Professionals,931
2019-09,NSW,1GSYD,Greater Sydney,GCCSA,26,ICT Professionals,4398
2019-09,NSW,101,Capital Region,SA4,26,ICT Professionals,8
2019-09,NSW,103,Central West,SA4,26,ICT Professionals,4
2019-09,NSW,104,Coffs Harbour - Grafton,SA4,26,ICT Professionals,2
2019-09,NSW,105,Far West and Orana,SA4,26,ICT Professionals,2
2019-09,NSW,106,Hunter Valley exc Newcastle,SA4,26,ICT Professionals,39
2019-09,NSW,107,Illawarra,SA4,26,ICT Professionals,16
2019-09,NSW,108,Mid North Coast,SA4,26,ICT Professionals,8
2019-09,NSW,109,Murray,SA4,26,ICT Professionals,4
2019-09,NSW,110,New England and North West,SA4,26,ICT Professionals,5
2019-09,NSW,111,Newcastle and Lake Macquarie,SA4,26,ICT Professionals,55
2019-09,NSW,112,Richmond - Tweed,SA4,26,ICT Professionals,11
2019-09,NSW,113,Riverina,SA4,26,ICT Professionals,3
2019-09,NSW,114,Southern Highlands and Shoalhaven,SA4,26,ICT Professionals,6
2019-09,VIC,2GMEL,Greater Melbourne,GCCSA,26,ICT Professionals,3071
2019-09,VIC,201,Ballarat,SA4,26,ICT Professionals,8
2019-09,VIC,202,Bendigo,SA4,26,ICT Professionals,5
2019-09,VIC,203,Geelong,SA4,26,ICT Professionals,34
2019-09,VIC,204,Hume,SA4,26,ICT Professionals,2
2019-09,VIC,205,Latrobe - Gippsland,SA4,26,ICT Professionals,7
2019-09,VIC,215,North West,SA4,26,ICT Professionals,4
2019-09,VIC,216,Shepparton,SA4,26,ICT Professionals,1
2019-09,VIC,217,Warrnambool and South West,SA4,26,ICT Professionals,13
2019-09,QLD,3GBRI,Greater Brisbane,GCCSA,26,ICT Professionals,1482
2019-09,QLD,306,Cairns,SA4,26,ICT Professionals,7
2019-09,QLD,308,Central Queensland,SA4,26,ICT Professionals,8
2019-09,QLD,307,Darling Downs - Maranoa,SA4,26,ICT Professionals,3
2019-09,QLD,309,Gold Coast,SA4,26,ICT Professionals,86
2019-09,QLD,312,Mackay - Isaac - Whitsunday,SA4,26,ICT Professionals,12
2019-09,QLD,315,Queensland - Outback,SA4,26,ICT Professionals,2
2019-09,QLD,316,Sunshine Coast,SA4,26,ICT Professionals,12
2019-09,QLD,317,Toowoomba,SA4,26,ICT Professionals,4
2019-09,QLD,318,Townsville,SA4,26,ICT Professionals,12
2019-09,QLD,319,Wide Bay,SA4,26,ICT Professionals,5
2019-09,SA,4GADE,Greater Adelaide,GCCSA,26,ICT Professionals,384
2019-09,SA,405,Barossa - Yorke - Mid North,SA4,26,ICT Professionals,1
2019-09,SA,406,South Australia - Outback,SA4,26,ICT Professionals,1
2019-09,SA,407,South Australia - South East,SA4,26,ICT Professionals,1
2019-09,WA,5GPER,Greater Perth,GCCSA,26,ICT Professionals,700
2019-09,WA,501,Bunbury,SA4,26,ICT Professionals,1
2019-09,WA,510,Western Australia - Outback (North),SA4,26,ICT Professionals,8
2019-09,WA,511,Western Australia - Outback (South),SA4,26,ICT Professionals,3
2019-09,WA,509,Western Australia - Wheat Belt,SA4,26,ICT Professionals,2
2019-09,TAS,6GHOB,Greater Hobart,GCCSA,26,ICT Professionals,40
2019-09,TAS,602,Launceston and North East,SA4,26,ICT Professionals,3
2019-09,TAS,603,South East,SA4,26,ICT Professionals,1
2019-09,TAS,604,West and North West,SA4,26,ICT Professionals,1
2019-09,NT,7GDAR,Greater Darwin,GCCSA,26,ICT Professionals,28
2019-09,NT,702,Northern Territory - Outback,SA4,26,ICT Professionals,4
2019-09,ACT,8ACTE,Australian Capital Territory,GCCSA,26,ICT Professionals,1056
2019-10,NSW,1GSYD,Greater Sydney,GCCSA,26,ICT Professionals,4318
2019-10,NSW,101,Capital Region,SA4,26,ICT Professionals,8
2019-10,NSW,103,Central West,SA4,26,ICT Professionals,4
2019-10,NSW,104,Coffs Harbour - Grafton,SA4,26,ICT Professionals,2
2019-10,NSW,105,Far West and Orana,SA4,26,ICT Professionals,2
2019-10,NSW,106,Hunter Valley exc Newcastle,SA4,26,ICT Professionals,35
2019-10,NSW,107,Illawarra,SA4,26,ICT Professionals,14
2019-10,NSW,108,Mid North Coast,SA4,26,ICT Professionals,9
2019-10,NSW,109,Murray,SA4,26,ICT Professionals,7
2019-10,NSW,110,New England and North West,SA4,26,ICT Professionals,5
2019-10,NSW,111,Newcastle and Lake Macquarie,SA4,26,ICT Professionals,48
2019-10,NSW,112,Richmond - Tweed,SA4,26,ICT Professionals,6
2019-10,NSW,113,Riverina,SA4,26,ICT Professionals,4
2019-10,NSW,114,Southern Highlands and Shoalhaven,SA4,26,ICT Professionals,6
2019-10,VIC,2GMEL,Greater Melbourne,GCCSA,26,ICT Professionals,3017
2019-10,VIC,201,Ballarat,SA4,26,ICT Professionals,7
2019-10,VIC,202,Bendigo,SA4,26,ICT Professionals,5
2019-10,VIC,203,Geelong,SA4,26,ICT Professionals,31
2019-10,VIC,204,Hume,SA4,26,ICT Professionals,2
2019-10,VIC,205,Latrobe - Gippsland,SA4,26,ICT Professionals,8
2019-10,VIC,215,North West,SA4,26,ICT Professionals,4
2019-10,VIC,216,Shepparton,SA4,26,ICT Professionals,1
2019-10,VIC,217,Warrnambool and South West,SA4,26,ICT Professionals,11
2019-10,QLD,3GBRI,Greater Brisbane,GCCSA,26,ICT Professionals,1429
2019-10,QLD,306,Cairns,SA4,26,ICT Professionals,9
2019-10,QLD,308,Central Queensland,SA4,26,ICT Professionals,10
2019-10,QLD,307,Darling Downs - Maranoa,SA4,26,ICT Professionals,3
2019-10,QLD,309,Gold Coast,SA4,26,ICT Professionals,76
2019-10,QLD,312,Mackay - Isaac - Whitsunday,SA4,26,ICT Professionals,10
2019-10,QLD,315,Queensland - Outback,SA4,26,ICT Professionals,3
2019-10,QLD,316,Sunshine Coast,SA4,26,ICT Professionals,16
2019-10,QLD,317,Toowoomba,SA4,26,ICT Professionals,3
2019-10,QLD,318,Townsville,SA4,26,ICT Professionals,11
2019-10,QLD,319,Wide Bay,SA4,26,ICT Professionals,4
2019-10,SA,4GADE,Greater Adelaide,GCCSA,26,ICT Professionals,372
2019-10,SA,405,Barossa - Yorke - Mid North,SA4,26,ICT Professionals,0
2019-10,SA,406,South Australia - Outback,SA4,26,ICT Professionals,2
2019-10,SA,407,South Australia - South East,SA4,26,ICT Professionals,0
2019-10,WA,5GPER,Greater Perth,GCCSA,26,ICT Professionals,700
2019-10,WA,501,Bunbury,SA4,26,ICT Professionals,2
2019-10,WA,510,Western Australia - Outback (North),SA4,26,ICT Professionals,8
2019-10,WA,511,Western Australia - Outback (South),SA4,26,ICT Professionals,5
2019-10,WA,509,Western Australia - Wheat Belt,SA4,26,ICT Professionals,2
2019-10,TAS,6GHOB,Greater Hobart,GCCSA,26,ICT Professionals,41
2019-10,TAS,602,Launceston and North East,SA4,26,ICT Professionals,1
2019-10,TAS,603,South East,SA4,26,ICT Professionals,1
2019-10,TAS,604,West and North West,SA4,26,ICT Professionals,1
2019-10,NT,7GDAR,Greater Darwin,GCCSA,26,ICT Professionals,25
2019-10,NT,702,Northern Territory - Outback,SA4,26,ICT Professionals,5
2019-10,ACT,8ACTE,Australian Capital Territory,GCCSA,26,ICT Professionals,989
2019-11,NSW,1GSYD,Greater Sydney,GCCSA,26,ICT Professionals,4181
2019-11,NSW,101,Capital Region,SA4,26,ICT Professionals,7
2019-11,NSW,103,Central West,SA4,26,ICT Professionals,5
2019-11,NSW,104,Coffs Harbour - Grafton,SA4,26,ICT Professionals,2
2019-11,NSW,105,Far West and Orana,SA4,26,ICT Professionals,2
2019-11,NSW,106,Hunter Valley exc Newcastle,SA4,26,ICT Professionals,30
2019-11,NSW,107,Illawarra,SA4,26,ICT Professionals,14
2019-11,NSW,108,Mid North Coast,SA4,26,ICT Professionals,8
2019-11,NSW,109,Murray,SA4,26,ICT Professionals,7
2019-11,NSW,110,New England and North West,SA4,26,ICT Professionals,5
2019-11,NSW,111,Newcastle and Lake Macquarie,SA4,26,ICT Professionals,43
2019-11,NSW,112,Richmond - Tweed,SA4,26,ICT Professionals,4
2019-11,NSW,113,Riverina,SA4,26,ICT Professionals,3
2019-11,NSW,114,Southern Highlands and Shoalhaven,SA4,26,ICT Professionals,6
2019-11,VIC,2GMEL,Greater Melbourne,GCCSA,26,ICT Professionals,2912
2019-11,VIC,201,Ballarat,SA4,26,ICT Professionals,4
2019-11,VIC,202,Bendigo,SA4,26,ICT Professionals,6
2019-11,VIC,203,Geelong,SA4,26,ICT Professionals,25
2019-11,VIC,204,Hume,SA4,26,ICT Professionals,2
2019-11,VIC,205,Latrobe - Gippsland,SA4,26,ICT Professionals,6
2019-11,VIC,215,North West,SA4,26,ICT Professionals,3
2019-11,VIC,216,Shepparton,SA4,26,ICT Professionals,1
2019-11,VIC,217,Warrnambool and South West,SA4,26,ICT Professionals,9
2019-11,QLD,3GBRI,Greater Brisbane,GCCSA,26,ICT Professionals,1346
2019-11,QLD,306,Cairns,SA4,26,ICT Professionals,9
2019-11,QLD,308,Central Queensland,SA4,26,ICT Professionals,9
2019-11,QLD,307,Darling Downs - Maranoa,SA4,26,ICT Professionals,3
2019-11,QLD,309,Gold Coast,SA4,26,ICT Professionals,61
2019-11,QLD,312,Mackay - Isaac - Whitsunday,SA4,26,ICT Professionals,8
2019-11,QLD,315,Queensland - Outback,SA4,26,ICT Professionals,2
2019-11,QLD,316,Sunshine Coast,SA4,26,ICT Professionals,17
2019-11,QLD,317,Toowoomba,SA4,26,ICT Professionals,4
2019-11,QLD,318,Townsville,SA4,26,ICT Professionals,9
2019-11,QLD,319,Wide Bay,SA4,26,ICT Professionals,4
2019-11,SA,4GADE,Greater Adelaide,GCCSA,26,ICT Professionals,364
2019-11,SA,405,Barossa - Yorke - Mid North,SA4,26,ICT Professionals,1
2019-11,SA,406,South Australia - Outback,SA4,26,ICT Professionals,1
2019-11,SA,407,South Australia - South East,SA4,26,ICT Professionals,1
2019-11,WA,5GPER,Greater Perth,GCCSA,26,ICT Professionals,700
2019-11,WA,501,Bunbury,SA4,26,ICT Professionals,2
2019-11,WA,510,Western Australia - Outback (North),SA4,26,ICT Professionals,10
2019-11,WA,511,Western Australia - Outback (South),SA4,26,ICT Professionals,5
2019-11,WA,509,Western Australia - Wheat Belt,SA4,26,ICT Professionals,1
2019-11,TAS,6GHOB,Greater Hobart,GCCSA,26,ICT Professionals,36
2019-11,TAS,602,Launceston and North East,SA4,26,ICT Professionals,1
2019-11,TAS,603,South East,SA4,26,ICT Professionals,1
2019-11,TAS,604,West and North West,SA4,26,ICT Professionals,1
2019-11,NT,7GDAR,Greater Darwin,GCCSA,26,ICT Professionals,26
2019-11,NT,702,Northern Territory - Outback,SA4,26,ICT Professionals,4
2019-11,ACT,8ACTE,Australian Capital Territory,GCCSA,26,ICT Professionals,962
2019-12,NSW,1GSYD,Greater Sydney,GCCSA,26,ICT Professionals,3643
2019-12,NSW,101,Capital Region,SA4,26,ICT Professionals,5
2019-12,NSW,103,Central West,SA4,26,ICT Professionals,6
2019-12,NSW,104,Coffs Harbour - Grafton,SA4,26,ICT Professionals,2
2019-12,NSW,105,Far West and Orana,SA4,26,ICT Professionals,3
2019-12,NSW,106,Hunter Valley exc Newcastle,SA4,26,ICT Professionals,29
2019-12,NSW,107,Illawarra,SA4,26,ICT Professionals,12
2019-12,NSW,108,Mid North Coast,SA4,26,ICT Professionals,10
2019-12,NSW,109,Murray,SA4,26,ICT Professionals,5
2019-12,NSW,110,New England and North West,SA4,26,ICT Professionals,3
2019-12,NSW,111,Newcastle and Lake Macquarie,SA4,26,ICT Professionals,44
2019-12,NSW,112,Richmond - Tweed,SA4,26,ICT Professionals,2
2019-12,NSW,113,Riverina,SA4,26,ICT Professionals,3
2019-12,NSW,114,Southern Highlands and Shoalhaven,SA4,26,ICT Professionals,5
2019-12,VIC,2GMEL,Greater Melbourne,GCCSA,26,ICT Professionals,2596
2019-12,VIC,201,Ballarat,SA4,26,ICT Professionals,3
2019-12,VIC,202,Bendigo,SA4,26,ICT Professionals,6
2019-12,VIC,203,Geelong,SA4,26,ICT Professionals,20
2019-12,VIC,204,Hume,SA4,26,ICT Professionals,2
2019-12,VIC,205,Latrobe - Gippsland,SA4,26,ICT Professionals,4
2019-12,VIC,215,North West,SA4,26,ICT Professionals,1
2019-12,VIC,216,Shepparton,SA4,26,ICT Professionals,1
2019-12,VIC,217,Warrnambool and South West,SA4,26,ICT Professionals,7
2019-12,QLD,3GBRI,Greater Brisbane,GCCSA,26,ICT Professionals,1167
2019-12,QLD,306,Cairns,SA4,26,ICT Professionals,8
2019-12,QLD,308,Central Queensland,SA4,26,ICT Professionals,9
2019-12,QLD,307,Darling Downs - Maranoa,SA4,26,ICT Professionals,3
2019-12,QLD,309,Gold Coast,SA4,26,ICT Professionals,51
2019-12,QLD,312,Mackay - Isaac - Whitsunday,SA4,26,ICT Professionals,6
2019-12,QLD,315,Queensland - Outback,SA4,26,ICT Professionals,3
2019-12,QLD,316,Sunshine Coast,SA4,26,ICT Professionals,16
2019-12,QLD,317,Toowoomba,SA4,26,ICT Professionals,3
2019-12,QLD,318,Townsville,SA4,26,ICT Professionals,10
2019-12,QLD,319,Wide Bay,SA4,26,ICT Professionals,4
2019-12,SA,4GADE,Greater Adelaide,GCCSA,26,ICT Professionals,336
2019-12,SA,405,Barossa - Yorke - Mid North,SA4,26,ICT Professionals,1
2019-12,SA,406,South Australia - Outback,SA4,26,ICT Professionals,1
2019-12,SA,407,South Australia - South East,SA4,26,ICT Professionals,0
2019-12,WA,5GPER,Greater Perth,GCCSA,26,ICT Professionals,627
2019-12,WA,501,Bunbury,SA4,26,ICT Professionals,2
2019-12,WA,510,Western Australia - Outback (North),SA4,26,ICT Professionals,7
2019-12,WA,511,Western Australia - Outback (South),SA4,26,ICT Professionals,3
2019-12,WA,509,Western Australia - Wheat Belt,SA4,26,ICT Professionals,1
2019-12,TAS,6GHOB,Greater Hobart,GCCSA,26,ICT Professionals,30
2019-12,TAS,602,Launceston and North East,SA4,26,ICT Professionals,2
2019-12,TAS,603,South East,SA4,26,ICT Professionals,1
2019-12,TAS,604,West and North West,SA4,26,ICT Professionals,1
2019-12,NT,7GDAR,Greater Darwin,GCCSA,26,ICT Professionals,22
2019-12,NT,702,Northern Territory - Outback,SA4,26,ICT Professionals,3
2019-12,ACT,8ACTE,Australian Capital Territory,GCCSA,26,ICT Professionals,852
2020-01,NSW,1GSYD,Greater Sydney,GCCSA,26,ICT Professionals,3590
2020-01,NSW,101,Capital Region,SA4,26,ICT Professionals,4
2020-01,NSW,103,Central West,SA4,26,ICT Professionals,5
2020-01,NSW,104,Coffs Harbour - Grafton,SA4,26,ICT Professionals,1
2020-01,NSW,105,Far West and Orana,SA4,26,ICT Professionals,2
2020-01,NSW,106,Hunter Valley exc Newcastle,SA4,26,ICT Professionals,28
2020-01,NSW,107,Illawarra,SA4,26,ICT Professionals,12
2020-01,NSW,108,Mid North Coast,SA4,26,ICT Professionals,13
2020-01,NSW,109,Murray,SA4,26,ICT Professionals,3
2020-01,NSW,110,New England and North West,SA4,26,ICT Professionals,2
2020-01,NSW,111,Newcastle and Lake Macquarie,SA4,26,ICT Professionals,46
2020-01,NSW,112,Richmond - Tweed,SA4,26,ICT Professionals,3
2020-01,NSW,113,Riverina,SA4,26,ICT Professionals,3
2020-01,NSW,114,Southern Highlands and Shoalhaven,SA4,26,ICT Professionals,4
2020-01,VIC,2GMEL,Greater Melbourne,GCCSA,26,ICT Professionals,2503
2020-01,VIC,201,Ballarat,SA4,26,ICT Professionals,4
2020-01,VIC,202,Bendigo,SA4,26,ICT Professionals,5
2020-01,VIC,203,Geelong,SA4,26,ICT Professionals,22
2020-01,VIC,204,Hume,SA4,26,ICT Professionals,2
2020-01,VIC,205,Latrobe - Gippsland,SA4,26,ICT Professionals,7
2020-01,VIC,215,North West,SA4,26,ICT Professionals,3
2020-01,VIC,216,Shepparton,SA4,26,ICT Professionals,1
2020-01,VIC,217,Warrnambool and South West,SA4,26,ICT Professionals,7
2020-01,QLD,3GBRI,Greater Brisbane,GCCSA,26,ICT Professionals,1221
2020-01,QLD,306,Cairns,SA4,26,ICT Professionals,8
2020-01,QLD,308,Central Queensland,SA4,26,ICT Professionals,7
2020-01,QLD,307,Darling Downs - Maranoa,SA4,26,ICT Professionals,3
2020-01,QLD,309,Gold Coast,SA4,26,ICT Professionals,53
2020-01,QLD,312,Mackay - Isaac - Whitsunday,SA4,26,ICT Professionals,6
2020-01,QLD,315,Queensland - Outback,SA4,26,ICT Professionals,3
2020-01,QLD,316,Sunshine Coast,SA4,26,ICT Professionals,13
2020-01,QLD,317,Toowoomba,SA4,26,ICT Professionals,3
2020-01,QLD,318,Townsville,SA4,26,ICT Professionals,12
2020-01,QLD,319,Wide Bay,SA4,26,ICT Professionals,4
2020-01,SA,4GADE,Greater Adelaide,GCCSA,26,ICT Professionals,338
2020-01,SA,405,Barossa - Yorke - Mid North,SA4,26,ICT Professionals,1
2020-01,SA,406,South Australia - Outback,SA4,26,ICT Professionals,1
2020-01,SA,407,South Australia - South East,SA4,26,ICT Professionals,0
2020-01,WA,5GPER,Greater Perth,GCCSA,26,ICT Professionals,631
2020-01,WA,501,Bunbury,SA4,26,ICT Professionals,2
2020-01,WA,510,Western Australia - Outback (North),SA4,26,ICT Professionals,5
2020-01,WA,511,Western Australia - Outback (South),SA4,26,ICT Professionals,2
2020-01,WA,509,Western Australia - Wheat Belt,SA4,26,ICT Professionals,1
2020-01,TAS,6GHOB,Greater Hobart,GCCSA,26,ICT Professionals,26
2020-01,TAS,602,Launceston and North East,SA4,26,ICT Professionals,4
2020-01,TAS,603,South East,SA4,26,ICT Professionals,1
2020-01,TAS,604,West and North West,SA4,26,ICT Professionals,1
2020-01,NT,7GDAR,Greater Darwin,GCCSA,26,ICT Professionals,22
2020-01,NT,702,Northern Territory - Outback,SA4,26,ICT Professionals,2
2020-01,ACT,8ACTE,Australian Capital Territory,GCCSA,26,ICT Professionals,895
2020-02,NSW,1GSYD,Greater Sydney,GCCSA,26,ICT Professionals,3715
2020-02,NSW,101,Capital Region,SA4,26,ICT Professionals,5
2020-02,NSW,103,Central West,SA4,26,ICT Professionals,5
2020-02,NSW,104,Coffs Harbour - Grafton,SA4,26,ICT Professionals,2
2020-02,NSW,105,Far West and Orana,SA4,26,ICT Professionals,1
2020-02,NSW,106,Hunter Valley exc Newcastle,SA4,26,ICT Professionals,33
2020-02,NSW,107,Illawarra,SA4,26,ICT Professionals,17
2020-02,NSW,108,Mid North Coast,SA4,26,ICT Professionals,18
2020-02,NSW,109,Murray,SA4,26,ICT Professionals,5
2020-02,NSW,110,New England and North West,SA4,26,ICT Professionals,4
2020-02,NSW,111,Newcastle and Lake Macquarie,SA4,26,ICT Professionals,54
2020-02,NSW,112,Richmond - Tweed,SA4,26,ICT Professionals,4
2020-02,NSW,113,Riverina,SA4,26,ICT Professionals,3
2020-02,NSW,114,Southern Highlands and Shoalhaven,SA4,26,ICT Professionals,5
2020-02,VIC,2GMEL,Greater Melbourne,GCCSA,26,ICT Professionals,2586
2020-02,VIC,201,Ballarat,SA4,26,ICT Professionals,7
2020-02,VIC,202,Bendigo,SA4,26,ICT Professionals,5
2020-02,VIC,203,Geelong,SA4,26,ICT Professionals,25
2020-02,VIC,204,Hume,SA4,26,ICT Professionals,2
2020-02,VIC,205,Latrobe - Gippsland,SA4,26,ICT Professionals,8
2020-02,VIC,215,North West,SA4,26,ICT Professionals,5
2020-02,VIC,216,Shepparton,SA4,26,ICT Professionals,1
2020-02,VIC,217,Warrnambool and South West,SA4,26,ICT Professionals,8
2020-02,QLD,3GBRI,Greater Brisbane,GCCSA,26,ICT Professionals,1290
2020-02,QLD,306,Cairns,SA4,26,ICT Professionals,9
2020-02,QLD,308,Central Queensland,SA4,26,ICT Professionals,9
2020-02,QLD,307,Darling Downs - Maranoa,SA4,26,ICT Professionals,3
2020-02,QLD,309,Gold Coast,SA4,26,ICT Professionals,68
2020-02,QLD,312,Mackay - Isaac - Whitsunday,SA4,26,ICT Professionals,8
2020-02,QLD,315,Queensland - Outback,SA4,26,ICT Professionals,4
2020-02,QLD,316,Sunshine Coast,SA4,26,ICT Professionals,15
2020-02,QLD,317,Toowoomba,SA4,26,ICT Professionals,3
2020-02,QLD,318,Townsville,SA4,26,ICT Professionals,10
2020-02,QLD,319,Wide Bay,SA4,26,ICT Professionals,5
2020-02,SA,4GADE,Greater Adelaide,GCCSA,26,ICT Professionals,355
2020-02,SA,405,Barossa - Yorke - Mid North,SA4,26,ICT Professionals,1
2020-02,SA,406,South Australia - Outback,SA4,26,ICT Professionals,1
2020-02,SA,407,South Australia - South East,SA4,26,ICT Professionals,0
2020-02,WA,5GPER,Greater Perth,GCCSA,26,ICT Professionals,650
2020-02,WA,501,Bunbury,SA4,26,ICT Professionals,2
2020-02,WA,510,Western Australia - Outback (North),SA4,26,ICT Professionals,4
2020-02,WA,511,Western Australia - Outback (South),SA4,26,ICT Professionals,2
2020-02,WA,509,Western Australia - Wheat Belt,SA4,26,ICT Professionals,1
2020-02,TAS,6GHOB,Greater Hobart,GCCSA,26,ICT Professionals,27
2020-02,TAS,602,Launceston and North East,SA4,26,ICT Professionals,4
2020-02,TAS,603,South East,SA4,26,ICT Professionals,1
2020-02,TAS,604,West and North West,SA4,26,ICT Professionals,2
2020-02,NT,7GDAR,Greater Darwin,GCCSA,26,ICT Professionals,18
2020-02,NT,702,Northern Territory - Outback,SA4,26,ICT Professionals,4
2020-02,ACT,8ACTE,Australian Capital Territory,GCCSA,26,ICT Professionals,927
2020-03,NSW,1GSYD,Greater Sydney,GCCSA,26,ICT Professionals,4135
2020-03,NSW,101,Capital Region,SA4,26,ICT Professionals,5
2020-03,NSW,103,Central West,SA4,26,ICT Professionals,5
2020-03,NSW,104,Coffs Harbour - Grafton,SA4,26,ICT Professionals,2
2020-03,NSW,105,Far West and Orana,SA4,26,ICT Professionals,1
2020-03,NSW,106,Hunter Valley exc Newcastle,SA4,26,ICT Professionals,37
2020-03,NSW,107,Illawarra,SA4,26,ICT Professionals,17
2020-03,NSW,108,Mid North Coast,SA4,26,ICT Professionals,24
2020-03,NSW,109,Murray,SA4,26,ICT Professionals,6
2020-03,NSW,110,New England and North West,SA4,26,ICT Professionals,4
2020-03,NSW,111,Newcastle and Lake Macquarie,SA4,26,ICT Professionals,58
2020-03,NSW,112,Richmond - Tweed,SA4,26,ICT Professionals,5
2020-03,NSW,113,Riverina,SA4,26,ICT Professionals,3
2020-03,NSW,114,Southern Highlands and Shoalhaven,SA4,26,ICT Professionals,6
2020-03,VIC,2GMEL,Greater Melbourne,GCCSA,26,ICT Professionals,2732
2020-03,VIC,201,Ballarat,SA4,26,ICT Professionals,6
2020-03,VIC,202,Bendigo,SA4,26,ICT Professionals,4
2020-03,VIC,203,Geelong,SA4,26,ICT Professionals,23
2020-03,VIC,204,Hume,SA4,26,ICT Professionals,2
2020-03,VIC,205,Latrobe - Gippsland,SA4,26,ICT Professionals,8
2020-03,VIC,215,North West,SA4,26,ICT Professionals,7
2020-03,VIC,216,Shepparton,SA4,26,ICT Professionals,1
2020-03,VIC,217,Warrnambool and South West,SA4,26,ICT Professionals,7
2020-03,QLD,3GBRI,Greater Brisbane,GCCSA,26,ICT Professionals,1420
2020-03,QLD,306,Cairns,SA4,26,ICT Professionals,7
2020-03,QLD,308,Central Queensland,SA4,26,ICT Professionals,9
2020-03,QLD,307,Darling Downs - Maranoa,SA4,26,ICT Professionals,3
2020-03,QLD,309,Gold Coast,SA4,26,ICT Professionals,66
2020-03,QLD,312,Mackay - Isaac - Whitsunday,SA4,26,ICT Professionals,9
2020-03,QLD,315,Queensland - Outback,SA4,26,ICT Professionals,3
2020-03,QLD,316,Sunshine Coast,SA4,26,ICT Professionals,16
2020-03,QLD,317,Toowoomba,SA4,26,ICT Professionals,3
2020-03,QLD,318,Townsville,SA4,26,ICT Professionals,8
2020-03,QLD,319,Wide Bay,SA4,26,ICT Professionals,4
2020-03,SA,4GADE,Greater Adelaide,GCCSA,26,ICT Professionals,343
2020-03,SA,405,Barossa - Yorke - Mid North,SA4,26,ICT Professionals,2
2020-03,SA,406,South Australia - Outback,SA4,26,ICT Professionals,1
2020-03,SA,407,South Australia - South East,SA4,26,ICT Professionals,0
2020-03,WA,5GPER,Greater Perth,GCCSA,26,ICT Professionals,705
2020-03,WA,501,Bunbury,SA4,26,ICT Professionals,2
2020-03,WA,510,Western Australia - Outback (North),SA4,26,ICT Professionals,4
2020-03,WA,511,Western Australia - Outback (South),SA4,26,ICT Professionals,3
2020-03,WA,509,Western Australia - Wheat Belt,SA4,26,ICT Professionals,0
2020-03,TAS,6GHOB,Greater Hobart,GCCSA,26,ICT Professionals,23
2020-03,TAS,602,Launceston and North East,SA4,26,ICT Professionals,4
2020-03,TAS,603,South East,SA4,26,ICT Professionals,1
2020-03,TAS,604,West and North West,SA4,26,ICT Professionals,1
2020-03,NT,7GDAR,Greater Darwin,GCCSA,26,ICT Professionals,25
2020-03,NT,702,Northern Territory - Outback,SA4,26,ICT Professionals,4
2020-03,ACT,8ACTE,Australian Capital Territory,GCCSA,26,ICT Professionals,1004
2020-04,NSW,1GSYD,Greater Sydney,GCCSA,26,ICT Professionals,3379
2020-04,NSW,101,Capital Region,SA4,26,ICT Professionals,4
2020-04,NSW,103,Central West,SA4,26,ICT Professionals,4
2020-04,NSW,104,Coffs Harbour - Grafton,SA4,26,ICT Professionals,2
2020-04,NSW,105,Far West and Orana,SA4,26,ICT Professionals,1
2020-04,NSW,106,Hunter Valley exc Newcastle,SA4,26,ICT Professionals,32
2020-04,NSW,107,Illawarra,SA4,26,ICT Professionals,14
2020-04,NSW,108,Mid North Coast,SA4,26,ICT Professionals,22
2020-04,NSW,109,Murray,SA4,26,ICT Professionals,5
2020-04,NSW,110,New England and North West,SA4,26,ICT Professionals,3
2020-04,NSW,111,Newcastle and Lake Macquarie,SA4,26,ICT Professionals,49
2020-04,NSW,112,Richmond - Tweed,SA4,26,ICT Professionals,4
2020-04,NSW,113,Riverina,SA4,26,ICT Professionals,2
2020-04,NSW,114,Southern Highlands and Shoalhaven,SA4,26,ICT Professionals,5
2020-04,VIC,2GMEL,Greater Melbourne,GCCSA,26,ICT Professionals,2199
2020-04,VIC,201,Ballarat,SA4,26,ICT Professionals,5
2020-04,VIC,202,Bendigo,SA4,26,ICT Professionals,4
2020-04,VIC,203,Geelong,SA4,26,ICT Professionals,16
2020-04,VIC,204,Hume,SA4,26,ICT Professionals,3
2020-04,VIC,205,Latrobe - Gippsland,SA4,26,ICT Professionals,5
2020-04,VIC,215,North West,SA4,26,ICT Professionals,5
2020-04,VIC,216,Shepparton,SA4,26,ICT Professionals,2
2020-04,VIC,217,Warrnambool and South West,SA4,26,ICT Professionals,5
2020-04,QLD,3GBRI,Greater Brisbane,GCCSA,26,ICT Professionals,1105
2020-04,QLD,306,Cairns,SA4,26,ICT Professionals,5
2020-04,QLD,308,Central Queensland,SA4,26,ICT Professionals,9
2020-04,QLD,307,Darling Downs - Maranoa,SA4,26,ICT Professionals,3
2020-04,QLD,309,Gold Coast,SA4,26,ICT Professionals,51
2020-04,QLD,312,Mackay - Isaac - Whitsunday,SA4,26,ICT Professionals,9
2020-04,QLD,315,Queensland - Outback,SA4,26,ICT Professionals,2
2020-04,QLD,316,Sunshine Coast,SA4,26,ICT Professionals,14
2020-04,QLD,317,Toowoomba,SA4,26,ICT Professionals,2
2020-04,QLD,318,Townsville,SA4,26,ICT Professionals,8
2020-04,QLD,319,Wide Bay,SA4,26,ICT Professionals,3
2020-04,SA,4GADE,Greater Adelaide,GCCSA,26,ICT Professionals,277
2020-04,SA,405,Barossa - Yorke - Mid North,SA4,26,ICT Professionals,1
2020-04,SA,406,South Australia - Outback,SA4,26,ICT Professionals,0
2020-04,SA,407,South Australia - South East,SA4,26,ICT Professionals,0
2020-04,WA,5GPER,Greater Perth,GCCSA,26,ICT Professionals,563
2020-04,WA,501,Bunbury,SA4,26,ICT Professionals,1
2020-04,WA,510,Western Australia - Outback (North),SA4,26,ICT Professionals,5
2020-04,WA,511,Western Australia - Outback (South),SA4,26,ICT Professionals,2
2020-04,WA,509,Western Australia - Wheat Belt,SA4,26,ICT Professionals,0
2020-04,TAS,6GHOB,Greater Hobart,GCCSA,26,ICT Professionals,18
2020-04,TAS,602,Launceston and North East,SA4,26,ICT Professionals,4
2020-04,TAS,603,South East,SA4,26,ICT Professionals,1
2020-04,TAS,604,West and North West,SA4,26,ICT Professionals,0
2020-04,NT,7GDAR,Greater Darwin,GCCSA,26,ICT Professionals,18
2020-04,NT,702,Northern Territory - Outback,SA4,26,ICT Professionals,3
2020-04,ACT,8ACTE,Australian Capital Territory,GCCSA,26,ICT Professionals,931
2020-05,NSW,1GSYD,Greater Sydney,GCCSA,26,ICT Professionals,2642
2020-05,NSW,101,Capital Region,SA4,26,ICT Professionals,3
2020-05,NSW,103,Central West,SA4,26,ICT Professionals,5
2020-05,NSW,104,Coffs Harbour - Grafton,SA4,26,ICT Professionals,2
2020-05,NSW,105,Far West and Orana,SA4,26,ICT Professionals,2
2020-05,NSW,106,Hunter Valley exc Newcastle,SA4,26,ICT Professionals,24
2020-05,NSW,107,Illawarra,SA4,26,ICT Professionals,10
2020-05,NSW,108,Mid North Coast,SA4,26,ICT Professionals,21
2020-05,NSW,109,Murray,SA4,26,ICT Professionals,4
2020-05,NSW,110,New England and North West,SA4,26,ICT Professionals,2
2020-05,NSW,111,Newcastle and Lake Macquarie,SA4,26,ICT Professionals,39
2020-05,NSW,112,Richmond - Tweed,SA4,26,ICT Professionals,4
2020-05,NSW,113,Riverina,SA4,26,ICT Professionals,2
2020-05,NSW,114,Southern Highlands and Shoalhaven,SA4,26,ICT Professionals,4
2020-05,VIC,2GMEL,Greater Melbourne,GCCSA,26,ICT Professionals,1639
2020-05,VIC,201,Ballarat,SA4,26,ICT Professionals,3
2020-05,VIC,202,Bendigo,SA4,26,ICT Professionals,3
2020-05,VIC,203,Geelong,SA4,26,ICT Professionals,11
2020-05,VIC,204,Hume,SA4,26,ICT Professionals,4
2020-05,VIC,205,Latrobe - Gippsland,SA4,26,ICT Professionals,3
2020-05,VIC,215,North West,SA4,26,ICT Professionals,4
2020-05,VIC,216,Shepparton,SA4,26,ICT Professionals,3
2020-05,VIC,217,Warrnambool and South West,SA4,26,ICT Professionals,3
2020-05,QLD,3GBRI,Greater Brisbane,GCCSA,26,ICT Professionals,833
2020-05,QLD,306,Cairns,SA4,26,ICT Professionals,5
2020-05,QLD,308,Central Queensland,SA4,26,ICT Professionals,7
2020-05,QLD,307,Darling Downs - Maranoa,SA4,26,ICT Professionals,2
2020-05,QLD,309,Gold Coast,SA4,26,ICT Professionals,37
2020-05,QLD,312,Mackay - Isaac - Whitsunday,SA4,26,ICT Professionals,9
2020-05,QLD,315,Queensland - Outback,SA4,26,ICT Professionals,2
2020-05,QLD,316,Sunshine Coast,SA4,26,ICT Professionals,10
2020-05,QLD,317,Toowoomba,SA4,26,ICT Professionals,2
2020-05,QLD,318,Townsville,SA4,26,ICT Professionals,7
2020-05,QLD,319,Wide Bay,SA4,26,ICT Professionals,2
2020-05,SA,4GADE,Greater Adelaide,GCCSA,26,ICT Professionals,233
2020-05,SA,405,Barossa - Yorke - Mid North,SA4,26,ICT Professionals,2
2020-05,SA,406,South Australia - Outback,SA4,26,ICT Professionals,0
2020-05,SA,407,South Australia - South East,SA4,26,ICT Professionals,0
2020-05,WA,5GPER,Greater Perth,GCCSA,26,ICT Professionals,441
2020-05,WA,501,Bunbury,SA4,26,ICT Professionals,0
2020-05,WA,510,Western Australia - Outback (North),SA4,26,ICT Professionals,5
2020-05,WA,511,Western Australia - Outback (South),SA4,26,ICT Professionals,2
2020-05,WA,509,Western Australia - Wheat Belt,SA4,26,ICT Professionals,1
2020-05,TAS,6GHOB,Greater Hobart,GCCSA,26,ICT Professionals,13
2020-05,TAS,602,Launceston and North East,SA4,26,ICT Professionals,4
2020-05,TAS,603,South East,SA4,26,ICT Professionals,0
2020-05,TAS,604,West and North West,SA4,26,ICT Professionals,0
2020-05,NT,7GDAR,Greater Darwin,GCCSA,26,ICT Professionals,26
2020-05,NT,702,Northern Territory - Outback,SA4,26,ICT Professionals,2
2020-05,ACT,8ACTE,Australian Capital Territory,GCCSA,26,ICT Professionals,958
2020-06,NSW,1GSYD,Greater Sydney,GCCSA,26,ICT Professionals,2073
2020-06,NSW,101,Capital Region,SA4,26,ICT Professionals,4
2020-06,NSW,103,Central West,SA4,26,ICT Professionals,4
2020-06,NSW,104,Coffs Harbour - Grafton,SA4,26,ICT Professionals,2
2020-06,NSW,105,Far West and Orana,SA4,26,ICT Professionals,6
2020-06,NSW,106,Hunter Valley exc Newcastle,SA4,26,ICT Professionals,19
2020-06,NSW,107,Illawarra,SA4,26,ICT Professionals,10
2020-06,NSW,108,Mid North Coast,SA4,26,ICT Professionals,16
2020-06,NSW,109,Murray,SA4,26,ICT Professionals,4
2020-06,NSW,110,New England and North West,SA4,26,ICT Professionals,2
2020-06,NSW,111,Newcastle and Lake Macquarie,SA4,26,ICT Professionals,31
2020-06,NSW,112,Richmond - Tweed,SA4,26,ICT Professionals,4
2020-06,NSW,113,Riverina,SA4,26,ICT Professionals,2
2020-06,NSW,114,Southern Highlands and Shoalhaven,SA4,26,ICT Professionals,3
2020-06,VIC,2GMEL,Greater Melbourne,GCCSA,26,ICT Professionals,1377
2020-06,VIC,201,Ballarat,SA4,26,ICT Professionals,4
2020-06,VIC,202,Bendigo,SA4,26,ICT Professionals,3
2020-06,VIC,203,Geelong,SA4,26,ICT Professionals,11
2020-06,VIC,204,Hume,SA4,26,ICT Professionals,4
2020-06,VIC,205,Latrobe - Gippsland,SA4,26,ICT Professionals,3
2020-06,VIC,215,North West,SA4,26,ICT Professionals,2
2020-06,VIC,216,Shepparton,SA4,26,ICT Professionals,3
2020-06,VIC,217,Warrnambool and South West,SA4,26,ICT Professionals,3
2020-06,QLD,3GBRI,Greater Brisbane,GCCSA,26,ICT Professionals,639
2020-06,QLD,306,Cairns,SA4,26,ICT Professionals,5
2020-06,QLD,308,Central Queensland,SA4,26,ICT Professionals,8
2020-06,QLD,307,Darling Downs - Maranoa,SA4,26,ICT Professionals,3
2020-06,QLD,309,Gold Coast,SA4,26,ICT Professionals,40
2020-06,QLD,312,Mackay - Isaac - Whitsunday,SA4,26,ICT Professionals,6
2020-06,QLD,315,Queensland - Outback,SA4,26,ICT Professionals,2
2020-06,QLD,316,Sunshine Coast,SA4,26,ICT Professionals,12
2020-06,QLD,317,Toowoomba,SA4,26,ICT Professionals,2
2020-06,QLD,318,Townsville,SA4,26,ICT Professionals,8
2020-06,QLD,319,Wide Bay,SA4,26,ICT Professionals,3
2020-06,SA,4GADE,Greater Adelaide,GCCSA,26,ICT Professionals,226
2020-06,SA,405,Barossa - Yorke - Mid North,SA4,26,ICT Professionals,1
2020-06,SA,406,South Australia - Outback,SA4,26,ICT Professionals,0
2020-06,SA,407,South Australia - South East,SA4,26,ICT Professionals,1
2020-06,WA,5GPER,Greater Perth,GCCSA,26,ICT Professionals,365
2020-06,WA,501,Bunbury,SA4,26,ICT Professionals,1
2020-06,WA,510,Western Australia - Outback (North),SA4,26,ICT Professionals,5
2020-06,WA,511,Western Australia - Outback (South),SA4,26,ICT Professionals,2
2020-06,WA,509,Western Australia - Wheat Belt,SA4,26,ICT Professionals,1
2020-06,TAS,6GHOB,Greater Hobart,GCCSA,26,ICT Professionals,11
2020-06,TAS,602,Launceston and North East,SA4,26,ICT Professionals,3
2020-06,TAS,603,South East,SA4,26,ICT Professionals,0
2020-06,TAS,604,West and North West,SA4,26,ICT Professionals,0
2020-06,NT,7GDAR,Greater Darwin,GCCSA,26,ICT Professionals,24
2020-06,NT,702,Northern Territory - Outback,SA4,26,ICT Professionals,2
2020-06,ACT,8ACTE,Australian Capital Territory,GCCSA,26,ICT Professionals,884
2020-07,NSW,1GSYD,Greater Sydney,GCCSA,26,ICT Professionals,2375
2020-07,NSW,101,Capital Region,SA4,26,ICT Professionals,5
2020-07,NSW,103,Central West,SA4,26,ICT Professionals,6
2020-07,NSW,104,Coffs Harbour - Grafton,SA4,26,ICT Professionals,3
2020-07,NSW,105,Far West and Orana,SA4,26,ICT Professionals,9
2020-07,NSW,106,Hunter Valley exc Newcastle,SA4,26,ICT Professionals,25
2020-07,NSW,107,Illawarra,SA4,26,ICT Professionals,12
2020-07,NSW,108,Mid North Coast,SA4,26,ICT Professionals,20
2020-07,NSW,109,Murray,SA4,26,ICT Professionals,6
2020-07,NSW,110,New England and North West,SA4,26,ICT Professionals,3
2020-07,NSW,111,Newcastle and Lake Macquarie,SA4,26,ICT Professionals,38
2020-07,NSW,112,Richmond - Tweed,SA4,26,ICT Professionals,5
2020-07,NSW,113,Riverina,SA4,26,ICT Professionals,2
2020-07,NSW,114,Southern Highlands and Shoalhaven,SA4,26,ICT Professionals,4
2020-07,VIC,2GMEL,Greater Melbourne,GCCSA,26,ICT Professionals,1565
2020-07,VIC,201,Ballarat,SA4,26,ICT Professionals,6
2020-07,VIC,202,Bendigo,SA4,26,ICT Professionals,2
2020-07,VIC,203,Geelong,SA4,26,ICT Professionals,18
2020-07,VIC,204,Hume,SA4,26,ICT Professionals,3
2020-07,VIC,205,Latrobe - Gippsland,SA4,26,ICT Professionals,3
2020-07,VIC,215,North West,SA4,26,ICT Professionals,3
2020-07,VIC,216,Shepparton,SA4,26,ICT Professionals,2
2020-07,VIC,217,Warrnambool and South West,SA4,26,ICT Professionals,5
2020-07,QLD,3GBRI,Greater Brisbane,GCCSA,26,ICT Professionals,719
2020-07,QLD,306,Cairns,SA4,26,ICT Professionals,7
2020-07,QLD,308,Central Queensland,SA4,26,ICT Professionals,8
2020-07,QLD,307,Darling Downs - Maranoa,SA4,26,ICT Professionals,4
2020-07,QLD,309,Gold Coast,SA4,26,ICT Professionals,53
2020-07,QLD,312,Mackay - Isaac - Whitsunday,SA4,26,ICT Professionals,7
2020-07,QLD,315,Queensland - Outback,SA4,26,ICT Professionals,3
2020-07,QLD,316,Sunshine Coast,SA4,26,ICT Professionals,15
2020-07,QLD,317,Toowoomba,SA4,26,ICT Professionals,3
2020-07,QLD,318,Townsville,SA4,26,ICT Professionals,5
2020-07,QLD,319,Wide Bay,SA4,26,ICT Professionals,5
2020-07,SA,4GADE,Greater Adelaide,GCCSA,26,ICT Professionals,261
2020-07,SA,405,Barossa - Yorke - Mid North,SA4,26,ICT Professionals,1
2020-07,SA,406,South Australia - Outback,SA4,26,ICT Professionals,1
2020-07,SA,407,South Australia - South East,SA4,26,ICT Professionals,1
2020-07,WA,5GPER,Greater Perth,GCCSA,26,ICT Professionals,438
2020-07,WA,501,Bunbury,SA4,26,ICT Professionals,1
2020-07,WA,510,Western Australia - Outback (North),SA4,26,ICT Professionals,4
2020-07,WA,511,Western Australia - Outback (South),SA4,26,ICT Professionals,3
2020-07,WA,509,Western Australia - Wheat Belt,SA4,26,ICT Professionals,2
2020-07,TAS,6GHOB,Greater Hobart,GCCSA,26,ICT Professionals,13
2020-07,TAS,602,Launceston and North East,SA4,26,ICT Professionals,2
2020-07,TAS,603,South East,SA4,26,ICT Professionals,0
2020-07,TAS,604,West and North West,SA4,26,ICT Professionals,2
2020-07,NT,7GDAR,Greater Darwin,GCCSA,26,ICT Professionals,30
2020-07,NT,702,Northern Territory - Outback,SA4,26,ICT Professionals,2
2020-07,ACT,8ACTE,Australian Capital Territory,GCCSA,26,ICT Professionals,947
2020-08,NSW,1GSYD,Greater Sydney,GCCSA,26,ICT Professionals,2638
2020-08,NSW,101,Capital Region,SA4,26,ICT Professionals,5
2020-08,NSW,103,Central West,SA4,26,ICT Professionals,7
2020-08,NSW,104,Coffs Harbour - Grafton,SA4,26,ICT Professionals,3
2020-08,NSW,105,Far West and Orana,SA4,26,ICT Professionals,14
2020-08,NSW,106,Hunter Valley exc Newcastle,SA4,26,ICT Professionals,29
2020-08,NSW,107,Illawarra,SA4,26,ICT Professionals,15
2020-08,NSW,108,Mid North Coast,SA4,26,ICT Professionals,23
2020-08,NSW,109,Murray,SA4,26,ICT Professionals,4
2020-08,NSW,110,New England and North West,SA4,26,ICT Professionals,3
2020-08,NSW,111,Newcastle and Lake Macquarie,SA4,26,ICT Professionals,44
2020-08,NSW,112,Richmond - Tweed,SA4,26,ICT Professionals,5
2020-08,NSW,113,Riverina,SA4,26,ICT Professionals,1
2020-08,NSW,114,Southern Highlands and Shoalhaven,SA4,26,ICT Professionals,4
2020-08,VIC,2GMEL,Greater Melbourne,GCCSA,26,ICT Professionals,1684
2020-08,VIC,201,Ballarat,SA4,26,ICT Professionals,8
2020-08,VIC,202,Bendigo,SA4,26,ICT Professionals,3
2020-08,VIC,203,Geelong,SA4,26,ICT Professionals,19
2020-08,VIC,204,Hume,SA4,26,ICT Professionals,2
2020-08,VIC,205,Latrobe - Gippsland,SA4,26,ICT Professionals,4
2020-08,VIC,215,North West,SA4,26,ICT Professionals,3
2020-08,VIC,216,Shepparton,SA4,26,ICT Professionals,1
2020-08,VIC,217,Warrnambool and South West,SA4,26,ICT Professionals,6
2020-08,QLD,3GBRI,Greater Brisbane,GCCSA,26,ICT Professionals,796
2020-08,QLD,306,Cairns,SA4,26,ICT Professionals,7
2020-08,QLD,308,Central Queensland,SA4,26,ICT Professionals,8
2020-08,QLD,307,Darling Downs - Maranoa,SA4,26,ICT Professionals,3
2020-08,QLD,309,Gold Coast,SA4,26,ICT Professionals,58
2020-08,QLD,312,Mackay - Isaac - Whitsunday,SA4,26,ICT Professionals,6
2020-08,QLD,315,Queensland - Outback,SA4,26,ICT Professionals,2
2020-08,QLD,316,Sunshine Coast,SA4,26,ICT Professionals,23
2020-08,QLD,317,Toowoomba,SA4,26,ICT Professionals,3
2020-08,QLD,318,Townsville,SA4,26,ICT Professionals,4
2020-08,QLD,319,Wide Bay,SA4,26,ICT Professionals,6
2020-08,SA,4GADE,Greater Adelaide,GCCSA,26,ICT Professionals,283
2020-08,SA,405,Barossa - Yorke - Mid North,SA4,26,ICT Professionals,0
2020-08,SA,406,South Australia - Outback,SA4,26,ICT Professionals,1
2020-08,SA,407,South Australia - South East,SA4,26,ICT Professionals,2
2020-08,WA,5GPER,Greater Perth,GCCSA,26,ICT Professionals,504
2020-08,WA,501,Bunbury,SA4,26,ICT Professionals,2
2020-08,WA,510,Western Australia - Outback (North),SA4,26,ICT Professionals,4
2020-08,WA,511,Western Australia - Outback (South),SA4,26,ICT Professionals,3
2020-08,WA,509,Western Australia - Wheat Belt,SA4,26,ICT Professionals,2
2020-08,TAS,6GHOB,Greater Hobart,GCCSA,26,ICT Professionals,15
2020-08,TAS,602,Launceston and North East,SA4,26,ICT Professionals,2
2020-08,TAS,603,South East,SA4,26,ICT Professionals,0
2020-08,TAS,604,West and North West,SA4,26,ICT Professionals,1
2020-08,NT,7GDAR,Greater Darwin,GCCSA,26,ICT Professionals,23
2020-08,NT,702,Northern Territory - Outback,SA4,26,ICT Professionals,2
2020-08,ACT,8ACTE,Australian Capital Territory,GCCSA,26,ICT Professionals,911
2020-09,NSW,1GSYD,Greater Sydney,GCCSA,26,ICT Professionals,2992
2020-09,NSW,101,Capital Region,SA4,26,ICT Professionals,5
2020-09,NSW,103,Central West,SA4,26,ICT Professionals,9
2020-09,NSW,104,Coffs Harbour - Grafton,SA4,26,ICT Professionals,3
2020-09,NSW,105,Far West and Orana,SA4,26,ICT Professionals,15
2020-09,NSW,106,Hunter Valley exc Newcastle,SA4,26,ICT Professionals,33
2020-09,NSW,107,Illawarra,SA4,26,ICT Professionals,16
2020-09,NSW,108,Mid North Coast,SA4,26,ICT Professionals,25
2020-09,NSW,109,Murray,SA4,26,ICT Professionals,5
2020-09,NSW,110,New England and North West,SA4,26,ICT Professionals,6
2020-09,NSW,111,Newcastle and Lake Macquarie,SA4,26,ICT Professionals,50
2020-09,NSW,112,Richmond - Tweed,SA4,26,ICT Professionals,5
2020-09,NSW,113,Riverina,SA4,26,ICT Professionals,2
2020-09,NSW,114,Southern Highlands and Shoalhaven,SA4,26,ICT Professionals,7
2020-09,VIC,2GMEL,Greater Melbourne,GCCSA,26,ICT Professionals,1845
2020-09,VIC,201,Ballarat,SA4,26,ICT Professionals,7
2020-09,VIC,202,Bendigo,SA4,26,ICT Professionals,3
2020-09,VIC,203,Geelong,SA4,26,ICT Professionals,18
2020-09,VIC,204,Hume,SA4,26,ICT Professionals,2
2020-09,VIC,205,Latrobe - Gippsland,SA4,26,ICT Professionals,3
2020-09,VIC,215,North West,SA4,26,ICT Professionals,4
2020-09,VIC,216,Shepparton,SA4,26,ICT Professionals,2
2020-09,VIC,217,Warrnambool and South West,SA4,26,ICT Professionals,6
2020-09,QLD,3GBRI,Greater Brisbane,GCCSA,26,ICT Professionals,906
2020-09,QLD,306,Cairns,SA4,26,ICT Professionals,8
2020-09,QLD,308,Central Queensland,SA4,26,ICT Professionals,8
2020-09,QLD,307,Darling Downs - Maranoa,SA4,26,ICT Professionals,3
2020-09,QLD,309,Gold Coast,SA4,26,ICT Professionals,64
2020-09,QLD,312,Mackay - Isaac - Whitsunday,SA4,26,ICT Professionals,7
2020-09,QLD,315,Queensland - Outback,SA4,26,ICT Professionals,2
2020-09,QLD,316,Sunshine Coast,SA4,26,ICT Professionals,25
2020-09,QLD,317,Toowoomba,SA4,26,ICT Professionals,3
2020-09,QLD,318,Townsville,SA4,26,ICT Professionals,5
2020-09,QLD,319,Wide Bay,SA4,26,ICT Professionals,5
2020-09,SA,4GADE,Greater Adelaide,GCCSA,26,ICT Professionals,334
2020-09,SA,405,Barossa - Yorke - Mid North,SA4,26,ICT Professionals,0
2020-09,SA,406,South Australia - Outback,SA4,26,ICT Professionals,1
2020-09,SA,407,South Australia - South East,SA4,26,ICT Professionals,2
2020-09,WA,5GPER,Greater Perth,GCCSA,26,ICT Professionals,555
2020-09,WA,501,Bunbury,SA4,26,ICT Professionals,2
2020-09,WA,510,Western Australia - Outback (North),SA4,26,ICT Professionals,4
2020-09,WA,511,Western Australia - Outback (South),SA4,26,ICT Professionals,2
2020-09,WA,509,Western Australia - Wheat Belt,SA4,26,ICT Professionals,2
2020-09,TAS,6GHOB,Greater Hobart,GCCSA,26,ICT Professionals,16
2020-09,TAS,602,Launceston and North East,SA4,26,ICT Professionals,3
2020-09,TAS,603,South East,SA4,26,ICT Professionals,0
2020-09,TAS,604,West and North West,SA4,26,ICT Professionals,2
2020-09,NT,7GDAR,Greater Darwin,GCCSA,26,ICT Professionals,36
2020-09,NT,702,Northern Territory - Outback,SA4,26,ICT Professionals,3
2020-09,ACT,8ACTE,Australian Capital Territory,GCCSA,26,ICT Professionals,1008
2020-10,NSW,1GSYD,Greater Sydney,GCCSA,26,ICT Professionals,3187
2020-10,NSW,101,Capital Region,SA4,26,ICT Professionals,5
2020-10,NSW,103,Central West,SA4,26,ICT Professionals,10
2020-10,NSW,104,Coffs Harbour - Grafton,SA4,26,ICT Professionals,2
2020-10,NSW,105,Far West and Orana,SA4,26,ICT Professionals,16
2020-10,NSW,106,Hunter Valley exc Newcastle,SA4,26,ICT Professionals,34
2020-10,NSW,107,Illawarra,SA4,26,ICT Professionals,18
2020-10,NSW,108,Mid North Coast,SA4,26,ICT Professionals,24
2020-10,NSW,109,Murray,SA4,26,ICT Professionals,6
2020-10,NSW,110,New England and North West,SA4,26,ICT Professionals,7
2020-10,NSW,111,Newcastle and Lake Macquarie,SA4,26,ICT Professionals,54
2020-10,NSW,112,Richmond - Tweed,SA4,26,ICT Professionals,4
2020-10,NSW,113,Riverina,SA4,26,ICT Professionals,3
2020-10,NSW,114,Southern Highlands and Shoalhaven,SA4,26,ICT Professionals,10
2020-10,VIC,2GMEL,Greater Melbourne,GCCSA,26,ICT Professionals,1994
2020-10,VIC,201,Ballarat,SA4,26,ICT Professionals,5
2020-10,VIC,202,Bendigo,SA4,26,ICT Professionals,4
2020-10,VIC,203,Geelong,SA4,26,ICT Professionals,15
2020-10,VIC,204,Hume,SA4,26,ICT Professionals,3
2020-10,VIC,205,Latrobe - Gippsland,SA4,26,ICT Professionals,4
2020-10,VIC,215,North West,SA4,26,ICT Professionals,3
2020-10,VIC,216,Shepparton,SA4,26,ICT Professionals,1
2020-10,VIC,217,Warrnambool and South West,SA4,26,ICT Professionals,5
2020-10,QLD,3GBRI,Greater Brisbane,GCCSA,26,ICT Professionals,935
2020-10,QLD,306,Cairns,SA4,26,ICT Professionals,5
2020-10,QLD,308,Central Queensland,SA4,26,ICT Professionals,8
2020-10,QLD,307,Darling Downs - Maranoa,SA4,26,ICT Professionals,4
2020-10,QLD,309,Gold Coast,SA4,26,ICT Professionals,68
2020-10,QLD,312,Mackay - Isaac - Whitsunday,SA4,26,ICT Professionals,7
2020-10,QLD,315,Queensland - Outback,SA4,26,ICT Professionals,2
2020-10,QLD,316,Sunshine Coast,SA4,26,ICT Professionals,28
2020-10,QLD,317,Toowoomba,SA4,26,ICT Professionals,4
2020-10,QLD,318,Townsville,SA4,26,ICT Professionals,6
2020-10,QLD,319,Wide Bay,SA4,26,ICT Professionals,6
2020-10,SA,4GADE,Greater Adelaide,GCCSA,26,ICT Professionals,355
2020-10,SA,405,Barossa - Yorke - Mid North,SA4,26,ICT Professionals,0
2020-10,SA,406,South Australia - Outback,SA4,26,ICT Professionals,0
2020-10,SA,407,South Australia - South East,SA4,26,ICT Professionals,1
2020-10,WA,5GPER,Greater Perth,GCCSA,26,ICT Professionals,573
2020-10,WA,501,Bunbury,SA4,26,ICT Professionals,3
2020-10,WA,510,Western Australia - Outback (North),SA4,26,ICT Professionals,5
2020-10,WA,511,Western Australia - Outback (South),SA4,26,ICT Professionals,3
2020-10,WA,509,Western Australia - Wheat Belt,SA4,26,ICT Professionals,1
2020-10,TAS,6GHOB,Greater Hobart,GCCSA,26,ICT Professionals,19
2020-10,TAS,602,Launceston and North East,SA4,26,ICT Professionals,5
2020-10,TAS,603,South East,SA4,26,ICT Professionals,0
2020-10,TAS,604,West and North West,SA4,26,ICT Professionals,2
2020-10,NT,7GDAR,Greater Darwin,GCCSA,26,ICT Professionals,38
2020-10,NT,702,Northern Territory - Outback,SA4,26,ICT Professionals,4
2020-10,ACT,8ACTE,Australian Capital Territory,GCCSA,26,ICT Professionals,997
2020-11,NSW,1GSYD,Greater Sydney,GCCSA,26,ICT Professionals,3428
2020-11,NSW,101,Capital Region,SA4,26,ICT Professionals,5
2020-11,NSW,103,Central West,SA4,26,ICT Professionals,10
2020-11,NSW,104,Coffs Harbour - Grafton,SA4,26,ICT Professionals,2
2020-11,NSW,105,Far West and Orana,SA4,26,ICT Professionals,12
2020-11,NSW,106,Hunter Valley exc Newcastle,SA4,26,ICT Professionals,34
2020-11,NSW,107,Illawarra,SA4,26,ICT Professionals,19
2020-11,NSW,108,Mid North Coast,SA4,26,ICT Professionals,20
2020-11,NSW,109,Murray,SA4,26,ICT Professionals,8
2020-11,NSW,110,New England and North West,SA4,26,ICT Professionals,7
2020-11,NSW,111,Newcastle and Lake Macquarie,SA4,26,ICT Professionals,53
2020-11,NSW,112,Richmond - Tweed,SA4,26,ICT Professionals,3
2020-11,NSW,113,Riverina,SA4,26,ICT Professionals,2
2020-11,NSW,114,Southern Highlands and Shoalhaven,SA4,26,ICT Professionals,14
2020-11,VIC,2GMEL,Greater Melbourne,GCCSA,26,ICT Professionals,2184
2020-11,VIC,201,Ballarat,SA4,26,ICT Professionals,4
2020-11,VIC,202,Bendigo,SA4,26,ICT Professionals,4
2020-11,VIC,203,Geelong,SA4,26,ICT Professionals,19
2020-11,VIC,204,Hume,SA4,26,ICT Professionals,3
2020-11,VIC,205,Latrobe - Gippsland,SA4,26,ICT Professionals,7
2020-11,VIC,215,North West,SA4,26,ICT Professionals,2
2020-11,VIC,216,Shepparton,SA4,26,ICT Professionals,1
2020-11,VIC,217,Warrnambool and South West,SA4,26,ICT Professionals,7
2020-11,QLD,3GBRI,Greater Brisbane,GCCSA,26,ICT Professionals,996
2020-11,QLD,306,Cairns,SA4,26,ICT Professionals,4
2020-11,QLD,308,Central Queensland,SA4,26,ICT Professionals,8
2020-11,QLD,307,Darling Downs - Maranoa,SA4,26,ICT Professionals,4
2020-11,QLD,309,Gold Coast,SA4,26,ICT Professionals,71
2020-11,QLD,312,Mackay - Isaac - Whitsunday,SA4,26,ICT Professionals,7
2020-11,QLD,315,Queensland - Outback,SA4,26,ICT Professionals,2
2020-11,QLD,316,Sunshine Coast,SA4,26,ICT Professionals,28
2020-11,QLD,317,Toowoomba,SA4,26,ICT Professionals,4
2020-11,QLD,318,Townsville,SA4,26,ICT Professionals,8
2020-11,QLD,319,Wide Bay,SA4,26,ICT Professionals,6
2020-11,SA,4GADE,Greater Adelaide,GCCSA,26,ICT Professionals,357
2020-11,SA,405,Barossa - Yorke - Mid North,SA4,26,ICT Professionals,1
2020-11,SA,406,South Australia - Outback,SA4,26,ICT Professionals,0
2020-11,SA,407,South Australia - South East,SA4,26,ICT Professionals,1
2020-11,WA,5GPER,Greater Perth,GCCSA,26,ICT Professionals,566
2020-11,WA,501,Bunbury,SA4,26,ICT Professionals,3
2020-11,WA,510,Western Australia - Outback (North),SA4,26,ICT Professionals,6
2020-11,WA,511,Western Australia - Outback (South),SA4,26,ICT Professionals,2
2020-11,WA,509,Western Australia - Wheat Belt,SA4,26,ICT Professionals,1
2020-11,TAS,6GHOB,Greater Hobart,GCCSA,26,ICT Professionals,21
2020-11,TAS,602,Launceston and North East,SA4,26,ICT Professionals,6
2020-11,TAS,603,South East,SA4,26,ICT Professionals,1
2020-11,TAS,604,West and North West,SA4,26,ICT Professionals,2
2020-11,NT,7GDAR,Greater Darwin,GCCSA,26,ICT Professionals,40
2020-11,NT,702,Northern Territory - Outback,SA4,26,ICT Professionals,5
2020-11,ACT,8ACTE,Australian Capital Territory,GCCSA,26,ICT Professionals,995
2020-12,NSW,1GSYD,Greater Sydney,GCCSA,26,ICT Professionals,3282
2020-12,NSW,101,Capital Region,SA4,26,ICT Professionals,4
2020-12,NSW,103,Central West,SA4,26,ICT Professionals,9
2020-12,NSW,104,Coffs Harbour - Grafton,SA4,26,ICT Professionals,2
2020-12,NSW,105,Far West and Orana,SA4,26,ICT Professionals,8
2020-12,NSW,106,Hunter Valley exc Newcastle,SA4,26,ICT Professionals,33
2020-12,NSW,107,Illawarra,SA4,26,ICT Professionals,19
2020-12,NSW,108,Mid North Coast,SA4,26,ICT Professionals,16
2020-12,NSW,109,Murray,SA4,26,ICT Professionals,7
2020-12,NSW,110,New England and North West,SA4,26,ICT Professionals,5
2020-12,NSW,111,Newcastle and Lake Macquarie,SA4,26,ICT Professionals,50
2020-12,NSW,112,Richmond - Tweed,SA4,26,ICT Professionals,2
2020-12,NSW,113,Riverina,SA4,26,ICT Professionals,2
2020-12,NSW,114,Southern Highlands and Shoalhaven,SA4,26,ICT Professionals,13
2020-12,VIC,2GMEL,Greater Melbourne,GCCSA,26,ICT Professionals,2120
2020-12,VIC,201,Ballarat,SA4,26,ICT Professionals,4
2020-12,VIC,202,Bendigo,SA4,26,ICT Professionals,4
2020-12,VIC,203,Geelong,SA4,26,ICT Professionals,22
2020-12,VIC,204,Hume,SA4,26,ICT Professionals,3
2020-12,VIC,205,Latrobe - Gippsland,SA4,26,ICT Professionals,7
2020-12,VIC,215,North West,SA4,26,ICT Professionals,1
2020-12,VIC,216,Shepparton,SA4,26,ICT Professionals,2
2020-12,VIC,217,Warrnambool and South West,SA4,26,ICT Professionals,7
2020-12,QLD,3GBRI,Greater Brisbane,GCCSA,26,ICT Professionals,937
2020-12,QLD,306,Cairns,SA4,26,ICT Professionals,4
2020-12,QLD,308,Central Queensland,SA4,26,ICT Professionals,7
2020-12,QLD,307,Darling Downs - Maranoa,SA4,26,ICT Professionals,4
2020-12,QLD,309,Gold Coast,SA4,26,ICT Professionals,65
2020-12,QLD,312,Mackay - Isaac - Whitsunday,SA4,26,ICT Professionals,7
2020-12,QLD,315,Queensland - Outback,SA4,26,ICT Professionals,2
2020-12,QLD,316,Sunshine Coast,SA4,26,ICT Professionals,26
2020-12,QLD,317,Toowoomba,SA4,26,ICT Professionals,4
2020-12,QLD,318,Townsville,SA4,26,ICT Professionals,7
2020-12,QLD,319,Wide Bay,SA4,26,ICT Professionals,7
2020-12,SA,4GADE,Greater Adelaide,GCCSA,26,ICT Professionals,341
2020-12,SA,405,Barossa - Yorke - Mid North,SA4,26,ICT Professionals,1
2020-12,SA,406,South Australia - Outback,SA4,26,ICT Professionals,1
2020-12,SA,407,South Australia - South East,SA4,26,ICT Professionals,1
2020-12,WA,5GPER,Greater Perth,GCCSA,26,ICT Professionals,529
2020-12,WA,501,Bunbury,SA4,26,ICT Professionals,3
2020-12,WA,510,Western Australia - Outback (North),SA4,26,ICT Professionals,6
2020-12,WA,511,Western Australia - Outback (South),SA4,26,ICT Professionals,3
2020-12,WA,509,Western Australia - Wheat Belt,SA4,26,ICT Professionals,1
2020-12,TAS,6GHOB,Greater Hobart,GCCSA,26,ICT Professionals,19
2020-12,TAS,602,Launceston and North East,SA4,26,ICT Professionals,7
2020-12,TAS,603,South East,SA4,26,ICT Professionals,1
2020-12,TAS,604,West and North West,SA4,26,ICT Professionals,3
2020-12,NT,7GDAR,Greater Darwin,GCCSA,26,ICT Professionals,25
2020-12,NT,702,Northern Territory - Outback,SA4,26,ICT Professionals,5
2020-12,ACT,8ACTE,Australian Capital Territory,GCCSA,26,ICT Professionals,941
2021-01,NSW,1GSYD,Greater Sydney,GCCSA,26,ICT Professionals,3325
2021-01,NSW,101,Capital Region,SA4,26,ICT Professionals,7
2021-01,NSW,103,Central West,SA4,26,ICT Professionals,9
2021-01,NSW,104,Coffs Harbour - Grafton,SA4,26,ICT Professionals,3
2021-01,NSW,105,Far West and Orana,SA4,26,ICT Professionals,9
2021-01,NSW,106,Hunter Valley exc Newcastle,SA4,26,ICT Professionals,32
2021-01,NSW,107,Illawarra,SA4,26,ICT Professionals,20
2021-01,NSW,108,Mid North Coast,SA4,26,ICT Professionals,15
2021-01,NSW,109,Murray,SA4,26,ICT Professionals,7
2021-01,NSW,110,New England and North West,SA4,26,ICT Professionals,2
2021-01,NSW,111,Newcastle and Lake Macquarie,SA4,26,ICT Professionals,48
2021-01,NSW,112,Richmond - Tweed,SA4,26,ICT Professionals,4
2021-01,NSW,113,Riverina,SA4,26,ICT Professionals,3
2021-01,NSW,114,Southern Highlands and Shoalhaven,SA4,26,ICT Professionals,12
2021-01,VIC,2GMEL,Greater Melbourne,GCCSA,26,ICT Professionals,2194
2021-01,VIC,201,Ballarat,SA4,26,ICT Professionals,5
2021-01,VIC,202,Bendigo,SA4,26,ICT Professionals,3
2021-01,VIC,203,Geelong,SA4,26,ICT Professionals,25
2021-01,VIC,204,Hume,SA4,26,ICT Professionals,4
2021-01,VIC,205,Latrobe - Gippsland,SA4,26,ICT Professionals,8
2021-01,VIC,215,North West,SA4,26,ICT Professionals,1
2021-01,VIC,216,Shepparton,SA4,26,ICT Professionals,2
2021-01,VIC,217,Warrnambool and South West,SA4,26,ICT Professionals,7
2021-01,QLD,3GBRI,Greater Brisbane,GCCSA,26,ICT Professionals,1014
2021-01,QLD,306,Cairns,SA4,26,ICT Professionals,5
2021-01,QLD,308,Central Queensland,SA4,26,ICT Professionals,6
2021-01,QLD,307,Darling Downs - Maranoa,SA4,26,ICT Professionals,3
2021-01,QLD,309,Gold Coast,SA4,26,ICT Professionals,61
2021-01,QLD,312,Mackay - Isaac - Whitsunday,SA4,26,ICT Professionals,8
2021-01,QLD,315,Queensland - Outback,SA4,26,ICT Professionals,2
2021-01,QLD,316,Sunshine Coast,SA4,26,ICT Professionals,26
2021-01,QLD,317,Toowoomba,SA4,26,ICT Professionals,2
2021-01,QLD,318,Townsville,SA4,26,ICT Professionals,8
2021-01,QLD,319,Wide Bay,SA4,26,ICT Professionals,6
2021-01,SA,4GADE,Greater Adelaide,GCCSA,26,ICT Professionals,325
2021-01,SA,405,Barossa - Yorke - Mid North,SA4,26,ICT Professionals,1
2021-01,SA,406,South Australia - Outback,SA4,26,ICT Professionals,1
2021-01,SA,407,South Australia - South East,SA4,26,ICT Professionals,1
2021-01,WA,5GPER,Greater Perth,GCCSA,26,ICT Professionals,529
2021-01,WA,501,Bunbury,SA4,26,ICT Professionals,3
2021-01,WA,510,Western Australia - Outback (North),SA4,26,ICT Professionals,4
2021-01,WA,511,Western Australia - Outback (South),SA4,26,ICT Professionals,2
2021-01,WA,509,Western Australia - Wheat Belt,SA4,26,ICT Professionals,2
2021-01,TAS,6GHOB,Greater Hobart,GCCSA,26,ICT Professionals,21
2021-01,TAS,602,Launceston and North East,SA4,26,ICT Professionals,7
2021-01,TAS,603,South East,SA4,26,ICT Professionals,1
2021-01,TAS,604,West and North West,SA4,26,ICT Professionals,2
2021-01,NT,7GDAR,Greater Darwin,GCCSA,26,ICT Professionals,26
2021-01,NT,702,Northern Territory - Outback,SA4,26,ICT Professionals,6
2021-01,ACT,8ACTE,Australian Capital Territory,GCCSA,26,ICT Professionals,957
2021-02,NSW,1GSYD,Greater Sydney,GCCSA,26,ICT Professionals,3600
2021-02,NSW,101,Capital Region,SA4,26,ICT Professionals,8
2021-02,NSW,103,Central West,SA4,26,ICT Professionals,8
2021-02,NSW,104,Coffs Harbour - Grafton,SA4,26,ICT Professionals,3
2021-02,NSW,105,Far West and Orana,SA4,26,ICT Professionals,11
2021-02,NSW,106,Hunter Valley exc Newcastle,SA4,26,ICT Professionals,30
2021-02,NSW,107,Illawarra,SA4,26,ICT Professionals,19
2021-02,NSW,108,Mid North Coast,SA4,26,ICT Professionals,16
2021-02,NSW,109,Murray,SA4,26,ICT Professionals,10
2021-02,NSW,110,New England and North West,SA4,26,ICT Professionals,3
2021-02,NSW,111,Newcastle and Lake Macquarie,SA4,26,ICT Professionals,47
2021-02,NSW,112,Richmond - Tweed,SA4,26,ICT Professionals,6
2021-02,NSW,113,Riverina,SA4,26,ICT Professionals,5
2021-02,NSW,114,Southern Highlands and Shoalhaven,SA4,26,ICT Professionals,9
2021-02,VIC,2GMEL,Greater Melbourne,GCCSA,26,ICT Professionals,2497
2021-02,VIC,201,Ballarat,SA4,26,ICT Professionals,8
2021-02,VIC,202,Bendigo,SA4,26,ICT Professionals,4
2021-02,VIC,203,Geelong,SA4,26,ICT Professionals,21
2021-02,VIC,204,Hume,SA4,26,ICT Professionals,4
2021-02,VIC,205,Latrobe - Gippsland,SA4,26,ICT Professionals,6
2021-02,VIC,215,North West,SA4,26,ICT Professionals,3
2021-02,VIC,216,Shepparton,SA4,26,ICT Professionals,3
2021-02,VIC,217,Warrnambool and South West,SA4,26,ICT Professionals,6
2021-02,QLD,3GBRI,Greater Brisbane,GCCSA,26,ICT Professionals,1149
2021-02,QLD,306,Cairns,SA4,26,ICT Professionals,10
2021-02,QLD,308,Central Queensland,SA4,26,ICT Professionals,7
2021-02,QLD,307,Darling Downs - Maranoa,SA4,26,ICT Professionals,4
2021-02,QLD,309,Gold Coast,SA4,26,ICT Professionals,70
2021-02,QLD,312,Mackay - Isaac - Whitsunday,SA4,26,ICT Professionals,9
2021-02,QLD,315,Queensland - Outback,SA4,26,ICT Professionals,3
2021-02,QLD,316,Sunshine Coast,SA4,26,ICT Professionals,22
2021-02,QLD,317,Toowoomba,SA4,26,ICT Professionals,5
2021-02,QLD,318,Townsville,SA4,26,ICT Professionals,10
2021-02,QLD,319,Wide Bay,SA4,26,ICT Professionals,5
2021-02,SA,4GADE,Greater Adelaide,GCCSA,26,ICT Professionals,355
2021-02,SA,405,Barossa - Yorke - Mid North,SA4,26,ICT Professionals,0
2021-02,SA,406,South Australia - Outback,SA4,26,ICT Professionals,1
2021-02,SA,407,South Australia - South East,SA4,26,ICT Professionals,1
2021-02,WA,5GPER,Greater Perth,GCCSA,26,ICT Professionals,561
2021-02,WA,501,Bunbury,SA4,26,ICT Professionals,2
2021-02,WA,510,Western Australia - Outback (North),SA4,26,ICT Professionals,5
2021-02,WA,511,Western Australia - Outback (South),SA4,26,ICT Professionals,3
2021-02,WA,509,Western Australia - Wheat Belt,SA4,26,ICT Professionals,2
2021-02,TAS,6GHOB,Greater Hobart,GCCSA,26,ICT Professionals,25
2021-02,TAS,602,Launceston and North East,SA4,26,ICT Professionals,5
2021-02,TAS,603,South East,SA4,26,ICT Professionals,1
2021-02,TAS,604,West and North West,SA4,26,ICT Professionals,2
2021-02,NT,7GDAR,Greater Darwin,GCCSA,26,ICT Professionals,28
2021-02,NT,702,Northern Territory - Outback,SA4,26,ICT Professionals,5
2021-02,ACT,8ACTE,Australian Capital Territory,GCCSA,26,ICT Professionals,1037
2021-03,NSW,1GSYD,Greater Sydney,GCCSA,26,ICT Professionals,4384
2021-03,NSW,101,Capital Region,SA4,26,ICT Professionals,8
2021-03,NSW,103,Central West,SA4,26,ICT Professionals,9
2021-03,NSW,104,Coffs Harbour - Grafton,SA4,26,ICT Professionals,4
2021-03,NSW,105,Far West and Orana,SA4,26,ICT Professionals,12
2021-03,NSW,106,Hunter Valley exc Newcastle,SA4,26,ICT Professionals,30
2021-03,NSW,107,Illawarra,SA4,26,ICT Professionals,19
2021-03,NSW,108,Mid North Coast,SA4,26,ICT Professionals,17
2021-03,NSW,109,Murray,SA4,26,ICT Professionals,10
2021-03,NSW,110,New England and North West,SA4,26,ICT Professionals,3
2021-03,NSW,111,Newcastle and Lake Macquarie,SA4,26,ICT Professionals,48
2021-03,NSW,112,Richmond - Tweed,SA4,26,ICT Professionals,7
2021-03,NSW,113,Riverina,SA4,26,ICT Professionals,6
2021-03,NSW,114,Southern Highlands and Shoalhaven,SA4,26,ICT Professionals,8
2021-03,VIC,2GMEL,Greater Melbourne,GCCSA,26,ICT Professionals,3105
2021-03,VIC,201,Ballarat,SA4,26,ICT Professionals,10
2021-03,VIC,202,Bendigo,SA4,26,ICT Professionals,6
2021-03,VIC,203,Geelong,SA4,26,ICT Professionals,27
2021-03,VIC,204,Hume,SA4,26,ICT Professionals,5
2021-03,VIC,205,Latrobe - Gippsland,SA4,26,ICT Professionals,6
2021-03,VIC,215,North West,SA4,26,ICT Professionals,5
2021-03,VIC,216,Shepparton,SA4,26,ICT Professionals,3
2021-03,VIC,217,Warrnambool and South West,SA4,26,ICT Professionals,8
2021-03,QLD,3GBRI,Greater Brisbane,GCCSA,26,ICT Professionals,1445
2021-03,QLD,306,Cairns,SA4,26,ICT Professionals,13
2021-03,QLD,308,Central Queensland,SA4,26,ICT Professionals,9
2021-03,QLD,307,Darling Downs - Maranoa,SA4,26,ICT Professionals,5
2021-03,QLD,309,Gold Coast,SA4,26,ICT Professionals,91
2021-03,QLD,312,Mackay - Isaac - Whitsunday,SA4,26,ICT Professionals,10
2021-03,QLD,315,Queensland - Outback,SA4,26,ICT Professionals,4
2021-03,QLD,316,Sunshine Coast,SA4,26,ICT Professionals,27
2021-03,QLD,317,Toowoomba,SA4,26,ICT Professionals,6
2021-03,QLD,318,Townsville,SA4,26,ICT Professionals,11
2021-03,QLD,319,Wide Bay,SA4,26,ICT Professionals,5
2021-03,SA,4GADE,Greater Adelaide,GCCSA,26,ICT Professionals,423
2021-03,SA,405,Barossa - Yorke - Mid North,SA4,26,ICT Professionals,2
2021-03,SA,406,South Australia - Outback,SA4,26,ICT Professionals,1
2021-03,SA,407,South Australia - South East,SA4,26,ICT Professionals,1
2021-03,WA,5GPER,Greater Perth,GCCSA,26,ICT Professionals,663
2021-03,WA,501,Bunbury,SA4,26,ICT Professionals,3
2021-03,WA,510,Western Australia - Outback (North),SA4,26,ICT Professionals,6
2021-03,WA,511,Western Australia - Outback (South),SA4,26,ICT Professionals,5
2021-03,WA,509,Western Australia - Wheat Belt,SA4,26,ICT Professionals,2
2021-03,TAS,6GHOB,Greater Hobart,GCCSA,26,ICT Professionals,33
2021-03,TAS,602,Launceston and North East,SA4,26,ICT Professionals,5
2021-03,TAS,603,South East,SA4,26,ICT Professionals,1
2021-03,TAS,604,West and North West,SA4,26,ICT Professionals,2
2021-03,NT,7GDAR,Greater Darwin,GCCSA,26,ICT Professionals,31
2021-03,NT,702,Northern Territory - Outback,SA4,26,ICT Professionals,6
2021-03,ACT,8ACTE,Australian Capital Territory,GCCSA,26,ICT Professionals,1130
2021-04,NSW,1GSYD,Greater Sydney,GCCSA,26,ICT Professionals,4784
2021-04,NSW,101,Capital Region,SA4,26,ICT Professionals,7
2021-04,NSW,103,Central West,SA4,26,ICT Professionals,9
2021-04,NSW,104,Coffs Harbour - Grafton,SA4,26,ICT Professionals,3
2021-04,NSW,105,Far West and Orana,SA4,26,ICT Professionals,10
2021-04,NSW,106,Hunter Valley exc Newcastle,SA4,26,ICT Professionals,31
2021-04,NSW,107,Illawarra,SA4,26,ICT Professionals,20
2021-04,NSW,108,Mid North Coast,SA4,26,ICT Professionals,16
2021-04,NSW,109,Murray,SA4,26,ICT Professionals,8
2021-04,NSW,110,New England and North West,SA4,26,ICT Professionals,5
2021-04,NSW,111,Newcastle and Lake Macquarie,SA4,26,ICT Professionals,54
2021-04,NSW,112,Richmond - Tweed,SA4,26,ICT Professionals,6
2021-04,NSW,113,Riverina,SA4,26,ICT Professionals,6
2021-04,NSW,114,Southern Highlands and Shoalhaven,SA4,26,ICT Professionals,8
2021-04,VIC,2GMEL,Greater Melbourne,GCCSA,26,ICT Professionals,3415
2021-04,VIC,201,Ballarat,SA4,26,ICT Professionals,12
2021-04,VIC,202,Bendigo,SA4,26,ICT Professionals,9
2021-04,VIC,203,Geelong,SA4,26,ICT Professionals,29
2021-04,VIC,204,Hume,SA4,26,ICT Professionals,5
2021-04,VIC,205,Latrobe - Gippsland,SA4,26,ICT Professionals,6
2021-04,VIC,215,North West,SA4,26,ICT Professionals,5
2021-04,VIC,216,Shepparton,SA4,26,ICT Professionals,3
2021-04,VIC,217,Warrnambool and South West,SA4,26,ICT Professionals,8
2021-04,QLD,3GBRI,Greater Brisbane,GCCSA,26,ICT Professionals,1534
2021-04,QLD,306,Cairns,SA4,26,ICT Professionals,12
2021-04,QLD,308,Central Queensland,SA4,26,ICT Professionals,10
2021-04,QLD,307,Darling Downs - Maranoa,SA4,26,ICT Professionals,6
2021-04,QLD,309,Gold Coast,SA4,26,ICT Professionals,96
2021-04,QLD,312,Mackay - Isaac - Whitsunday,SA4,26,ICT Professionals,9
2021-04,QLD,315,Queensland - Outback,SA4,26,ICT Professionals,4
2021-04,QLD,316,Sunshine Coast,SA4,26,ICT Professionals,26
2021-04,QLD,317,Toowoomba,SA4,26,ICT Professionals,7
2021-04,QLD,318,Townsville,SA4,26,ICT Professionals,10
2021-04,QLD,319,Wide Bay,SA4,26,ICT Professionals,7
2021-04,SA,4GADE,Greater Adelaide,GCCSA,26,ICT Professionals,473
2021-04,SA,405,Barossa - Yorke - Mid North,SA4,26,ICT Professionals,2
2021-04,SA,406,South Australia - Outback,SA4,26,ICT Professionals,1
2021-04,SA,407,South Australia - South East,SA4,26,ICT Professionals,1
2021-04,WA,5GPER,Greater Perth,GCCSA,26,ICT Professionals,683
2021-04,WA,501,Bunbury,SA4,26,ICT Professionals,3
2021-04,WA,510,Western Australia - Outback (North),SA4,26,ICT Professionals,6
2021-04,WA,511,Western Australia - Outback (South),SA4,26,ICT Professionals,7
2021-04,WA,509,Western Australia - Wheat Belt,SA4,26,ICT Professionals,1
2021-04,TAS,6GHOB,Greater Hobart,GCCSA,26,ICT Professionals,34
2021-04,TAS,602,Launceston and North East,SA4,26,ICT Professionals,5
2021-04,TAS,603,South East,SA4,26,ICT Professionals,1
2021-04,TAS,604,West and North West,SA4,26,ICT Professionals,2
2021-04,NT,7GDAR,Greater Darwin,GCCSA,26,ICT Professionals,31
2021-04,NT,702,Northern Territory - Outback,SA4,26,ICT Professionals,5
2021-04,ACT,8ACTE,Australian Capital Territory,GCCSA,26,ICT Professionals,1138
2021-05,NSW,1GSYD,Greater Sydney,GCCSA,26,ICT Professionals,4946
2021-05,NSW,101,Capital Region,SA4,26,ICT Professionals,7
2021-05,NSW,103,Central West,SA4,26,ICT Professionals,9
2021-05,NSW,104,Coffs Harbour - Grafton,SA4,26,ICT Professionals,5
2021-05,NSW,105,Far West and Orana,SA4,26,ICT Professionals,14
2021-05,NSW,106,Hunter Valley exc Newcastle,SA4,26,ICT Professionals,34
2021-05,NSW,107,Illawarra,SA4,26,ICT Professionals,21
2021-05,NSW,108,Mid North Coast,SA4,26,ICT Professionals,15
2021-05,NSW,109,Murray,SA4,26,ICT Professionals,7
2021-05,NSW,110,New England and North West,SA4,26,ICT Professionals,5
2021-05,NSW,111,Newcastle and Lake Macquarie,SA4,26,ICT Professionals,58
2021-05,NSW,112,Richmond - Tweed,SA4,26,ICT Professionals,6
2021-05,NSW,113,Riverina,SA4,26,ICT Professionals,6
2021-05,NSW,114,Southern Highlands and Shoalhaven,SA4,26,ICT Professionals,8
2021-05,VIC,2GMEL,Greater Melbourne,GCCSA,26,ICT Professionals,3596
2021-05,VIC,201,Ballarat,SA4,26,ICT Professionals,12
2021-05,VIC,202,Bendigo,SA4,26,ICT Professionals,9
2021-05,VIC,203,Geelong,SA4,26,ICT Professionals,30
2021-05,VIC,204,Hume,SA4,26,ICT Professionals,6
2021-05,VIC,205,Latrobe - Gippsland,SA4,26,ICT Professionals,7
2021-05,VIC,215,North West,SA4,26,ICT Professionals,4
2021-05,VIC,216,Shepparton,SA4,26,ICT Professionals,3
2021-05,VIC,217,Warrnambool and South West,SA4,26,ICT Professionals,9
2021-05,QLD,3GBRI,Greater Brisbane,GCCSA,26,ICT Professionals,1528
2021-05,QLD,306,Cairns,SA4,26,ICT Professionals,9
2021-05,QLD,308,Central Queensland,SA4,26,ICT Professionals,8
2021-05,QLD,307,Darling Downs - Maranoa,SA4,26,ICT Professionals,5
2021-05,QLD,309,Gold Coast,SA4,26,ICT Professionals,85
2021-05,QLD,312,Mackay - Isaac - Whitsunday,SA4,26,ICT Professionals,7
2021-05,QLD,315,Queensland - Outback,SA4,26,ICT Professionals,4
2021-05,QLD,316,Sunshine Coast,SA4,26,ICT Professionals,30
2021-05,QLD,317,Toowoomba,SA4,26,ICT Professionals,6
2021-05,QLD,318,Townsville,SA4,26,ICT Professionals,7
2021-05,QLD,319,Wide Bay,SA4,26,ICT Professionals,6
2021-05,SA,4GADE,Greater Adelaide,GCCSA,26,ICT Professionals,498
2021-05,SA,405,Barossa - Yorke - Mid North,SA4,26,ICT Professionals,3
2021-05,SA,406,South Australia - Outback,SA4,26,ICT Professionals,1
2021-05,SA,407,South Australia - South East,SA4,26,ICT Professionals,0
2021-05,WA,5GPER,Greater Perth,GCCSA,26,ICT Professionals,708
2021-05,WA,501,Bunbury,SA4,26,ICT Professionals,3
2021-05,WA,510,Western Australia - Outback (North),SA4,26,ICT Professionals,5
2021-05,WA,511,Western Australia - Outback (South),SA4,26,ICT Professionals,6
2021-05,WA,509,Western Australia - Wheat Belt,SA4,26,ICT Professionals,1
2021-05,TAS,6GHOB,Greater Hobart,GCCSA,26,ICT Professionals,35
2021-05,TAS,602,Launceston and North East,SA4,26,ICT Professionals,6
2021-05,TAS,603,South East,SA4,26,ICT Professionals,1
2021-05,TAS,604,West and North West,SA4,26,ICT Professionals,2
2021-05,NT,7GDAR,Greater Darwin,GCCSA,26,ICT Professionals,32
2021-05,NT,702,Northern Territory - Outback,SA4,26,ICT Professionals,7
2021-05,ACT,8ACTE,Australian Capital Territory,GCCSA,26,ICT Professionals,1085
2021-06,NSW,1GSYD,Greater Sydney,GCCSA,26,ICT Professionals,4870
2021-06,NSW,101,Capital Region,SA4,26,ICT Professionals,8
2021-06,NSW,103,Central West,SA4,26,ICT Professionals,9
2021-06,NSW,104,Coffs Harbour - Grafton,SA4,26,ICT Professionals,4
2021-06,NSW,105,Far West and Orana,SA4,26,ICT Professionals,16
2021-06,NSW,106,Hunter Valley exc Newcastle,SA4,26,ICT Professionals,38
2021-06,NSW,107,Illawarra,SA4,26,ICT Professionals,23
2021-06,NSW,108,Mid North Coast,SA4,26,ICT Professionals,12
2021-06,NSW,109,Murray,SA4,26,ICT Professionals,8
2021-06,NSW,110,New England and North West,SA4,26,ICT Professionals,6
2021-06,NSW,111,Newcastle and Lake Macquarie,SA4,26,ICT Professionals,66
2021-06,NSW,112,Richmond - Tweed,SA4,26,ICT Professionals,7
2021-06,NSW,113,Riverina,SA4,26,ICT Professionals,7
2021-06,NSW,114,Southern Highlands and Shoalhaven,SA4,26,ICT Professionals,8
2021-06,VIC,2GMEL,Greater Melbourne,GCCSA,26,ICT Professionals,3633
2021-06,VIC,201,Ballarat,SA4,26,ICT Professionals,14
2021-06,VIC,202,Bendigo,SA4,26,ICT Professionals,7
2021-06,VIC,203,Geelong,SA4,26,ICT Professionals,24
2021-06,VIC,204,Hume,SA4,26,ICT Professionals,5
2021-06,VIC,205,Latrobe - Gippsland,SA4,26,ICT Professionals,7
2021-06,VIC,215,North West,SA4,26,ICT Professionals,5
2021-06,VIC,216,Shepparton,SA4,26,ICT Professionals,4
2021-06,VIC,217,Warrnambool and South West,SA4,26,ICT Professionals,8
2021-06,QLD,3GBRI,Greater Brisbane,GCCSA,26,ICT Professionals,1451
2021-06,QLD,306,Cairns,SA4,26,ICT Professionals,9
2021-06,QLD,308,Central Queensland,SA4,26,ICT Professionals,5
2021-06,QLD,307,Darling Downs - Maranoa,SA4,26,ICT Professionals,6
2021-06,QLD,309,Gold Coast,SA4,26,ICT Professionals,80
2021-06,QLD,312,Mackay - Isaac - Whitsunday,SA4,26,ICT Professionals,7
2021-06,QLD,315,Queensland - Outback,SA4,26,ICT Professionals,5
2021-06,QLD,316,Sunshine Coast,SA4,26,ICT Professionals,28
2021-06,QLD,317,Toowoomba,SA4,26,ICT Professionals,6
2021-06,QLD,318,Townsville,SA4,26,ICT Professionals,9
2021-06,QLD,319,Wide Bay,SA4,26,ICT Professionals,6
2021-06,SA,4GADE,Greater Adelaide,GCCSA,26,ICT Professionals,496
2021-06,SA,405,Barossa - Yorke - Mid North,SA4,26,ICT Professionals,3
2021-06,SA,406,South Australia - Outback,SA4,26,ICT Professionals,1
2021-06,SA,407,South Australia - South East,SA4,26,ICT Professionals,0
2021-06,WA,5GPER,Greater Perth,GCCSA,26,ICT Professionals,699
2021-06,WA,501,Bunbury,SA4,26,ICT Professionals,2
2021-06,WA,510,Western Australia - Outback (North),SA4,26,ICT Professionals,5
2021-06,WA,511,Western Australia - Outback (South),SA4,26,ICT Professionals,4
2021-06,WA,509,Western Australia - Wheat Belt,SA4,26,ICT Professionals,1
2021-06,TAS,6GHOB,Greater Hobart,GCCSA,26,ICT Professionals,34
2021-06,TAS,602,Launceston and North East,SA4,26,ICT Professionals,5
2021-06,TAS,603,South East,SA4,26,ICT Professionals,1
2021-06,TAS,604,West and North West,SA4,26,ICT Professionals,2
2021-06,NT,7GDAR,Greater Darwin,GCCSA,26,ICT Professionals,33
2021-06,NT,702,Northern Territory - Outback,SA4,26,ICT Professionals,6
2021-06,ACT,8ACTE,Australian Capital Territory,GCCSA,26,ICT Professionals,1074
2021-07,NSW,1GSYD,Greater Sydney,GCCSA,26,ICT Professionals,5128
2021-07,NSW,101,Capital Region,SA4,26,ICT Professionals,9
2021-07,NSW,103,Central West,SA4,26,ICT Professionals,12
2021-07,NSW,104,Coffs Harbour - Grafton,SA4,26,ICT Professionals,5
2021-07,NSW,105,Far West and Orana,SA4,26,ICT Professionals,21
2021-07,NSW,106,Hunter Valley exc Newcastle,SA4,26,ICT Professionals,38
2021-07,NSW,107,Illawarra,SA4,26,ICT Professionals,27
2021-07,NSW,108,Mid North Coast,SA4,26,ICT Professionals,13
2021-07,NSW,109,Murray,SA4,26,ICT Professionals,10
2021-07,NSW,110,New England and North West,SA4,26,ICT Professionals,6
2021-07,NSW,111,Newcastle and Lake Macquarie,SA4,26,ICT Professionals,64
2021-07,NSW,112,Richmond - Tweed,SA4,26,ICT Professionals,8
2021-07,NSW,113,Riverina,SA4,26,ICT Professionals,6
2021-07,NSW,114,Southern Highlands and Shoalhaven,SA4,26,ICT Professionals,10
2021-07,VIC,2GMEL,Greater Melbourne,GCCSA,26,ICT Professionals,3887
2021-07,VIC,201,Ballarat,SA4,26,ICT Professionals,14
2021-07,VIC,202,Bendigo,SA4,26,ICT Professionals,3
2021-07,VIC,203,Geelong,SA4,26,ICT Professionals,24
2021-07,VIC,204,Hume,SA4,26,ICT Professionals,5
2021-07,VIC,205,Latrobe - Gippsland,SA4,26,ICT Professionals,8
2021-07,VIC,215,North West,SA4,26,ICT Professionals,6
2021-07,VIC,216,Shepparton,SA4,26,ICT Professionals,3
2021-07,VIC,217,Warrnambool and South West,SA4,26,ICT Professionals,8
2021-07,QLD,3GBRI,Greater Brisbane,GCCSA,26,ICT Professionals,1537
2021-07,QLD,306,Cairns,SA4,26,ICT Professionals,11
2021-07,QLD,308,Central Queensland,SA4,26,ICT Professionals,6
2021-07,QLD,307,Darling Downs - Maranoa,SA4,26,ICT Professionals,6
2021-07,QLD,309,Gold Coast,SA4,26,ICT Professionals,80
2021-07,QLD,312,Mackay - Isaac - Whitsunday,SA4,26,ICT Professionals,8
2021-07,QLD,315,Queensland - Outback,SA4,26,ICT Professionals,5
2021-07,QLD,316,Sunshine Coast,SA4,26,ICT Professionals,27
2021-07,QLD,317,Toowoomba,SA4,26,ICT Professionals,6
2021-07,QLD,318,Townsville,SA4,26,ICT Professionals,10
2021-07,QLD,319,Wide Bay,SA4,26,ICT Professionals,5
2021-07,SA,4GADE,Greater Adelaide,GCCSA,26,ICT Professionals,540
2021-07,SA,405,Barossa - Yorke - Mid North,SA4,26,ICT Professionals,2
2021-07,SA,406,South Australia - Outback,SA4,26,ICT Professionals,2
2021-07,SA,407,South Australia - South East,SA4,26,ICT Professionals,1
2021-07,WA,5GPER,Greater Perth,GCCSA,26,ICT Professionals,759
2021-07,WA,501,Bunbury,SA4,26,ICT Professionals,4
2021-07,WA,510,Western Australia - Outback (North),SA4,26,ICT Professionals,7
2021-07,WA,511,Western Australia - Outback (South),SA4,26,ICT Professionals,3
2021-07,WA,509,Western Australia - Wheat Belt,SA4,26,ICT Professionals,1
2021-07,TAS,6GHOB,Greater Hobart,GCCSA,26,ICT Professionals,36
2021-07,TAS,602,Launceston and North East,SA4,26,ICT Professionals,4
2021-07,TAS,603,South East,SA4,26,ICT Professionals,3
2021-07,TAS,604,West and North West,SA4,26,ICT Professionals,2
2021-07,NT,7GDAR,Greater Darwin,GCCSA,26,ICT Professionals,35
2021-07,NT,702,Northern Territory - Outback,SA4,26,ICT Professionals,6
2021-07,ACT,8ACTE,Australian Capital Territory,GCCSA,26,ICT Professionals,1142
2021-08,NSW,1GSYD,Greater Sydney,GCCSA,26,ICT Professionals,5428
2021-08,NSW,101,Capital Region,SA4,26,ICT Professionals,9
2021-08,NSW,103,Central West,SA4,26,ICT Professionals,11
2021-08,NSW,104,Coffs Harbour - Grafton,SA4,26,ICT Professionals,5
2021-08,NSW,105,Far West and Orana,SA4,26,ICT Professionals,21
2021-08,NSW,106,Hunter Valley exc Newcastle,SA4,26,ICT Professionals,39
2021-08,NSW,107,Illawarra,SA4,26,ICT Professionals,26
2021-08,NSW,108,Mid North Coast,SA4,26,ICT Professionals,11
2021-08,NSW,109,Murray,SA4,26,ICT Professionals,14
2021-08,NSW,110,New England and North West,SA4,26,ICT Professionals,6
2021-08,NSW,111,Newcastle and Lake Macquarie,SA4,26,ICT Professionals,67
2021-08,NSW,112,Richmond - Tweed,SA4,26,ICT Professionals,9
2021-08,NSW,113,Riverina,SA4,26,ICT Professionals,5
2021-08,NSW,114,Southern Highlands and Shoalhaven,SA4,26,ICT Professionals,9
2021-08,VIC,2GMEL,Greater Melbourne,GCCSA,26,ICT Professionals,4101
2021-08,VIC,201,Ballarat,SA4,26,ICT Professionals,14
2021-08,VIC,202,Bendigo,SA4,26,ICT Professionals,4
2021-08,VIC,203,Geelong,SA4,26,ICT Professionals,28
2021-08,VIC,204,Hume,SA4,26,ICT Professionals,5
2021-08,VIC,205,Latrobe - Gippsland,SA4,26,ICT Professionals,9
2021-08,VIC,215,North West,SA4,26,ICT Professionals,7
2021-08,VIC,216,Shepparton,SA4,26,ICT Professionals,5
2021-08,VIC,217,Warrnambool and South West,SA4,26,ICT Professionals,10
2021-08,QLD,3GBRI,Greater Brisbane,GCCSA,26,ICT Professionals,1639
2021-08,QLD,306,Cairns,SA4,26,ICT Professionals,13
2021-08,QLD,308,Central Queensland,SA4,26,ICT Professionals,7
2021-08,QLD,307,Darling Downs - Maranoa,SA4,26,ICT Professionals,6
2021-08,QLD,309,Gold Coast,SA4,26,ICT Professionals,84
2021-08,QLD,312,Mackay - Isaac - Whitsunday,SA4,26,ICT Professionals,9
2021-08,QLD,315,Queensland - Outback,SA4,26,ICT Professionals,6
2021-08,QLD,316,Sunshine Coast,SA4,26,ICT Professionals,26
2021-08,QLD,317,Toowoomba,SA4,26,ICT Professionals,5
2021-08,QLD,318,Townsville,SA4,26,ICT Professionals,12
2021-08,QLD,319,Wide Bay,SA4,26,ICT Professionals,7
2021-08,SA,4GADE,Greater Adelaide,GCCSA,26,ICT Professionals,582
2021-08,SA,405,Barossa - Yorke - Mid North,SA4,26,ICT Professionals,2
2021-08,SA,406,South Australia - Outback,SA4,26,ICT Professionals,1
2021-08,SA,407,South Australia - South East,SA4,26,ICT Professionals,2
2021-08,WA,5GPER,Greater Perth,GCCSA,26,ICT Professionals,802
2021-08,WA,501,Bunbury,SA4,26,ICT Professionals,5
2021-08,WA,510,Western Australia - Outback (North),SA4,26,ICT Professionals,8
2021-08,WA,511,Western Australia - Outback (South),SA4,26,ICT Professionals,4
2021-08,WA,509,Western Australia - Wheat Belt,SA4,26,ICT Professionals,1
2021-08,TAS,6GHOB,Greater Hobart,GCCSA,26,ICT Professionals,35
2021-08,TAS,602,Launceston and North East,SA4,26,ICT Professionals,6
2021-08,TAS,603,South East,SA4,26,ICT Professionals,9
2021-08,TAS,604,West and North West,SA4,26,ICT Professionals,1
2021-08,NT,7GDAR,Greater Darwin,GCCSA,26,ICT Professionals,34
2021-08,NT,702,Northern Territory - Outback,SA4,26,ICT Professionals,4
2021-08,ACT,8ACTE,Australian Capital Territory,GCCSA,26,ICT Professionals,1200
2021-09,NSW,1GSYD,Greater Sydney,GCCSA,26,ICT Professionals,5785
2021-09,NSW,101,Capital Region,SA4,26,ICT Professionals,8
2021-09,NSW,103,Central West,SA4,26,ICT Professionals,14
2021-09,NSW,104,Coffs Harbour - Grafton,SA4,26,ICT Professionals,6
2021-09,NSW,105,Far West and Orana,SA4,26,ICT Professionals,25
2021-09,NSW,106,Hunter Valley exc Newcastle,SA4,26,ICT Professionals,41
2021-09,NSW,107,Illawarra,SA4,26,ICT Professionals,28
2021-09,NSW,108,Mid North Coast,SA4,26,ICT Professionals,12
2021-09,NSW,109,Murray,SA4,26,ICT Professionals,14
2021-09,NSW,110,New England and North West,SA4,26,ICT Professionals,7
2021-09,NSW,111,Newcastle and Lake Macquarie,SA4,26,ICT Professionals,69
2021-09,NSW,112,Richmond - Tweed,SA4,26,ICT Professionals,8
2021-09,NSW,113,Riverina,SA4,26,ICT Professionals,5
2021-09,NSW,114,Southern Highlands and Shoalhaven,SA4,26,ICT Professionals,10
2021-09,VIC,2GMEL,Greater Melbourne,GCCSA,26,ICT Professionals,4231
2021-09,VIC,201,Ballarat,SA4,26,ICT Professionals,12
2021-09,VIC,202,Bendigo,SA4,26,ICT Professionals,5
2021-09,VIC,203,Geelong,SA4,26,ICT Professionals,32
2021-09,VIC,204,Hume,SA4,26,ICT Professionals,5
2021-09,VIC,205,Latrobe - Gippsland,SA4,26,ICT Professionals,8
2021-09,VIC,215,North West,SA4,26,ICT Professionals,7
2021-09,VIC,216,Shepparton,SA4,26,ICT Professionals,4
2021-09,VIC,217,Warrnambool and South West,SA4,26,ICT Professionals,11
2021-09,QLD,3GBRI,Greater Brisbane,GCCSA,26,ICT Professionals,1736
2021-09,QLD,306,Cairns,SA4,26,ICT Professionals,12
2021-09,QLD,308,Central Queensland,SA4,26,ICT Professionals,7
2021-09,QLD,307,Darling Downs - Maranoa,SA4,26,ICT Professionals,6
2021-09,QLD,309,Gold Coast,SA4,26,ICT Professionals,89
2021-09,QLD,312,Mackay - Isaac - Whitsunday,SA4,26,ICT Professionals,9
2021-09,QLD,315,Queensland - Outback,SA4,26,ICT Professionals,5
2021-09,QLD,316,Sunshine Coast,SA4,26,ICT Professionals,25
2021-09,QLD,317,Toowoomba,SA4,26,ICT Professionals,5
2021-09,QLD,318,Townsville,SA4,26,ICT Professionals,12
2021-09,QLD,319,Wide Bay,SA4,26,ICT Professionals,7
2021-09,SA,4GADE,Greater Adelaide,GCCSA,26,ICT Professionals,607
2021-09,SA,405,Barossa - Yorke - Mid North,SA4,26,ICT Professionals,1
2021-09,SA,406,South Australia - Outback,SA4,26,ICT Professionals,1
2021-09,SA,407,South Australia - South East,SA4,26,ICT Professionals,2
2021-09,WA,5GPER,Greater Perth,GCCSA,26,ICT Professionals,832
2021-09,WA,501,Bunbury,SA4,26,ICT Professionals,5
2021-09,WA,510,Western Australia - Outback (North),SA4,26,ICT Professionals,9
2021-09,WA,511,Western Australia - Outback (South),SA4,26,ICT Professionals,6
2021-09,WA,509,Western Australia - Wheat Belt,SA4,26,ICT Professionals,1
2021-09,TAS,6GHOB,Greater Hobart,GCCSA,26,ICT Professionals,40
2021-09,TAS,602,Launceston and North East,SA4,26,ICT Professionals,8
2021-09,TAS,603,South East,SA4,26,ICT Professionals,13
2021-09,TAS,604,West and North West,SA4,26,ICT Professionals,3
2021-09,NT,7GDAR,Greater Darwin,GCCSA,26,ICT Professionals,44
2021-09,NT,702,Northern Territory - Outback,SA4,26,ICT Professionals,4
2021-09,ACT,8ACTE,Australian Capital Territory,GCCSA,26,ICT Professionals,1240
2021-10,NSW,1GSYD,Greater Sydney,GCCSA,26,ICT Professionals,5731
2021-10,NSW,101,Capital Region,SA4,26,ICT Professionals,7
2021-10,NSW,103,Central West,SA4,26,ICT Professionals,12
2021-10,NSW,104,Coffs Harbour - Grafton,SA4,26,ICT Professionals,5
2021-10,NSW,105,Far West and Orana,SA4,26,ICT Professionals,30
2021-10,NSW,106,Hunter Valley exc Newcastle,SA4,26,ICT Professionals,42
2021-10,NSW,107,Illawarra,SA4,26,ICT Professionals,26
2021-10,NSW,108,Mid North Coast,SA4,26,ICT Professionals,10
2021-10,NSW,109,Murray,SA4,26,ICT Professionals,14
2021-10,NSW,110,New England and North West,SA4,26,ICT Professionals,7
2021-10,NSW,111,Newcastle and Lake Macquarie,SA4,26,ICT Professionals,70
2021-10,NSW,112,Richmond - Tweed,SA4,26,ICT Professionals,9
2021-10,NSW,113,Riverina,SA4,26,ICT Professionals,5
2021-10,NSW,114,Southern Highlands and Shoalhaven,SA4,26,ICT Professionals,9
2021-10,VIC,2GMEL,Greater Melbourne,GCCSA,26,ICT Professionals,4255
2021-10,VIC,201,Ballarat,SA4,26,ICT Professionals,11
2021-10,VIC,202,Bendigo,SA4,26,ICT Professionals,6
2021-10,VIC,203,Geelong,SA4,26,ICT Professionals,38
2021-10,VIC,204,Hume,SA4,26,ICT Professionals,4
2021-10,VIC,205,Latrobe - Gippsland,SA4,26,ICT Professionals,8
2021-10,VIC,215,North West,SA4,26,ICT Professionals,6
2021-10,VIC,216,Shepparton,SA4,26,ICT Professionals,4
2021-10,VIC,217,Warrnambool and South West,SA4,26,ICT Professionals,12
2021-10,QLD,3GBRI,Greater Brisbane,GCCSA,26,ICT Professionals,1716
2021-10,QLD,306,Cairns,SA4,26,ICT Professionals,11
2021-10,QLD,308,Central Queensland,SA4,26,ICT Professionals,7
2021-10,QLD,307,Darling Downs - Maranoa,SA4,26,ICT Professionals,7
2021-10,QLD,309,Gold Coast,SA4,26,ICT Professionals,93
2021-10,QLD,312,Mackay - Isaac - Whitsunday,SA4,26,ICT Professionals,8
2021-10,QLD,315,Queensland - Outback,SA4,26,ICT Professionals,6
2021-10,QLD,316,Sunshine Coast,SA4,26,ICT Professionals,30
2021-10,QLD,317,Toowoomba,SA4,26,ICT Professionals,7
2021-10,QLD,318,Townsville,SA4,26,ICT Professionals,14
2021-10,QLD,319,Wide Bay,SA4,26,ICT Professionals,7
2021-10,SA,4GADE,Greater Adelaide,GCCSA,26,ICT Professionals,594
2021-10,SA,405,Barossa - Yorke - Mid North,SA4,26,ICT Professionals,2
2021-10,SA,406,South Australia - Outback,SA4,26,ICT Professionals,1
2021-10,SA,407,South Australia - South East,SA4,26,ICT Professionals,2
2021-10,WA,5GPER,Greater Perth,GCCSA,26,ICT Professionals,817
2021-10,WA,501,Bunbury,SA4,26,ICT Professionals,5
2021-10,WA,510,Western Australia - Outback (North),SA4,26,ICT Professionals,9
2021-10,WA,511,Western Australia - Outback (South),SA4,26,ICT Professionals,7
2021-10,WA,509,Western Australia - Wheat Belt,SA4,26,ICT Professionals,1
2021-10,TAS,6GHOB,Greater Hobart,GCCSA,26,ICT Professionals,44
2021-10,TAS,602,Launceston and North East,SA4,26,ICT Professionals,9
2021-10,TAS,603,South East,SA4,26,ICT Professionals,11
2021-10,TAS,604,West and North West,SA4,26,ICT Professionals,4
2021-10,NT,7GDAR,Greater Darwin,GCCSA,26,ICT Professionals,47
2021-10,NT,702,Northern Territory - Outback,SA4,26,ICT Professionals,4
2021-10,ACT,8ACTE,Australian Capital Territory,GCCSA,26,ICT Professionals,1231
2021-11,NSW,1GSYD,Greater Sydney,GCCSA,26,ICT Professionals,5624
2021-11,NSW,101,Capital Region,SA4,26,ICT Professionals,8
2021-11,NSW,103,Central West,SA4,26,ICT Professionals,14
2021-11,NSW,104,Coffs Harbour - Grafton,SA4,26,ICT Professionals,3
2021-11,NSW,105,Far West and Orana,SA4,26,ICT Professionals,26
2021-11,NSW,106,Hunter Valley exc Newcastle,SA4,26,ICT Professionals,40
2021-11,NSW,107,Illawarra,SA4,26,ICT Professionals,26
2021-11,NSW,108,Mid North Coast,SA4,26,ICT Professionals,11
2021-11,NSW,109,Murray,SA4,26,ICT Professionals,13
2021-11,NSW,110,New England and North West,SA4,26,ICT Professionals,6
2021-11,NSW,111,Newcastle and Lake Macquarie,SA4,26,ICT Professionals,64
2021-11,NSW,112,Richmond - Tweed,SA4,26,ICT Professionals,7
2021-11,NSW,113,Riverina,SA4,26,ICT Professionals,5
2021-11,NSW,114,Southern Highlands and Shoalhaven,SA4,26,ICT Professionals,10
2021-11,VIC,2GMEL,Greater Melbourne,GCCSA,26,ICT Professionals,4120
2021-11,VIC,201,Ballarat,SA4,26,ICT Professionals,10
2021-11,VIC,202,Bendigo,SA4,26,ICT Professionals,6
2021-11,VIC,203,Geelong,SA4,26,ICT Professionals,45
2021-11,VIC,204,Hume,SA4,26,ICT Professionals,5
2021-11,VIC,205,Latrobe - Gippsland,SA4,26,ICT Professionals,9
2021-11,VIC,215,North West,SA4,26,ICT Professionals,5
2021-11,VIC,216,Shepparton,SA4,26,ICT Professionals,4
2021-11,VIC,217,Warrnambool and South West,SA4,26,ICT Professionals,13
2021-11,QLD,3GBRI,Greater Brisbane,GCCSA,26,ICT Professionals,1742
2021-11,QLD,306,Cairns,SA4,26,ICT Professionals,9
2021-11,QLD,308,Central Queensland,SA4,26,ICT Professionals,6
2021-11,QLD,307,Darling Downs - Maranoa,SA4,26,ICT Professionals,7
2021-11,QLD,309,Gold Coast,SA4,26,ICT Professionals,99
2021-11,QLD,312,Mackay - Isaac - Whitsunday,SA4,26,ICT Professionals,8
2021-11,QLD,315,Queensland - Outback,SA4,26,ICT Professionals,5
2021-11,QLD,316,Sunshine Coast,SA4,26,ICT Professionals,33
2021-11,QLD,317,Toowoomba,SA4,26,ICT Professionals,8
2021-11,QLD,318,Townsville,SA4,26,ICT Professionals,17
2021-11,QLD,319,Wide Bay,SA4,26,ICT Professionals,7
2021-11,SA,4GADE,Greater Adelaide,GCCSA,26,ICT Professionals,573
2021-11,SA,405,Barossa - Yorke - Mid North,SA4,26,ICT Professionals,2
2021-11,SA,406,South Australia - Outback,SA4,26,ICT Professionals,1
2021-11,SA,407,South Australia - South East,SA4,26,ICT Professionals,2
2021-11,WA,5GPER,Greater Perth,GCCSA,26,ICT Professionals,788
2021-11,WA,501,Bunbury,SA4,26,ICT Professionals,4
2021-11,WA,510,Western Australia - Outback (North),SA4,26,ICT Professionals,9
2021-11,WA,511,Western Australia - Outback (South),SA4,26,ICT Professionals,7
2021-11,WA,509,Western Australia - Wheat Belt,SA4,26,ICT Professionals,2
2021-11,TAS,6GHOB,Greater Hobart,GCCSA,26,ICT Professionals,50
2021-11,TAS,602,Launceston and North East,SA4,26,ICT Professionals,8
2021-11,TAS,603,South East,SA4,26,ICT Professionals,7
2021-11,TAS,604,West and North West,SA4,26,ICT Professionals,4
2021-11,NT,7GDAR,Greater Darwin,GCCSA,26,ICT Professionals,51
2021-11,NT,702,Northern Territory - Outback,SA4,26,ICT Professionals,5
2021-11,ACT,8ACTE,Australian Capital Territory,GCCSA,26,ICT Professionals,1223
2021-12,NSW,1GSYD,Greater Sydney,GCCSA,26,ICT Professionals,4789
2021-12,NSW,101,Capital Region,SA4,26,ICT Professionals,7
2021-12,NSW,103,Central West,SA4,26,ICT Professionals,12
2021-12,NSW,104,Coffs Harbour - Grafton,SA4,26,ICT Professionals,3
2021-12,NSW,105,Far West and Orana,SA4,26,ICT Professionals,16
2021-12,NSW,106,Hunter Valley exc Newcastle,SA4,26,ICT Professionals,34
2021-12,NSW,107,Illawarra,SA4,26,ICT Professionals,17
2021-12,NSW,108,Mid North Coast,SA4,26,ICT Professionals,10
2021-12,NSW,109,Murray,SA4,26,ICT Professionals,10
2021-12,NSW,110,New England and North West,SA4,26,ICT Professionals,5
2021-12,NSW,111,Newcastle and Lake Macquarie,SA4,26,ICT Professionals,55
2021-12,NSW,112,Richmond - Tweed,SA4,26,ICT Professionals,6
2021-12,NSW,113,Riverina,SA4,26,ICT Professionals,5
2021-12,NSW,114,Southern Highlands and Shoalhaven,SA4,26,ICT Professionals,8
2021-12,VIC,2GMEL,Greater Melbourne,GCCSA,26,ICT Professionals,3619
2021-12,VIC,201,Ballarat,SA4,26,ICT Professionals,10
2021-12,VIC,202,Bendigo,SA4,26,ICT Professionals,7
2021-12,VIC,203,Geelong,SA4,26,ICT Professionals,41
2021-12,VIC,204,Hume,SA4,26,ICT Professionals,5
2021-12,VIC,205,Latrobe - Gippsland,SA4,26,ICT Professionals,13
2021-12,VIC,215,North West,SA4,26,ICT Professionals,5
2021-12,VIC,216,Shepparton,SA4,26,ICT Professionals,3
2021-12,VIC,217,Warrnambool and South West,SA4,26,ICT Professionals,12
2021-12,QLD,3GBRI,Greater Brisbane,GCCSA,26,ICT Professionals,1523
2021-12,QLD,306,Cairns,SA4,26,ICT Professionals,9
2021-12,QLD,308,Central Queensland,SA4,26,ICT Professionals,9
2021-12,QLD,307,Darling Downs - Maranoa,SA4,26,ICT Professionals,6
2021-12,QLD,309,Gold Coast,SA4,26,ICT Professionals,83
2021-12,QLD,312,Mackay - Isaac - Whitsunday,SA4,26,ICT Professionals,10
2021-12,QLD,315,Queensland - Outback,SA4,26,ICT Professionals,4
2021-12,QLD,316,Sunshine Coast,SA4,26,ICT Professionals,33
2021-12,QLD,317,Toowoomba,SA4,26,ICT Professionals,7
2021-12,QLD,318,Townsville,SA4,26,ICT Professionals,15
2021-12,QLD,319,Wide Bay,SA4,26,ICT Professionals,5
2021-12,SA,4GADE,Greater Adelaide,GCCSA,26,ICT Professionals,492
2021-12,SA,405,Barossa - Yorke - Mid North,SA4,26,ICT Professionals,2
2021-12,SA,406,South Australia - Outback,SA4,26,ICT Professionals,1
2021-12,SA,407,South Australia - South East,SA4,26,ICT Professionals,2
2021-12,WA,5GPER,Greater Perth,GCCSA,26,ICT Professionals,703
2021-12,WA,501,Bunbury,SA4,26,ICT Professionals,5
2021-12,WA,510,Western Australia - Outback (North),SA4,26,ICT Professionals,11
2021-12,WA,511,Western Australia - Outback (South),SA4,26,ICT Professionals,5
2021-12,WA,509,Western Australia - Wheat Belt,SA4,26,ICT Professionals,2
2021-12,TAS,6GHOB,Greater Hobart,GCCSA,26,ICT Professionals,47
2021-12,TAS,602,Launceston and North East,SA4,26,ICT Professionals,7
2021-12,TAS,603,South East,SA4,26,ICT Professionals,4
2021-12,TAS,604,West and North West,SA4,26,ICT Professionals,2
2021-12,NT,7GDAR,Greater Darwin,GCCSA,26,ICT Professionals,43
2021-12,NT,702,Northern Territory - Outback,SA4,26,ICT Professionals,4
2021-12,ACT,8ACTE,Australian Capital Territory,GCCSA,26,ICT Professionals,1073
2022-01,NSW,1GSYD,Greater Sydney,GCCSA,26,ICT Professionals,4720
2022-01,NSW,101,Capital Region,SA4,26,ICT Professionals,5
2022-01,NSW,103,Central West,SA4,26,ICT Professionals,12
2022-01,NSW,104,Coffs Harbour - Grafton,SA4,26,ICT Professionals,3
2022-01,NSW,105,Far West and Orana,SA4,26,ICT Professionals,5
2022-01,NSW,106,Hunter Valley exc Newcastle,SA4,26,ICT Professionals,33
2022-01,NSW,107,Illawarra,SA4,26,ICT Professionals,15
2022-01,NSW,108,Mid North Coast,SA4,26,ICT Professionals,10
2022-01,NSW,109,Murray,SA4,26,ICT Professionals,10
2022-01,NSW,110,New England and North West,SA4,26,ICT Professionals,4
2022-01,NSW,111,Newcastle and Lake Macquarie,SA4,26,ICT Professionals,55
2022-01,NSW,112,Richmond - Tweed,SA4,26,ICT Professionals,4
2022-01,NSW,113,Riverina,SA4,26,ICT Professionals,5
2022-01,NSW,114,Southern Highlands and Shoalhaven,SA4,26,ICT Professionals,8
2022-01,VIC,2GMEL,Greater Melbourne,GCCSA,26,ICT Professionals,3513
2022-01,VIC,201,Ballarat,SA4,26,ICT Professionals,11
2022-01,VIC,202,Bendigo,SA4,26,ICT Professionals,7
2022-01,VIC,203,Geelong,SA4,26,ICT Professionals,37
2022-01,VIC,204,Hume,SA4,26,ICT Professionals,5
2022-01,VIC,205,Latrobe - Gippsland,SA4,26,ICT Professionals,12
2022-01,VIC,215,North West,SA4,26,ICT Professionals,6
2022-01,VIC,216,Shepparton,SA4,26,ICT Professionals,3
2022-01,VIC,217,Warrnambool and South West,SA4,26,ICT Professionals,10
2022-01,QLD,3GBRI,Greater Brisbane,GCCSA,26,ICT Professionals,1570
2022-01,QLD,306,Cairns,SA4,26,ICT Professionals,10
2022-01,QLD,308,Central Queensland,SA4,26,ICT Professionals,9
2022-01,QLD,307,Darling Downs - Maranoa,SA4,26,ICT Professionals,4
2022-01,QLD,309,Gold Coast,SA4,26,ICT Professionals,86
2022-01,QLD,312,Mackay - Isaac - Whitsunday,SA4,26,ICT Professionals,12
2022-01,QLD,315,Queensland - Outback,SA4,26,ICT Professionals,4
2022-01,QLD,316,Sunshine Coast,SA4,26,ICT Professionals,31
2022-01,QLD,317,Toowoomba,SA4,26,ICT Professionals,5
2022-01,QLD,318,Townsville,SA4,26,ICT Professionals,13
2022-01,QLD,319,Wide Bay,SA4,26,ICT Professionals,4
2022-01,SA,4GADE,Greater Adelaide,GCCSA,26,ICT Professionals,489
2022-01,SA,405,Barossa - Yorke - Mid North,SA4,26,ICT Professionals,1
2022-01,SA,406,South Australia - Outback,SA4,26,ICT Professionals,2
2022-01,SA,407,South Australia - South East,SA4,26,ICT Professionals,1
2022-01,WA,5GPER,Greater Perth,GCCSA,26,ICT Professionals,695
2022-01,WA,501,Bunbury,SA4,26,ICT Professionals,5
2022-01,WA,510,Western Australia - Outback (North),SA4,26,ICT Professionals,8
2022-01,WA,511,Western Australia - Outback (South),SA4,26,ICT Professionals,4
2022-01,WA,509,Western Australia - Wheat Belt,SA4,26,ICT Professionals,2
2022-01,TAS,6GHOB,Greater Hobart,GCCSA,26,ICT Professionals,49
2022-01,TAS,602,Launceston and North East,SA4,26,ICT Professionals,5
2022-01,TAS,603,South East,SA4,26,ICT Professionals,4
2022-01,TAS,604,West and North West,SA4,26,ICT Professionals,2
2022-01,NT,7GDAR,Greater Darwin,GCCSA,26,ICT Professionals,47
2022-01,NT,702,Northern Territory - Outback,SA4,26,ICT Professionals,5
2022-01,ACT,8ACTE,Australian Capital Territory,GCCSA,26,ICT Professionals,955
2022-02,NSW,1GSYD,Greater Sydney,GCCSA,26,ICT Professionals,4893
2022-02,NSW,101,Capital Region,SA4,26,ICT Professionals,6
2022-02,NSW,103,Central West,SA4,26,ICT Professionals,12
2022-02,NSW,104,Coffs Harbour - Grafton,SA4,26,ICT Professionals,2
2022-02,NSW,105,Far West and Orana,SA4,26,ICT Professionals,3
2022-02,NSW,106,Hunter Valley exc Newcastle,SA4,26,ICT Professionals,34
2022-02,NSW,107,Illawarra,SA4,26,ICT Professionals,16
2022-02,NSW,108,Mid North Coast,SA4,26,ICT Professionals,8
2022-02,NSW,109,Murray,SA4,26,ICT Professionals,10
2022-02,NSW,110,New England and North West,SA4,26,ICT Professionals,4
2022-02,NSW,111,Newcastle and Lake Macquarie,SA4,26,ICT Professionals,54
2022-02,NSW,112,Richmond - Tweed,SA4,26,ICT Professionals,5
2022-02,NSW,113,Riverina,SA4,26,ICT Professionals,4
2022-02,NSW,114,Southern Highlands and Shoalhaven,SA4,26,ICT Professionals,8
2022-02,VIC,2GMEL,Greater Melbourne,GCCSA,26,ICT Professionals,3728
2022-02,VIC,201,Ballarat,SA4,26,ICT Professionals,11
2022-02,VIC,202,Bendigo,SA4,26,ICT Professionals,7
2022-02,VIC,203,Geelong,SA4,26,ICT Professionals,34
2022-02,VIC,204,Hume,SA4,26,ICT Professionals,4
2022-02,VIC,205,Latrobe - Gippsland,SA4,26,ICT Professionals,11
2022-02,VIC,215,North West,SA4,26,ICT Professionals,5
2022-02,VIC,216,Shepparton,SA4,26,ICT Professionals,4
2022-02,VIC,217,Warrnambool and South West,SA4,26,ICT Professionals,10
2022-02,QLD,3GBRI,Greater Brisbane,GCCSA,26,ICT Professionals,1578
2022-02,QLD,306,Cairns,SA4,26,ICT Professionals,9
2022-02,QLD,308,Central Queensland,SA4,26,ICT Professionals,9
2022-02,QLD,307,Darling Downs - Maranoa,SA4,26,ICT Professionals,5
2022-02,QLD,309,Gold Coast,SA4,26,ICT Professionals,85
2022-02,QLD,312,Mackay - Isaac - Whitsunday,SA4,26,ICT Professionals,13
2022-02,QLD,315,Queensland - Outback,SA4,26,ICT Professionals,5
2022-02,QLD,316,Sunshine Coast,SA4,26,ICT Professionals,31
2022-02,QLD,317,Toowoomba,SA4,26,ICT Professionals,6
2022-02,QLD,318,Townsville,SA4,26,ICT Professionals,11
2022-02,QLD,319,Wide Bay,SA4,26,ICT Professionals,4
2022-02,SA,4GADE,Greater Adelaide,GCCSA,26,ICT Professionals,522
2022-02,SA,405,Barossa - Yorke - Mid North,SA4,26,ICT Professionals,3
2022-02,SA,406,South Australia - Outback,SA4,26,ICT Professionals,4
2022-02,SA,407,South Australia - South East,SA4,26,ICT Professionals,3
2022-02,WA,5GPER,Greater Perth,GCCSA,26,ICT Professionals,732
2022-02,WA,501,Bunbury,SA4,26,ICT Professionals,5
2022-02,WA,510,Western Australia - Outback (North),SA4,26,ICT Professionals,7
2022-02,WA,511,Western Australia - Outback (South),SA4,26,ICT Professionals,6
2022-02,WA,509,Western Australia - Wheat Belt,SA4,26,ICT Professionals,2
2022-02,TAS,6GHOB,Greater Hobart,GCCSA,26,ICT Professionals,54
2022-02,TAS,602,Launceston and North East,SA4,26,ICT Professionals,4
2022-02,TAS,603,South East,SA4,26,ICT Professionals,2
2022-02,TAS,604,West and North West,SA4,26,ICT Professionals,3
2022-02,NT,7GDAR,Greater Darwin,GCCSA,26,ICT Professionals,51
2022-02,NT,702,Northern Territory - Outback,SA4,26,ICT Professionals,6
2022-02,ACT,8ACTE,Australian Capital Territory,GCCSA,26,ICT Professionals,953
2022-03,NSW,1GSYD,Greater Sydney,GCCSA,26,ICT Professionals,5946
2022-03,NSW,101,Capital Region,SA4,26,ICT Professionals,8
2022-03,NSW,103,Central West,SA4,26,ICT Professionals,11
2022-03,NSW,104,Coffs Harbour - Grafton,SA4,26,ICT Professionals,3
2022-03,NSW,105,Far West and Orana,SA4,26,ICT Professionals,3
2022-03,NSW,106,Hunter Valley exc Newcastle,SA4,26,ICT Professionals,49
2022-03,NSW,107,Illawarra,SA4,26,ICT Professionals,23
2022-03,NSW,108,Mid North Coast,SA4,26,ICT Professionals,10
2022-03,NSW,109,Murray,SA4,26,ICT Professionals,12
2022-03,NSW,110,New England and North West,SA4,26,ICT Professionals,4
2022-03,NSW,111,Newcastle and Lake Macquarie,SA4,26,ICT Professionals,65
2022-03,NSW,112,Richmond - Tweed,SA4,26,ICT Professionals,7
2022-03,NSW,113,Riverina,SA4,26,ICT Professionals,4
2022-03,NSW,114,Southern Highlands and Shoalhaven,SA4,26,ICT Professionals,11
2022-03,VIC,2GMEL,Greater Melbourne,GCCSA,26,ICT Professionals,4568
2022-03,VIC,201,Ballarat,SA4,26,ICT Professionals,11
2022-03,VIC,202,Bendigo,SA4,26,ICT Professionals,4
2022-03,VIC,203,Geelong,SA4,26,ICT Professionals,39
2022-03,VIC,204,Hume,SA4,26,ICT Professionals,5
2022-03,VIC,205,Latrobe - Gippsland,SA4,26,ICT Professionals,8
2022-03,VIC,215,North West,SA4,26,ICT Professionals,5
2022-03,VIC,216,Shepparton,SA4,26,ICT Professionals,6
2022-03,VIC,217,Warrnambool and South West,SA4,26,ICT Professionals,11
2022-03,QLD,3GBRI,Greater Brisbane,GCCSA,26,ICT Professionals,1931
2022-03,QLD,306,Cairns,SA4,26,ICT Professionals,9
2022-03,QLD,308,Central Queensland,SA4,26,ICT Professionals,9
2022-03,QLD,307,Darling Downs - Maranoa,SA4,26,ICT Professionals,7
2022-03,QLD,309,Gold Coast,SA4,26,ICT Professionals,104
2022-03,QLD,312,Mackay - Isaac - Whitsunday,SA4,26,ICT Professionals,11
2022-03,QLD,315,Queensland - Outback,SA4,26,ICT Professionals,7
2022-03,QLD,316,Sunshine Coast,SA4,26,ICT Professionals,33
2022-03,QLD,317,Toowoomba,SA4,26,ICT Professionals,10
2022-03,QLD,318,Townsville,SA4,26,ICT Professionals,12
2022-03,QLD,319,Wide Bay,SA4,26,ICT Professionals,6
2022-03,SA,4GADE,Greater Adelaide,GCCSA,26,ICT Professionals,646
2022-03,SA,405,Barossa - Yorke - Mid North,SA4,26,ICT Professionals,2
2022-03,SA,406,South Australia - Outback,SA4,26,ICT Professionals,4
2022-03,SA,407,South Australia - South East,SA4,26,ICT Professionals,3
2022-03,WA,5GPER,Greater Perth,GCCSA,26,ICT Professionals,900
2022-03,WA,501,Bunbury,SA4,26,ICT Professionals,5
2022-03,WA,510,Western Australia - Outback (North),SA4,26,ICT Professionals,6
2022-03,WA,511,Western Australia - Outback (South),SA4,26,ICT Professionals,8
2022-03,WA,509,Western Australia - Wheat Belt,SA4,26,ICT Professionals,1
2022-03,TAS,6GHOB,Greater Hobart,GCCSA,26,ICT Professionals,61
2022-03,TAS,602,Launceston and North East,SA4,26,ICT Professionals,5
2022-03,TAS,603,South East,SA4,26,ICT Professionals,3
2022-03,TAS,604,West and North West,SA4,26,ICT Professionals,3
2022-03,NT,7GDAR,Greater Darwin,GCCSA,26,ICT Professionals,57
2022-03,NT,702,Northern Territory - Outback,SA4,26,ICT Professionals,8
2022-03,ACT,8ACTE,Australian Capital Territory,GCCSA,26,ICT Professionals,1137
2022-04,NSW,1GSYD,Greater Sydney,GCCSA,26,ICT Professionals,5830
2022-04,NSW,101,Capital Region,SA4,26,ICT Professionals,9
2022-04,NSW,103,Central West,SA4,26,ICT Professionals,11
2022-04,NSW,104,Coffs Harbour - Grafton,SA4,26,ICT Professionals,3
2022-04,NSW,105,Far West and Orana,SA4,26,ICT Professionals,4
2022-04,NSW,106,Hunter Valley exc Newcastle,SA4,26,ICT Professionals,48
2022-04,NSW,107,Illawarra,SA4,26,ICT Professionals,23
2022-04,NSW,108,Mid North Coast,SA4,26,ICT Professionals,13
2022-04,NSW,109,Murray,SA4,26,ICT Professionals,12
2022-04,NSW,110,New England and North West,SA4,26,ICT Professionals,5
2022-04,NSW,111,Newcastle and Lake Macquarie,SA4,26,ICT Professionals,63
2022-04,NSW,112,Richmond - Tweed,SA4,26,ICT Professionals,9
2022-04,NSW,113,Riverina,SA4,26,ICT Professionals,3
2022-04,NSW,114,Southern Highlands and Shoalhaven,SA4,26,ICT Professionals,10
2022-04,VIC,2GMEL,Greater Melbourne,GCCSA,26,ICT Professionals,4527
2022-04,VIC,201,Ballarat,SA4,26,ICT Professionals,10
2022-04,VIC,202,Bendigo,SA4,26,ICT Professionals,5
2022-04,VIC,203,Geelong,SA4,26,ICT Professionals,38
2022-04,VIC,204,Hume,SA4,26,ICT Professionals,6
2022-04,VIC,205,Latrobe - Gippsland,SA4,26,ICT Professionals,7
2022-04,VIC,215,North West,SA4,26,ICT Professionals,5
2022-04,VIC,216,Shepparton,SA4,26,ICT Professionals,9
2022-04,VIC,217,Warrnambool and South West,SA4,26,ICT Professionals,11
2022-04,QLD,3GBRI,Greater Brisbane,GCCSA,26,ICT Professionals,1858
2022-04,QLD,306,Cairns,SA4,26,ICT Professionals,8
2022-04,QLD,308,Central Queensland,SA4,26,ICT Professionals,9
2022-04,QLD,307,Darling Downs - Maranoa,SA4,26,ICT Professionals,8
2022-04,QLD,309,Gold Coast,SA4,26,ICT Professionals,104
2022-04,QLD,312,Mackay - Isaac - Whitsunday,SA4,26,ICT Professionals,11
2022-04,QLD,315,Queensland - Outback,SA4,26,ICT Professionals,6
2022-04,QLD,316,Sunshine Coast,SA4,26,ICT Professionals,35
2022-04,QLD,317,Toowoomba,SA4,26,ICT Professionals,10
2022-04,QLD,318,Townsville,SA4,26,ICT Professionals,13
2022-04,QLD,319,Wide Bay,SA4,26,ICT Professionals,6
2022-04,SA,4GADE,Greater Adelaide,GCCSA,26,ICT Professionals,634
2022-04,SA,405,Barossa - Yorke - Mid North,SA4,26,ICT Professionals,3
2022-04,SA,406,South Australia - Outback,SA4,26,ICT Professionals,4
2022-04,SA,407,South Australia - South East,SA4,26,ICT Professionals,4
2022-04,WA,5GPER,Greater Perth,GCCSA,26,ICT Professionals,894
2022-04,WA,501,Bunbury,SA4,26,ICT Professionals,6
2022-04,WA,510,Western Australia - Outback (North),SA4,26,ICT Professionals,6
2022-04,WA,511,Western Australia - Outback (South),SA4,26,ICT Professionals,9
2022-04,WA,509,Western Australia - Wheat Belt,SA4,26,ICT Professionals,0
2022-04,TAS,6GHOB,Greater Hobart,GCCSA,26,ICT Professionals,55
2022-04,TAS,602,Launceston and North East,SA4,26,ICT Professionals,5
2022-04,TAS,603,South East,SA4,26,ICT Professionals,2
2022-04,TAS,604,West and North West,SA4,26,ICT Professionals,3
2022-04,NT,7GDAR,Greater Darwin,GCCSA,26,ICT Professionals,56
2022-04,NT,702,Northern Territory - Outback,SA4,26,ICT Professionals,10
2022-04,ACT,8ACTE,Australian Capital Territory,GCCSA,26,ICT Professionals,1174
2022-05,NSW,1GSYD,Greater Sydney,GCCSA,26,ICT Professionals,5762
2022-05,NSW,101,Capital Region,SA4,26,ICT Professionals,9
2022-05,NSW,103,Central West,SA4,26,ICT Professionals,11
2022-05,NSW,104,Coffs Harbour - Grafton,SA4,26,ICT Professionals,4
2022-05,NSW,105,Far West and Orana,SA4,26,ICT Professionals,5
2022-05,NSW,106,Hunter Valley exc Newcastle,SA4,26,ICT Professionals,49
2022-05,NSW,107,Illawarra,SA4,26,ICT Professionals,21
2022-05,NSW,108,Mid North Coast,SA4,26,ICT Professionals,16
2022-05,NSW,109,Murray,SA4,26,ICT Professionals,9
2022-05,NSW,110,New England and North West,SA4,26,ICT Professionals,6
2022-05,NSW,111,Newcastle and Lake Macquarie,SA4,26,ICT Professionals,67
2022-05,NSW,112,Richmond - Tweed,SA4,26,ICT Professionals,11
2022-05,NSW,113,Riverina,SA4,26,ICT Professionals,5
2022-05,NSW,114,Southern Highlands and Shoalhaven,SA4,26,ICT Professionals,9
2022-05,VIC,2GMEL,Greater Melbourne,GCCSA,26,ICT Professionals,4457
2022-05,VIC,201,Ballarat,SA4,26,ICT Professionals,10
2022-05,VIC,202,Bendigo,SA4,26,ICT Professionals,7
2022-05,VIC,203,Geelong,SA4,26,ICT Professionals,42
2022-05,VIC,204,Hume,SA4,26,ICT Professionals,6
2022-05,VIC,205,Latrobe - Gippsland,SA4,26,ICT Professionals,7
2022-05,VIC,215,North West,SA4,26,ICT Professionals,7
2022-05,VIC,216,Shepparton,SA4,26,ICT Professionals,6
2022-05,VIC,217,Warrnambool and South West,SA4,26,ICT Professionals,12
2022-05,QLD,3GBRI,Greater Brisbane,GCCSA,26,ICT Professionals,1873
2022-05,QLD,306,Cairns,SA4,26,ICT Professionals,12
2022-05,QLD,308,Central Queensland,SA4,26,ICT Professionals,11
2022-05,QLD,307,Darling Downs - Maranoa,SA4,26,ICT Professionals,6
2022-05,QLD,309,Gold Coast,SA4,26,ICT Professionals,110
2022-05,QLD,312,Mackay - Isaac - Whitsunday,SA4,26,ICT Professionals,12
2022-05,QLD,315,Queensland - Outback,SA4,26,ICT Professionals,5
2022-05,QLD,316,Sunshine Coast,SA4,26,ICT Professionals,36
2022-05,QLD,317,Toowoomba,SA4,26,ICT Professionals,10
2022-05,QLD,318,Townsville,SA4,26,ICT Professionals,13
2022-05,QLD,319,Wide Bay,SA4,26,ICT Professionals,5
2022-05,SA,4GADE,Greater Adelaide,GCCSA,26,ICT Professionals,612
2022-05,SA,405,Barossa - Yorke - Mid North,SA4,26,ICT Professionals,2
2022-05,SA,406,South Australia - Outback,SA4,26,ICT Professionals,3
2022-05,SA,407,South Australia - South East,SA4,26,ICT Professionals,3
2022-05,WA,5GPER,Greater Perth,GCCSA,26,ICT Professionals,904
2022-05,WA,501,Bunbury,SA4,26,ICT Professionals,7
2022-05,WA,510,Western Australia - Outback (North),SA4,26,ICT Professionals,6
2022-05,WA,511,Western Australia - Outback (South),SA4,26,ICT Professionals,9
2022-05,WA,509,Western Australia - Wheat Belt,SA4,26,ICT Professionals,1
2022-05,TAS,6GHOB,Greater Hobart,GCCSA,26,ICT Professionals,55
2022-05,TAS,602,Launceston and North East,SA4,26,ICT Professionals,7
2022-05,TAS,603,South East,SA4,26,ICT Professionals,3
2022-05,TAS,604,West and North West,SA4,26,ICT Professionals,2
2022-05,NT,7GDAR,Greater Darwin,GCCSA,26,ICT Professionals,51
2022-05,NT,702,Northern Territory - Outback,SA4,26,ICT Professionals,10
2022-05,ACT,8ACTE,Australian Capital Territory,GCCSA,26,ICT Professionals,1100
2022-06,NSW,1GSYD,Greater Sydney,GCCSA,26,ICT Professionals,5272
2022-06,NSW,101,Capital Region,SA4,26,ICT Professionals,9
2022-06,NSW,103,Central West,SA4,26,ICT Professionals,9
2022-06,NSW,104,Coffs Harbour - Grafton,SA4,26,ICT Professionals,3
2022-06,NSW,105,Far West and Orana,SA4,26,ICT Professionals,4
2022-06,NSW,106,Hunter Valley exc Newcastle,SA4,26,ICT Professionals,40
2022-06,NSW,107,Illawarra,SA4,26,ICT Professionals,20
2022-06,NSW,108,Mid North Coast,SA4,26,ICT Professionals,19
2022-06,NSW,109,Murray,SA4,26,ICT Professionals,8
2022-06,NSW,110,New England and North West,SA4,26,ICT Professionals,9
2022-06,NSW,111,Newcastle and Lake Macquarie,SA4,26,ICT Professionals,62
2022-06,NSW,112,Richmond - Tweed,SA4,26,ICT Professionals,10
2022-06,NSW,113,Riverina,SA4,26,ICT Professionals,4
2022-06,NSW,114,Southern Highlands and Shoalhaven,SA4,26,ICT Professionals,8
2022-06,VIC,2GMEL,Greater Melbourne,GCCSA,26,ICT Professionals,4098
2022-06,VIC,201,Ballarat,SA4,26,ICT Professionals,9
2022-06,VIC,202,Bendigo,SA4,26,ICT Professionals,8
2022-06,VIC,203,Geelong,SA4,26,ICT Professionals,43
2022-06,VIC,204,Hume,SA4,26,ICT Professionals,6
2022-06,VIC,205,Latrobe - Gippsland,SA4,26,ICT Professionals,8
2022-06,VIC,215,North West,SA4,26,ICT Professionals,7
2022-06,VIC,216,Shepparton,SA4,26,ICT Professionals,4
2022-06,VIC,217,Warrnambool and South West,SA4,26,ICT Professionals,13
2022-06,QLD,3GBRI,Greater Brisbane,GCCSA,26,ICT Professionals,1758
2022-06,QLD,306,Cairns,SA4,26,ICT Professionals,11
2022-06,QLD,308,Central Queensland,SA4,26,ICT Professionals,8
2022-06,QLD,307,Darling Downs - Maranoa,SA4,26,ICT Professionals,4
2022-06,QLD,309,Gold Coast,SA4,26,ICT Professionals,114
2022-06,QLD,312,Mackay - Isaac - Whitsunday,SA4,26,ICT Professionals,11
2022-06,QLD,315,Queensland - Outback,SA4,26,ICT Professionals,4
2022-06,QLD,316,Sunshine Coast,SA4,26,ICT Professionals,41
2022-06,QLD,317,Toowoomba,SA4,26,ICT Professionals,7
2022-06,QLD,318,Townsville,SA4,26,ICT Professionals,16
2022-06,QLD,319,Wide Bay,SA4,26,ICT Professionals,4
2022-06,SA,4GADE,Greater Adelaide,GCCSA,26,ICT Professionals,550
2022-06,SA,405,Barossa - Yorke - Mid North,SA4,26,ICT Professionals,2
2022-06,SA,406,South Australia - Outback,SA4,26,ICT Professionals,3
2022-06,SA,407,South Australia - South East,SA4,26,ICT Professionals,5
2022-06,WA,5GPER,Greater Perth,GCCSA,26,ICT Professionals,814
2022-06,WA,501,Bunbury,SA4,26,ICT Professionals,8
2022-06,WA,510,Western Australia - Outback (North),SA4,26,ICT Professionals,5
2022-06,WA,511,Western Australia - Outback (South),SA4,26,ICT Professionals,11
2022-06,WA,509,Western Australia - Wheat Belt,SA4,26,ICT Professionals,2
2022-06,TAS,6GHOB,Greater Hobart,GCCSA,26,ICT Professionals,54
2022-06,TAS,602,Launceston and North East,SA4,26,ICT Professionals,8
2022-06,TAS,603,South East,SA4,26,ICT Professionals,2
2022-06,TAS,604,West and North West,SA4,26,ICT Professionals,2
2022-06,NT,7GDAR,Greater Darwin,GCCSA,26,ICT Professionals,49
2022-06,NT,702,Northern Territory - Outback,SA4,26,ICT Professionals,8
2022-06,ACT,8ACTE,Australian Capital Territory,GCCSA,26,ICT Professionals,1003
2022-07,NSW,1GSYD,Greater Sydney,GCCSA,26,ICT Professionals,5384
2022-07,NSW,101,Capital Region,SA4,26,ICT Professionals,9
2022-07,NSW,103,Central West,SA4,26,ICT Professionals,9
2022-07,NSW,104,Coffs Harbour - Grafton,SA4,26,ICT Professionals,4
2022-07,NSW,105,Far West and Orana,SA4,26,ICT Professionals,4
2022-07,NSW,106,Hunter Valley exc Newcastle,SA4,26,ICT Professionals,39
2022-07,NSW,107,Illawarra,SA4,26,ICT Professionals,21
2022-07,NSW,108,Mid North Coast,SA4,26,ICT Professionals,18
2022-07,NSW,109,Murray,SA4,26,ICT Professionals,9
2022-07,NSW,110,New England and North West,SA4,26,ICT Professionals,12
2022-07,NSW,111,Newcastle and Lake Macquarie,SA4,26,ICT Professionals,59
2022-07,NSW,112,Richmond - Tweed,SA4,26,ICT Professionals,10
2022-07,NSW,113,Riverina,SA4,26,ICT Professionals,4
2022-07,NSW,114,Southern Highlands and Shoalhaven,SA4,26,ICT Professionals,8
2022-07,VIC,2GMEL,Greater Melbourne,GCCSA,26,ICT Professionals,4225
2022-07,VIC,201,Ballarat,SA4,26,ICT Professionals,9
2022-07,VIC,202,Bendigo,SA4,26,ICT Professionals,9
2022-07,VIC,203,Geelong,SA4,26,ICT Professionals,47
2022-07,VIC,204,Hume,SA4,26,ICT Professionals,5
2022-07,VIC,205,Latrobe - Gippsland,SA4,26,ICT Professionals,9
2022-07,VIC,215,North West,SA4,26,ICT Professionals,7
2022-07,VIC,216,Shepparton,SA4,26,ICT Professionals,4
2022-07,VIC,217,Warrnambool and South West,SA4,26,ICT Professionals,15
2022-07,QLD,3GBRI,Greater Brisbane,GCCSA,26,ICT Professionals,1833
2022-07,QLD,306,Cairns,SA4,26,ICT Professionals,13
2022-07,QLD,308,Central Queensland,SA4,26,ICT Professionals,7
2022-07,QLD,307,Darling Downs - Maranoa,SA4,26,ICT Professionals,5
2022-07,QLD,309,Gold Coast,SA4,26,ICT Professionals,120
2022-07,QLD,312,Mackay - Isaac - Whitsunday,SA4,26,ICT Professionals,12
2022-07,QLD,315,Queensland - Outback,SA4,26,ICT Professionals,4
2022-07,QLD,316,Sunshine Coast,SA4,26,ICT Professionals,39
2022-07,QLD,317,Toowoomba,SA4,26,ICT Professionals,8
2022-07,QLD,318,Townsville,SA4,26,ICT Professionals,17
2022-07,QLD,319,Wide Bay,SA4,26,ICT Professionals,5
2022-07,SA,4GADE,Greater Adelaide,GCCSA,26,ICT Professionals,588
2022-07,SA,405,Barossa - Yorke - Mid North,SA4,26,ICT Professionals,1
2022-07,SA,406,South Australia - Outback,SA4,26,ICT Professionals,2
2022-07,SA,407,South Australia - South East,SA4,26,ICT Professionals,4
2022-07,WA,5GPER,Greater Perth,GCCSA,26,ICT Professionals,845
2022-07,WA,501,Bunbury,SA4,26,ICT Professionals,9
2022-07,WA,510,Western Australia - Outback (North),SA4,26,ICT Professionals,4
2022-07,WA,511,Western Australia - Outback (South),SA4,26,ICT Professionals,12
2022-07,WA,509,Western Australia - Wheat Belt,SA4,26,ICT Professionals,2
2022-07,TAS,6GHOB,Greater Hobart,GCCSA,26,ICT Professionals,60
2022-07,TAS,602,Launceston and North East,SA4,26,ICT Professionals,8
2022-07,TAS,603,South East,SA4,26,ICT Professionals,2
2022-07,TAS,604,West and North West,SA4,26,ICT Professionals,2
2022-07,NT,7GDAR,Greater Darwin,GCCSA,26,ICT Professionals,43
2022-07,NT,702,Northern Territory - Outback,SA4,26,ICT Professionals,8
2022-07,ACT,8ACTE,Australian Capital Territory,GCCSA,26,ICT Professionals,1042
2022-08,NSW,1GSYD,Greater Sydney,GCCSA,26,ICT Professionals,5277
2022-08,NSW,101,Capital Region,SA4,26,ICT Professionals,7
2022-08,NSW,103,Central West,SA4,26,ICT Professionals,8
2022-08,NSW,104,Coffs Harbour - Grafton,SA4,26,ICT Professionals,4
2022-08,NSW,105,Far West and Orana,SA4,26,ICT Professionals,5
2022-08,NSW,106,Hunter Valley exc Newcastle,SA4,26,ICT Professionals,38
2022-08,NSW,107,Illawarra,SA4,26,ICT Professionals,23
2022-08,NSW,108,Mid North Coast,SA4,26,ICT Professionals,18
2022-08,NSW,109,Murray,SA4,26,ICT Professionals,11
2022-08,NSW,110,New England and North West,SA4,26,ICT Professionals,14
2022-08,NSW,111,Newcastle and Lake Macquarie,SA4,26,ICT Professionals,58
2022-08,NSW,112,Richmond - Tweed,SA4,26,ICT Professionals,8
2022-08,NSW,113,Riverina,SA4,26,ICT Professionals,2
2022-08,NSW,114,Southern Highlands and Shoalhaven,SA4,26,ICT Professionals,7
2022-08,VIC,2GMEL,Greater Melbourne,GCCSA,26,ICT Professionals,4179
2022-08,VIC,201,Ballarat,SA4,26,ICT Professionals,10
2022-08,VIC,202,Bendigo,SA4,26,ICT Professionals,10
2022-08,VIC,203,Geelong,SA4,26,ICT Professionals,42
2022-08,VIC,204,Hume,SA4,26,ICT Professionals,5
2022-08,VIC,205,Latrobe - Gippsland,SA4,26,ICT Professionals,7
2022-08,VIC,215,North West,SA4,26,ICT Professionals,6
2022-08,VIC,216,Shepparton,SA4,26,ICT Professionals,5
2022-08,VIC,217,Warrnambool and South West,SA4,26,ICT Professionals,14
2022-08,QLD,3GBRI,Greater Brisbane,GCCSA,26,ICT Professionals,1825
2022-08,QLD,306,Cairns,SA4,26,ICT Professionals,13
2022-08,QLD,308,Central Queensland,SA4,26,ICT Professionals,6
2022-08,QLD,307,Darling Downs - Maranoa,SA4,26,ICT Professionals,5
2022-08,QLD,309,Gold Coast,SA4,26,ICT Professionals,122
2022-08,QLD,312,Mackay - Isaac - Whitsunday,SA4,26,ICT Professionals,12
2022-08,QLD,315,Queensland - Outback,SA4,26,ICT Professionals,4
2022-08,QLD,316,Sunshine Coast,SA4,26,ICT Professionals,38
2022-08,QLD,317,Toowoomba,SA4,26,ICT Professionals,7
2022-08,QLD,318,Townsville,SA4,26,ICT Professionals,19
2022-08,QLD,319,Wide Bay,SA4,26,ICT Professionals,6
2022-08,SA,4GADE,Greater Adelaide,GCCSA,26,ICT Professionals,613
2022-08,SA,405,Barossa - Yorke - Mid North,SA4,26,ICT Professionals,1
2022-08,SA,406,South Australia - Outback,SA4,26,ICT Professionals,3
2022-08,SA,407,South Australia - South East,SA4,26,ICT Professionals,4
2022-08,WA,5GPER,Greater Perth,GCCSA,26,ICT Professionals,861
2022-08,WA,501,Bunbury,SA4,26,ICT Professionals,8
2022-08,WA,510,Western Australia - Outback (North),SA4,26,ICT Professionals,4
2022-08,WA,511,Western Australia - Outback (South),SA4,26,ICT Professionals,13
2022-08,WA,509,Western Australia - Wheat Belt,SA4,26,ICT Professionals,2
2022-08,TAS,6GHOB,Greater Hobart,GCCSA,26,ICT Professionals,56
2022-08,TAS,602,Launceston and North East,SA4,26,ICT Professionals,7
2022-08,TAS,603,South East,SA4,26,ICT Professionals,1
2022-08,TAS,604,West and North West,SA4,26,ICT Professionals,2
2022-08,NT,7GDAR,Greater Darwin,GCCSA,26,ICT Professionals,41
2022-08,NT,702,Northern Territory - Outback,SA4,26,ICT Professionals,10
2022-08,ACT,8ACTE,Australian Capital Territory,GCCSA,26,ICT Professionals,1112
2022-09,NSW,1GSYD,Greater Sydney,GCCSA,26,ICT Professionals,5202
2022-09,NSW,101,Capital Region,SA4,26,ICT Professionals,6
2022-09,NSW,103,Central West,SA4,26,ICT Professionals,9
2022-09,NSW,104,Coffs Harbour - Grafton,SA4,26,ICT Professionals,5
2022-09,NSW,105,Far West and Orana,SA4,26,ICT Professionals,4
2022-09,NSW,106,Hunter Valley exc Newcastle,SA4,26,ICT Professionals,33
2022-09,NSW,107,Illawarra,SA4,26,ICT Professionals,19
2022-09,NSW,108,Mid North Coast,SA4,26,ICT Professionals,15
2022-09,NSW,109,Murray,SA4,26,ICT Professionals,10
2022-09,NSW,110,New England and North West,SA4,26,ICT Professionals,14
2022-09,NSW,111,Newcastle and Lake Macquarie,SA4,26,ICT Professionals,55
2022-09,NSW,112,Richmond - Tweed,SA4,26,ICT Professionals,8
2022-09,NSW,113,Riverina,SA4,26,ICT Professionals,4
2022-09,NSW,114,Southern Highlands and Shoalhaven,SA4,26,ICT Professionals,6
2022-09,VIC,2GMEL,Greater Melbourne,GCCSA,26,ICT Professionals,4076
2022-09,VIC,201,Ballarat,SA4,26,ICT Professionals,13
2022-09,VIC,202,Bendigo,SA4,26,ICT Professionals,11
2022-09,VIC,203,Geelong,SA4,26,ICT Professionals,41
2022-09,VIC,204,Hume,SA4,26,ICT Professionals,6
2022-09,VIC,205,Latrobe - Gippsland,SA4,26,ICT Professionals,9
2022-09,VIC,215,North West,SA4,26,ICT Professionals,4
2022-09,VIC,216,Shepparton,SA4,26,ICT Professionals,6
2022-09,VIC,217,Warrnambool and South West,SA4,26,ICT Professionals,13
2022-09,QLD,3GBRI,Greater Brisbane,GCCSA,26,ICT Professionals,1799
2022-09,QLD,306,Cairns,SA4,26,ICT Professionals,17
2022-09,QLD,308,Central Queensland,SA4,26,ICT Professionals,6
2022-09,QLD,307,Darling Downs - Maranoa,SA4,26,ICT Professionals,5
2022-09,QLD,309,Gold Coast,SA4,26,ICT Professionals,116
2022-09,QLD,312,Mackay - Isaac - Whitsunday,SA4,26,ICT Professionals,13
2022-09,QLD,315,Queensland - Outback,SA4,26,ICT Professionals,3
2022-09,QLD,316,Sunshine Coast,SA4,26,ICT Professionals,29
2022-09,QLD,317,Toowoomba,SA4,26,ICT Professionals,8
2022-09,QLD,318,Townsville,SA4,26,ICT Professionals,18
2022-09,QLD,319,Wide Bay,SA4,26,ICT Professionals,4
2022-09,SA,4GADE,Greater Adelaide,GCCSA,26,ICT Professionals,601
2022-09,SA,405,Barossa - Yorke - Mid North,SA4,26,ICT Professionals,2
2022-09,SA,406,South Australia - Outback,SA4,26,ICT Professionals,3
2022-09,SA,407,South Australia - South East,SA4,26,ICT Professionals,2
2022-09,WA,5GPER,Greater Perth,GCCSA,26,ICT Professionals,857
2022-09,WA,501,Bunbury,SA4,26,ICT Professionals,8
2022-09,WA,510,Western Australia - Outback (North),SA4,26,ICT Professionals,5
2022-09,WA,511,Western Australia - Outback (South),SA4,26,ICT Professionals,11
2022-09,WA,509,Western Australia - Wheat Belt,SA4,26,ICT Professionals,2
2022-09,TAS,6GHOB,Greater Hobart,GCCSA,26,ICT Professionals,53
2022-09,TAS,602,Launceston and North East,SA4,26,ICT Professionals,6
2022-09,TAS,603,South East,SA4,26,ICT Professionals,1
2022-09,TAS,604,West and North West,SA4,26,ICT Professionals,3
2022-09,NT,7GDAR,Greater Darwin,GCCSA,26,ICT Professionals,40
2022-09,NT,702,Northern Territory - Outback,SA4,26,ICT Professionals,9
2022-09,ACT,8ACTE,Australian Capital Territory,GCCSA,26,ICT Professionals,1104
2022-10,NSW,1GSYD,Greater Sydney,GCCSA,26,ICT Professionals,4959
2022-10,NSW,101,Capital Region,SA4,26,ICT Professionals,7
2022-10,NSW,103,Central West,SA4,26,ICT Professionals,8
2022-10,NSW,104,Coffs Harbour - Grafton,SA4,26,ICT Professionals,4
2022-10,NSW,105,Far West and Orana,SA4,26,ICT Professionals,4
2022-10,NSW,106,Hunter Valley exc Newcastle,SA4,26,ICT Professionals,35
2022-10,NSW,107,Illawarra,SA4,26,ICT Professionals,18
2022-10,NSW,108,Mid North Coast,SA4,26,ICT Professionals,17
2022-10,NSW,109,Murray,SA4,26,ICT Professionals,9
2022-10,NSW,110,New England and North West,SA4,26,ICT Professionals,13
2022-10,NSW,111,Newcastle and Lake Macquarie,SA4,26,ICT Professionals,56
2022-10,NSW,112,Richmond - Tweed,SA4,26,ICT Professionals,6
2022-10,NSW,113,Riverina,SA4,26,ICT Professionals,6
2022-10,NSW,114,Southern Highlands and Shoalhaven,SA4,26,ICT Professionals,7
2022-10,VIC,2GMEL,Greater Melbourne,GCCSA,26,ICT Professionals,4013
2022-10,VIC,201,Ballarat,SA4,26,ICT Professionals,19
2022-10,VIC,202,Bendigo,SA4,26,ICT Professionals,11
2022-10,VIC,203,Geelong,SA4,26,ICT Professionals,35
2022-10,VIC,204,Hume,SA4,26,ICT Professionals,7
2022-10,VIC,205,Latrobe - Gippsland,SA4,26,ICT Professionals,11
2022-10,VIC,215,North West,SA4,26,ICT Professionals,4
2022-10,VIC,216,Shepparton,SA4,26,ICT Professionals,4
2022-10,VIC,217,Warrnambool and South West,SA4,26,ICT Professionals,12
2022-10,QLD,3GBRI,Greater Brisbane,GCCSA,26,ICT Professionals,1766
2022-10,QLD,306,Cairns,SA4,26,ICT Professionals,15
2022-10,QLD,308,Central Queensland,SA4,26,ICT Professionals,7
2022-10,QLD,307,Darling Downs - Maranoa,SA4,26,ICT Professionals,4
2022-10,QLD,309,Gold Coast,SA4,26,ICT Professionals,119
2022-10,QLD,312,Mackay - Isaac - Whitsunday,SA4,26,ICT Professionals,12
2022-10,QLD,315,Queensland - Outback,SA4,26,ICT Professionals,3
2022-10,QLD,316,Sunshine Coast,SA4,26,ICT Professionals,25
2022-10,QLD,317,Toowoomba,SA4,26,ICT Professionals,7
2022-10,QLD,318,Townsville,SA4,26,ICT Professionals,19
2022-10,QLD,319,Wide Bay,SA4,26,ICT Professionals,3
2022-10,SA,4GADE,Greater Adelaide,GCCSA,26,ICT Professionals,579
2022-10,SA,405,Barossa - Yorke - Mid North,SA4,26,ICT Professionals,1
2022-10,SA,406,South Australia - Outback,SA4,26,ICT Professionals,3
2022-10,SA,407,South Australia - South East,SA4,26,ICT Professionals,2
2022-10,WA,5GPER,Greater Perth,GCCSA,26,ICT Professionals,863
2022-10,WA,501,Bunbury,SA4,26,ICT Professionals,6
2022-10,WA,510,Western Australia - Outback (North),SA4,26,ICT Professionals,8
2022-10,WA,511,Western Australia - Outback (South),SA4,26,ICT Professionals,9
2022-10,WA,509,Western Australia - Wheat Belt,SA4,26,ICT Professionals,1
2022-10,TAS,6GHOB,Greater Hobart,GCCSA,26,ICT Professionals,55
2022-10,TAS,602,Launceston and North East,SA4,26,ICT Professionals,5
2022-10,TAS,603,South East,SA4,26,ICT Professionals,1
2022-10,TAS,604,West and North West,SA4,26,ICT Professionals,4
2022-10,NT,7GDAR,Greater Darwin,GCCSA,26,ICT Professionals,41
2022-10,NT,702,Northern Territory - Outback,SA4,26,ICT Professionals,6
2022-10,ACT,8ACTE,Australian Capital Territory,GCCSA,26,ICT Professionals,1086
2022-11,NSW,1GSYD,Greater Sydney,GCCSA,26,ICT Professionals,4611
2022-11,NSW,101,Capital Region,SA4,26,ICT Professionals,8
2022-11,NSW,103,Central West,SA4,26,ICT Professionals,8
2022-11,NSW,104,Coffs Harbour - Grafton,SA4,26,ICT Professionals,5
2022-11,NSW,105,Far West and Orana,SA4,26,ICT Professionals,4
2022-11,NSW,106,Hunter Valley exc Newcastle,SA4,26,ICT Professionals,31
2022-11,NSW,107,Illawarra,SA4,26,ICT Professionals,17
2022-11,NSW,108,Mid North Coast,SA4,26,ICT Professionals,18
2022-11,NSW,109,Murray,SA4,26,ICT Professionals,6
2022-11,NSW,110,New England and North West,SA4,26,ICT Professionals,9
2022-11,NSW,111,Newcastle and Lake Macquarie,SA4,26,ICT Professionals,50
2022-11,NSW,112,Richmond - Tweed,SA4,26,ICT Professionals,6
2022-11,NSW,113,Riverina,SA4,26,ICT Professionals,7
2022-11,NSW,114,Southern Highlands and Shoalhaven,SA4,26,ICT Professionals,7
2022-11,VIC,2GMEL,Greater Melbourne,GCCSA,26,ICT Professionals,3846
2022-11,VIC,201,Ballarat,SA4,26,ICT Professionals,21
2022-11,VIC,202,Bendigo,SA4,26,ICT Professionals,10
2022-11,VIC,203,Geelong,SA4,26,ICT Professionals,33
2022-11,VIC,204,Hume,SA4,26,ICT Professionals,6
2022-11,VIC,205,Latrobe - Gippsland,SA4,26,ICT Professionals,11
2022-11,VIC,215,North West,SA4,26,ICT Professionals,4
2022-11,VIC,216,Shepparton,SA4,26,ICT Professionals,6
2022-11,VIC,217,Warrnambool and South West,SA4,26,ICT Professionals,12
2022-11,QLD,3GBRI,Greater Brisbane,GCCSA,26,ICT Professionals,1730
2022-11,QLD,306,Cairns,SA4,26,ICT Professionals,15
2022-11,QLD,308,Central Queensland,SA4,26,ICT Professionals,8
2022-11,QLD,307,Darling Downs - Maranoa,SA4,26,ICT Professionals,4
2022-11,QLD,309,Gold Coast,SA4,26,ICT Professionals,111
2022-11,QLD,312,Mackay - Isaac - Whitsunday,SA4,26,ICT Professionals,10
2022-11,QLD,315,Queensland - Outback,SA4,26,ICT Professionals,4
2022-11,QLD,316,Sunshine Coast,SA4,26,ICT Professionals,22
2022-11,QLD,317,Toowoomba,SA4,26,ICT Professionals,7
2022-11,QLD,318,Townsville,SA4,26,ICT Professionals,19
2022-11,QLD,319,Wide Bay,SA4,26,ICT Professionals,3
2022-11,SA,4GADE,Greater Adelaide,GCCSA,26,ICT Professionals,541
2022-11,SA,405,Barossa - Yorke - Mid North,SA4,26,ICT Professionals,2
2022-11,SA,406,South Australia - Outback,SA4,26,ICT Professionals,2
2022-11,SA,407,South Australia - South East,SA4,26,ICT Professionals,1
2022-11,WA,5GPER,Greater Perth,GCCSA,26,ICT Professionals,804
2022-11,WA,501,Bunbury,SA4,26,ICT Professionals,6
2022-11,WA,510,Western Australia - Outback (North),SA4,26,ICT Professionals,8
2022-11,WA,511,Western Australia - Outback (South),SA4,26,ICT Professionals,8
2022-11,WA,509,Western Australia - Wheat Belt,SA4,26,ICT Professionals,2
2022-11,TAS,6GHOB,Greater Hobart,GCCSA,26,ICT Professionals,54
2022-11,TAS,602,Launceston and North East,SA4,26,ICT Professionals,3
2022-11,TAS,603,South East,SA4,26,ICT Professionals,1
2022-11,TAS,604,West and North West,SA4,26,ICT Professionals,4
2022-11,NT,7GDAR,Greater Darwin,GCCSA,26,ICT Professionals,40
2022-11,NT,702,Northern Territory - Outback,SA4,26,ICT Professionals,6
2022-11,ACT,8ACTE,Australian Capital Territory,GCCSA,26,ICT Professionals,1000
2022-12,NSW,1GSYD,Greater Sydney,GCCSA,26,ICT Professionals,3839
2022-12,NSW,101,Capital Region,SA4,26,ICT Professionals,8
2022-12,NSW,103,Central West,SA4,26,ICT Professionals,7
2022-12,NSW,104,Coffs Harbour - Grafton,SA4,26,ICT Professionals,4
2022-12,NSW,105,Far West and Orana,SA4,26,ICT Professionals,5
2022-12,NSW,106,Hunter Valley exc Newcastle,SA4,26,ICT Professionals,27
2022-12,NSW,107,Illawarra,SA4,26,ICT Professionals,17
2022-12,NSW,108,Mid North Coast,SA4,26,ICT Professionals,16
2022-12,NSW,109,Murray,SA4,26,ICT Professionals,5
2022-12,NSW,110,New England and North West,SA4,26,ICT Professionals,6
2022-12,NSW,111,Newcastle and Lake Macquarie,SA4,26,ICT Professionals,40
2022-12,NSW,112,Richmond - Tweed,SA4,26,ICT Professionals,6
2022-12,NSW,113,Riverina,SA4,26,ICT Professionals,7
2022-12,NSW,114,Southern Highlands and Shoalhaven,SA4,26,ICT Professionals,7
2022-12,VIC,2GMEL,Greater Melbourne,GCCSA,26,ICT Professionals,3455
2022-12,VIC,201,Ballarat,SA4,26,ICT Professionals,21
2022-12,VIC,202,Bendigo,SA4,26,ICT Professionals,10
2022-12,VIC,203,Geelong,SA4,26,ICT Professionals,29
2022-12,VIC,204,Hume,SA4,26,ICT Professionals,6
2022-12,VIC,205,Latrobe - Gippsland,SA4,26,ICT Professionals,10
2022-12,VIC,215,North West,SA4,26,ICT Professionals,4
2022-12,VIC,216,Shepparton,SA4,26,ICT Professionals,4
2022-12,VIC,217,Warrnambool and South West,SA4,26,ICT Professionals,10
2022-12,QLD,3GBRI,Greater Brisbane,GCCSA,26,ICT Professionals,1492
2022-12,QLD,306,Cairns,SA4,26,ICT Professionals,11
2022-12,QLD,308,Central Queensland,SA4,26,ICT Professionals,9
2022-12,QLD,307,Darling Downs - Maranoa,SA4,26,ICT Professionals,5
2022-12,QLD,309,Gold Coast,SA4,26,ICT Professionals,100
2022-12,QLD,312,Mackay - Isaac - Whitsunday,SA4,26,ICT Professionals,10
2022-12,QLD,315,Queensland - Outback,SA4,26,ICT Professionals,4
2022-12,QLD,316,Sunshine Coast,SA4,26,ICT Professionals,19
2022-12,QLD,317,Toowoomba,SA4,26,ICT Professionals,6
2022-12,QLD,318,Townsville,SA4,26,ICT Professionals,17
2022-12,QLD,319,Wide Bay,SA4,26,ICT Professionals,4
2022-12,SA,4GADE,Greater Adelaide,GCCSA,26,ICT Professionals,497
2022-12,SA,405,Barossa - Yorke - Mid North,SA4,26,ICT Professionals,1
2022-12,SA,406,South Australia - Outback,SA4,26,ICT Professionals,2
2022-12,SA,407,South Australia - South East,SA4,26,ICT Professionals,1
2022-12,WA,5GPER,Greater Perth,GCCSA,26,ICT Professionals,711
2022-12,WA,501,Bunbury,SA4,26,ICT Professionals,3
2022-12,WA,510,Western Australia - Outback (North),SA4,26,ICT Professionals,6
2022-12,WA,511,Western Australia - Outback (South),SA4,26,ICT Professionals,8
2022-12,WA,509,Western Australia - Wheat Belt,SA4,26,ICT Professionals,1
2022-12,TAS,6GHOB,Greater Hobart,GCCSA,26,ICT Professionals,46
2022-12,TAS,602,Launceston and North East,SA4,26,ICT Professionals,4
2022-12,TAS,603,South East,SA4,26,ICT Professionals,1
2022-12,TAS,604,West and North West,SA4,26,ICT Professionals,4
2022-12,NT,7GDAR,Greater Darwin,GCCSA,26,ICT Professionals,35
2022-12,NT,702,Northern Territory - Outback,SA4,26,ICT Professionals,5
2022-12,ACT,8ACTE,Australian Capital Territory,GCCSA,26,ICT Professionals,904
2023-01,NSW,1GSYD,Greater Sydney,GCCSA,26,ICT Professionals,3699
2023-01,NSW,101,Capital Region,SA4,26,ICT Professionals,7
2023-01,NSW,103,Central West,SA4,26,ICT Professionals,7
2023-01,NSW,104,Coffs Harbour - Grafton,SA4,26,ICT Professionals,3
2023-01,NSW,105,Far West and Orana,SA4,26,ICT Professionals,5
2023-01,NSW,106,Hunter Valley exc Newcastle,SA4,26,ICT Professionals,25
2023-01,NSW,107,Illawarra,SA4,26,ICT Professionals,16
2023-01,NSW,108,Mid North Coast,SA4,26,ICT Professionals,16
2023-01,NSW,109,Murray,SA4,26,ICT Professionals,4
2023-01,NSW,110,New England and North West,SA4,26,ICT Professionals,4
2023-01,NSW,111,Newcastle and Lake Macquarie,SA4,26,ICT Professionals,42
2023-01,NSW,112,Richmond - Tweed,SA4,26,ICT Professionals,9
2023-01,NSW,113,Riverina,SA4,26,ICT Professionals,6
2023-01,NSW,114,Southern Highlands and Shoalhaven,SA4,26,ICT Professionals,6
2023-01,VIC,2GMEL,Greater Melbourne,GCCSA,26,ICT Professionals,3240
2023-01,VIC,201,Ballarat,SA4,26,ICT Professionals,17
2023-01,VIC,202,Bendigo,SA4,26,ICT Professionals,10
2023-01,VIC,203,Geelong,SA4,26,ICT Professionals,29
2023-01,VIC,204,Hume,SA4,26,ICT Professionals,5
2023-01,VIC,205,Latrobe - Gippsland,SA4,26,ICT Professionals,8
2023-01,VIC,215,North West,SA4,26,ICT Professionals,4
2023-01,VIC,216,Shepparton,SA4,26,ICT Professionals,5
2023-01,VIC,217,Warrnambool and South West,SA4,26,ICT Professionals,11
2023-01,QLD,3GBRI,Greater Brisbane,GCCSA,26,ICT Professionals,1525
2023-01,QLD,306,Cairns,SA4,26,ICT Professionals,13
2023-01,QLD,308,Central Queensland,SA4,26,ICT Professionals,8
2023-01,QLD,307,Darling Downs - Maranoa,SA4,26,ICT Professionals,4
2023-01,QLD,309,Gold Coast,SA4,26,ICT Professionals,102
2023-01,QLD,312,Mackay - Isaac - Whitsunday,SA4,26,ICT Professionals,9
2023-01,QLD,315,Queensland - Outback,SA4,26,ICT Professionals,5
2023-01,QLD,316,Sunshine Coast,SA4,26,ICT Professionals,23
2023-01,QLD,317,Toowoomba,SA4,26,ICT Professionals,5
2023-01,QLD,318,Townsville,SA4,26,ICT Professionals,14
2023-01,QLD,319,Wide Bay,SA4,26,ICT Professionals,5
2023-01,SA,4GADE,Greater Adelaide,GCCSA,26,ICT Professionals,475
2023-01,SA,405,Barossa - Yorke - Mid North,SA4,26,ICT Professionals,1
2023-01,SA,406,South Australia - Outback,SA4,26,ICT Professionals,3
2023-01,SA,407,South Australia - South East,SA4,26,ICT Professionals,1
2023-01,WA,5GPER,Greater Perth,GCCSA,26,ICT Professionals,670
2023-01,WA,501,Bunbury,SA4,26,ICT Professionals,5
2023-01,WA,510,Western Australia - Outback (North),SA4,26,ICT Professionals,6
2023-01,WA,511,Western Australia - Outback (South),SA4,26,ICT Professionals,9
2023-01,WA,509,Western Australia - Wheat Belt,SA4,26,ICT Professionals,1
2023-01,TAS,6GHOB,Greater Hobart,GCCSA,26,ICT Professionals,40
2023-01,TAS,602,Launceston and North East,SA4,26,ICT Professionals,4
2023-01,TAS,603,South East,SA4,26,ICT Professionals,1
2023-01,TAS,604,West and North West,SA4,26,ICT Professionals,5
2023-01,NT,7GDAR,Greater Darwin,GCCSA,26,ICT Professionals,36
2023-01,NT,702,Northern Territory - Outback,SA4,26,ICT Professionals,6
2023-01,ACT,8ACTE,Australian Capital Territory,GCCSA,26,ICT Professionals,852
2023-02,NSW,1GSYD,Greater Sydney,GCCSA,26,ICT Professionals,3592
2023-02,NSW,101,Capital Region,SA4,26,ICT Professionals,8
2023-02,NSW,103,Central West,SA4,26,ICT Professionals,8
2023-02,NSW,104,Coffs Harbour - Grafton,SA4,26,ICT Professionals,1
2023-02,NSW,105,Far West and Orana,SA4,26,ICT Professionals,6
2023-02,NSW,106,Hunter Valley exc Newcastle,SA4,26,ICT Professionals,26
2023-02,NSW,107,Illawarra,SA4,26,ICT Professionals,16
2023-02,NSW,108,Mid North Coast,SA4,26,ICT Professionals,18
2023-02,NSW,109,Murray,SA4,26,ICT Professionals,5
2023-02,NSW,110,New England and North West,SA4,26,ICT Professionals,4
2023-02,NSW,111,Newcastle and Lake Macquarie,SA4,26,ICT Professionals,43
2023-02,NSW,112,Richmond - Tweed,SA4,26,ICT Professionals,10
2023-02,NSW,113,Riverina,SA4,26,ICT Professionals,5
2023-02,NSW,114,Southern Highlands and Shoalhaven,SA4,26,ICT Professionals,5
2023-02,VIC,2GMEL,Greater Melbourne,GCCSA,26,ICT Professionals,3098
2023-02,VIC,201,Ballarat,SA4,26,ICT Professionals,18
2023-02,VIC,202,Bendigo,SA4,26,ICT Professionals,9
2023-02,VIC,203,Geelong,SA4,26,ICT Professionals,32
2023-02,VIC,204,Hume,SA4,26,ICT Professionals,6
2023-02,VIC,205,Latrobe - Gippsland,SA4,26,ICT Professionals,7
2023-02,VIC,215,North West,SA4,26,ICT Professionals,4
2023-02,VIC,216,Shepparton,SA4,26,ICT Professionals,4
2023-02,VIC,217,Warrnambool and South West,SA4,26,ICT Professionals,10
2023-02,QLD,3GBRI,Greater Brisbane,GCCSA,26,ICT Professionals,1488
2023-02,QLD,306,Cairns,SA4,26,ICT Professionals,10
2023-02,QLD,308,Central Queensland,SA4,26,ICT Professionals,7
2023-02,QLD,307,Darling Downs - Maranoa,SA4,26,ICT Professionals,4
2023-02,QLD,309,Gold Coast,SA4,26,ICT Professionals,111
2023-02,QLD,312,Mackay - Isaac - Whitsunday,SA4,26,ICT Professionals,9
2023-02,QLD,315,Queensland - Outback,SA4,26,ICT Professionals,3
2023-02,QLD,316,Sunshine Coast,SA4,26,ICT Professionals,22
2023-02,QLD,317,Toowoomba,SA4,26,ICT Professionals,6
2023-02,QLD,318,Townsville,SA4,26,ICT Professionals,14
2023-02,QLD,319,Wide Bay,SA4,26,ICT Professionals,4
2023-02,SA,4GADE,Greater Adelaide,GCCSA,26,ICT Professionals,472
2023-02,SA,405,Barossa - Yorke - Mid North,SA4,26,ICT Professionals,2
2023-02,SA,406,South Australia - Outback,SA4,26,ICT Professionals,1
2023-02,SA,407,South Australia - South East,SA4,26,ICT Professionals,0
2023-02,WA,5GPER,Greater Perth,GCCSA,26,ICT Professionals,682
2023-02,WA,501,Bunbury,SA4,26,ICT Professionals,6
2023-02,WA,510,Western Australia - Outback (North),SA4,26,ICT Professionals,6
2023-02,WA,511,Western Australia - Outback (South),SA4,26,ICT Professionals,8
2023-02,WA,509,Western Australia - Wheat Belt,SA4,26,ICT Professionals,1
2023-02,TAS,6GHOB,Greater Hobart,GCCSA,26,ICT Professionals,42
2023-02,TAS,602,Launceston and North East,SA4,26,ICT Professionals,7
2023-02,TAS,603,South East,SA4,26,ICT Professionals,1
2023-02,TAS,604,West and North West,SA4,26,ICT Professionals,4
2023-02,NT,7GDAR,Greater Darwin,GCCSA,26,ICT Professionals,37
2023-02,NT,702,Northern Territory - Outback,SA4,26,ICT Professionals,4
2023-02,ACT,8ACTE,Australian Capital Territory,GCCSA,26,ICT Professionals,837
2023-03,NSW,1GSYD,Greater Sydney,GCCSA,26,ICT Professionals,4192
2023-03,NSW,101,Capital Region,SA4,26,ICT Professionals,10
2023-03,NSW,103,Central West,SA4,26,ICT Professionals,8
2023-03,NSW,104,Coffs Harbour - Grafton,SA4,26,ICT Professionals,2
2023-03,NSW,105,Far West and Orana,SA4,26,ICT Professionals,6
2023-03,NSW,106,Hunter Valley exc Newcastle,SA4,26,ICT Professionals,34
2023-03,NSW,107,Illawarra,SA4,26,ICT Professionals,17
2023-03,NSW,108,Mid North Coast,SA4,26,ICT Professionals,21
2023-03,NSW,109,Murray,SA4,26,ICT Professionals,6
2023-03,NSW,110,New England and North West,SA4,26,ICT Professionals,4
2023-03,NSW,111,Newcastle and Lake Macquarie,SA4,26,ICT Professionals,59
2023-03,NSW,112,Richmond - Tweed,SA4,26,ICT Professionals,11
2023-03,NSW,113,Riverina,SA4,26,ICT Professionals,6
2023-03,NSW,114,Southern Highlands and Shoalhaven,SA4,26,ICT Professionals,6
2023-03,VIC,2GMEL,Greater Melbourne,GCCSA,26,ICT Professionals,3395
2023-03,VIC,201,Ballarat,SA4,26,ICT Professionals,18
2023-03,VIC,202,Bendigo,SA4,26,ICT Professionals,10
2023-03,VIC,203,Geelong,SA4,26,ICT Professionals,47
2023-03,VIC,204,Hume,SA4,26,ICT Professionals,5
2023-03,VIC,205,Latrobe - Gippsland,SA4,26,ICT Professionals,6
2023-03,VIC,215,North West,SA4,26,ICT Professionals,3
2023-03,VIC,216,Shepparton,SA4,26,ICT Professionals,5
2023-03,VIC,217,Warrnambool and South West,SA4,26,ICT Professionals,11
2023-03,QLD,3GBRI,Greater Brisbane,GCCSA,26,ICT Professionals,1846
2023-03,QLD,306,Cairns,SA4,26,ICT Professionals,11
2023-03,QLD,308,Central Queensland,SA4,26,ICT Professionals,6
2023-03,QLD,307,Darling Downs - Maranoa,SA4,26,ICT Professionals,5
2023-03,QLD,309,Gold Coast,SA4,26,ICT Professionals,127
2023-03,QLD,312,Mackay - Isaac - Whitsunday,SA4,26,ICT Professionals,12
2023-03,QLD,315,Queensland - Outback,SA4,26,ICT Professionals,4
2023-03,QLD,316,Sunshine Coast,SA4,26,ICT Professionals,26
2023-03,QLD,317,Toowoomba,SA4,26,ICT Professionals,6
2023-03,QLD,318,Townsville,SA4,26,ICT Professionals,21
2023-03,QLD,319,Wide Bay,SA4,26,ICT Professionals,5
2023-03,SA,4GADE,Greater Adelaide,GCCSA,26,ICT Professionals,514
2023-03,SA,405,Barossa - Yorke - Mid North,SA4,26,ICT Professionals,3
2023-03,SA,406,South Australia - Outback,SA4,26,ICT Professionals,1
2023-03,SA,407,South Australia - South East,SA4,26,ICT Professionals,2
2023-03,WA,5GPER,Greater Perth,GCCSA,26,ICT Professionals,792
2023-03,WA,501,Bunbury,SA4,26,ICT Professionals,8
2023-03,WA,510,Western Australia - Outback (North),SA4,26,ICT Professionals,7
2023-03,WA,511,Western Australia - Outback (South),SA4,26,ICT Professionals,8
2023-03,WA,509,Western Australia - Wheat Belt,SA4,26,ICT Professionals,1
2023-03,TAS,6GHOB,Greater Hobart,GCCSA,26,ICT Professionals,59
2023-03,TAS,602,Launceston and North East,SA4,26,ICT Professionals,8
2023-03,TAS,603,South East,SA4,26,ICT Professionals,1
2023-03,TAS,604,West and North West,SA4,26,ICT Professionals,4
2023-03,NT,7GDAR,Greater Darwin,GCCSA,26,ICT Professionals,45
2023-03,NT,702,Northern Territory - Outback,SA4,26,ICT Professionals,5
2023-03,ACT,8ACTE,Australian Capital Territory,GCCSA,26,ICT Professionals,1034
2023-04,NSW,1GSYD,Greater Sydney,GCCSA,26,ICT Professionals,3987
2023-04,NSW,101,Capital Region,SA4,26,ICT Professionals,9
2023-04,NSW,103,Central West,SA4,26,ICT Professionals,8
2023-04,NSW,104,Coffs Harbour - Grafton,SA4,26,ICT Professionals,3
2023-04,NSW,105,Far West and Orana,SA4,26,ICT Professionals,7
2023-04,NSW,106,Hunter Valley exc Newcastle,SA4,26,ICT Professionals,33
2023-04,NSW,107,Illawarra,SA4,26,ICT Professionals,15
2023-04,NSW,108,Mid North Coast,SA4,26,ICT Professionals,20
2023-04,NSW,109,Murray,SA4,26,ICT Professionals,7
2023-04,NSW,110,New England and North West,SA4,26,ICT Professionals,6
2023-04,NSW,111,Newcastle and Lake Macquarie,SA4,26,ICT Professionals,56
2023-04,NSW,112,Richmond - Tweed,SA4,26,ICT Professionals,9
2023-04,NSW,113,Riverina,SA4,26,ICT Professionals,6
2023-04,NSW,114,Southern Highlands and Shoalhaven,SA4,26,ICT Professionals,7
2023-04,VIC,2GMEL,Greater Melbourne,GCCSA,26,ICT Professionals,3205
2023-04,VIC,201,Ballarat,SA4,26,ICT Professionals,14
2023-04,VIC,202,Bendigo,SA4,26,ICT Professionals,8
2023-04,VIC,203,Geelong,SA4,26,ICT Professionals,50
2023-04,VIC,204,Hume,SA4,26,ICT Professionals,4
2023-04,VIC,205,Latrobe - Gippsland,SA4,26,ICT Professionals,7
2023-04,VIC,215,North West,SA4,26,ICT Professionals,2
2023-04,VIC,216,Shepparton,SA4,26,ICT Professionals,5
2023-04,VIC,217,Warrnambool and South West,SA4,26,ICT Professionals,9
2023-04,QLD,3GBRI,Greater Brisbane,GCCSA,26,ICT Professionals,1774
2023-04,QLD,306,Cairns,SA4,26,ICT Professionals,8
2023-04,QLD,308,Central Queensland,SA4,26,ICT Professionals,6
2023-04,QLD,307,Darling Downs - Maranoa,SA4,26,ICT Professionals,5
2023-04,QLD,309,Gold Coast,SA4,26,ICT Professionals,111
2023-04,QLD,312,Mackay - Isaac - Whitsunday,SA4,26,ICT Professionals,13
2023-04,QLD,315,Queensland - Outback,SA4,26,ICT Professionals,4
2023-04,QLD,316,Sunshine Coast,SA4,26,ICT Professionals,26
2023-04,QLD,317,Toowoomba,SA4,26,ICT Professionals,6
2023-04,QLD,318,Townsville,SA4,26,ICT Professionals,22
2023-04,QLD,319,Wide Bay,SA4,26,ICT Professionals,4
2023-04,SA,4GADE,Greater Adelaide,GCCSA,26,ICT Professionals,528
2023-04,SA,405,Barossa - Yorke - Mid North,SA4,26,ICT Professionals,4
2023-04,SA,406,South Australia - Outback,SA4,26,ICT Professionals,2
2023-04,SA,407,South Australia - South East,SA4,26,ICT Professionals,5
2023-04,WA,5GPER,Greater Perth,GCCSA,26,ICT Professionals,774
2023-04,WA,501,Bunbury,SA4,26,ICT Professionals,7
2023-04,WA,510,Western Australia - Outback (North),SA4,26,ICT Professionals,7
2023-04,WA,511,Western Australia - Outback (South),SA4,26,ICT Professionals,6
2023-04,WA,509,Western Australia - Wheat Belt,SA4,26,ICT Professionals,1
2023-04,TAS,6GHOB,Greater Hobart,GCCSA,26,ICT Professionals,63
2023-04,TAS,602,Launceston and North East,SA4,26,ICT Professionals,8
2023-04,TAS,603,South East,SA4,26,ICT Professionals,1
2023-04,TAS,604,West and North West,SA4,26,ICT Professionals,2
2023-04,NT,7GDAR,Greater Darwin,GCCSA,26,ICT Professionals,42
2023-04,NT,702,Northern Territory - Outback,SA4,26,ICT Professionals,6
2023-04,ACT,8ACTE,Australian Capital Territory,GCCSA,26,ICT Professionals,1046
2023-05,NSW,1GSYD,Greater Sydney,GCCSA,26,ICT Professionals,3821
2023-05,NSW,101,Capital Region,SA4,26,ICT Professionals,9
2023-05,NSW,103,Central West,SA4,26,ICT Professionals,8
2023-05,NSW,104,Coffs Harbour - Grafton,SA4,26,ICT Professionals,5
2023-05,NSW,105,Far West and Orana,SA4,26,ICT Professionals,8
2023-05,NSW,106,Hunter Valley exc Newcastle,SA4,26,ICT Professionals,33
2023-05,NSW,107,Illawarra,SA4,26,ICT Professionals,14
2023-05,NSW,108,Mid North Coast,SA4,26,ICT Professionals,22
2023-05,NSW,109,Murray,SA4,26,ICT Professionals,10
2023-05,NSW,110,New England and North West,SA4,26,ICT Professionals,7
2023-05,NSW,111,Newcastle and Lake Macquarie,SA4,26,ICT Professionals,56
2023-05,NSW,112,Richmond - Tweed,SA4,26,ICT Professionals,11
2023-05,NSW,113,Riverina,SA4,26,ICT Professionals,7
2023-05,NSW,114,Southern Highlands and Shoalhaven,SA4,26,ICT Professionals,7
2023-05,VIC,2GMEL,Greater Melbourne,GCCSA,26,ICT Professionals,3117
2023-05,VIC,201,Ballarat,SA4,26,ICT Professionals,12
2023-05,VIC,202,Bendigo,SA4,26,ICT Professionals,8
2023-05,VIC,203,Geelong,SA4,26,ICT Professionals,55
2023-05,VIC,204,Hume,SA4,26,ICT Professionals,4
2023-05,VIC,205,Latrobe - Gippsland,SA4,26,ICT Professionals,9
2023-05,VIC,215,North West,SA4,26,ICT Professionals,3
2023-05,VIC,216,Shepparton,SA4,26,ICT Professionals,4
2023-05,VIC,217,Warrnambool and South West,SA4,26,ICT Professionals,10
2023-05,QLD,3GBRI,Greater Brisbane,GCCSA,26,ICT Professionals,1787
2023-05,QLD,306,Cairns,SA4,26,ICT Professionals,10
2023-05,QLD,308,Central Queensland,SA4,26,ICT Professionals,7
2023-05,QLD,307,Darling Downs - Maranoa,SA4,26,ICT Professionals,6
2023-05,QLD,309,Gold Coast,SA4,26,ICT Professionals,104
2023-05,QLD,312,Mackay - Isaac - Whitsunday,SA4,26,ICT Professionals,15
2023-05,QLD,315,Queensland - Outback,SA4,26,ICT Professionals,6
2023-05,QLD,316,Sunshine Coast,SA4,26,ICT Professionals,28
2023-05,QLD,317,Toowoomba,SA4,26,ICT Professionals,6
2023-05,QLD,318,Townsville,SA4,26,ICT Professionals,22
2023-05,QLD,319,Wide Bay,SA4,26,ICT Professionals,5
2023-05,SA,4GADE,Greater Adelaide,GCCSA,26,ICT Professionals,542
2023-05,SA,405,Barossa - Yorke - Mid North,SA4,26,ICT Professionals,3
2023-05,SA,406,South Australia - Outback,SA4,26,ICT Professionals,2
2023-05,SA,407,South Australia - South East,SA4,26,ICT Professionals,6
2023-05,WA,5GPER,Greater Perth,GCCSA,26,ICT Professionals,763
2023-05,WA,501,Bunbury,SA4,26,ICT Professionals,6
2023-05,WA,510,Western Australia - Outback (North),SA4,26,ICT Professionals,6
2023-05,WA,511,Western Australia - Outback (South),SA4,26,ICT Professionals,5
2023-05,WA,509,Western Australia - Wheat Belt,SA4,26,ICT Professionals,3
2023-05,TAS,6GHOB,Greater Hobart,GCCSA,26,ICT Professionals,61
2023-05,TAS,602,Launceston and North East,SA4,26,ICT Professionals,6
2023-05,TAS,603,South East,SA4,26,ICT Professionals,1
2023-05,TAS,604,West and North West,SA4,26,ICT Professionals,2
2023-05,NT,7GDAR,Greater Darwin,GCCSA,26,ICT Professionals,46
2023-05,NT,702,Northern Territory - Outback,SA4,26,ICT Professionals,9
2023-05,ACT,8ACTE,Australian Capital Territory,GCCSA,26,ICT Professionals,1097
2023-06,NSW,1GSYD,Greater Sydney,GCCSA,26,ICT Professionals,3447
2023-06,NSW,101,Capital Region,SA4,26,ICT Professionals,8
2023-06,NSW,103,Central West,SA4,26,ICT Professionals,10
2023-06,NSW,104,Coffs Harbour - Grafton,SA4,26,ICT Professionals,5
2023-06,NSW,105,Far West and Orana,SA4,26,ICT Professionals,7
2023-06,NSW,106,Hunter Valley exc Newcastle,SA4,26,ICT Professionals,30
2023-06,NSW,107,Illawarra,SA4,26,ICT Professionals,16
2023-06,NSW,108,Mid North Coast,SA4,26,ICT Professionals,21
2023-06,NSW,109,Murray,SA4,26,ICT Professionals,12
2023-06,NSW,110,New England and North West,SA4,26,ICT Professionals,7
2023-06,NSW,111,Newcastle and Lake Macquarie,SA4,26,ICT Professionals,52
2023-06,NSW,112,Richmond - Tweed,SA4,26,ICT Professionals,11
2023-06,NSW,113,Riverina,SA4,26,ICT Professionals,7
2023-06,NSW,114,Southern Highlands and Shoalhaven,SA4,26,ICT Professionals,7
2023-06,VIC,2GMEL,Greater Melbourne,GCCSA,26,ICT Professionals,2821
2023-06,VIC,201,Ballarat,SA4,26,ICT Professionals,11
2023-06,VIC,202,Bendigo,SA4,26,ICT Professionals,6
2023-06,VIC,203,Geelong,SA4,26,ICT Professionals,43
2023-06,VIC,204,Hume,SA4,26,ICT Professionals,4
2023-06,VIC,205,Latrobe - Gippsland,SA4,26,ICT Professionals,9
2023-06,VIC,215,North West,SA4,26,ICT Professionals,4
2023-06,VIC,216,Shepparton,SA4,26,ICT Professionals,3
2023-06,VIC,217,Warrnambool and South West,SA4,26,ICT Professionals,9
2023-06,QLD,3GBRI,Greater Brisbane,GCCSA,26,ICT Professionals,1565
2023-06,QLD,306,Cairns,SA4,26,ICT Professionals,13
2023-06,QLD,308,Central Queensland,SA4,26,ICT Professionals,8
2023-06,QLD,307,Darling Downs - Maranoa,SA4,26,ICT Professionals,3
2023-06,QLD,309,Gold Coast,SA4,26,ICT Professionals,87
2023-06,QLD,312,Mackay - Isaac - Whitsunday,SA4,26,ICT Professionals,13
2023-06,QLD,315,Queensland - Outback,SA4,26,ICT Professionals,5
2023-06,QLD,316,Sunshine Coast,SA4,26,ICT Professionals,27
2023-06,QLD,317,Toowoomba,SA4,26,ICT Professionals,5
2023-06,QLD,318,Townsville,SA4,26,ICT Professionals,20
2023-06,QLD,319,Wide Bay,SA4,26,ICT Professionals,4
2023-06,SA,4GADE,Greater Adelaide,GCCSA,26,ICT Professionals,562
2023-06,SA,405,Barossa - Yorke - Mid North,SA4,26,ICT Professionals,3
2023-06,SA,406,South Australia - Outback,SA4,26,ICT Professionals,1
2023-06,SA,407,South Australia - South East,SA4,26,ICT Professionals,5
2023-06,WA,5GPER,Greater Perth,GCCSA,26,ICT Professionals,733
2023-06,WA,501,Bunbury,SA4,26,ICT Professionals,4
2023-06,WA,510,Western Australia - Outback (North),SA4,26,ICT Professionals,8
2023-06,WA,511,Western Australia - Outback (South),SA4,26,ICT Professionals,4
2023-06,WA,509,Western Australia - Wheat Belt,SA4,26,ICT Professionals,2
2023-06,TAS,6GHOB,Greater Hobart,GCCSA,26,ICT Professionals,48
2023-06,TAS,602,Launceston and North East,SA4,26,ICT Professionals,4
2023-06,TAS,603,South East,SA4,26,ICT Professionals,1
2023-06,TAS,604,West and North West,SA4,26,ICT Professionals,1
2023-06,NT,7GDAR,Greater Darwin,GCCSA,26,ICT Professionals,46
2023-06,NT,702,Northern Territory - Outback,SA4,26,ICT Professionals,9
2023-06,ACT,8ACTE,Australian Capital Territory,GCCSA,26,ICT Professionals,944
2023-07,NSW,1GSYD,Greater Sydney,GCCSA,26,ICT Professionals,3450
2023-07,NSW,101,Capital Region,SA4,26,ICT Professionals,9
2023-07,NSW,103,Central West,SA4,26,ICT Professionals,9
2023-07,NSW,104,Coffs Harbour - Grafton,SA4,26,ICT Professionals,4
2023-07,NSW,105,Far West and Orana,SA4,26,ICT Professionals,7
2023-07,NSW,106,Hunter Valley exc Newcastle,SA4,26,ICT Professionals,33
2023-07,NSW,107,Illawarra,SA4,26,ICT Professionals,18
2023-07,NSW,108,Mid North Coast,SA4,26,ICT Professionals,21
2023-07,NSW,109,Murray,SA4,26,ICT Professionals,13
2023-07,NSW,110,New England and North West,SA4,26,ICT Professionals,6
2023-07,NSW,111,Newcastle and Lake Macquarie,SA4,26,ICT Professionals,55
2023-07,NSW,112,Richmond - Tweed,SA4,26,ICT Professionals,12
2023-07,NSW,113,Riverina,SA4,26,ICT Professionals,9
2023-07,NSW,114,Southern Highlands and Shoalhaven,SA4,26,ICT Professionals,6
2023-07,VIC,2GMEL,Greater Melbourne,GCCSA,26,ICT Professionals,2779
2023-07,VIC,201,Ballarat,SA4,26,ICT Professionals,16
2023-07,VIC,202,Bendigo,SA4,26,ICT Professionals,5
2023-07,VIC,203,Geelong,SA4,26,ICT Professionals,42
2023-07,VIC,204,Hume,SA4,26,ICT Professionals,5
2023-07,VIC,205,Latrobe - Gippsland,SA4,26,ICT Professionals,9
2023-07,VIC,215,North West,SA4,26,ICT Professionals,5
2023-07,VIC,216,Shepparton,SA4,26,ICT Professionals,4
2023-07,VIC,217,Warrnambool and South West,SA4,26,ICT Professionals,10
2023-07,QLD,3GBRI,Greater Brisbane,GCCSA,26,ICT Professionals,1549
2023-07,QLD,306,Cairns,SA4,26,ICT Professionals,16
2023-07,QLD,308,Central Queensland,SA4,26,ICT Professionals,9
2023-07,QLD,307,Darling Downs - Maranoa,SA4,26,ICT Professionals,4
2023-07,QLD,309,Gold Coast,SA4,26,ICT Professionals,96
2023-07,QLD,312,Mackay - Isaac - Whitsunday,SA4,26,ICT Professionals,11
2023-07,QLD,315,Queensland - Outback,SA4,26,ICT Professionals,4
2023-07,QLD,316,Sunshine Coast,SA4,26,ICT Professionals,30
2023-07,QLD,317,Toowoomba,SA4,26,ICT Professionals,5
2023-07,QLD,318,Townsville,SA4,26,ICT Professionals,19
2023-07,QLD,319,Wide Bay,SA4,26,ICT Professionals,5
2023-07,SA,4GADE,Greater Adelaide,GCCSA,26,ICT Professionals,555
2023-07,SA,405,Barossa - Yorke - Mid North,SA4,26,ICT Professionals,3
2023-07,SA,406,South Australia - Outback,SA4,26,ICT Professionals,0
2023-07,SA,407,South Australia - South East,SA4,26,ICT Professionals,3
2023-07,WA,5GPER,Greater Perth,GCCSA,26,ICT Professionals,760
2023-07,WA,501,Bunbury,SA4,26,ICT Professionals,4
2023-07,WA,510,Western Australia - Outback (North),SA4,26,ICT Professionals,10
2023-07,WA,511,Western Australia - Outback (South),SA4,26,ICT Professionals,4
2023-07,WA,509,Western Australia - Wheat Belt,SA4,26,ICT Professionals,3
2023-07,TAS,6GHOB,Greater Hobart,GCCSA,26,ICT Professionals,48
2023-07,TAS,602,Launceston and North East,SA4,26,ICT Professionals,6
2023-07,TAS,603,South East,SA4,26,ICT Professionals,1
2023-07,TAS,604,West and North West,SA4,26,ICT Professionals,2
2023-07,NT,7GDAR,Greater Darwin,GCCSA,26,ICT Professionals,50
2023-07,NT,702,Northern Territory - Outback,SA4,26,ICT Professionals,14
2023-07,ACT,8ACTE,Australian Capital Territory,GCCSA,26,ICT Professionals,920
2023-08,NSW,1GSYD,Greater Sydney,GCCSA,26,ICT Professionals,3445
2023-08,NSW,101,Capital Region,SA4,26,ICT Professionals,10
2023-08,NSW,103,Central West,SA4,26,ICT Professionals,10
2023-08,NSW,104,Coffs Harbour - Grafton,SA4,26,ICT Professionals,4
2023-08,NSW,105,Far West and Orana,SA4,26,ICT Professionals,6
2023-08,NSW,106,Hunter Valley exc Newcastle,SA4,26,ICT Professionals,35
2023-08,NSW,107,Illawarra,SA4,26,ICT Professionals,21
2023-08,NSW,108,Mid North Coast,SA4,26,ICT Professionals,18
2023-08,NSW,109,Murray,SA4,26,ICT Professionals,11
2023-08,NSW,110,New England and North West,SA4,26,ICT Professionals,4
2023-08,NSW,111,Newcastle and Lake Macquarie,SA4,26,ICT Professionals,61
2023-08,NSW,112,Richmond - Tweed,SA4,26,ICT Professionals,10
2023-08,NSW,113,Riverina,SA4,26,ICT Professionals,7
2023-08,NSW,114,Southern Highlands and Shoalhaven,SA4,26,ICT Professionals,7
2023-08,VIC,2GMEL,Greater Melbourne,GCCSA,26,ICT Professionals,2721
2023-08,VIC,201,Ballarat,SA4,26,ICT Professionals,14
2023-08,VIC,202,Bendigo,SA4,26,ICT Professionals,7
2023-08,VIC,203,Geelong,SA4,26,ICT Professionals,38
2023-08,VIC,204,Hume,SA4,26,ICT Professionals,5
2023-08,VIC,205,Latrobe - Gippsland,SA4,26,ICT Professionals,10
2023-08,VIC,215,North West,SA4,26,ICT Professionals,5
2023-08,VIC,216,Shepparton,SA4,26,ICT Professionals,3
2023-08,VIC,217,Warrnambool and South West,SA4,26,ICT Professionals,9
2023-08,QLD,3GBRI,Greater Brisbane,GCCSA,26,ICT Professionals,1498
2023-08,QLD,306,Cairns,SA4,26,ICT Professionals,13
2023-08,QLD,308,Central Queensland,SA4,26,ICT Professionals,9
2023-08,QLD,307,Darling Downs - Maranoa,SA4,26,ICT Professionals,3
2023-08,QLD,309,Gold Coast,SA4,26,ICT Professionals,95
2023-08,QLD,312,Mackay - Isaac - Whitsunday,SA4,26,ICT Professionals,11
2023-08,QLD,315,Queensland - Outback,SA4,26,ICT Professionals,4
2023-08,QLD,316,Sunshine Coast,SA4,26,ICT Professionals,33
2023-08,QLD,317,Toowoomba,SA4,26,ICT Professionals,4
2023-08,QLD,318,Townsville,SA4,26,ICT Professionals,24
2023-08,QLD,319,Wide Bay,SA4,26,ICT Professionals,6
2023-08,SA,4GADE,Greater Adelaide,GCCSA,26,ICT Professionals,544
2023-08,SA,405,Barossa - Yorke - Mid North,SA4,26,ICT Professionals,2
2023-08,SA,406,South Australia - Outback,SA4,26,ICT Professionals,0
2023-08,SA,407,South Australia - South East,SA4,26,ICT Professionals,2
2023-08,WA,5GPER,Greater Perth,GCCSA,26,ICT Professionals,766
2023-08,WA,501,Bunbury,SA4,26,ICT Professionals,3
2023-08,WA,510,Western Australia - Outback (North),SA4,26,ICT Professionals,11
2023-08,WA,511,Western Australia - Outback (South),SA4,26,ICT Professionals,5
2023-08,WA,509,Western Australia - Wheat Belt,SA4,26,ICT Professionals,1
2023-08,TAS,6GHOB,Greater Hobart,GCCSA,26,ICT Professionals,47
2023-08,TAS,602,Launceston and North East,SA4,26,ICT Professionals,7
2023-08,TAS,603,South East,SA4,26,ICT Professionals,1
2023-08,TAS,604,West and North West,SA4,26,ICT Professionals,3
2023-08,NT,7GDAR,Greater Darwin,GCCSA,26,ICT Professionals,55
2023-08,NT,702,Northern Territory - Outback,SA4,26,ICT Professionals,17
2023-08,ACT,8ACTE,Australian Capital Territory,GCCSA,26,ICT Professionals,1008
2023-09,NSW,1GSYD,Greater Sydney,GCCSA,26,ICT Professionals,3367
2023-09,NSW,101,Capital Region,SA4,26,ICT Professionals,7
2023-09,NSW,103,Central West,SA4,26,ICT Professionals,7
2023-09,NSW,104,Coffs Harbour - Grafton,SA4,26,ICT Professionals,4
2023-09,NSW,105,Far West and Orana,SA4,26,ICT Professionals,5
2023-09,NSW,106,Hunter Valley exc Newcastle,SA4,26,ICT Professionals,37
2023-09,NSW,107,Illawarra,SA4,26,ICT Professionals,22
2023-09,NSW,108,Mid North Coast,SA4,26,ICT Professionals,16
2023-09,NSW,109,Murray,SA4,26,ICT Professionals,11
2023-09,NSW,110,New England and North West,SA4,26,ICT Professionals,4
2023-09,NSW,111,Newcastle and Lake Macquarie,SA4,26,ICT Professionals,56
2023-09,NSW,112,Richmond - Tweed,SA4,26,ICT Professionals,9
2023-09,NSW,113,Riverina,SA4,26,ICT Professionals,5
2023-09,NSW,114,Southern Highlands and Shoalhaven,SA4,26,ICT Professionals,7
2023-09,VIC,2GMEL,Greater Melbourne,GCCSA,26,ICT Professionals,2612
2023-09,VIC,201,Ballarat,SA4,26,ICT Professionals,14
2023-09,VIC,202,Bendigo,SA4,26,ICT Professionals,7
2023-09,VIC,203,Geelong,SA4,26,ICT Professionals,35
2023-09,VIC,204,Hume,SA4,26,ICT Professionals,6
2023-09,VIC,205,Latrobe - Gippsland,SA4,26,ICT Professionals,13
2023-09,VIC,215,North West,SA4,26,ICT Professionals,4
2023-09,VIC,216,Shepparton,SA4,26,ICT Professionals,3
2023-09,VIC,217,Warrnambool and South West,SA4,26,ICT Professionals,10
2023-09,QLD,3GBRI,Greater Brisbane,GCCSA,26,ICT Professionals,1468
2023-09,QLD,306,Cairns,SA4,26,ICT Professionals,10
2023-09,QLD,308,Central Queensland,SA4,26,ICT Professionals,10
2023-09,QLD,307,Darling Downs - Maranoa,SA4,26,ICT Professionals,4
2023-09,QLD,309,Gold Coast,SA4,26,ICT Professionals,97
2023-09,QLD,312,Mackay - Isaac - Whitsunday,SA4,26,ICT Professionals,13
2023-09,QLD,315,Queensland - Outback,SA4,26,ICT Professionals,4
2023-09,QLD,316,Sunshine Coast,SA4,26,ICT Professionals,38
2023-09,QLD,317,Toowoomba,SA4,26,ICT Professionals,5
2023-09,QLD,318,Townsville,SA4,26,ICT Professionals,24
2023-09,QLD,319,Wide Bay,SA4,26,ICT Professionals,7
2023-09,SA,4GADE,Greater Adelaide,GCCSA,26,ICT Professionals,513
2023-09,SA,405,Barossa - Yorke - Mid North,SA4,26,ICT Professionals,2
2023-09,SA,406,South Australia - Outback,SA4,26,ICT Professionals,1
2023-09,SA,407,South Australia - South East,SA4,26,ICT Professionals,4
2023-09,WA,5GPER,Greater Perth,GCCSA,26,ICT Professionals,728
2023-09,WA,501,Bunbury,SA4,26,ICT Professionals,4
2023-09,WA,510,Western Australia - Outback (North),SA4,26,ICT Professionals,9
2023-09,WA,511,Western Australia - Outback (South),SA4,26,ICT Professionals,8
2023-09,WA,509,Western Australia - Wheat Belt,SA4,26,ICT Professionals,1
2023-09,TAS,6GHOB,Greater Hobart,GCCSA,26,ICT Professionals,52
2023-09,TAS,602,Launceston and North East,SA4,26,ICT Professionals,8
2023-09,TAS,603,South East,SA4,26,ICT Professionals,1
2023-09,TAS,604,West and North West,SA4,26,ICT Professionals,3
2023-09,NT,7GDAR,Greater Darwin,GCCSA,26,ICT Professionals,53
2023-09,NT,702,Northern Territory - Outback,SA4,26,ICT Professionals,21
2023-09,ACT,8ACTE,Australian Capital Territory,GCCSA,26,ICT Professionals,1000
2023-10,NSW,1GSYD,Greater Sydney,GCCSA,26,ICT Professionals,3289
2023-10,NSW,101,Capital Region,SA4,26,ICT Professionals,7
2023-10,NSW,103,Central West,SA4,26,ICT Professionals,8
2023-10,NSW,104,Coffs Harbour - Grafton,SA4,26,ICT Professionals,3
2023-10,NSW,105,Far West and Orana,SA4,26,ICT Professionals,6
2023-10,NSW,106,Hunter Valley exc Newcastle,SA4,26,ICT Professionals,37
2023-10,NSW,107,Illawarra,SA4,26,ICT Professionals,22
2023-10,NSW,108,Mid North Coast,SA4,26,ICT Professionals,14
2023-10,NSW,109,Murray,SA4,26,ICT Professionals,12
2023-10,NSW,110,New England and North West,SA4,26,ICT Professionals,5
2023-10,NSW,111,Newcastle and Lake Macquarie,SA4,26,ICT Professionals,56
2023-10,NSW,112,Richmond - Tweed,SA4,26,ICT Professionals,10
2023-10,NSW,113,Riverina,SA4,26,ICT Professionals,4
2023-10,NSW,114,Southern Highlands and Shoalhaven,SA4,26,ICT Professionals,7
2023-10,VIC,2GMEL,Greater Melbourne,GCCSA,26,ICT Professionals,2542
2023-10,VIC,201,Ballarat,SA4,26,ICT Professionals,12
2023-10,VIC,202,Bendigo,SA4,26,ICT Professionals,8
2023-10,VIC,203,Geelong,SA4,26,ICT Professionals,40
2023-10,VIC,204,Hume,SA4,26,ICT Professionals,5
2023-10,VIC,205,Latrobe - Gippsland,SA4,26,ICT Professionals,10
2023-10,VIC,215,North West,SA4,26,ICT Professionals,4
2023-10,VIC,216,Shepparton,SA4,26,ICT Professionals,3
2023-10,VIC,217,Warrnambool and South West,SA4,26,ICT Professionals,11
2023-10,QLD,3GBRI,Greater Brisbane,GCCSA,26,ICT Professionals,1399
2023-10,QLD,306,Cairns,SA4,26,ICT Professionals,11
2023-10,QLD,308,Central Queensland,SA4,26,ICT Professionals,12
2023-10,QLD,307,Darling Downs - Maranoa,SA4,26,ICT Professionals,4
2023-10,QLD,309,Gold Coast,SA4,26,ICT Professionals,81
2023-10,QLD,312,Mackay - Isaac - Whitsunday,SA4,26,ICT Professionals,16
2023-10,QLD,315,Queensland - Outback,SA4,26,ICT Professionals,3
2023-10,QLD,316,Sunshine Coast,SA4,26,ICT Professionals,32
2023-10,QLD,317,Toowoomba,SA4,26,ICT Professionals,6
2023-10,QLD,318,Townsville,SA4,26,ICT Professionals,25
2023-10,QLD,319,Wide Bay,SA4,26,ICT Professionals,7
2023-10,SA,4GADE,Greater Adelaide,GCCSA,26,ICT Professionals,488
2023-10,SA,405,Barossa - Yorke - Mid North,SA4,26,ICT Professionals,4
2023-10,SA,406,South Australia - Outback,SA4,26,ICT Professionals,2
2023-10,SA,407,South Australia - South East,SA4,26,ICT Professionals,4
2023-10,WA,5GPER,Greater Perth,GCCSA,26,ICT Professionals,711
2023-10,WA,501,Bunbury,SA4,26,ICT Professionals,3
2023-10,WA,510,Western Australia - Outback (North),SA4,26,ICT Professionals,6
2023-10,WA,511,Western Australia - Outback (South),SA4,26,ICT Professionals,8
2023-10,WA,509,Western Australia - Wheat Belt,SA4,26,ICT Professionals,2
2023-10,TAS,6GHOB,Greater Hobart,GCCSA,26,ICT Professionals,55
2023-10,TAS,602,Launceston and North East,SA4,26,ICT Professionals,6
2023-10,TAS,603,South East,SA4,26,ICT Professionals,1
2023-10,TAS,604,West and North West,SA4,26,ICT Professionals,2
2023-10,NT,7GDAR,Greater Darwin,GCCSA,26,ICT Professionals,48
2023-10,NT,702,Northern Territory - Outback,SA4,26,ICT Professionals,23
2023-10,ACT,8ACTE,Australian Capital Territory,GCCSA,26,ICT Professionals,1000
2023-11,NSW,1GSYD,Greater Sydney,GCCSA,26,ICT Professionals,3040
2023-11,NSW,101,Capital Region,SA4,26,ICT Professionals,5
2023-11,NSW,103,Central West,SA4,26,ICT Professionals,6
2023-11,NSW,104,Coffs Harbour - Grafton,SA4,26,ICT Professionals,3
2023-11,NSW,105,Far West and Orana,SA4,26,ICT Professionals,6
2023-11,NSW,106,Hunter Valley exc Newcastle,SA4,26,ICT Professionals,35
2023-11,NSW,107,Illawarra,SA4,26,ICT Professionals,20
2023-11,NSW,108,Mid North Coast,SA4,26,ICT Professionals,13
2023-11,NSW,109,Murray,SA4,26,ICT Professionals,13
2023-11,NSW,110,New England and North West,SA4,26,ICT Professionals,7
2023-11,NSW,111,Newcastle and Lake Macquarie,SA4,26,ICT Professionals,51
2023-11,NSW,112,Richmond - Tweed,SA4,26,ICT Professionals,10
2023-11,NSW,113,Riverina,SA4,26,ICT Professionals,5
2023-11,NSW,114,Southern Highlands and Shoalhaven,SA4,26,ICT Professionals,6
2023-11,VIC,2GMEL,Greater Melbourne,GCCSA,26,ICT Professionals,2286
2023-11,VIC,201,Ballarat,SA4,26,ICT Professionals,10
2023-11,VIC,202,Bendigo,SA4,26,ICT Professionals,6
2023-11,VIC,203,Geelong,SA4,26,ICT Professionals,36
2023-11,VIC,204,Hume,SA4,26,ICT Professionals,7
2023-11,VIC,205,Latrobe - Gippsland,SA4,26,ICT Professionals,7
2023-11,VIC,215,North West,SA4,26,ICT Professionals,3
2023-11,VIC,216,Shepparton,SA4,26,ICT Professionals,4
2023-11,VIC,217,Warrnambool and South West,SA4,26,ICT Professionals,10
2023-11,QLD,3GBRI,Greater Brisbane,GCCSA,26,ICT Professionals,1309
2023-11,QLD,306,Cairns,SA4,26,ICT Professionals,13
2023-11,QLD,308,Central Queensland,SA4,26,ICT Professionals,9
2023-11,QLD,307,Darling Downs - Maranoa,SA4,26,ICT Professionals,4
2023-11,QLD,309,Gold Coast,SA4,26,ICT Professionals,67
2023-11,QLD,312,Mackay - Isaac - Whitsunday,SA4,26,ICT Professionals,16
2023-11,QLD,315,Queensland - Outback,SA4,26,ICT Professionals,3
2023-11,QLD,316,Sunshine Coast,SA4,26,ICT Professionals,34
2023-11,QLD,317,Toowoomba,SA4,26,ICT Professionals,6
2023-11,QLD,318,Townsville,SA4,26,ICT Professionals,19
2023-11,QLD,319,Wide Bay,SA4,26,ICT Professionals,6
2023-11,SA,4GADE,Greater Adelaide,GCCSA,26,ICT Professionals,462
2023-11,SA,405,Barossa - Yorke - Mid North,SA4,26,ICT Professionals,4
2023-11,SA,406,South Australia - Outback,SA4,26,ICT Professionals,2
2023-11,SA,407,South Australia - South East,SA4,26,ICT Professionals,4
2023-11,WA,5GPER,Greater Perth,GCCSA,26,ICT Professionals,671
2023-11,WA,501,Bunbury,SA4,26,ICT Professionals,5
2023-11,WA,510,Western Australia - Outback (North),SA4,26,ICT Professionals,7
2023-11,WA,511,Western Australia - Outback (South),SA4,26,ICT Professionals,9
2023-11,WA,509,Western Australia - Wheat Belt,SA4,26,ICT Professionals,3
2023-11,TAS,6GHOB,Greater Hobart,GCCSA,26,ICT Professionals,55
2023-11,TAS,602,Launceston and North East,SA4,26,ICT Professionals,6
2023-11,TAS,603,South East,SA4,26,ICT Professionals,1
2023-11,TAS,604,West and North West,SA4,26,ICT Professionals,1
2023-11,NT,7GDAR,Greater Darwin,GCCSA,26,ICT Professionals,36
2023-11,NT,702,Northern Territory - Outback,SA4,26,ICT Professionals,24
2023-11,ACT,8ACTE,Australian Capital Territory,GCCSA,26,ICT Professionals,840
2023-12,NSW,1GSYD,Greater Sydney,GCCSA,26,ICT Professionals,2625
2023-12,NSW,101,Capital Region,SA4,26,ICT Professionals,6
2023-12,NSW,103,Central West,SA4,26,ICT Professionals,5
2023-12,NSW,104,Coffs Harbour - Grafton,SA4,26,ICT Professionals,2
2023-12,NSW,105,Far West and Orana,SA4,26,ICT Professionals,6
2023-12,NSW,106,Hunter Valley exc Newcastle,SA4,26,ICT Professionals,26
2023-12,NSW,107,Illawarra,SA4,26,ICT Professionals,15
2023-12,NSW,108,Mid North Coast,SA4,26,ICT Professionals,9
2023-12,NSW,109,Murray,SA4,26,ICT Professionals,10
2023-12,NSW,110,New England and North West,SA4,26,ICT Professionals,8
2023-12,NSW,111,Newcastle and Lake Macquarie,SA4,26,ICT Professionals,44
2023-12,NSW,112,Richmond - Tweed,SA4,26,ICT Professionals,9
2023-12,NSW,113,Riverina,SA4,26,ICT Professionals,4
2023-12,NSW,114,Southern Highlands and Shoalhaven,SA4,26,ICT Professionals,6
2023-12,VIC,2GMEL,Greater Melbourne,GCCSA,26,ICT Professionals,1968
2023-12,VIC,201,Ballarat,SA4,26,ICT Professionals,8
2023-12,VIC,202,Bendigo,SA4,26,ICT Professionals,6
2023-12,VIC,203,Geelong,SA4,26,ICT Professionals,33
2023-12,VIC,204,Hume,SA4,26,ICT Professionals,6
2023-12,VIC,205,Latrobe - Gippsland,SA4,26,ICT Professionals,3
2023-12,VIC,215,North West,SA4,26,ICT Professionals,4
2023-12,VIC,216,Shepparton,SA4,26,ICT Professionals,3
2023-12,VIC,217,Warrnambool and South West,SA4,26,ICT Professionals,9
2023-12,QLD,3GBRI,Greater Brisbane,GCCSA,26,ICT Professionals,1120
2023-12,QLD,306,Cairns,SA4,26,ICT Professionals,12
2023-12,QLD,308,Central Queensland,SA4,26,ICT Professionals,6
2023-12,QLD,307,Darling Downs - Maranoa,SA4,26,ICT Professionals,5
2023-12,QLD,309,Gold Coast,SA4,26,ICT Professionals,49
2023-12,QLD,312,Mackay - Isaac - Whitsunday,SA4,26,ICT Professionals,14
2023-12,QLD,315,Queensland - Outback,SA4,26,ICT Professionals,3
2023-12,QLD,316,Sunshine Coast,SA4,26,ICT Professionals,27
2023-12,QLD,317,Toowoomba,SA4,26,ICT Professionals,5
2023-12,QLD,318,Townsville,SA4,26,ICT Professionals,13
2023-12,QLD,319,Wide Bay,SA4,26,ICT Professionals,4
2023-12,SA,4GADE,Greater Adelaide,GCCSA,26,ICT Professionals,391
2023-12,SA,405,Barossa - Yorke - Mid North,SA4,26,ICT Professionals,5
2023-12,SA,406,South Australia - Outback,SA4,26,ICT Professionals,2
2023-12,SA,407,South Australia - South East,SA4,26,ICT Professionals,2
2023-12,WA,5GPER,Greater Perth,GCCSA,26,ICT Professionals,592
2023-12,WA,501,Bunbury,SA4,26,ICT Professionals,7
2023-12,WA,510,Western Australia - Outback (North),SA4,26,ICT Professionals,7
2023-12,WA,511,Western Australia - Outback (South),SA4,26,ICT Professionals,7
2023-12,WA,509,Western Australia - Wheat Belt,SA4,26,ICT Professionals,2
2023-12,TAS,6GHOB,Greater Hobart,GCCSA,26,ICT Professionals,51
2023-12,TAS,602,Launceston and North East,SA4,26,ICT Professionals,6
2023-12,TAS,603,South East,SA4,26,ICT Professionals,1
2023-12,TAS,604,West and North West,SA4,26,ICT Professionals,2
2023-12,NT,7GDAR,Greater Darwin,GCCSA,26,ICT Professionals,33
2023-12,NT,702,Northern Territory - Outback,SA4,26,ICT Professionals,20
2023-12,ACT,8ACTE,Australian Capital Territory,GCCSA,26,ICT Professionals,770
2024-01,NSW,1GSYD,Greater Sydney,GCCSA,26,ICT Professionals,2407
2024-01,NSW,101,Capital Region,SA4,26,ICT Professionals,6
2024-01,NSW,103,Central West,SA4,26,ICT Professionals,5
2024-01,NSW,104,Coffs Harbour - Grafton,SA4,26,ICT Professionals,2
2024-01,NSW,105,Far West and Orana,SA4,26,ICT Professionals,5
2024-01,NSW,106,Hunter Valley exc Newcastle,SA4,26,ICT Professionals,21
2024-01,NSW,107,Illawarra,SA4,26,ICT Professionals,15
2024-01,NSW,108,Mid North Coast,SA4,26,ICT Professionals,11
2024-01,NSW,109,Murray,SA4,26,ICT Professionals,7
2024-01,NSW,110,New England and North West,SA4,26,ICT Professionals,5
2024-01,NSW,111,Newcastle and Lake Macquarie,SA4,26,ICT Professionals,40
2024-01,NSW,112,Richmond - Tweed,SA4,26,ICT Professionals,6
2024-01,NSW,113,Riverina,SA4,26,ICT Professionals,4
2024-01,NSW,114,Southern Highlands and Shoalhaven,SA4,26,ICT Professionals,6
2024-01,VIC,2GMEL,Greater Melbourne,GCCSA,26,ICT Professionals,1854
2024-01,VIC,201,Ballarat,SA4,26,ICT Professionals,7
2024-01,VIC,202,Bendigo,SA4,26,ICT Professionals,7
2024-01,VIC,203,Geelong,SA4,26,ICT Professionals,30
2024-01,VIC,204,Hume,SA4,26,ICT Professionals,5
2024-01,VIC,205,Latrobe - Gippsland,SA4,26,ICT Professionals,6
2024-01,VIC,215,North West,SA4,26,ICT Professionals,4
2024-01,VIC,216,Shepparton,SA4,26,ICT Professionals,2
2024-01,VIC,217,Warrnambool and South West,SA4,26,ICT Professionals,8
2024-01,QLD,3GBRI,Greater Brisbane,GCCSA,26,ICT Professionals,1078
2024-01,QLD,306,Cairns,SA4,26,ICT Professionals,11
2024-01,QLD,308,Central Queensland,SA4,26,ICT Professionals,5
2024-01,QLD,307,Darling Downs - Maranoa,SA4,26,ICT Professionals,4
2024-01,QLD,309,Gold Coast,SA4,26,ICT Professionals,55
2024-01,QLD,312,Mackay - Isaac - Whitsunday,SA4,26,ICT Professionals,15
2024-01,QLD,315,Queensland - Outback,SA4,26,ICT Professionals,4
2024-01,QLD,316,Sunshine Coast,SA4,26,ICT Professionals,30
2024-01,QLD,317,Toowoomba,SA4,26,ICT Professionals,5
2024-01,QLD,318,Townsville,SA4,26,ICT Professionals,12
2024-01,QLD,319,Wide Bay,SA4,26,ICT Professionals,6
2024-01,SA,4GADE,Greater Adelaide,GCCSA,26,ICT Professionals,368
2024-01,SA,405,Barossa - Yorke - Mid North,SA4,26,ICT Professionals,6
2024-01,SA,406,South Australia - Outback,SA4,26,ICT Professionals,2
2024-01,SA,407,South Australia - South East,SA4,26,ICT Professionals,1
2024-01,WA,5GPER,Greater Perth,GCCSA,26,ICT Professionals,554
2024-01,WA,501,Bunbury,SA4,26,ICT Professionals,9
2024-01,WA,510,Western Australia - Outback (North),SA4,26,ICT Professionals,7
2024-01,WA,511,Western Australia - Outback (South),SA4,26,ICT Professionals,7
2024-01,WA,509,Western Australia - Wheat Belt,SA4,26,ICT Professionals,1
2024-01,TAS,6GHOB,Greater Hobart,GCCSA,26,ICT Professionals,50
2024-01,TAS,602,Launceston and North East,SA4,26,ICT Professionals,7
2024-01,TAS,603,South East,SA4,26,ICT Professionals,0
2024-01,TAS,604,West and North West,SA4,26,ICT Professionals,4
2024-01,NT,7GDAR,Greater Darwin,GCCSA,26,ICT Professionals,32
2024-01,NT,702,Northern Territory - Outback,SA4,26,ICT Professionals,15
2024-01,ACT,8ACTE,Australian Capital Territory,GCCSA,26,ICT Professionals,762
2024-02,NSW,1GSYD,Greater Sydney,GCCSA,26,ICT Professionals,2380
2024-02,NSW,101,Capital Region,SA4,26,ICT Professionals,6
2024-02,NSW,103,Central West,SA4,26,ICT Professionals,5
2024-02,NSW,104,Coffs Harbour - Grafton,SA4,26,ICT Professionals,1
2024-02,NSW,105,Far West and Orana,SA4,26,ICT Professionals,5
2024-02,NSW,106,Hunter Valley exc Newcastle,SA4,26,ICT Professionals,21
2024-02,NSW,107,Illawarra,SA4,26,ICT Professionals,12
2024-02,NSW,108,Mid North Coast,SA4,26,ICT Professionals,10
2024-02,NSW,109,Murray,SA4,26,ICT Professionals,5
2024-02,NSW,110,New England and North West,SA4,26,ICT Professionals,3
2024-02,NSW,111,Newcastle and Lake Macquarie,SA4,26,ICT Professionals,45
2024-02,NSW,112,Richmond - Tweed,SA4,26,ICT Professionals,5
2024-02,NSW,113,Riverina,SA4,26,ICT Professionals,3
2024-02,NSW,114,Southern Highlands and Shoalhaven,SA4,26,ICT Professionals,6
2024-02,VIC,2GMEL,Greater Melbourne,GCCSA,26,ICT Professionals,1918
2024-02,VIC,201,Ballarat,SA4,26,ICT Professionals,8
2024-02,VIC,202,Bendigo,SA4,26,ICT Professionals,9
2024-02,VIC,203,Geelong,SA4,26,ICT Professionals,33
2024-02,VIC,204,Hume,SA4,26,ICT Professionals,5
2024-02,VIC,205,Latrobe - Gippsland,SA4,26,ICT Professionals,6
2024-02,VIC,215,North West,SA4,26,ICT Professionals,3
2024-02,VIC,216,Shepparton,SA4,26,ICT Professionals,3
2024-02,VIC,217,Warrnambool and South West,SA4,26,ICT Professionals,10
2024-02,QLD,3GBRI,Greater Brisbane,GCCSA,26,ICT Professionals,1135
2024-02,QLD,306,Cairns,SA4,26,ICT Professionals,11
2024-02,QLD,308,Central Queensland,SA4,26,ICT Professionals,9
2024-02,QLD,307,Darling Downs - Maranoa,SA4,26,ICT Professionals,4
2024-02,QLD,309,Gold Coast,SA4,26,ICT Professionals,60
2024-02,QLD,312,Mackay - Isaac - Whitsunday,SA4,26,ICT Professionals,14
2024-02,QLD,315,Queensland - Outback,SA4,26,ICT Professionals,4
2024-02,QLD,316,Sunshine Coast,SA4,26,ICT Professionals,33
2024-02,QLD,317,Toowoomba,SA4,26,ICT Professionals,5
2024-02,QLD,318,Townsville,SA4,26,ICT Professionals,12
2024-02,QLD,319,Wide Bay,SA4,26,ICT Professionals,5
2024-02,SA,4GADE,Greater Adelaide,GCCSA,26,ICT Professionals,354
2024-02,SA,405,Barossa - Yorke - Mid North,SA4,26,ICT Professionals,6
2024-02,SA,406,South Australia - Outback,SA4,26,ICT Professionals,3
2024-02,SA,407,South Australia - South East,SA4,26,ICT Professionals,2
2024-02,WA,5GPER,Greater Perth,GCCSA,26,ICT Professionals,561
2024-02,WA,501,Bunbury,SA4,26,ICT Professionals,7
2024-02,WA,510,Western Australia - Outback (North),SA4,26,ICT Professionals,4
2024-02,WA,511,Western Australia - Outback (South),SA4,26,ICT Professionals,5
2024-02,WA,509,Western Australia - Wheat Belt,SA4,26,ICT Professionals,0
2024-02,TAS,6GHOB,Greater Hobart,GCCSA,26,ICT Professionals,54
2024-02,TAS,602,Launceston and North East,SA4,26,ICT Professionals,6
2024-02,TAS,603,South East,SA4,26,ICT Professionals,0
2024-02,TAS,604,West and North West,SA4,26,ICT Professionals,5
2024-02,NT,7GDAR,Greater Darwin,GCCSA,26,ICT Professionals,34
2024-02,NT,702,Northern Territory - Outback,SA4,26,ICT Professionals,8
2024-02,ACT,8ACTE,Australian Capital Territory,GCCSA,26,ICT Professionals,762
2024-03,NSW,1GSYD,Greater Sydney,GCCSA,26,ICT Professionals,2643
2024-03,NSW,101,Capital Region,SA4,26,ICT Professionals,6
2024-03,NSW,103,Central West,SA4,26,ICT Professionals,5
2024-03,NSW,104,Coffs Harbour - Grafton,SA4,26,ICT Professionals,2
2024-03,NSW,105,Far West and Orana,SA4,26,ICT Professionals,4
2024-03,NSW,106,Hunter Valley exc Newcastle,SA4,26,ICT Professionals,25
2024-03,NSW,107,Illawarra,SA4,26,ICT Professionals,13
2024-03,NSW,108,Mid North Coast,SA4,26,ICT Professionals,12
2024-03,NSW,109,Murray,SA4,26,ICT Professionals,6
2024-03,NSW,110,New England and North West,SA4,26,ICT Professionals,2
2024-03,NSW,111,Newcastle and Lake Macquarie,SA4,26,ICT Professionals,47
2024-03,NSW,112,Richmond - Tweed,SA4,26,ICT Professionals,5
2024-03,NSW,113,Riverina,SA4,26,ICT Professionals,4
2024-03,NSW,114,Southern Highlands and Shoalhaven,SA4,26,ICT Professionals,5
2024-03,VIC,2GMEL,Greater Melbourne,GCCSA,26,ICT Professionals,2121
2024-03,VIC,201,Ballarat,SA4,26,ICT Professionals,6
2024-03,VIC,202,Bendigo,SA4,26,ICT Professionals,8
2024-03,VIC,203,Geelong,SA4,26,ICT Professionals,37
2024-03,VIC,204,Hume,SA4,26,ICT Professionals,4
2024-03,VIC,205,Latrobe - Gippsland,SA4,26,ICT Professionals,8
2024-03,VIC,215,North West,SA4,26,ICT Professionals,3
2024-03,VIC,216,Shepparton,SA4,26,ICT Professionals,3
2024-03,VIC,217,Warrnambool and South West,SA4,26,ICT Professionals,12
2024-03,QLD,3GBRI,Greater Brisbane,GCCSA,26,ICT Professionals,1313
2024-03,QLD,306,Cairns,SA4,26,ICT Professionals,10
2024-03,QLD,308,Central Queensland,SA4,26,ICT Professionals,13
2024-03,QLD,307,Darling Downs - Maranoa,SA4,26,ICT Professionals,4
2024-03,QLD,309,Gold Coast,SA4,26,ICT Professionals,71
2024-03,QLD,312,Mackay - Isaac - Whitsunday,SA4,26,ICT Professionals,14
2024-03,QLD,315,Queensland - Outback,SA4,26,ICT Professionals,3
2024-03,QLD,316,Sunshine Coast,SA4,26,ICT Professionals,34
2024-03,QLD,317,Toowoomba,SA4,26,ICT Professionals,5
2024-03,QLD,318,Townsville,SA4,26,ICT Professionals,16
2024-03,QLD,319,Wide Bay,SA4,26,ICT Professionals,6
2024-03,SA,4GADE,Greater Adelaide,GCCSA,26,ICT Professionals,390
2024-03,SA,405,Barossa - Yorke - Mid North,SA4,26,ICT Professionals,5
2024-03,SA,406,South Australia - Outback,SA4,26,ICT Professionals,4
2024-03,SA,407,South Australia - South East,SA4,26,ICT Professionals,1
2024-03,WA,5GPER,Greater Perth,GCCSA,26,ICT Professionals,626
2024-03,WA,501,Bunbury,SA4,26,ICT Professionals,5
2024-03,WA,510,Western Australia - Outback (North),SA4,26,ICT Professionals,4
2024-03,WA,511,Western Australia - Outback (South),SA4,26,ICT Professionals,4
2024-03,WA,509,Western Australia - Wheat Belt,SA4,26,ICT Professionals,1
2024-03,TAS,6GHOB,Greater Hobart,GCCSA,26,ICT Professionals,65
2024-03,TAS,602,Launceston and North East,SA4,26,ICT Professionals,6
2024-03,TAS,603,South East,SA4,26,ICT Professionals,1
2024-03,TAS,604,West and North West,SA4,26,ICT Professionals,4
2024-03,NT,7GDAR,Greater Darwin,GCCSA,26,ICT Professionals,34
2024-03,NT,702,Northern Territory - Outback,SA4,26,ICT Professionals,6
2024-03,ACT,8ACTE,Australian Capital Territory,GCCSA,26,ICT Professionals,853
2024-04,NSW,1GSYD,Greater Sydney,GCCSA,26,ICT Professionals,2686
2024-04,NSW,101,Capital Region,SA4,26,ICT Professionals,5
2024-04,NSW,103,Central West,SA4,26,ICT Professionals,6
2024-04,NSW,104,Coffs Harbour - Grafton,SA4,26,ICT Professionals,2
2024-04,NSW,105,Far West and Orana,SA4,26,ICT Professionals,5
2024-04,NSW,106,Hunter Valley exc Newcastle,SA4,26,ICT Professionals,29
2024-04,NSW,107,Illawarra,SA4,26,ICT Professionals,12
2024-04,NSW,108,Mid North Coast,SA4,26,ICT Professionals,11
2024-04,NSW,109,Murray,SA4,26,ICT Professionals,6
2024-04,NSW,110,New England and North West,SA4,26,ICT Professionals,3
2024-04,NSW,111,Newcastle and Lake Macquarie,SA4,26,ICT Professionals,48
2024-04,NSW,112,Richmond - Tweed,SA4,26,ICT Professionals,5
2024-04,NSW,113,Riverina,SA4,26,ICT Professionals,4
2024-04,NSW,114,Southern Highlands and Shoalhaven,SA4,26,ICT Professionals,4
2024-04,VIC,2GMEL,Greater Melbourne,GCCSA,26,ICT Professionals,2077
2024-04,VIC,201,Ballarat,SA4,26,ICT Professionals,8
2024-04,VIC,202,Bendigo,SA4,26,ICT Professionals,7
2024-04,VIC,203,Geelong,SA4,26,ICT Professionals,38
2024-04,VIC,204,Hume,SA4,26,ICT Professionals,5
2024-04,VIC,205,Latrobe - Gippsland,SA4,26,ICT Professionals,8
2024-04,VIC,215,North West,SA4,26,ICT Professionals,4
2024-04,VIC,216,Shepparton,SA4,26,ICT Professionals,3
2024-04,VIC,217,Warrnambool and South West,SA4,26,ICT Professionals,12
2024-04,QLD,3GBRI,Greater Brisbane,GCCSA,26,ICT Professionals,1348
2024-04,QLD,306,Cairns,SA4,26,ICT Professionals,8
2024-04,QLD,308,Central Queensland,SA4,26,ICT Professionals,14
2024-04,QLD,307,Darling Downs - Maranoa,SA4,26,ICT Professionals,4
2024-04,QLD,309,Gold Coast,SA4,26,ICT Professionals,66
2024-04,QLD,312,Mackay - Isaac - Whitsunday,SA4,26,ICT Professionals,8
2024-04,QLD,315,Queensland - Outback,SA4,26,ICT Professionals,2
2024-04,QLD,316,Sunshine Coast,SA4,26,ICT Professionals,33
2024-04,QLD,317,Toowoomba,SA4,26,ICT Professionals,4
2024-04,QLD,318,Townsville,SA4,26,ICT Professionals,15
2024-04,QLD,319,Wide Bay,SA4,26,ICT Professionals,7
2024-04,SA,4GADE,Greater Adelaide,GCCSA,26,ICT Professionals,382
2024-04,SA,405,Barossa - Yorke - Mid North,SA4,26,ICT Professionals,2
2024-04,SA,406,South Australia - Outback,SA4,26,ICT Professionals,3
2024-04,SA,407,South Australia - South East,SA4,26,ICT Professionals,1
2024-04,WA,5GPER,Greater Perth,GCCSA,26,ICT Professionals,648
2024-04,WA,501,Bunbury,SA4,26,ICT Professionals,5
2024-04,WA,510,Western Australia - Outback (North),SA4,26,ICT Professionals,5
2024-04,WA,511,Western Australia - Outback (South),SA4,26,ICT Professionals,4
2024-04,WA,509,Western Australia - Wheat Belt,SA4,26,ICT Professionals,2
2024-04,TAS,6GHOB,Greater Hobart,GCCSA,26,ICT Professionals,72
2024-04,TAS,602,Launceston and North East,SA4,26,ICT Professionals,4
2024-04,TAS,603,South East,SA4,26,ICT Professionals,1
2024-04,TAS,604,West and North West,SA4,26,ICT Professionals,2
2024-04,NT,7GDAR,Greater Darwin,GCCSA,26,ICT Professionals,36
2024-04,NT,702,Northern Territory - Outback,SA4,26,ICT Professionals,10
2024-04,ACT,8ACTE,Australian Capital Territory,GCCSA,26,ICT Professionals,842
2024-05,NSW,1GSYD,Greater Sydney,GCCSA,26,ICT Professionals,2660
2024-05,NSW,101,Capital Region,SA4,26,ICT Professionals,8
2024-05,NSW,103,Central West,SA4,26,ICT Professionals,4
2024-05,NSW,104,Coffs Harbour - Grafton,SA4,26,ICT Professionals,2
2024-05,NSW,105,Far West and Orana,SA4,26,ICT Professionals,5
2024-05,NSW,106,Hunter Valley exc Newcastle,SA4,26,ICT Professionals,31
2024-05,NSW,107,Illawarra,SA4,26,ICT Professionals,13
2024-05,NSW,108,Mid North Coast,SA4,26,ICT Professionals,11
2024-05,NSW,109,Murray,SA4,26,ICT Professionals,6
2024-05,NSW,110,New England and North West,SA4,26,ICT Professionals,3
2024-05,NSW,111,Newcastle and Lake Macquarie,SA4,26,ICT Professionals,48
2024-05,NSW,112,Richmond - Tweed,SA4,26,ICT Professionals,5
2024-05,NSW,113,Riverina,SA4,26,ICT Professionals,6
2024-05,NSW,114,Southern Highlands and Shoalhaven,SA4,26,ICT Professionals,4
2024-05,VIC,2GMEL,Greater Melbourne,GCCSA,26,ICT Professionals,1990
2024-05,VIC,201,Ballarat,SA4,26,ICT Professionals,9
2024-05,VIC,202,Bendigo,SA4,26,ICT Professionals,4
2024-05,VIC,203,Geelong,SA4,26,ICT Professionals,36
2024-05,VIC,204,Hume,SA4,26,ICT Professionals,5
2024-05,VIC,205,Latrobe - Gippsland,SA4,26,ICT Professionals,8
2024-05,VIC,215,North West,SA4,26,ICT Professionals,5
2024-05,VIC,216,Shepparton,SA4,26,ICT Professionals,2
2024-05,VIC,217,Warrnambool and South West,SA4,26,ICT Professionals,11
2024-05,QLD,3GBRI,Greater Brisbane,GCCSA,26,ICT Professionals,1296
2024-05,QLD,306,Cairns,SA4,26,ICT Professionals,5
2024-05,QLD,308,Central Queensland,SA4,26,ICT Professionals,13
2024-05,QLD,307,Darling Downs - Maranoa,SA4,26,ICT Professionals,4
2024-05,QLD,309,Gold Coast,SA4,26,ICT Professionals,64
2024-05,QLD,312,Mackay - Isaac - Whitsunday,SA4,26,ICT Professionals,8
2024-05,QLD,315,Queensland - Outback,SA4,26,ICT Professionals,2
2024-05,QLD,316,Sunshine Coast,SA4,26,ICT Professionals,31
2024-05,QLD,317,Toowoomba,SA4,26,ICT Professionals,4
2024-05,QLD,318,Townsville,SA4,26,ICT Professionals,15
2024-05,QLD,319,Wide Bay,SA4,26,ICT Professionals,8
2024-05,SA,4GADE,Greater Adelaide,GCCSA,26,ICT Professionals,371
2024-05,SA,405,Barossa - Yorke - Mid North,SA4,26,ICT Professionals,2
2024-05,SA,406,South Australia - Outback,SA4,26,ICT Professionals,3
2024-05,SA,407,South Australia - South East,SA4,26,ICT Professionals,1
2024-05,WA,5GPER,Greater Perth,GCCSA,26,ICT Professionals,637
2024-05,WA,501,Bunbury,SA4,26,ICT Professionals,6
2024-05,WA,510,Western Australia - Outback (North),SA4,26,ICT Professionals,5
2024-05,WA,511,Western Australia - Outback (South),SA4,26,ICT Professionals,6
2024-05,WA,509,Western Australia - Wheat Belt,SA4,26,ICT Professionals,2
2024-05,TAS,6GHOB,Greater Hobart,GCCSA,26,ICT Professionals,74
2024-05,TAS,602,Launceston and North East,SA4,26,ICT Professionals,5
2024-05,TAS,603,South East,SA4,26,ICT Professionals,1
2024-05,TAS,604,West and North West,SA4,26,ICT Professionals,2
2024-05,NT,7GDAR,Greater Darwin,GCCSA,26,ICT Professionals,37
2024-05,NT,702,Northern Territory - Outback,SA4,26,ICT Professionals,13
2024-05,ACT,8ACTE,Australian Capital Territory,GCCSA,26,ICT Professionals,885
2024-06,NSW,1GSYD,Greater Sydney,GCCSA,26,ICT Professionals,2579
2024-06,NSW,101,Capital Region,SA4,26,ICT Professionals,7
2024-06,NSW,103,Central West,SA4,26,ICT Professionals,4
2024-06,NSW,104,Coffs Harbour - Grafton,SA4,26,ICT Professionals,3
2024-06,NSW,105,Far West and Orana,SA4,26,ICT Professionals,5
2024-06,NSW,106,Hunter Valley exc Newcastle,SA4,26,ICT Professionals,28
2024-06,NSW,107,Illawarra,SA4,26,ICT Professionals,13
2024-06,NSW,108,Mid North Coast,SA4,26,ICT Professionals,9
2024-06,NSW,109,Murray,SA4,26,ICT Professionals,6
2024-06,NSW,110,New England and North West,SA4,26,ICT Professionals,4
2024-06,NSW,111,Newcastle and Lake Macquarie,SA4,26,ICT Professionals,47
2024-06,NSW,112,Richmond - Tweed,SA4,26,ICT Professionals,6
2024-06,NSW,113,Riverina,SA4,26,ICT Professionals,7
2024-06,NSW,114,Southern Highlands and Shoalhaven,SA4,26,ICT Professionals,5
2024-06,VIC,2GMEL,Greater Melbourne,GCCSA,26,ICT Professionals,1935
2024-06,VIC,201,Ballarat,SA4,26,ICT Professionals,11
2024-06,VIC,202,Bendigo,SA4,26,ICT Professionals,6
2024-06,VIC,203,Geelong,SA4,26,ICT Professionals,31
2024-06,VIC,204,Hume,SA4,26,ICT Professionals,5
2024-06,VIC,205,Latrobe - Gippsland,SA4,26,ICT Professionals,8
2024-06,VIC,215,North West,SA4,26,ICT Professionals,5
2024-06,VIC,216,Shepparton,SA4,26,ICT Professionals,1
2024-06,VIC,217,Warrnambool and South West,SA4,26,ICT Professionals,9
2024-06,QLD,3GBRI,Greater Brisbane,GCCSA,26,ICT Professionals,1185
2024-06,QLD,306,Cairns,SA4,26,ICT Professionals,5
2024-06,QLD,308,Central Queensland,SA4,26,ICT Professionals,9
2024-06,QLD,307,Darling Downs - Maranoa,SA4,26,ICT Professionals,3
2024-06,QLD,309,Gold Coast,SA4,26,ICT Professionals,60
2024-06,QLD,312,Mackay - Isaac - Whitsunday,SA4,26,ICT Professionals,7
2024-06,QLD,315,Queensland - Outback,SA4,26,ICT Professionals,2
2024-06,QLD,316,Sunshine Coast,SA4,26,ICT Professionals,27
2024-06,QLD,317,Toowoomba,SA4,26,ICT Professionals,4
2024-06,QLD,318,Townsville,SA4,26,ICT Professionals,10
2024-06,QLD,319,Wide Bay,SA4,26,ICT Professionals,7
2024-06,SA,4GADE,Greater Adelaide,GCCSA,26,ICT Professionals,344
2024-06,SA,405,Barossa - Yorke - Mid North,SA4,26,ICT Professionals,2
2024-06,SA,406,South Australia - Outback,SA4,26,ICT Professionals,2
2024-06,SA,407,South Australia - South East,SA4,26,ICT Professionals,1
2024-06,WA,5GPER,Greater Perth,GCCSA,26,ICT Professionals,617
2024-06,WA,501,Bunbury,SA4,26,ICT Professionals,4
2024-06,WA,510,Western Australia - Outback (North),SA4,26,ICT Professionals,4
2024-06,WA,511,Western Australia - Outback (South),SA4,26,ICT Professionals,6
2024-06,WA,509,Western Australia - Wheat Belt,SA4,26,ICT Professionals,1
2024-06,TAS,6GHOB,Greater Hobart,GCCSA,26,ICT Professionals,62
2024-06,TAS,602,Launceston and North East,SA4,26,ICT Professionals,5
2024-06,TAS,603,South East,SA4,26,ICT Professionals,1
2024-06,TAS,604,West and North West,SA4,26,ICT Professionals,3
2024-06,NT,7GDAR,Greater Darwin,GCCSA,26,ICT Professionals,35
2024-06,NT,702,Northern Territory - Outback,SA4,26,ICT Professionals,14
2024-06,ACT,8ACTE,Australian Capital Territory,GCCSA,26,ICT Professionals,816
2024-07,NSW,1GSYD,Greater Sydney,GCCSA,26,ICT Professionals,2467
2024-07,NSW,101,Capital Region,SA4,26,ICT Professionals,6
2024-07,NSW,103,Central West,SA4,26,ICT Professionals,2
2024-07,NSW,104,Coffs Harbour - Grafton,SA4,26,ICT Professionals,3
2024-07,NSW,105,Far West and Orana,SA4,26,ICT Professionals,3
2024-07,NSW,106,Hunter Valley exc Newcastle,SA4,26,ICT Professionals,24
2024-07,NSW,107,Illawarra,SA4,26,ICT Professionals,12
2024-07,NSW,108,Mid North Coast,SA4,26,ICT Professionals,10
2024-07,NSW,109,Murray,SA4,26,ICT Professionals,6
2024-07,NSW,110,New England and North West,SA4,26,ICT Professionals,4
2024-07,NSW,111,Newcastle and Lake Macquarie,SA4,26,ICT Professionals,44
2024-07,NSW,112,Richmond - Tweed,SA4,26,ICT Professionals,7
2024-07,NSW,113,Riverina,SA4,26,ICT Professionals,8
2024-07,NSW,114,Southern Highlands and Shoalhaven,SA4,26,ICT Professionals,5
2024-07,VIC,2GMEL,Greater Melbourne,GCCSA,26,ICT Professionals,1844
2024-07,VIC,201,Ballarat,SA4,26,ICT Professionals,11
2024-07,VIC,202,Bendigo,SA4,26,ICT Professionals,7
2024-07,VIC,203,Geelong,SA4,26,ICT Professionals,27
2024-07,VIC,204,Hume,SA4,26,ICT Professionals,5
2024-07,VIC,205,Latrobe - Gippsland,SA4,26,ICT Professionals,7
2024-07,VIC,215,North West,SA4,26,ICT Professionals,3
2024-07,VIC,216,Shepparton,SA4,26,ICT Professionals,2
2024-07,VIC,217,Warrnambool and South West,SA4,26,ICT Professionals,8
2024-07,QLD,3GBRI,Greater Brisbane,GCCSA,26,ICT Professionals,1143
2024-07,QLD,306,Cairns,SA4,26,ICT Professionals,5
2024-07,QLD,308,Central Queensland,SA4,26,ICT Professionals,9
2024-07,QLD,307,Darling Downs - Maranoa,SA4,26,ICT Professionals,4
2024-07,QLD,309,Gold Coast,SA4,26,ICT Professionals,68
2024-07,QLD,312,Mackay - Isaac - Whitsunday,SA4,26,ICT Professionals,7
2024-07,QLD,315,Queensland - Outback,SA4,26,ICT Professionals,1
2024-07,QLD,316,Sunshine Coast,SA4,26,ICT Professionals,27
2024-07,QLD,317,Toowoomba,SA4,26,ICT Professionals,5
2024-07,QLD,318,Townsville,SA4,26,ICT Professionals,11
2024-07,QLD,319,Wide Bay,SA4,26,ICT Professionals,6
2024-07,SA,4GADE,Greater Adelaide,GCCSA,26,ICT Professionals,337
2024-07,SA,405,Barossa - Yorke - Mid North,SA4,26,ICT Professionals,2
2024-07,SA,406,South Australia - Outback,SA4,26,ICT Professionals,1
2024-07,SA,407,South Australia - South East,SA4,26,ICT Professionals,2
2024-07,WA,5GPER,Greater Perth,GCCSA,26,ICT Professionals,570
2024-07,WA,501,Bunbury,SA4,26,ICT Professionals,3
2024-07,WA,510,Western Australia - Outback (North),SA4,26,ICT Professionals,4
2024-07,WA,511,Western Australia - Outback (South),SA4,26,ICT Professionals,6
2024-07,WA,509,Western Australia - Wheat Belt,SA4,26,ICT Professionals,0
2024-07,TAS,6GHOB,Greater Hobart,GCCSA,26,ICT Professionals,51
2024-07,TAS,602,Launceston and North East,SA4,26,ICT Professionals,6
2024-07,TAS,603,South East,SA4,26,ICT Professionals,1
2024-07,TAS,604,West and North West,SA4,26,ICT Professionals,3
2024-07,NT,7GDAR,Greater Darwin,GCCSA,26,ICT Professionals,30
2024-07,NT,702,Northern Territory - Outback,SA4,26,ICT Professionals,11
2024-07,ACT,8ACTE,Australian Capital Territory,GCCSA,26,ICT Professionals,765
2024-08,NSW,1GSYD,Greater Sydney,GCCSA,26,ICT Professionals,2460
2024-08,NSW,101,Capital Region,SA4,26,ICT Professionals,4
2024-08,NSW,103,Central West,SA4,26,ICT Professionals,5
2024-08,NSW,104,Coffs Harbour - Grafton,SA4,26,ICT Professionals,4
2024-08,NSW,105,Far West and Orana,SA4,26,ICT Professionals,3
2024-08,NSW,106,Hunter Valley exc Newcastle,SA4,26,ICT Professionals,24
2024-08,NSW,107,Illawarra,SA4,26,ICT Professionals,17
2024-08,NSW,108,Mid North Coast,SA4,26,ICT Professionals,9
2024-08,NSW,109,Murray,SA4,26,ICT Professionals,5
2024-08,NSW,110,New England and North West,SA4,26,ICT Professionals,6
2024-08,NSW,111,Newcastle and Lake Macquarie,SA4,26,ICT Professionals,44
2024-08,NSW,112,Richmond - Tweed,SA4,26,ICT Professionals,7
2024-08,NSW,113,Riverina,SA4,26,ICT Professionals,7
2024-08,NSW,114,Southern Highlands and Shoalhaven,SA4,26,ICT Professionals,6
2024-08,VIC,2GMEL,Greater Melbourne,GCCSA,26,ICT Professionals,1847
2024-08,VIC,201,Ballarat,SA4,26,ICT Professionals,10
2024-08,VIC,202,Bendigo,SA4,26,ICT Professionals,8
2024-08,VIC,203,Geelong,SA4,26,ICT Professionals,28
2024-08,VIC,204,Hume,SA4,26,ICT Professionals,4
2024-08,VIC,205,Latrobe - Gippsland,SA4,26,ICT Professionals,7
2024-08,VIC,215,North West,SA4,26,ICT Professionals,2
2024-08,VIC,216,Shepparton,SA4,26,ICT Professionals,1
2024-08,VIC,217,Warrnambool and South West,SA4,26,ICT Professionals,8
2024-08,QLD,3GBRI,Greater Brisbane,GCCSA,26,ICT Professionals,1106
2024-08,QLD,306,Cairns,SA4,26,ICT Professionals,8
2024-08,QLD,308,Central Queensland,SA4,26,ICT Professionals,10
2024-08,QLD,307,Darling Downs - Maranoa,SA4,26,ICT Professionals,4
2024-08,QLD,309,Gold Coast,SA4,26,ICT Professionals,70
2024-08,QLD,312,Mackay - Isaac - Whitsunday,SA4,26,ICT Professionals,7
2024-08,QLD,315,Queensland - Outback,SA4,26,ICT Professionals,2
2024-08,QLD,316,Sunshine Coast,SA4,26,ICT Professionals,25
2024-08,QLD,317,Toowoomba,SA4,26,ICT Professionals,5
2024-08,QLD,318,Townsville,SA4,26,ICT Professionals,9
2024-08,QLD,319,Wide Bay,SA4,26,ICT Professionals,7
2024-08,SA,4GADE,Greater Adelaide,GCCSA,26,ICT Professionals,340
2024-08,SA,405,Barossa - Yorke - Mid North,SA4,26,ICT Professionals,2
2024-08,SA,406,South Australia - Outback,SA4,26,ICT Professionals,3
2024-08,SA,407,South Australia - South East,SA4,26,ICT Professionals,2
2024-08,WA,5GPER,Greater Perth,GCCSA,26,ICT Professionals,549
2024-08,WA,501,Bunbury,SA4,26,ICT Professionals,3
2024-08,WA,510,Western Australia - Outback (North),SA4,26,ICT Professionals,3
2024-08,WA,511,Western Australia - Outback (South),SA4,26,ICT Professionals,6
2024-08,WA,509,Western Australia - Wheat Belt,SA4,26,ICT Professionals,0
2024-08,TAS,6GHOB,Greater Hobart,GCCSA,26,ICT Professionals,45
2024-08,TAS,602,Launceston and North East,SA4,26,ICT Professionals,6
2024-08,TAS,603,South East,SA4,26,ICT Professionals,1
2024-08,TAS,604,West and North West,SA4,26,ICT Professionals,2
2024-08,NT,7GDAR,Greater Darwin,GCCSA,26,ICT Professionals,27
2024-08,NT,702,Northern Territory - Outback,SA4,26,ICT Professionals,10
2024-08,ACT,8ACTE,Australian Capital Territory,GCCSA,26,ICT Professionals,711
2024-09,NSW,1GSYD,Greater Sydney,GCCSA,26,ICT Professionals,2472
2024-09,NSW,101,Capital Region,SA4,26,ICT Professionals,5
2024-09,NSW,103,Central West,SA4,26,ICT Professionals,6
2024-09,NSW,104,Coffs Harbour - Grafton,SA4,26,ICT Professionals,4
2024-09,NSW,105,Far West and Orana,SA4,26,ICT Professionals,2
2024-09,NSW,106,Hunter Valley exc Newcastle,SA4,26,ICT Professionals,26
2024-09,NSW,107,Illawarra,SA4,26,ICT Professionals,17
2024-09,NSW,108,Mid North Coast,SA4,26,ICT Professionals,10
2024-09,NSW,109,Murray,SA4,26,ICT Professionals,4
2024-09,NSW,110,New England and North West,SA4,26,ICT Professionals,5
2024-09,NSW,111,Newcastle and Lake Macquarie,SA4,26,ICT Professionals,45
2024-09,NSW,112,Richmond - Tweed,SA4,26,ICT Professionals,7
2024-09,NSW,113,Riverina,SA4,26,ICT Professionals,7
2024-09,NSW,114,Southern Highlands and Shoalhaven,SA4,26,ICT Professionals,5
2024-09,VIC,2GMEL,Greater Melbourne,GCCSA,26,ICT Professionals,1841
2024-09,VIC,201,Ballarat,SA4,26,ICT Professionals,10
2024-09,VIC,202,Bendigo,SA4,26,ICT Professionals,9
2024-09,VIC,203,Geelong,SA4,26,ICT Professionals,27
2024-09,VIC,204,Hume,SA4,26,ICT Professionals,4
2024-09,VIC,205,Latrobe - Gippsland,SA4,26,ICT Professionals,7
2024-09,VIC,215,North West,SA4,26,ICT Professionals,2
2024-09,VIC,216,Shepparton,SA4,26,ICT Professionals,2
2024-09,VIC,217,Warrnambool and South West,SA4,26,ICT Professionals,8
2024-09,QLD,3GBRI,Greater Brisbane,GCCSA,26,ICT Professionals,1147
2024-09,QLD,306,Cairns,SA4,26,ICT Professionals,10
2024-09,QLD,308,Central Queensland,SA4,26,ICT Professionals,13
2024-09,QLD,307,Darling Downs - Maranoa,SA4,26,ICT Professionals,5
2024-09,QLD,309,Gold Coast,SA4,26,ICT Professionals,72
2024-09,QLD,312,Mackay - Isaac - Whitsunday,SA4,26,ICT Professionals,8
2024-09,QLD,315,Queensland - Outback,SA4,26,ICT Professionals,2
2024-09,QLD,316,Sunshine Coast,SA4,26,ICT Professionals,29
2024-09,QLD,317,Toowoomba,SA4,26,ICT Professionals,6
2024-09,QLD,318,Townsville,SA4,26,ICT Professionals,11
2024-09,QLD,319,Wide Bay,SA4,26,ICT Professionals,8
2024-09,SA,4GADE,Greater Adelaide,GCCSA,26,ICT Professionals,352
2024-09,SA,405,Barossa - Yorke - Mid North,SA4,26,ICT Professionals,3
2024-09,SA,406,South Australia - Outback,SA4,26,ICT Professionals,4
2024-09,SA,407,South Australia - South East,SA4,26,ICT Professionals,2
2024-09,WA,5GPER,Greater Perth,GCCSA,26,ICT Professionals,532
2024-09,WA,501,Bunbury,SA4,26,ICT Professionals,5
2024-09,WA,510,Western Australia - Outback (North),SA4,26,ICT Professionals,2
2024-09,WA,511,Western Australia - Outback (South),SA4,26,ICT Professionals,7
2024-09,WA,509,Western Australia - Wheat Belt,SA4,26,ICT Professionals,0
2024-09,TAS,6GHOB,Greater Hobart,GCCSA,26,ICT Professionals,51
2024-09,TAS,602,Launceston and North East,SA4,26,ICT Professionals,7
2024-09,TAS,603,South East,SA4,26,ICT Professionals,1
2024-09,TAS,604,West and North West,SA4,26,ICT Professionals,2
2024-09,NT,7GDAR,Greater Darwin,GCCSA,26,ICT Professionals,34
2024-09,NT,702,Northern Territory - Outback,SA4,26,ICT Professionals,10
2024-09,ACT,8ACTE,Australian Capital Territory,GCCSA,26,ICT Professionals,746
2024-10,NSW,1GSYD,Greater Sydney,GCCSA,26,ICT Professionals,2595
2024-10,NSW,101,Capital Region,SA4,26,ICT Professionals,5
2024-10,NSW,103,Central West,SA4,26,ICT Professionals,6
2024-10,NSW,104,Coffs Harbour - Grafton,SA4,26,ICT Professionals,3
2024-10,NSW,105,Far West and Orana,SA4,26,ICT Professionals,3
2024-10,NSW,106,Hunter Valley exc Newcastle,SA4,26,ICT Professionals,25
2024-10,NSW,107,Illawarra,SA4,26,ICT Professionals,18
2024-10,NSW,108,Mid North Coast,SA4,26,ICT Professionals,12
2024-10,NSW,109,Murray,SA4,26,ICT Professionals,4
2024-10,NSW,110,New England and North West,SA4,26,ICT Professionals,6
2024-10,NSW,111,Newcastle and Lake Macquarie,SA4,26,ICT Professionals,46
2024-10,NSW,112,Richmond - Tweed,SA4,26,ICT Professionals,10
2024-10,NSW,113,Riverina,SA4,26,ICT Professionals,7
2024-10,NSW,114,Southern Highlands and Shoalhaven,SA4,26,ICT Professionals,6
2024-10,VIC,2GMEL,Greater Melbourne,GCCSA,26,ICT Professionals,1892
2024-10,VIC,201,Ballarat,SA4,26,ICT Professionals,13
2024-10,VIC,202,Bendigo,SA4,26,ICT Professionals,10
2024-10,VIC,203,Geelong,SA4,26,ICT Professionals,26
2024-10,VIC,204,Hume,SA4,26,ICT Professionals,4
2024-10,VIC,205,Latrobe - Gippsland,SA4,26,ICT Professionals,6
2024-10,VIC,215,North West,SA4,26,ICT Professionals,1
2024-10,VIC,216,Shepparton,SA4,26,ICT Professionals,2
2024-10,VIC,217,Warrnambool and South West,SA4,26,ICT Professionals,8
2024-10,QLD,3GBRI,Greater Brisbane,GCCSA,26,ICT Professionals,1148
2024-10,QLD,306,Cairns,SA4,26,ICT Professionals,9
2024-10,QLD,308,Central Queensland,SA4,26,ICT Professionals,12
2024-10,QLD,307,Darling Downs - Maranoa,SA4,26,ICT Professionals,5
2024-10,QLD,309,Gold Coast,SA4,26,ICT Professionals,72
2024-10,QLD,312,Mackay - Isaac - Whitsunday,SA4,26,ICT Professionals,10
2024-10,QLD,315,Queensland - Outback,SA4,26,ICT Professionals,2
2024-10,QLD,316,Sunshine Coast,SA4,26,ICT Professionals,27
2024-10,QLD,317,Toowoomba,SA4,26,ICT Professionals,6
2024-10,QLD,318,Townsville,SA4,26,ICT Professionals,13
2024-10,QLD,319,Wide Bay,SA4,26,ICT Professionals,9
2024-10,SA,4GADE,Greater Adelaide,GCCSA,26,ICT Professionals,394
2024-10,SA,405,Barossa - Yorke - Mid North,SA4,26,ICT Professionals,3
2024-10,SA,406,South Australia - Outback,SA4,26,ICT Professionals,4
2024-10,SA,407,South Australia - South East,SA4,26,ICT Professionals,1
2024-10,WA,5GPER,Greater Perth,GCCSA,26,ICT Professionals,535
2024-10,WA,501,Bunbury,SA4,26,ICT Professionals,5
2024-10,WA,510,Western Australia - Outback (North),SA4,26,ICT Professionals,3
2024-10,WA,511,Western Australia - Outback (South),SA4,26,ICT Professionals,7
2024-10,WA,509,Western Australia - Wheat Belt,SA4,26,ICT Professionals,0
2024-10,TAS,6GHOB,Greater Hobart,GCCSA,26,ICT Professionals,51
2024-10,TAS,602,Launceston and North East,SA4,26,ICT Professionals,6
2024-10,TAS,603,South East,SA4,26,ICT Professionals,1
2024-10,TAS,604,West and North West,SA4,26,ICT Professionals,2
2024-10,NT,7GDAR,Greater Darwin,GCCSA,26,ICT Professionals,36
2024-10,NT,702,Northern Territory - Outback,SA4,26,ICT Professionals,9
2024-10,ACT,8ACTE,Australian Capital Territory,GCCSA,26,ICT Professionals,782
2024-11,NSW,1GSYD,Greater Sydney,GCCSA,26,ICT Professionals,2479
2024-11,NSW,101,Capital Region,SA4,26,ICT Professionals,5
2024-11,NSW,103,Central West,SA4,26,ICT Professionals,4
2024-11,NSW,104,Coffs Harbour - Grafton,SA4,26,ICT Professionals,2
2024-11,NSW,105,Far West and Orana,SA4,26,ICT Professionals,4
2024-11,NSW,106,Hunter Valley exc Newcastle,SA4,26,ICT Professionals,20
2024-11,NSW,107,Illawarra,SA4,26,ICT Professionals,13
2024-11,NSW,108,Mid North Coast,SA4,26,ICT Professionals,11
2024-11,NSW,109,Murray,SA4,26,ICT Professionals,4
2024-11,NSW,110,New England and North West,SA4,26,ICT Professionals,4
2024-11,NSW,111,Newcastle and Lake Macquarie,SA4,26,ICT Professionals,36
2024-11,NSW,112,Richmond - Tweed,SA4,26,ICT Professionals,10
2024-11,NSW,113,Riverina,SA4,26,ICT Professionals,6
2024-11,NSW,114,Southern Highlands and Shoalhaven,SA4,26,ICT Professionals,7
2024-11,VIC,2GMEL,Greater Melbourne,GCCSA,26,ICT Professionals,1752
2024-11,VIC,201,Ballarat,SA4,26,ICT Professionals,13
2024-11,VIC,202,Bendigo,SA4,26,ICT Professionals,9
2024-11,VIC,203,Geelong,SA4,26,ICT Professionals,19
2024-11,VIC,204,Hume,SA4,26,ICT Professionals,4
2024-11,VIC,205,Latrobe - Gippsland,SA4,26,ICT Professionals,6
2024-11,VIC,215,North West,SA4,26,ICT Professionals,1
2024-11,VIC,216,Shepparton,SA4,26,ICT Professionals,2
2024-11,VIC,217,Warrnambool and South West,SA4,26,ICT Professionals,6
2024-11,QLD,3GBRI,Greater Brisbane,GCCSA,26,ICT Professionals,1075
2024-11,QLD,306,Cairns,SA4,26,ICT Professionals,6
2024-11,QLD,308,Central Queensland,SA4,26,ICT Professionals,12
2024-11,QLD,307,Darling Downs - Maranoa,SA4,26,ICT Professionals,4
2024-11,QLD,309,Gold Coast,SA4,26,ICT Professionals,70
2024-11,QLD,312,Mackay - Isaac - Whitsunday,SA4,26,ICT Professionals,9
2024-11,QLD,315,Queensland - Outback,SA4,26,ICT Professionals,1
2024-11,QLD,316,Sunshine Coast,SA4,26,ICT Professionals,25
2024-11,QLD,317,Toowoomba,SA4,26,ICT Professionals,7
2024-11,QLD,318,Townsville,SA4,26,ICT Professionals,18
2024-11,QLD,319,Wide Bay,SA4,26,ICT Professionals,9
2024-11,SA,4GADE,Greater Adelaide,GCCSA,26,ICT Professionals,356
2024-11,SA,405,Barossa - Yorke - Mid North,SA4,26,ICT Professionals,4
2024-11,SA,406,South Australia - Outback,SA4,26,ICT Professionals,2
2024-11,SA,407,South Australia - South East,SA4,26,ICT Professionals,1
2024-11,WA,5GPER,Greater Perth,GCCSA,26,ICT Professionals,482
2024-11,WA,501,Bunbury,SA4,26,ICT Professionals,7
2024-11,WA,510,Western Australia - Outback (North),SA4,26,ICT Professionals,4
2024-11,WA,511,Western Australia - Outback (South),SA4,26,ICT Professionals,7
2024-11,WA,509,Western Australia - Wheat Belt,SA4,26,ICT Professionals,0
2024-11,TAS,6GHOB,Greater Hobart,GCCSA,26,ICT Professionals,47
2024-11,TAS,602,Launceston and North East,SA4,26,ICT Professionals,5
2024-11,TAS,603,South East,SA4,26,ICT Professionals,1
2024-11,TAS,604,West and North West,SA4,26,ICT Professionals,3
2024-11,NT,7GDAR,Greater Darwin,GCCSA,26,ICT Professionals,45
2024-11,NT,702,Northern Territory - Outback,SA4,26,ICT Professionals,9
2024-11,ACT,8ACTE,Australian Capital Territory,GCCSA,26,ICT Professionals,740
2024-12,NSW,1GSYD,Greater Sydney,GCCSA,26,ICT Professionals,2220
2024-12,NSW,101,Capital Region,SA4,26,ICT Professionals,5
2024-12,NSW,103,Central West,SA4,26,ICT Professionals,3
2024-12,NSW,104,Coffs Harbour - Grafton,SA4,26,ICT Professionals,1
2024-12,NSW,105,Far West and Orana,SA4,26,ICT Professionals,4
2024-12,NSW,106,Hunter Valley exc Newcastle,SA4,26,ICT Professionals,17
2024-12,NSW,107,Illawarra,SA4,26,ICT Professionals,11
2024-12,NSW,108,Mid North Coast,SA4,26,ICT Professionals,10
2024-12,NSW,109,Murray,SA4,26,ICT Professionals,4
2024-12,NSW,110,New England and North West,SA4,26,ICT Professionals,3
2024-12,NSW,111,Newcastle and Lake Macquarie,SA4,26,ICT Professionals,30
2024-12,NSW,112,Richmond - Tweed,SA4,26,ICT Professionals,10
2024-12,NSW,113,Riverina,SA4,26,ICT Professionals,6
2024-12,NSW,114,Southern Highlands and Shoalhaven,SA4,26,ICT Professionals,6
2024-12,VIC,2GMEL,Greater Melbourne,GCCSA,26,ICT Professionals,1570
2024-12,VIC,201,Ballarat,SA4,26,ICT Professionals,12
2024-12,VIC,202,Bendigo,SA4,26,ICT Professionals,6
2024-12,VIC,203,Geelong,SA4,26,ICT Professionals,19
2024-12,VIC,204,Hume,SA4,26,ICT Professionals,5
2024-12,VIC,205,Latrobe - Gippsland,SA4,26,ICT Professionals,5
2024-12,VIC,215,North West,SA4,26,ICT Professionals,1
2024-12,VIC,216,Shepparton,SA4,26,ICT Professionals,3
2024-12,VIC,217,Warrnambool and South West,SA4,26,ICT Professionals,6
2024-12,QLD,3GBRI,Greater Brisbane,GCCSA,26,ICT Professionals,928
2024-12,QLD,306,Cairns,SA4,26,ICT Professionals,7
2024-12,QLD,308,Central Queensland,SA4,26,ICT Professionals,10
2024-12,QLD,307,Darling Downs - Maranoa,SA4,26,ICT Professionals,4
2024-12,QLD,309,Gold Coast,SA4,26,ICT Professionals,70
2024-12,QLD,312,Mackay - Isaac - Whitsunday,SA4,26,ICT Professionals,8
2024-12,QLD,315,Queensland - Outback,SA4,26,ICT Professionals,1
2024-12,QLD,316,Sunshine Coast,SA4,26,ICT Professionals,21
2024-12,QLD,317,Toowoomba,SA4,26,ICT Professionals,6
2024-12,QLD,318,Townsville,SA4,26,ICT Professionals,17
2024-12,QLD,319,Wide Bay,SA4,26,ICT Professionals,11
2024-12,SA,4GADE,Greater Adelaide,GCCSA,26,ICT Professionals,329
2024-12,SA,405,Barossa - Yorke - Mid North,SA4,26,ICT Professionals,5
2024-12,SA,406,South Australia - Outback,SA4,26,ICT Professionals,1
2024-12,SA,407,South Australia - South East,SA4,26,ICT Professionals,1
2024-12,WA,5GPER,Greater Perth,GCCSA,26,ICT Professionals,417
2024-12,WA,501,Bunbury,SA4,26,ICT Professionals,5
2024-12,WA,510,Western Australia - Outback (North),SA4,26,ICT Professionals,5
2024-12,WA,511,Western Australia - Outback (South),SA4,26,ICT Professionals,5
2024-12,WA,509,Western Australia - Wheat Belt,SA4,26,ICT Professionals,0
2024-12,TAS,6GHOB,Greater Hobart,GCCSA,26,ICT Professionals,42
2024-12,TAS,602,Launceston and North East,SA4,26,ICT Professionals,5
2024-12,TAS,603,South East,SA4,26,ICT Professionals,0
2024-12,TAS,604,West and North West,SA4,26,ICT Professionals,2
2024-12,NT,7GDAR,Greater Darwin,GCCSA,26,ICT Professionals,37
2024-12,NT,702,Northern Territory - Outback,SA4,26,ICT Professionals,7
2024-12,ACT,8ACTE,Australian Capital Territory,GCCSA,26,ICT Professionals,619
2025-01,NSW,1GSYD,Greater Sydney,GCCSA,26,ICT Professionals,2197
2025-01,NSW,101,Capital Region,SA4,26,ICT Professionals,3
2025-01,NSW,103,Central West,SA4,26,ICT Professionals,4
2025-01,NSW,104,Coffs Harbour - Grafton,SA4,26,ICT Professionals,0
2025-01,NSW,105,Far West and Orana,SA4,26,ICT Professionals,3
2025-01,NSW,106,Hunter Valley exc Newcastle,SA4,26,ICT Professionals,18
2025-01,NSW,107,Illawarra,SA4,26,ICT Professionals,9
2025-01,NSW,108,Mid North Coast,SA4,26,ICT Professionals,9
2025-01,NSW,109,Murray,SA4,26,ICT Professionals,4
2025-01,NSW,110,New England and North West,SA4,26,ICT Professionals,2
2025-01,NSW,111,Newcastle and Lake Macquarie,SA4,26,ICT Professionals,29
2025-01,NSW,112,Richmond - Tweed,SA4,26,ICT Professionals,8
2025-01,NSW,113,Riverina,SA4,26,ICT Professionals,7
2025-01,NSW,114,Southern Highlands and Shoalhaven,SA4,26,ICT Professionals,4
2025-01,VIC,2GMEL,Greater Melbourne,GCCSA,26,ICT Professionals,1580
2025-01,VIC,201,Ballarat,SA4,26,ICT Professionals,9
2025-01,VIC,202,Bendigo,SA4,26,ICT Professionals,4
2025-01,VIC,203,Geelong,SA4,26,ICT Professionals,24
2025-01,VIC,204,Hume,SA4,26,ICT Professionals,4
2025-01,VIC,205,Latrobe - Gippsland,SA4,26,ICT Professionals,4
2025-01,VIC,215,North West,SA4,26,ICT Professionals,1
2025-01,VIC,216,Shepparton,SA4,26,ICT Professionals,2
2025-01,VIC,217,Warrnambool and South West,SA4,26,ICT Professionals,6
2025-01,QLD,3GBRI,Greater Brisbane,GCCSA,26,ICT Professionals,898
2025-01,QLD,306,Cairns,SA4,26,ICT Professionals,8
2025-01,QLD,308,Central Queensland,SA4,26,ICT Professionals,10
2025-01,QLD,307,Darling Downs - Maranoa,SA4,26,ICT Professionals,3
2025-01,QLD,309,Gold Coast,SA4,26,ICT Professionals,71
2025-01,QLD,312,Mackay - Isaac - Whitsunday,SA4,26,ICT Professionals,6
2025-01,QLD,315,Queensland - Outback,SA4,26,ICT Professionals,2
2025-01,QLD,316,Sunshine Coast,SA4,26,ICT Professionals,21
2025-01,QLD,317,Toowoomba,SA4,26,ICT Professionals,5
2025-01,QLD,318,Townsville,SA4,26,ICT Professionals,15
2025-01,QLD,319,Wide Bay,SA4,26,ICT Professionals,10
2025-01,SA,4GADE,Greater Adelaide,GCCSA,26,ICT Professionals,278
2025-01,SA,405,Barossa - Yorke - Mid North,SA4,26,ICT Professionals,6
2025-01,SA,406,South Australia - Outback,SA4,26,ICT Professionals,1
2025-01,SA,407,South Australia - South East,SA4,26,ICT Professionals,1
2025-01,WA,5GPER,Greater Perth,GCCSA,26,ICT Professionals,409
2025-01,WA,501,Bunbury,SA4,26,ICT Professionals,6
2025-01,WA,510,Western Australia - Outback (North),SA4,26,ICT Professionals,4
2025-01,WA,511,Western Australia - Outback (South),SA4,26,ICT Professionals,6
2025-01,WA,509,Western Australia - Wheat Belt,SA4,26,ICT Professionals,0
2025-01,TAS,6GHOB,Greater Hobart,GCCSA,26,ICT Professionals,38
2025-01,TAS,602,Launceston and North East,SA4,26,ICT Professionals,5
2025-01,TAS,603,South East,SA4,26,ICT Professionals,0
2025-01,TAS,604,West and North West,SA4,26,ICT Professionals,2
2025-01,NT,7GDAR,Greater Darwin,GCCSA,26,ICT Professionals,33
2025-01,NT,702,Northern Territory - Outback,SA4,26,ICT Professionals,9
2025-01,ACT,8ACTE,Australian Capital Territory,GCCSA,26,ICT Professionals,534
2025-02,NSW,1GSYD,Greater Sydney,GCCSA,26,ICT Professionals,2268
2025-02,NSW,101,Capital Region,SA4,26,ICT Professionals,3
2025-02,NSW,103,Central West,SA4,26,ICT Professionals,4
2025-02,NSW,104,Coffs Harbour - Grafton,SA4,26,ICT Professionals,0
2025-02,NSW,105,Far West and Orana,SA4,26,ICT Professionals,2
2025-02,NSW,106,Hunter Valley exc Newcastle,SA4,26,ICT Professionals,18
2025-02,NSW,107,Illawarra,SA4,26,ICT Professionals,8
2025-02,NSW,108,Mid North Coast,SA4,26,ICT Professionals,10
2025-02,NSW,109,Murray,SA4,26,ICT Professionals,4
2025-02,NSW,110,New England and North West,SA4,26,ICT Professionals,1
2025-02,NSW,111,Newcastle and Lake Macquarie,SA4,26,ICT Professionals,31
2025-02,NSW,112,Richmond - Tweed,SA4,26,ICT Professionals,7
2025-02,NSW,113,Riverina,SA4,26,ICT Professionals,6
2025-02,NSW,114,Southern Highlands and Shoalhaven,SA4,26,ICT Professionals,3
2025-02,VIC,2GMEL,Greater Melbourne,GCCSA,26,ICT Professionals,1635
2025-02,VIC,201,Ballarat,SA4,26,ICT Professionals,8
2025-02,VIC,202,Bendigo,SA4,26,ICT Professionals,3
2025-02,VIC,203,Geelong,SA4,26,ICT Professionals,30
2025-02,VIC,204,Hume,SA4,26,ICT Professionals,5
2025-02,VIC,205,Latrobe - Gippsland,SA4,26,ICT Professionals,4
2025-02,VIC,215,North West,SA4,26,ICT Professionals,2
2025-02,VIC,216,Shepparton,SA4,26,ICT Professionals,3
2025-02,VIC,217,Warrnambool and South West,SA4,26,ICT Professionals,6
2025-02,QLD,3GBRI,Greater Brisbane,GCCSA,26,ICT Professionals,938
2025-02,QLD,306,Cairns,SA4,26,ICT Professionals,7
2025-02,QLD,308,Central Queensland,SA4,26,ICT Professionals,10
2025-02,QLD,307,Darling Downs - Maranoa,SA4,26,ICT Professionals,2
2025-02,QLD,309,Gold Coast,SA4,26,ICT Professionals,74
2025-02,QLD,312,Mackay - Isaac - Whitsunday,SA4,26,ICT Professionals,8
2025-02,QLD,315,Queensland - Outback,SA4,26,ICT Professionals,2
2025-02,QLD,316,Sunshine Coast,SA4,26,ICT Professionals,21
2025-02,QLD,317,Toowoomba,SA4,26,ICT Professionals,3
2025-02,QLD,318,Townsville,SA4,26,ICT Professionals,11
2025-02,QLD,319,Wide Bay,SA4,26,ICT Professionals,8
2025-02,SA,4GADE,Greater Adelaide,GCCSA,26,ICT Professionals,313
2025-02,SA,405,Barossa - Yorke - Mid North,SA4,26,ICT Professionals,5
2025-02,SA,406,South Australia - Outback,SA4,26,ICT Professionals,0
2025-02,SA,407,South Australia - South East,SA4,26,ICT Professionals,1
2025-02,WA,5GPER,Greater Perth,GCCSA,26,ICT Professionals,424
2025-02,WA,501,Bunbury,SA4,26,ICT Professionals,3
2025-02,WA,510,Western Australia - Outback (North),SA4,26,ICT Professionals,4
2025-02,WA,511,Western Australia - Outback (South),SA4,26,ICT Professionals,6
2025-02,WA,509,Western Australia - Wheat Belt,SA4,26,ICT Professionals,0
2025-02,TAS,6GHOB,Greater Hobart,GCCSA,26,ICT Professionals,36
2025-02,TAS,602,Launceston and North East,SA4,26,ICT Professionals,5
2025-02,TAS,603,South East,SA4,26,ICT Professionals,0
2025-02,TAS,604,West and North West,SA4,26,ICT Professionals,2
2025-02,NT,7GDAR,Greater Darwin,GCCSA,26,ICT Professionals,26
2025-02,NT,702,Northern Territory - Outback,SA4,26,ICT Professionals,9
2025-02,ACT,8ACTE,Australian Capital Territory,GCCSA,26,ICT Professionals,578
2025-03,NSW,1GSYD,Greater Sydney,GCCSA,26,ICT Professionals,2589
2025-03,NSW,101,Capital Region,SA4,26,ICT Professionals,4
2025-03,NSW,103,Central West,SA4,26,ICT Professionals,2
2025-03,NSW,104,Coffs Harbour - Grafton,SA4,26,ICT Professionals,1
2025-03,NSW,105,Far West and Orana,SA4,26,ICT Professionals,3
2025-03,NSW,106,Hunter Valley exc Newcastle,SA4,26,ICT Professionals,22
2025-03,NSW,107,Illawarra,SA4,26,ICT Professionals,8
2025-03,NSW,108,Mid North Coast,SA4,26,ICT Professionals,13
2025-03,NSW,109,Murray,SA4,26,ICT Professionals,4
2025-03,NSW,110,New England and North West,SA4,26,ICT Professionals,2
2025-03,NSW,111,Newcastle and Lake Macquarie,SA4,26,ICT Professionals,35
2025-03,NSW,112,Richmond - Tweed,SA4,26,ICT Professionals,8
2025-03,NSW,113,Riverina,SA4,26,ICT Professionals,6
2025-03,NSW,114,Southern Highlands and Shoalhaven,SA4,26,ICT Professionals,3
2025-03,VIC,2GMEL,Greater Melbourne,GCCSA,26,ICT Professionals,1835
2025-03,VIC,201,Ballarat,SA4,26,ICT Professionals,9
2025-03,VIC,202,Bendigo,SA4,26,ICT Professionals,3
2025-03,VIC,203,Geelong,SA4,26,ICT Professionals,38
2025-03,VIC,204,Hume,SA4,26,ICT Professionals,4
2025-03,VIC,205,Latrobe - Gippsland,SA4,26,ICT Professionals,4
2025-03,VIC,215,North West,SA4,26,ICT Professionals,2
2025-03,VIC,216,Shepparton,SA4,26,ICT Professionals,2
2025-03,VIC,217,Warrnambool and South West,SA4,26,ICT Professionals,8
2025-03,QLD,3GBRI,Greater Brisbane,GCCSA,26,ICT Professionals,1087
2025-03,QLD,306,Cairns,SA4,26,ICT Professionals,9
2025-03,QLD,308,Central Queensland,SA4,26,ICT Professionals,10
2025-03,QLD,307,Darling Downs - Maranoa,SA4,26,ICT Professionals,2
2025-03,QLD,309,Gold Coast,SA4,26,ICT Professionals,72
2025-03,QLD,312,Mackay - Isaac - Whitsunday,SA4,26,ICT Professionals,9
2025-03,QLD,315,Queensland - Outback,SA4,26,ICT Professionals,2
2025-03,QLD,316,Sunshine Coast,SA4,26,ICT Professionals,26
2025-03,QLD,317,Toowoomba,SA4,26,ICT Professionals,3
2025-03,QLD,318,Townsville,SA4,26,ICT Professionals,12
2025-03,QLD,319,Wide Bay,SA4,26,ICT Professionals,5
2025-03,SA,4GADE,Greater Adelaide,GCCSA,26,ICT Professionals,337
2025-03,SA,405,Barossa - Yorke - Mid North,SA4,26,ICT Professionals,4
2025-03,SA,406,South Australia - Outback,SA4,26,ICT Professionals,0
2025-03,SA,407,South Australia - South East,SA4,26,ICT Professionals,2
2025-03,WA,5GPER,Greater Perth,GCCSA,26,ICT Professionals,497
2025-03,WA,501,Bunbury,SA4,26,ICT Professionals,5
2025-03,WA,510,Western Australia - Outback (North),SA4,26,ICT Professionals,4
2025-03,WA,511,Western Australia - Outback (South),SA4,26,ICT Professionals,7
2025-03,WA,509,Western Australia - Wheat Belt,SA4,26,ICT Professionals,0
2025-03,TAS,6GHOB,Greater Hobart,GCCSA,26,ICT Professionals,33
2025-03,TAS,602,Launceston and North East,SA4,26,ICT Professionals,5
2025-03,TAS,603,South East,SA4,26,ICT Professionals,0
2025-03,TAS,604,West and North West,SA4,26,ICT Professionals,2
2025-03,NT,7GDAR,Greater Darwin,GCCSA,26,ICT Professionals,27
2025-03,NT,702,Northern Territory - Outback,SA4,26,ICT Professionals,9
2025-03,ACT,8ACTE,Australian Capital Territory,GCCSA,26,ICT Professionals,656
2025-04,NSW,1GSYD,Greater Sydney,GCCSA,26,ICT Professionals,2537
2025-04,NSW,101,Capital Region,SA4,26,ICT Professionals,5
2025-04,NSW,103,Central West,SA4,26,ICT Professionals,2
2025-04,NSW,104,Coffs Harbour - Grafton,SA4,26,ICT Professionals,1
2025-04,NSW,105,Far West and Orana,SA4,26,ICT Professionals,4
2025-04,NSW,106,Hunter Valley exc Newcastle,SA4,26,ICT Professionals,23
2025-04,NSW,107,Illawarra,SA4,26,ICT Professionals,10
2025-04,NSW,108,Mid North Coast,SA4,26,ICT Professionals,12
2025-04,NSW,109,Murray,SA4,26,ICT Professionals,5
2025-04,NSW,110,New England and North West,SA4,26,ICT Professionals,6
2025-04,NSW,111,Newcastle and Lake Macquarie,SA4,26,ICT Professionals,36
2025-04,NSW,112,Richmond - Tweed,SA4,26,ICT Professionals,6
2025-04,NSW,113,Riverina,SA4,26,ICT Professionals,5
2025-04,NSW,114,Southern Highlands and Shoalhaven,SA4,26,ICT Professionals,4
2025-04,VIC,2GMEL,Greater Melbourne,GCCSA,26,ICT Professionals,1762
2025-04,VIC,201,Ballarat,SA4,26,ICT Professionals,9
2025-04,VIC,202,Bendigo,SA4,26,ICT Professionals,3
2025-04,VIC,203,Geelong,SA4,26,ICT Professionals,31
2025-04,VIC,204,Hume,SA4,26,ICT Professionals,4
2025-04,VIC,205,Latrobe - Gippsland,SA4,26,ICT Professionals,4
2025-04,VIC,215,North West,SA4,26,ICT Professionals,2
2025-04,VIC,216,Shepparton,SA4,26,ICT Professionals,2
2025-04,VIC,217,Warrnambool and South West,SA4,26,ICT Professionals,7
2025-04,QLD,3GBRI,Greater Brisbane,GCCSA,26,ICT Professionals,1075
2025-04,QLD,306,Cairns,SA4,26,ICT Professionals,8
2025-04,QLD,308,Central Queensland,SA4,26,ICT Professionals,12
2025-04,QLD,307,Darling Downs - Maranoa,SA4,26,ICT Professionals,3
2025-04,QLD,309,Gold Coast,SA4,26,ICT Professionals,64
2025-04,QLD,312,Mackay - Isaac - Whitsunday,SA4,26,ICT Professionals,8
2025-04,QLD,315,Queensland - Outback,SA4,26,ICT Professionals,2
2025-04,QLD,316,Sunshine Coast,SA4,26,ICT Professionals,26
2025-04,QLD,317,Toowoomba,SA4,26,ICT Professionals,4
2025-04,QLD,318,Townsville,SA4,26,ICT Professionals,14
2025-04,QLD,319,Wide Bay,SA4,26,ICT Professionals,4
2025-04,SA,4GADE,Greater Adelaide,GCCSA,26,ICT Professionals,348
2025-04,SA,405,Barossa - Yorke - Mid North,SA4,26,ICT Professionals,2
2025-04,SA,406,South Australia - Outback,SA4,26,ICT Professionals,1
2025-04,SA,407,South Australia - South East,SA4,26,ICT Professionals,4
2025-04,WA,5GPER,Greater Perth,GCCSA,26,ICT Professionals,488
2025-04,WA,501,Bunbury,SA4,26,ICT Professionals,5
2025-04,WA,510,Western Australia - Outback (North),SA4,26,ICT Professionals,4
2025-04,WA,511,Western Australia - Outback (South),SA4,26,ICT Professionals,7
2025-04,WA,509,Western Australia - Wheat Belt,SA4,26,ICT Professionals,1
2025-04,TAS,6GHOB,Greater Hobart,GCCSA,26,ICT Professionals,32
2025-04,TAS,602,Launceston and North East,SA4,26,ICT Professionals,5
2025-04,TAS,603,South East,SA4,26,ICT Professionals,0
2025-04,TAS,604,West and North West,SA4,26,ICT Professionals,2
2025-04,NT,7GDAR,Greater Darwin,GCCSA,26,ICT Professionals,29
2025-04,NT,702,Northern Territory - Outback,SA4,26,ICT Professionals,6
2025-04,ACT,8ACTE,Australian Capital Territory,GCCSA,26,ICT Professionals,731
2025-05,NSW,1GSYD,Greater Sydney,GCCSA,26,ICT Professionals,2511
2025-05,NSW,101,Capital Region,SA4,26,ICT Professionals,5
2025-05,NSW,103,Central West,SA4,26,ICT Professionals,3
2025-05,NSW,104,Coffs Harbour - Grafton,SA4,26,ICT Professionals,2
2025-05,NSW,105,Far West and Orana,SA4,26,ICT Professionals,4
2025-05,NSW,106,Hunter Valley exc Newcastle,SA4,26,ICT Professionals,22
2025-05,NSW,107,Illawarra,SA4,26,ICT Professionals,13
2025-05,NSW,108,Mid North Coast,SA4,26,ICT Professionals,12
2025-05,NSW,109,Murray,SA4,26,ICT Professionals,5
2025-05,NSW,110,New England and North West,SA4,26,ICT Professionals,7
2025-05,NSW,111,Newcastle and Lake Macquarie,SA4,26,ICT Professionals,33
2025-05,NSW,112,Richmond - Tweed,SA4,26,ICT Professionals,7
2025-05,NSW,113,Riverina,SA4,26,ICT Professionals,6
2025-05,NSW,114,Southern Highlands and Shoalhaven,SA4,26,ICT Professionals,4
2025-05,VIC,2GMEL,Greater Melbourne,GCCSA,26,ICT Professionals,1744
2025-05,VIC,201,Ballarat,SA4,26,ICT Professionals,10
2025-05,VIC,202,Bendigo,SA4,26,ICT Professionals,5
2025-05,VIC,203,Geelong,SA4,26,ICT Professionals,31
2025-05,VIC,204,Hume,SA4,26,ICT Professionals,5
2025-05,VIC,205,Latrobe - Gippsland,SA4,26,ICT Professionals,3
2025-05,VIC,215,North West,SA4,26,ICT Professionals,2
2025-05,VIC,216,Shepparton,SA4,26,ICT Professionals,2
2025-05,VIC,217,Warrnambool and South West,SA4,26,ICT Professionals,8
2025-05,QLD,3GBRI,Greater Brisbane,GCCSA,26,ICT Professionals,1052
2025-05,QLD,306,Cairns,SA4,26,ICT Professionals,8
2025-05,QLD,308,Central Queensland,SA4,26,ICT Professionals,10
2025-05,QLD,307,Darling Downs - Maranoa,SA4,26,ICT Professionals,4
2025-05,QLD,309,Gold Coast,SA4,26,ICT Professionals,55
2025-05,QLD,312,Mackay - Isaac - Whitsunday,SA4,26,ICT Professionals,8
2025-05,QLD,315,Queensland - Outback,SA4,26,ICT Professionals,2
2025-05,QLD,316,Sunshine Coast,SA4,26,ICT Professionals,29
2025-05,QLD,317,Toowoomba,SA4,26,ICT Professionals,4
2025-05,QLD,318,Townsville,SA4,26,ICT Professionals,13
2025-05,QLD,319,Wide Bay,SA4,26,ICT Professionals,5
2025-05,SA,4GADE,Greater Adelaide,GCCSA,26,ICT Professionals,344
2025-05,SA,405,Barossa - Yorke - Mid North,SA4,26,ICT Professionals,1
2025-05,SA,406,South Australia - Outback,SA4,26,ICT Professionals,1
2025-05,SA,407,South Australia - South East,SA4,26,ICT Professionals,4
2025-05,WA,5GPER,Greater Perth,GCCSA,26,ICT Professionals,494
2025-05,WA,501,Bunbury,SA4,26,ICT Professionals,5
2025-05,WA,510,Western Australia - Outback (North),SA4,26,ICT Professionals,5
2025-05,WA,511,Western Australia - Outback (South),SA4,26,ICT Professionals,6
2025-05,WA,509,Western Australia - Wheat Belt,SA4,26,ICT Professionals,2
2025-05,TAS,6GHOB,Greater Hobart,GCCSA,26,ICT Professionals,34
2025-05,TAS,602,Launceston and North East,SA4,26,ICT Professionals,6
2025-05,TAS,603,South East,SA4,26,ICT Professionals,0
2025-05,TAS,604,West and North West,SA4,26,ICT Professionals,1
2025-05,NT,7GDAR,Greater Darwin,GCCSA,26,ICT Professionals,29
2025-05,NT,702,Northern Territory - Outback,SA4,26,ICT Professionals,4
2025-05,ACT,8ACTE,Australian Capital Territory,GCCSA,26,ICT Professionals,672
2025-06,NSW,1GSYD,Greater Sydney,GCCSA,26,ICT Professionals,2394
2025-06,NSW,101,Capital Region,SA4,26,ICT Professionals,5
2025-06,NSW,103,Central West,SA4,26,ICT Professionals,4
2025-06,NSW,104,Coffs Harbour - Grafton,SA4,26,ICT Professionals,2
2025-06,NSW,105,Far West and Orana,SA4,26,ICT Professionals,4
2025-06,NSW,106,Hunter Valley exc Newcastle,SA4,26,ICT Professionals,20
2025-06,NSW,107,Illawarra,SA4,26,ICT Professionals,14
2025-06,NSW,108,Mid North Coast,SA4,26,ICT Professionals,12
2025-06,NSW,109,Murray,SA4,26,ICT Professionals,5
2025-06,NSW,110,New England and North West,SA4,26,ICT Professionals,10
2025-06,NSW,111,Newcastle and Lake Macquarie,SA4,26,ICT Professionals,32
2025-06,NSW,112,Richmond - Tweed,SA4,26,ICT Professionals,5
2025-06,NSW,113,Riverina,SA4,26,ICT Professionals,6
2025-06,NSW,114,Southern Highlands and Shoalhaven,SA4,26,ICT Professionals,5
2025-06,VIC,2GMEL,Greater Melbourne,GCCSA,26,ICT Professionals,1668
2025-06,VIC,201,Ballarat,SA4,26,ICT Professionals,12
2025-06,VIC,202,Bendigo,SA4,26,ICT Professionals,6
2025-06,VIC,203,Geelong,SA4,26,ICT Professionals,23
2025-06,VIC,204,Hume,SA4,26,ICT Professionals,5
2025-06,VIC,205,Latrobe - Gippsland,SA4,26,ICT Professionals,3
2025-06,VIC,215,North West,SA4,26,ICT Professionals,2
2025-06,VIC,216,Shepparton,SA4,26,ICT Professionals,2
2025-06,VIC,217,Warrnambool and South West,SA4,26,ICT Professionals,7
2025-06,QLD,3GBRI,Greater Brisbane,GCCSA,26,ICT Professionals,969
2025-06,QLD,306,Cairns,SA4,26,ICT Professionals,4
2025-06,QLD,308,Central Queensland,SA4,26,ICT Professionals,11
2025-06,QLD,307,Darling Downs - Maranoa,SA4,26,ICT Professionals,5
2025-06,QLD,309,Gold Coast,SA4,26,ICT Professionals,56
2025-06,QLD,312,Mackay - Isaac - Whitsunday,SA4,26,ICT Professionals,7
2025-06,QLD,315,Queensland - Outback,SA4,26,ICT Professionals,2
2025-06,QLD,316,Sunshine Coast,SA4,26,ICT Professionals,24
2025-06,QLD,317,Toowoomba,SA4,26,ICT Professionals,5
2025-06,QLD,318,Townsville,SA4,26,ICT Professionals,12
2025-06,QLD,319,Wide Bay,SA4,26,ICT Professionals,6
2025-06,SA,4GADE,Greater Adelaide,GCCSA,26,ICT Professionals,336
2025-06,SA,405,Barossa - Yorke - Mid North,SA4,26,ICT Professionals,2
2025-06,SA,406,South Australia - Outback,SA4,26,ICT Professionals,1
2025-06,SA,407,South Australia - South East,SA4,26,ICT Professionals,3
2025-06,WA,5GPER,Greater Perth,GCCSA,26,ICT Professionals,456
2025-06,WA,501,Bunbury,SA4,26,ICT Professionals,5
2025-06,WA,510,Western Australia - Outback (North),SA4,26,ICT Professionals,5
2025-06,WA,511,Western Australia - Outback (South),SA4,26,ICT Professionals,5
2025-06,WA,509,Western Australia - Wheat Belt,SA4,26,ICT Professionals,2
2025-06,TAS,6GHOB,Greater Hobart,GCCSA,26,ICT Professionals,40
2025-06,TAS,602,Launceston and North East,SA4,26,ICT Professionals,5
2025-06,TAS,603,South East,SA4,26,ICT Professionals,1
2025-06,TAS,604,West and North West,SA4,26,ICT Professionals,1
2025-06,NT,7GDAR,Greater Darwin,GCCSA,26,ICT Professionals,31
2025-06,NT,702,Northern Territory - Outback,SA4,26,ICT Professionals,5
2025-06,ACT,8ACTE,Australian Capital Territory,GCCSA,26,ICT Professionals,595
2025-07,NSW,1GSYD,Greater Sydney,GCCSA,26,ICT Professionals,2446
2025-07,NSW,101,Capital Region,SA4,26,ICT Professionals,6
2025-07,NSW,103,Central West,SA4,26,ICT Professionals,4
2025-07,NSW,104,Coffs Harbour - Grafton,SA4,26,ICT Professionals,2
2025-07,NSW,105,Far West and Orana,SA4,26,ICT Professionals,2
2025-07,NSW,106,Hunter Valley exc Newcastle,SA4,26,ICT Professionals,18
2025-07,NSW,107,Illawarra,SA4,26,ICT Professionals,14
2025-07,NSW,108,Mid North Coast,SA4,26,ICT Professionals,16
2025-07,NSW,109,Murray,SA4,26,ICT Professionals,5
2025-07,NSW,110,New England and North West,SA4,26,ICT Professionals,7
2025-07,NSW,111,Newcastle and Lake Macquarie,SA4,26,ICT Professionals,32
2025-07,NSW,112,Richmond - Tweed,SA4,26,ICT Professionals,5
2025-07,NSW,113,Riverina,SA4,26,ICT Professionals,6
2025-07,NSW,114,Southern Highlands and Shoalhaven,SA4,26,ICT Professionals,4
2025-07,VIC,2GMEL,Greater Melbourne,GCCSA,26,ICT Professionals,1735
2025-07,VIC,201,Ballarat,SA4,26,ICT Professionals,12
2025-07,VIC,202,Bendigo,SA4,26,ICT Professionals,6
2025-07,VIC,203,Geelong,SA4,26,ICT Professionals,25
2025-07,VIC,204,Hume,SA4,26,ICT Professionals,5
2025-07,VIC,205,Latrobe - Gippsland,SA4,26,ICT Professionals,4
2025-07,VIC,215,North West,SA4,26,ICT Professionals,4
2025-07,VIC,216,Shepparton,SA4,26,ICT Professionals,3
2025-07,VIC,217,Warrnambool and South West,SA4,26,ICT Professionals,6
2025-07,QLD,3GBRI,Greater Brisbane,GCCSA,26,ICT Professionals,956
2025-07,QLD,306,Cairns,SA4,26,ICT Professionals,3
2025-07,QLD,308,Central Queensland,SA4,26,ICT Professionals,13
2025-07,QLD,307,Darling Downs - Maranoa,SA4,26,ICT Professionals,5
2025-07,QLD,309,Gold Coast,SA4,26,ICT Professionals,61
2025-07,QLD,312,Mackay - Isaac - Whitsunday,SA4,26,ICT Professionals,8
2025-07,QLD,315,Queensland - Outback,SA4,26,ICT Professionals,2
2025-07,QLD,316,Sunshine Coast,SA4,26,ICT Professionals,25
2025-07,QLD,317,Toowoomba,SA4,26,ICT Professionals,4
2025-07,QLD,318,Townsville,SA4,26,ICT Professionals,12
2025-07,QLD,319,Wide Bay,SA4,26,ICT Professionals,9
2025-07,SA,4GADE,Greater Adelaide,GCCSA,26,ICT Professionals,346
2025-07,SA,405,Barossa - Yorke - Mid North,SA4,26,ICT Professionals,2
2025-07,SA,406,South Australia - Outback,SA4,26,ICT Professionals,1
2025-07,SA,407,South Australia - South East,SA4,26,ICT Professionals,1
2025-07,WA,5GPER,Greater Perth,GCCSA,26,ICT Professionals,489
2025-07,WA,501,Bunbury,SA4,26,ICT Professionals,2
2025-07,WA,510,Western Australia - Outback (North),SA4,26,ICT Professionals,5
2025-07,WA,511,Western Australia - Outback (South),SA4,26,ICT Professionals,5
2025-07,WA,509,Western Australia - Wheat Belt,SA4,26,ICT Professionals,1
2025-07,TAS,6GHOB,Greater Hobart,GCCSA,26,ICT Professionals,41
2025-07,TAS,602,Launceston and North East,SA4,26,ICT Professionals,4
2025-07,TAS,603,South East,SA4,26,ICT Professionals,1
2025-07,TAS,604,West and North West,SA4,26,ICT Professionals,1
2025-07,NT,7GDAR,Greater Darwin,GCCSA,26,ICT Professionals,33
2025-07,NT,702,Northern Territory - Outback,SA4,26,ICT Professionals,6
2025-07,ACT,8ACTE,Australian Capital Territory,GCCSA,26,ICT Professionals,565
2025-08,NSW,1GSYD,Greater Sydney,GCCSA,26,ICT Professionals,2362
2025-08,NSW,101,Capital Region,SA4,26,ICT Professionals,7
2025-08,NSW,103,Central West,SA4,26,ICT Professionals,3
2025-08,NSW,104,Coffs Harbour - Grafton,SA4,26,ICT Professionals,1
2025-08,NSW,105,Far West and Orana,SA4,26,ICT Professionals,2
2025-08,NSW,106,Hunter Valley exc Newcastle,SA4,26,ICT Professionals,17
2025-08,NSW,107,Illawarra,SA4,26,ICT Professionals,12
2025-08,NSW,108,Mid North Coast,SA4,26,ICT Professionals,16
2025-08,NSW,109,Murray,SA4,26,ICT Professionals,6
2025-08,NSW,110,New England and North West,SA4,26,ICT Professionals,9
2025-08,NSW,111,Newcastle and Lake Macquarie,SA4,26,ICT Professionals,32
2025-08,NSW,112,Richmond - Tweed,SA4,26,ICT Professionals,5
2025-08,NSW,113,Riverina,SA4,26,ICT Professionals,5
2025-08,NSW,114,Southern Highlands and Shoalhaven,SA4,26,ICT Professionals,4
2025-08,VIC,2GMEL,Greater Melbourne,GCCSA,26,ICT Professionals,1713
2025-08,VIC,201,Ballarat,SA4,26,ICT Professionals,10
2025-08,VIC,202,Bendigo,SA4,26,ICT Professionals,5
2025-08,VIC,203,Geelong,SA4,26,ICT Professionals,23
2025-08,VIC,204,Hume,SA4,26,ICT Professionals,4
2025-08,VIC,205,Latrobe - Gippsland,SA4,26,ICT Professionals,5
2025-08,VIC,215,North West,SA4,26,ICT Professionals,3
2025-08,VIC,216,Shepparton,SA4,26,ICT Professionals,2
2025-08,VIC,217,Warrnambool and South West,SA4,26,ICT Professionals,6
2025-08,QLD,3GBRI,Greater Brisbane,GCCSA,26,ICT Professionals,920
2025-08,QLD,306,Cairns,SA4,26,ICT Professionals,4
2025-08,QLD,308,Central Queensland,SA4,26,ICT Professionals,13
2025-08,QLD,307,Darling Downs - Maranoa,SA4,26,ICT Professionals,4
2025-08,QLD,309,Gold Coast,SA4,26,ICT Professionals,63
2025-08,QLD,312,Mackay - Isaac - Whitsunday,SA4,26,ICT Professionals,6
2025-08,QLD,315,Queensland - Outback,SA4,26,ICT Professionals,2
2025-08,QLD,316,Sunshine Coast,SA4,26,ICT Professionals,22
2025-08,QLD,317,Toowoomba,SA4,26,ICT Professionals,4
2025-08,QLD,318,Townsville,SA4,26,ICT Professionals,12
2025-08,QLD,319,Wide Bay,SA4,26,ICT Professionals,9
2025-08,SA,4GADE,Greater Adelaide,GCCSA,26,ICT Professionals,330
2025-08,SA,405,Barossa - Yorke - Mid North,SA4,26,ICT Professionals,4
2025-08,SA,406,South Australia - Outback,SA4,26,ICT Professionals,0
2025-08,SA,407,South Australia - South East,SA4,26,ICT Professionals,1
2025-08,WA,5GPER,Greater Perth,GCCSA,26,ICT Professionals,452
2025-08,WA,501,Bunbury,SA4,26,ICT Professionals,3
2025-08,WA,510,Western Australia - Outback (North),SA4,26,ICT Professionals,4
2025-08,WA,511,Western Australia - Outback (South),SA4,26,ICT Professionals,5
2025-08,WA,509,Western Australia - Wheat Belt,SA4,26,ICT Professionals,0
2025-08,TAS,6GHOB,Greater Hobart,GCCSA,26,ICT Professionals,42
2025-08,TAS,602,Launceston and North East,SA4,26,ICT Professionals,2
2025-08,TAS,603,South East,SA4,26,ICT Professionals,1
2025-08,TAS,604,West and North West,SA4,26,ICT Professionals,1
2025-08,NT,7GDAR,Greater Darwin,GCCSA,26,ICT Professionals,31
2025-08,NT,702,Northern Territory - Outback,SA4,26,ICT Professionals,7
2025-08,ACT,8ACTE,Australian Capital Territory,GCCSA,26,ICT Professionals,556
2025-09,NSW,1GSYD,Greater Sydney,GCCSA,26,ICT Professionals,2395
2025-09,NSW,101,Capital Region,SA4,26,ICT Professionals,8
2025-09,NSW,103,Central West,SA4,26,ICT Professionals,3
2025-09,NSW,104,Coffs Harbour - Grafton,SA4,26,ICT Professionals,0
2025-09,NSW,105,Far West and Orana,SA4,26,ICT Professionals,3
2025-09,NSW,106,Hunter Valley exc Newcastle,SA4,26,ICT Professionals,18
2025-09,NSW,107,Illawarra,SA4,26,ICT Professionals,13
2025-09,NSW,108,Mid North Coast,SA4,26,ICT Professionals,16
2025-09,NSW,109,Murray,SA4,26,ICT Professionals,7
2025-09,NSW,110,New England and North West,SA4,26,ICT Professionals,6
2025-09,NSW,111,Newcastle and Lake Macquarie,SA4,26,ICT Professionals,37
2025-09,NSW,112,Richmond - Tweed,SA4,26,ICT Professionals,5
2025-09,NSW,113,Riverina,SA4,26,ICT Professionals,6
2025-09,NSW,114,Southern Highlands and Shoalhaven,SA4,26,ICT Professionals,4
2025-09,VIC,2GMEL,Greater Melbourne,GCCSA,26,ICT Professionals,1730
2025-09,VIC,201,Ballarat,SA4,26,ICT Professionals,8
2025-09,VIC,202,Bendigo,SA4,26,ICT Professionals,7
2025-09,VIC,203,Geelong,SA4,26,ICT Professionals,26
2025-09,VIC,204,Hume,SA4,26,ICT Professionals,3
2025-09,VIC,205,Latrobe - Gippsland,SA4,26,ICT Professionals,5
2025-09,VIC,215,North West,SA4,26,ICT Professionals,3
2025-09,VIC,216,Shepparton,SA4,26,ICT Professionals,2
2025-09,VIC,217,Warrnambool and South West,SA4,26,ICT Professionals,7
2025-09,QLD,3GBRI,Greater Brisbane,GCCSA,26,ICT Professionals,947
2025-09,QLD,306,Cairns,SA4,26,ICT Professionals,6
2025-09,QLD,308,Central Queensland,SA4,26,ICT Professionals,11
2025-09,QLD,307,Darling Downs - Maranoa,SA4,26,ICT Professionals,2
2025-09,QLD,309,Gold Coast,SA4,26,ICT Professionals,60
2025-09,QLD,312,Mackay - Isaac - Whitsunday,SA4,26,ICT Professionals,6
2025-09,QLD,315,Queensland - Outback,SA4,26,ICT Professionals,1
2025-09,QLD,316,Sunshine Coast,SA4,26,ICT Professionals,24
2025-09,QLD,317,Toowoomba,SA4,26,ICT Professionals,3
2025-09,QLD,318,Townsville,SA4,26,ICT Professionals,14
2025-09,QLD,319,Wide Bay,SA4,26,ICT Professionals,8
2025-09,SA,4GADE,Greater Adelaide,GCCSA,26,ICT Professionals,348
2025-09,SA,405,Barossa - Yorke - Mid North,SA4,26,ICT Professionals,4
2025-09,SA,406,South Australia - Outback,SA4,26,ICT Professionals,0
2025-09,SA,407,South Australia - South East,SA4,26,ICT Professionals,1
2025-09,WA,5GPER,Greater Perth,GCCSA,26,ICT Professionals,462
2025-09,WA,501,Bunbury,SA4,26,ICT Professionals,2
2025-09,WA,510,Western Australia - Outback (North),SA4,26,ICT Professionals,4
2025-09,WA,511,Western Australia - Outback (South),SA4,26,ICT Professionals,5
2025-09,WA,509,Western Australia - Wheat Belt,SA4,26,ICT Professionals,2
2025-09,TAS,6GHOB,Greater Hobart,GCCSA,26,ICT Professionals,42
2025-09,TAS,602,Launceston and North East,SA4,26,ICT Professionals,2
2025-09,TAS,603,South East,SA4,26,ICT Professionals,1
2025-09,TAS,604,West and North West,SA4,26,ICT Professionals,1
2025-09,NT,7GDAR,Greater Darwin,GCCSA,26,ICT Professionals,31
2025-09,NT,702,Northern Territory - Outback,SA4,26,ICT Professionals,5
2025-09,ACT,8ACTE,Australian Capital Territory,GCCSA,26,ICT Professionals,603
2025-10,NSW,1GSYD,Greater Sydney,GCCSA,26,ICT Professionals,2312
2025-10,NSW,101,Capital Region,SA4,26,ICT Professionals,8
2025-10,NSW,103,Central West,SA4,26,ICT Professionals,3
2025-10,NSW,104,Coffs Harbour - Grafton,SA4,26,ICT Professionals,2
2025-10,NSW,105,Far West and Orana,SA4,26,ICT Professionals,5
2025-10,NSW,106,Hunter Valley exc Newcastle,SA4,26,ICT Professionals,20
2025-10,NSW,107,Illawarra,SA4,26,ICT Professionals,11
2025-10,NSW,108,Mid North Coast,SA4,26,ICT Professionals,15
2025-10,NSW,109,Murray,SA4,26,ICT Professionals,7
2025-10,NSW,110,New England and North West,SA4,26,ICT Professionals,8
2025-10,NSW,111,Newcastle and Lake Macquarie,SA4,26,ICT Professionals,39
2025-10,NSW,112,Richmond - Tweed,SA4,26,ICT Professionals,7
2025-10,NSW,113,Riverina,SA4,26,ICT Professionals,6
2025-10,NSW,114,Southern Highlands and Shoalhaven,SA4,26,ICT Professionals,4
2025-10,VIC,2GMEL,Greater Melbourne,GCCSA,26,ICT Professionals,1655
2025-10,VIC,201,Ballarat,SA4,26,ICT Professionals,8
2025-10,VIC,202,Bendigo,SA4,26,ICT Professionals,7
2025-10,VIC,203,Geelong,SA4,26,ICT Professionals,27
2025-10,VIC,204,Hume,SA4,26,ICT Professionals,4
2025-10,VIC,205,Latrobe - Gippsland,SA4,26,ICT Professionals,5
2025-10,VIC,215,North West,SA4,26,ICT Professionals,2
2025-10,VIC,216,Shepparton,SA4,26,ICT Professionals,2
2025-10,VIC,217,Warrnambool and South West,SA4,26,ICT Professionals,8
2025-10,QLD,3GBRI,Greater Brisbane,GCCSA,26,ICT Professionals,919
2025-10,QLD,306,Cairns,SA4,26,ICT Professionals,9
2025-10,QLD,308,Central Queensland,SA4,26,ICT Professionals,9
2025-10,QLD,307,Darling Downs - Maranoa,SA4,26,ICT Professionals,3
2025-10,QLD,309,Gold Coast,SA4,26,ICT Professionals,57
2025-10,QLD,312,Mackay - Isaac - Whitsunday,SA4,26,ICT Professionals,6
2025-10,QLD,315,Queensland - Outback,SA4,26,ICT Professionals,1
2025-10,QLD,316,Sunshine Coast,SA4,26,ICT Professionals,24
2025-10,QLD,317,Toowoomba,SA4,26,ICT Professionals,4
2025-10,QLD,318,Townsville,SA4,26,ICT Professionals,10
2025-10,QLD,319,Wide Bay,SA4,26,ICT Professionals,6
2025-10,SA,4GADE,Greater Adelaide,GCCSA,26,ICT Professionals,340
2025-10,SA,405,Barossa - Yorke - Mid North,SA4,26,ICT Professionals,3
2025-10,SA,406,South Australia - Outback,SA4,26,ICT Professionals,0
2025-10,SA,407,South Australia - South East,SA4,26,ICT Professionals,0
2025-10,WA,5GPER,Greater Perth,GCCSA,26,ICT Professionals,428
2025-10,WA,501,Bunbury,SA4,26,ICT Professionals,3
2025-10,WA,510,Western Australia - Outback (North),SA4,26,ICT Professionals,3
2025-10,WA,511,Western Australia - Outback (South),SA4,26,ICT Professionals,4
2025-10,WA,509,Western Australia - Wheat Belt,SA4,26,ICT Professionals,3
2025-10,TAS,6GHOB,Greater Hobart,GCCSA,26,ICT Professionals,49
2025-10,TAS,602,Launceston and North East,SA4,26,ICT Professionals,3
2025-10,TAS,603,South East,SA4,26,ICT Professionals,1
2025-10,TAS,604,West and North West,SA4,26,ICT Professionals,1
2025-10,NT,7GDAR,Greater Darwin,GCCSA,26,ICT Professionals,32
2025-10,NT,702,Northern Territory - Outback,SA4,26,ICT Professionals,5
2025-10,ACT,8ACTE,Australian Capital Territory,GCCSA,26,ICT Professionals,563
2025-11,NSW,1GSYD,Greater Sydney,GCCSA,26,ICT Professionals,2246
2025-11,NSW,101,Capital Region,SA4,26,ICT Professionals,7
2025-11,NSW,103,Central West,SA4,26,ICT Professionals,3
2025-11,NSW,104,Coffs Harbour - Grafton,SA4,26,ICT Professionals,3
2025-11,NSW,105,Far West and Orana,SA4,26,ICT Professionals,6
2025-11,NSW,106,Hunter Valley exc Newcastle,SA4,26,ICT Professionals,20
2025-11,NSW,107,Illawarra,SA4,26,ICT Professionals,10
2025-11,NSW,108,Mid North Coast,SA4,26,ICT Professionals,14
2025-11,NSW,109,Murray,SA4,26,ICT Professionals,6
2025-11,NSW,110,New England and North West,SA4,26,ICT Professionals,8
2025-11,NSW,111,Newcastle and Lake Macquarie,SA4,26,ICT Professionals,40
2025-11,NSW,112,Richmond - Tweed,SA4,26,ICT Professionals,9
2025-11,NSW,113,Riverina,SA4,26,ICT Professionals,7
2025-11,NSW,114,Southern Highlands and Shoalhaven,SA4,26,ICT Professionals,4
2025-11,VIC,2GMEL,Greater Melbourne,GCCSA,26,ICT Professionals,1524
2025-11,VIC,201,Ballarat,SA4,26,ICT Professionals,8
2025-11,VIC,202,Bendigo,SA4,26,ICT Professionals,9
2025-11,VIC,203,Geelong,SA4,26,ICT Professionals,24
2025-11,VIC,204,Hume,SA4,26,ICT Professionals,3
2025-11,VIC,205,Latrobe - Gippsland,SA4,26,ICT Professionals,4
2025-11,VIC,215,North West,SA4,26,ICT Professionals,3
2025-11,VIC,216,Shepparton,SA4,26,ICT Professionals,1
2025-11,VIC,217,Warrnambool and South West,SA4,26,ICT Professionals,7
2025-11,QLD,3GBRI,Greater Brisbane,GCCSA,26,ICT Professionals,893
2025-11,QLD,306,Cairns,SA4,26,ICT Professionals,7
2025-11,QLD,308,Central Queensland,SA4,26,ICT Professionals,10
2025-11,QLD,307,Darling Downs - Maranoa,SA4,26,ICT Professionals,4
2025-11,QLD,309,Gold Coast,SA4,26,ICT Professionals,62
2025-11,QLD,312,Mackay - Isaac - Whitsunday,SA4,26,ICT Professionals,7
2025-11,QLD,315,Queensland - Outback,SA4,26,ICT Professionals,1
2025-11,QLD,316,Sunshine Coast,SA4,26,ICT Professionals,20
2025-11,QLD,317,Toowoomba,SA4,26,ICT Professionals,3
2025-11,QLD,318,Townsville,SA4,26,ICT Professionals,10
2025-11,QLD,319,Wide Bay,SA4,26,ICT Professionals,6
2025-11,SA,4GADE,Greater Adelaide,GCCSA,26,ICT Professionals,329
2025-11,SA,405,Barossa - Yorke - Mid North,SA4,26,ICT Professionals,2
2025-11,SA,406,South Australia - Outback,SA4,26,ICT Professionals,0
2025-11,SA,407,South Australia - South East,SA4,26,ICT Professionals,0
2025-11,WA,5GPER,Greater Perth,GCCSA,26,ICT Professionals,424
2025-11,WA,501,Bunbury,SA4,26,ICT Professionals,4
2025-11,WA,510,Western Australia - Outback (North),SA4,26,ICT Professionals,3
2025-11,WA,511,Western Australia - Outback (South),SA4,26,ICT Professionals,3
2025-11,WA,509,Western Australia - Wheat Belt,SA4,26,ICT Professionals,4
2025-11,TAS,6GHOB,Greater Hobart,GCCSA,26,ICT Professionals,49
2025-11,TAS,602,Launceston and North East,SA4,26,ICT Professionals,3
2025-11,TAS,603,South East,SA4,26,ICT Professionals,1
2025-11,TAS,604,West and North West,SA4,26,ICT Professionals,1
2025-11,NT,7GDAR,Greater Darwin,GCCSA,26,ICT Professionals,36
2025-11,NT,702,Northern Territory - Outback,SA4,26,ICT Professionals,4
2025-11,ACT,8ACTE,Australian Capital Territory,GCCSA,26,ICT Professionals,507
2025-12,NSW,1GSYD,Greater Sydney,GCCSA,26,ICT Professionals,1986
2025-12,NSW,101,Capital Region,SA4,26,ICT Professionals,5
2025-12,NSW,103,Central West,SA4,26,ICT Professionals,4
2025-12,NSW,104,Coffs Harbour - Grafton,SA4,26,ICT Professionals,4
2025-12,NSW,105,Far West and Orana,SA4,26,ICT Professionals,6
2025-12,NSW,106,Hunter Valley exc Newcastle,SA4,26,ICT Professionals,16
2025-12,NSW,107,Illawarra,SA4,26,ICT Professionals,7
2025-12,NSW,108,Mid North Coast,SA4,26,ICT Professionals,12
2025-12,NSW,109,Murray,SA4,26,ICT Professionals,4
2025-12,NSW,110,New England and North West,SA4,26,ICT Professionals,6
2025-12,NSW,111,Newcastle and Lake Macquarie,SA4,26,ICT Professionals,30
2025-12,NSW,112,Richmond - Tweed,SA4,26,ICT Professionals,9
2025-12,NSW,113,Riverina,SA4,26,ICT Professionals,5
2025-12,NSW,114,Southern Highlands and Shoalhaven,SA4,26,ICT Professionals,3
2025-12,VIC,2GMEL,Greater Melbourne,GCCSA,26,ICT Professionals,1352
2025-12,VIC,201,Ballarat,SA4,26,ICT Professionals,7
2025-12,VIC,202,Bendigo,SA4,26,ICT Professionals,8
2025-12,VIC,203,Geelong,SA4,26,ICT Professionals,21
2025-12,VIC,204,Hume,SA4,26,ICT Professionals,3
2025-12,VIC,205,Latrobe - Gippsland,SA4,26,ICT Professionals,6
2025-12,VIC,215,North West,SA4,26,ICT Professionals,3
2025-12,VIC,216,Shepparton,SA4,26,ICT Professionals,2
2025-12,VIC,217,Warrnambool and South West,SA4,26,ICT Professionals,6
2025-12,QLD,3GBRI,Greater Brisbane,GCCSA,26,ICT Professionals,774
2025-12,QLD,306,Cairns,SA4,26,ICT Professionals,6
2025-12,QLD,308,Central Queensland,SA4,26,ICT Professionals,9
2025-12,QLD,307,Darling Downs - Maranoa,SA4,26,ICT Professionals,5
2025-12,QLD,309,Gold Coast,SA4,26,ICT Professionals,61
2025-12,QLD,312,Mackay - Isaac - Whitsunday,SA4,26,ICT Professionals,9
2025-12,QLD,315,Queensland - Outback,SA4,26,ICT Professionals,1
2025-12,QLD,316,Sunshine Coast,SA4,26,ICT Professionals,16
2025-12,QLD,317,Toowoomba,SA4,26,ICT Professionals,4
2025-12,QLD,318,Townsville,SA4,26,ICT Professionals,11
2025-12,QLD,319,Wide Bay,SA4,26,ICT Professionals,7
2025-12,SA,4GADE,Greater Adelaide,GCCSA,26,ICT Professionals,292
2025-12,SA,405,Barossa - Yorke - Mid North,SA4,26,ICT Professionals,1
2025-12,SA,406,South Australia - Outback,SA4,26,ICT Professionals,0
2025-12,SA,407,South Australia - South East,SA4,26,ICT Professionals,1
2025-12,WA,5GPER,Greater Perth,GCCSA,26,ICT Professionals,372
2025-12,WA,501,Bunbury,SA4,26,ICT Professionals,4
2025-12,WA,510,Western Australia - Outback (North),SA4,26,ICT Professionals,2
2025-12,WA,511,Western Australia - Outback (South),SA4,26,ICT Professionals,2
2025-12,WA,509,Western Australia - Wheat Belt,SA4,26,ICT Professionals,3
2025-12,TAS,6GHOB,Greater Hobart,GCCSA,26,ICT Professionals,42
2025-12,TAS,602,Launceston and North East,SA4,26,ICT Professionals,4
2025-12,TAS,603,South East,SA4,26,ICT Professionals,1
2025-12,TAS,604,West and North West,SA4,26,ICT Professionals,2
2025-12,NT,7GDAR,Greater Darwin,GCCSA,26,ICT Professionals,36
2025-12,NT,702,Northern Territory - Outback,SA4,26,ICT Professionals,5
2025-12,ACT,8ACTE,Australian Capital Territory,GCCSA,26,ICT Professionals,446
2026-01,NSW,1GSYD,Greater Sydney,GCCSA,26,ICT Professionals,1930
2026-01,NSW,101,Capital Region,SA4,26,ICT Professionals,4
2026-01,NSW,103,Central West,SA4,26,ICT Professionals,2
2026-01,NSW,104,Coffs Harbour - Grafton,SA4,26,ICT Professionals,1
2026-01,NSW,105,Far West and Orana,SA4,26,ICT Professionals,6
2026-01,NSW,106,Hunter Valley exc Newcastle,SA4,26,ICT Professionals,17
2026-01,NSW,107,Illawarra,SA4,26,ICT Professionals,8
2026-01,NSW,108,Mid North Coast,SA4,26,ICT Professionals,10
2026-01,NSW,109,Murray,SA4,26,ICT Professionals,4
2026-01,NSW,110,New England and North West,SA4,26,ICT Professionals,5
2026-01,NSW,111,Newcastle and Lake Macquarie,SA4,26,ICT Professionals,25
2026-01,NSW,112,Richmond - Tweed,SA4,26,ICT Professionals,6
2026-01,NSW,113,Riverina,SA4,26,ICT Professionals,6
2026-01,NSW,114,Southern Highlands and Shoalhaven,SA4,26,ICT Professionals,3
2026-01,VIC,2GMEL,Greater Melbourne,GCCSA,26,ICT Professionals,1350
2026-01,VIC,201,Ballarat,SA4,26,ICT Professionals,6
2026-01,VIC,202,Bendigo,SA4,26,ICT Professionals,8
2026-01,VIC,203,Geelong,SA4,26,ICT Professionals,18
2026-01,VIC,204,Hume,SA4,26,ICT Professionals,2
2026-01,VIC,205,Latrobe - Gippsland,SA4,26,ICT Professionals,6
2026-01,VIC,215,North West,SA4,26,ICT Professionals,3
2026-01,VIC,216,Shepparton,SA4,26,ICT Professionals,2
2026-01,VIC,217,Warrnambool and South West,SA4,26,ICT Professionals,4
2026-01,QLD,3GBRI,Greater Brisbane,GCCSA,26,ICT Professionals,776
2026-01,QLD,306,Cairns,SA4,26,ICT Professionals,5
2026-01,QLD,308,Central Queensland,SA4,26,ICT Professionals,7
2026-01,QLD,307,Darling Downs - Maranoa,SA4,26,ICT Professionals,4
2026-01,QLD,309,Gold Coast,SA4,26,ICT Professionals,62
2026-01,QLD,312,Mackay - Isaac - Whitsunday,SA4,26,ICT Professionals,9
2026-01,QLD,315,Queensland - Outback,SA4,26,ICT Professionals,1
2026-01,QLD,316,Sunshine Coast,SA4,26,ICT Professionals,19
2026-01,QLD,317,Toowoomba,SA4,26,ICT Professionals,4
2026-01,QLD,318,Townsville,SA4,26,ICT Professionals,11
2026-01,QLD,319,Wide Bay,SA4,26,ICT Professionals,6
2026-01,SA,4GADE,Greater Adelaide,GCCSA,26,ICT Professionals,291
2026-01,SA,405,Barossa - Yorke - Mid North,SA4,26,ICT Professionals,1
2026-01,SA,406,South Australia - Outback,SA4,26,ICT Professionals,1
2026-01,SA,407,South Australia - South East,SA4,26,ICT Professionals,1
2026-01,WA,5GPER,Greater Perth,GCCSA,26,ICT Professionals,378
2026-01,WA,501,Bunbury,SA4,26,ICT Professionals,3
2026-01,WA,510,Western Australia - Outback (North),SA4,26,ICT Professionals,4
2026-01,WA,511,Western Australia - Outback (South),SA4,26,ICT Professionals,2
2026-01,WA,509,Western Australia - Wheat Belt,SA4,26,ICT Professionals,3
2026-01,TAS,6GHOB,Greater Hobart,GCCSA,26,ICT Professionals,38
2026-01,TAS,602,Launceston and North East,SA4,26,ICT Professionals,5
2026-01,TAS,603,South East,SA4,26,ICT Professionals,1
2026-01,TAS,604,West and North West,SA4,26,ICT Professionals,4
2026-01,NT,7GDAR,Greater Darwin,GCCSA,26,ICT Professionals,33
2026-01,NT,702,Northern Territory - Outback,SA4,26,ICT Professionals,5
2026-01,ACT,8ACTE,Australian Capital Territory,GCCSA,26,ICT Professionals,427
2026-02,NSW,1GSYD,Greater Sydney,GCCSA,26,ICT Professionals,1958
2026-02,NSW,101,Capital Region,SA4,26,ICT Professionals,3
2026-02,NSW,103,Central West,SA4,26,ICT Professionals,4
2026-02,NSW,104,Coffs Harbour - Grafton,SA4,26,ICT Professionals,2
2026-02,NSW,105,Far West and Orana,SA4,26,ICT Professionals,6
2026-02,NSW,106,Hunter Valley exc Newcastle,SA4,26,ICT Professionals,18
2026-02,NSW,107,Illawarra,SA4,26,ICT Professionals,11
2026-02,NSW,108,Mid North Coast,SA4,26,ICT Professionals,8
2026-02,NSW,109,Murray,SA4,26,ICT Professionals,3
2026-02,NSW,110,New England and North West,SA4,26,ICT Professionals,6
2026-02,NSW,111,Newcastle and Lake Macquarie,SA4,26,ICT Professionals,27
2026-02,NSW,112,Richmond - Tweed,SA4,26,ICT Professionals,6
2026-02,NSW,113,Riverina,SA4,26,ICT Professionals,6
2026-02,NSW,114,Southern Highlands and Shoalhaven,SA4,26,ICT Professionals,4
2026-02,VIC,2GMEL,Greater Melbourne,GCCSA,26,ICT Professionals,1454
2026-02,VIC,201,Ballarat,SA4,26,ICT Professionals,5
2026-02,VIC,202,Bendigo,SA4,26,ICT Professionals,5
2026-02,VIC,203,Geelong,SA4,26,ICT Professionals,18
2026-02,VIC,204,Hume,SA4,26,ICT Professionals,3
2026-02,VIC,205,Latrobe - Gippsland,SA4,26,ICT Professionals,6
2026-02,VIC,215,North West,SA4,26,ICT Professionals,2
2026-02,VIC,216,Shepparton,SA4,26,ICT Professionals,3
2026-02,VIC,217,Warrnambool and South West,SA4,26,ICT Professionals,3
2026-02,QLD,3GBRI,Greater Brisbane,GCCSA,26,ICT Professionals,818
2026-02,QLD,306,Cairns,SA4,26,ICT Professionals,6
2026-02,QLD,308,Central Queensland,SA4,26,ICT Professionals,6
2026-02,QLD,307,Darling Downs - Maranoa,SA4,26,ICT Professionals,6
2026-02,QLD,309,Gold Coast,SA4,26,ICT Professionals,57
2026-02,QLD,312,Mackay - Isaac - Whitsunday,SA4,26,ICT Professionals,9
2026-02,QLD,315,Queensland - Outback,SA4,26,ICT Professionals,2
2026-02,QLD,316,Sunshine Coast,SA4,26,ICT Professionals,21
2026-02,QLD,317,Toowoomba,SA4,26,ICT Professionals,5
2026-02,QLD,318,Townsville,SA4,26,ICT Professionals,10
2026-02,QLD,319,Wide Bay,SA4,26,ICT Professionals,4
2026-02,SA,4GADE,Greater Adelaide,GCCSA,26,ICT Professionals,301
2026-02,SA,405,Barossa - Yorke - Mid North,SA4,26,ICT Professionals,1
2026-02,SA,406,South Australia - Outback,SA4,26,ICT Professionals,0
2026-02,SA,407,South Australia - South East,SA4,26,ICT Professionals,2
2026-02,WA,5GPER,Greater Perth,GCCSA,26,ICT Professionals,388
2026-02,WA,501,Bunbury,SA4,26,ICT Professionals,3
2026-02,WA,510,Western Australia - Outback (North),SA4,26,ICT Professionals,3
2026-02,WA,511,Western Australia - Outback (South),SA4,26,ICT Professionals,2
2026-02,WA,509,Western Australia - Wheat Belt,SA4,26,ICT Professionals,2
2026-02,TAS,6GHOB,Greater Hobart,GCCSA,26,ICT Professionals,33
2026-02,TAS,602,Launceston and North East,SA4,26,ICT Professionals,6
2026-02,TAS,603,South East,SA4,26,ICT Professionals,1
2026-02,TAS,604,West and North West,SA4,26,ICT Professionals,4
2026-02,NT,7GDAR,Greater Darwin,GCCSA,26,ICT Professionals,33
2026-02,NT,702,Northern Territory - Outback,SA4,26,ICT Professionals,4
2026-02,ACT,8ACTE,Australian Capital Territory,GCCSA,26,ICT Professionals,430
2026-03,NSW,1GSYD,Greater Sydney,GCCSA,26,ICT Professionals,2224
2026-03,NSW,101,Capital Region,SA4,26,ICT Professionals,4
2026-03,NSW,103,Central West,SA4,26,ICT Professionals,6
2026-03,NSW,104,Coffs Harbour - Grafton,SA4,26,ICT Professionals,3
2026-03,NSW,105,Far West and Orana,SA4,26,ICT Professionals,5
2026-03,NSW,106,Hunter Valley exc Newcastle,SA4,26,ICT Professionals,22
2026-03,NSW,107,Illawarra,SA4,26,ICT Professionals,13
2026-03,NSW,108,Mid North Coast,SA4,26,ICT Professionals,10
2026-03,NSW,109,Murray,SA4,26,ICT Professionals,4
2026-03,NSW,110,New England and North West,SA4,26,ICT Professionals,8
2026-03,NSW,111,Newcastle and Lake Macquarie,SA4,26,ICT Professionals,32
2026-03,NSW,112,Richmond - Tweed,SA4,26,ICT Professionals,11
2026-03,NSW,113,Riverina,SA4,26,ICT Professionals,7
2026-03,NSW,114,Southern Highlands and Shoalhaven,SA4,26,ICT Professionals,5
2026-03,VIC,2GMEL,Greater Melbourne,GCCSA,26,ICT Professionals,1687
2026-03,VIC,201,Ballarat,SA4,26,ICT Professionals,4
2026-03,VIC,202,Bendigo,SA4,26,ICT Professionals,6
2026-03,VIC,203,Geelong,SA4,26,ICT Professionals,23
2026-03,VIC,204,Hume,SA4,26,ICT Professionals,3
2026-03,VIC,205,Latrobe - Gippsland,SA4,26,ICT Professionals,3
2026-03,VIC,215,North West,SA4,26,ICT Professionals,3
2026-03,VIC,216,Shepparton,SA4,26,ICT Professionals,2
2026-03,VIC,217,Warrnambool and South West,SA4,26,ICT Professionals,5
2026-03,QLD,3GBRI,Greater Brisbane,GCCSA,26,ICT Professionals,983
2026-03,QLD,306,Cairns,SA4,26,ICT Professionals,7
2026-03,QLD,308,Central Queensland,SA4,26,ICT Professionals,10
2026-03,QLD,307,Darling Downs - Maranoa,SA4,26,ICT Professionals,5
2026-03,QLD,309,Gold Coast,SA4,26,ICT Professionals,60
2026-03,QLD,312,Mackay - Isaac - Whitsunday,SA4,26,ICT Professionals,9
2026-03,QLD,315,Queensland - Outback,SA4,26,ICT Professionals,2
2026-03,QLD,316,Sunshine Coast,SA4,26,ICT Professionals,28
2026-03,QLD,317,Toowoomba,SA4,26,ICT Professionals,5
2026-03,QLD,318,Townsville,SA4,26,ICT Professionals,9
2026-03,QLD,319,Wide Bay,SA4,26,ICT Professionals,4
2026-03,SA,4GADE,Greater Adelaide,GCCSA,26,ICT Professionals,349
2026-03,SA,405,Barossa - Yorke - Mid North,SA4,26,ICT Professionals,2
2026-03,SA,406,South Australia - Outback,SA4,26,ICT Professionals,1
2026-03,SA,407,South Australia - South East,SA4,26,ICT Professionals,1
2026-03,WA,5GPER,Greater Perth,GCCSA,26,ICT Professionals,477
2026-03,WA,501,Bunbury,SA4,26,ICT Professionals,5
2026-03,WA,510,Western Australia - Outback (North),SA4,26,ICT Professionals,4
2026-03,WA,511,Western Australia - Outback (South),SA4,26,ICT Professionals,4
2026-03,WA,509,Western Australia - Wheat Belt,SA4,26,ICT Professionals,2
2026-03,TAS,6GHOB,Greater Hobart,GCCSA,26,ICT Professionals,38
2026-03,TAS,602,Launceston and North East,SA4,26,ICT Professionals,6
2026-03,TAS,603,South East,SA4,26,ICT Professionals,1
2026-03,TAS,604,West and North West,SA4,26,ICT Professionals,5
2026-03,NT,7GDAR,Greater Darwin,GCCSA,26,ICT Professionals,37
2026-03,NT,702,Northern Territory - Outback,SA4,26,ICT Professionals,4
2026-03,ACT,8ACTE,Australian Capital Territory,GCCSA,26,ICT Professionals,486
2026-04,NSW,1GSYD,Greater Sydney,GCCSA,26,ICT Professionals,2164
2026-04,NSW,101,Capital Region,SA4,26,ICT Professionals,4
2026-04,NSW,103,Central West,SA4,26,ICT Professionals,8
2026-04,NSW,104,Coffs Harbour - Grafton,SA4,26,ICT Professionals,3
2026-04,NSW,105,Far West and Orana,SA4,26,ICT Professionals,5
2026-04,NSW,106,Hunter Valley exc Newcastle,SA4,26,ICT Professionals,19
2026-04,NSW,107,Illawarra,SA4,26,ICT Professionals,15
2026-04,NSW,108,Mid North Coast,SA4,26,ICT Professionals,6
2026-04,NSW,109,Murray,SA4,26,ICT Professionals,4
2026-04,NSW,110,New England and North West,SA4,26,ICT Professionals,6
2026-04,NSW,111,Newcastle and Lake Macquarie,SA4,26,ICT Professionals,30
2026-04,NSW,112,Richmond - Tweed,SA4,26,ICT Professionals,13
2026-04,NSW,113,Riverina,SA4,26,ICT Professionals,4
2026-04,NSW,114,Southern Highlands and Shoalhaven,SA4,26,ICT Professionals,5
2026-04,VIC,2GMEL,Greater Melbourne,GCCSA,26,ICT Professionals,1666
2026-04,VIC,201,Ballarat,SA4,26,ICT Professionals,4
2026-04,VIC,202,Bendigo,SA4,26,ICT Professionals,6
2026-04,VIC,203,Geelong,SA4,26,ICT Professionals,24
2026-04,VIC,204,Hume,SA4,26,ICT Professionals,3
2026-04,VIC,205,Latrobe - Gippsland,SA4,26,ICT Professionals,2
2026-04,VIC,215,North West,SA4,26,ICT Professionals,3
2026-04,VIC,216,Shepparton,SA4,26,ICT Professionals,2
2026-04,VIC,217,Warrnambool and South West,SA4,26,ICT Professionals,5
2026-04,QLD,3GBRI,Greater Brisbane,GCCSA,26,ICT Professionals,973
2026-04,QLD,306,Cairns,SA4,26,ICT Professionals,6
2026-04,QLD,308,Central Queensland,SA4,26,ICT Professionals,12
2026-04,QLD,307,Darling Downs - Maranoa,SA4,26,ICT Professionals,5
2026-04,QLD,309,Gold Coast,SA4,26,ICT Professionals,58
2026-04,QLD,312,Mackay - Isaac - Whitsunday,SA4,26,ICT Professionals,9
2026-04,QLD,315,Queensland - Outback,SA4,26,ICT Professionals,2
2026-04,QLD,316,Sunshine Coast,SA4,26,ICT Professionals,23
2026-04,QLD,317,Toowoomba,SA4,26,ICT Professionals,4
2026-04,QLD,318,Townsville,SA4,26,ICT Professionals,8
2026-04,QLD,319,Wide Bay,SA4,26,ICT Professionals,5
2026-04,SA,4GADE,Greater Adelaide,GCCSA,26,ICT Professionals,357
2026-04,SA,405,Barossa - Yorke - Mid North,SA4,26,ICT Professionals,3
2026-04,SA,406,South Australia - Outback,SA4,26,ICT Professionals,2
2026-04,SA,407,South Australia - South East,SA4,26,ICT Professionals,1
2026-04,WA,5GPER,Greater Perth,GCCSA,26,ICT Professionals,457
2026-04,WA,501,Bunbury,SA4,26,ICT Professionals,6
2026-04,WA,510,Western Australia - Outback (North),SA4,26,ICT Professionals,3
2026-04,WA,511,Western Australia - Outback (South),SA4,26,ICT Professionals,4
2026-04,WA,509,Western Australia - Wheat Belt,SA4,26,ICT Professionals,1
2026-04,TAS,6GHOB,Greater Hobart,GCCSA,26,ICT Professionals,36
2026-04,TAS,602,Launceston and North East,SA4,26,ICT Professionals,5
2026-04,TAS,603,South East,SA4,26,ICT Professionals,0
2026-04,TAS,604,West and North West,SA4,26,ICT Professionals,4
2026-04,NT,7GDAR,Greater Darwin,GCCSA,26,ICT Professionals,36
2026-04,NT,702,Northern Territory - Outback,SA4,26,ICT Professionals,2
2026-04,ACT,8ACTE,Australian Capital Territory,GCCSA,26,ICT Professionals,534
2026-05,NSW,1GSYD,Greater Sydney,GCCSA,26,ICT Professionals,2128
2026-05,NSW,101,Capital Region,SA4,26,ICT Professionals,4
2026-05,NSW,103,Central West,SA4,26,ICT Professionals,9
2026-05,NSW,104,Coffs Harbour - Grafton,SA4,26,ICT Professionals,2
2026-05,NSW,105,Far West and Orana,SA4,26,ICT Professionals,4
2026-05,NSW,106,Hunter Valley exc Newcastle,SA4,26,ICT Professionals,21
2026-05,NSW,107,Illawarra,SA4,26,ICT Professionals,13
2026-05,NSW,108,Mid North Coast,SA4,26,ICT Professionals,5
2026-05,NSW,109,Murray,SA4,26,ICT Professionals,5
2026-05,NSW,110,New England and North West,SA4,26,ICT Professionals,6
2026-05,NSW,111,Newcastle and Lake Macquarie,SA4,26,ICT Professionals,31
2026-05,NSW,112,Richmond - Tweed,SA4,26,ICT Professionals,12
2026-05,NSW,113,Riverina,SA4,26,ICT Professionals,5
2026-05,NSW,114,Southern Highlands and Shoalhaven,SA4,26,ICT Professionals,4
2026-05,VIC,2GMEL,Greater Melbourne,GCCSA,26,ICT Professionals,1653
2026-05,VIC,201,Ballarat,SA4,26,ICT Professionals,8
2026-05,VIC,202,Bendigo,SA4,26,ICT Professionals,6
2026-05,VIC,203,Geelong,SA4,26,ICT Professionals,26
2026-05,VIC,204,Hume,SA4,26,ICT Professionals,3
2026-05,VIC,205,Latrobe - Gippsland,SA4,26,ICT Professionals,3
2026-05,VIC,215,North West,SA4,26,ICT Professionals,4
2026-05,VIC,216,Shepparton,SA4,26,ICT Professionals,1
2026-05,VIC,217,Warrnambool and South West,SA4,26,ICT Professionals,6
2026-05,QLD,3GBRI,Greater Brisbane,GCCSA,26,ICT Professionals,963
2026-05,QLD,306,Cairns,SA4,26,ICT Professionals,4
2026-05,QLD,308,Central Queensland,SA4,26,ICT Professionals,12
2026-05,QLD,307,Darling Downs - Maranoa,SA4,26,ICT Professionals,3
2026-05,QLD,309,Gold Coast,SA4,26,ICT Professionals,52
2026-05,QLD,312,Mackay - Isaac - Whitsunday,SA4,26,ICT Professionals,7
2026-05,QLD,315,Queensland - Outback,SA4,26,ICT Professionals,2
2026-05,QLD,316,Sunshine Coast,SA4,26,ICT Professionals,21
2026-05,QLD,317,Toowoomba,SA4,26,ICT Professionals,3
2026-05,QLD,318,Townsville,SA4,26,ICT Professionals,8
2026-05,QLD,319,Wide Bay,SA4,26,ICT Professionals,8
2026-05,SA,4GADE,Greater Adelaide,GCCSA,26,ICT Professionals,372
2026-05,SA,405,Barossa - Yorke - Mid North,SA4,26,ICT Professionals,3
2026-05,SA,406,South Australia - Outback,SA4,26,ICT Professionals,2
2026-05,SA,407,South Australia - South East,SA4,26,ICT Professionals,1
2026-05,WA,5GPER,Greater Perth,GCCSA,26,ICT Professionals,466
2026-05,WA,501,Bunbury,SA4,26,ICT Professionals,9
2026-05,WA,510,Western Australia - Outback (North),SA4,26,ICT Professionals,4
2026-05,WA,511,Western Australia - Outback (South),SA4,26,ICT Professionals,4
2026-05,WA,509,Western Australia - Wheat Belt,SA4,26,ICT Professionals,1
2026-05,TAS,6GHOB,Greater Hobart,GCCSA,26,ICT Professionals,42
2026-05,TAS,602,Launceston and North East,SA4,26,ICT Professionals,5
2026-05,TAS,603,South East,SA4,26,ICT Professionals,0
2026-05,TAS,604,West and North West,SA4,26,ICT Professionals,5
2026-05,NT,7GDAR,Greater Darwin,GCCSA,26,ICT Professionals,37
2026-05,NT,702,Northern Territory - Outback,SA4,26,ICT Professionals,3
2026-05,ACT,8ACTE,Australian Capital Territory,GCCSA,26,ICT Professionals,568
2026-06,NSW,1GSYD,Greater Sydney,GCCSA,26,ICT Professionals,1959
2026-06,NSW,101,Capital Region,SA4,26,ICT Professionals,5
2026-06,NSW,103,Central West,SA4,26,ICT Professionals,8
2026-06,NSW,104,Coffs Harbour - Grafton,SA4,26,ICT Professionals,1
2026-06,NSW,105,Far West and Orana,SA4,26,ICT Professionals,3
2026-06,NSW,106,Hunter Valley exc Newcastle,SA4,26,ICT Professionals,19
2026-06,NSW,107,Illawarra,SA4,26,ICT Professionals,12
2026-06,NSW,108,Mid North Coast,SA4,26,ICT Professionals,4
2026-06,NSW,109,Murray,SA4,26,ICT Professionals,5
2026-06,NSW,110,New England and North West,SA4,26,ICT Professionals,7
2026-06,NSW,111,Newcastle and Lake Macquarie,SA4,26,ICT Professionals,30
2026-06,NSW,112,Richmond - Tweed,SA4,26,ICT Professionals,6
2026-06,NSW,113,Riverina,SA4,26,ICT Professionals,5
2026-06,NSW,114,Southern Highlands and Shoalhaven,SA4,26,ICT Professionals,3
2026-06,VIC,2GMEL,Greater Melbourne,GCCSA,26,ICT Professionals,1549
2026-06,VIC,201,Ballarat,SA4,26,ICT Professionals,9
2026-06,VIC,202,Bendigo,SA4,26,ICT Professionals,5
2026-06,VIC,203,Geelong,SA4,26,ICT Professionals,27
2026-06,VIC,204,Hume,SA4,26,ICT Professionals,3
2026-06,VIC,205,Latrobe - Gippsland,SA4,26,ICT Professionals,3
2026-06,VIC,215,North West,SA4,26,ICT Professionals,3
2026-06,VIC,216,Shepparton,SA4,26,ICT Professionals,1
2026-06,VIC,217,Warrnambool and South West,SA4,26,ICT Professionals,5
2026-06,QLD,3GBRI,Greater Brisbane,GCCSA,26,ICT Professionals,860
2026-06,QLD,306,Cairns,SA4,26,ICT Professionals,6
2026-06,QLD,308,Central Queensland,SA4,26,ICT Professionals,8
2026-06,QLD,307,Darling Downs - Maranoa,SA4,26,ICT Professionals,2
2026-06,QLD,309,Gold Coast,SA4,26,ICT Professionals,51
2026-06,QLD,312,Mackay - Isaac - Whitsunday,SA4,26,ICT Professionals,7
2026-06,QLD,315,Queensland - Outback,SA4,26,ICT Professionals,2
2026-06,QLD,316,Sunshine Coast,SA4,26,ICT Professionals,15
2026-06,QLD,317,Toowoomba,SA4,26,ICT Professionals,2
2026-06,QLD,318,Townsville,SA4,26,ICT Professionals,7
2026-06,QLD,319,Wide Bay,SA4,26,ICT Professionals,8
2026-06,SA,4GADE,Greater Adelaide,GCCSA,26,ICT Professionals,353
2026-06,SA,405,Barossa - Yorke - Mid North,SA4,26,ICT Professionals,3
2026-06,SA,406,South Australia - Outback,SA4,26,ICT Professionals,2
2026-06,SA,407,South Australia - South East,SA4,26,ICT Professionals,2
2026-06,WA,5GPER,Greater Perth,GCCSA,26,ICT Professionals,427
2026-06,WA,501,Bunbury,SA4,26,ICT Professionals,6
2026-06,WA,510,Western Australia - Outback (North),SA4,26,ICT Professionals,3
2026-06,WA,511,Western Australia - Outback (South),SA4,26,ICT Professionals,3
2026-06,WA,509,Western Australia - Wheat Belt,SA4,26,ICT Professionals,1
2026-06,TAS,6GHOB,Greater Hobart,GCCSA,26,ICT Professionals,40
2026-06,TAS,602,Launceston and North East,SA4,26,ICT Professionals,3
2026-06,TAS,603,South East,SA4,26,ICT Professionals,0
2026-06,TAS,604,West and North West,SA4,26,ICT Professionals,4
2026-06,NT,7GDAR,Greater Darwin,GCCSA,26,ICT Professionals,31
2026-06,NT,702,Northern Territory - Outback,SA4,26,ICT Professionals,2
2026-06,ACT,8ACTE,Australian Capital Territory,GCCSA,26,ICT Professionals,518
2026-07,NSW,1GSYD,Greater Sydney,GCCSA,26,ICT Professionals,1994
2026-07,NSW,101,Capital Region,SA4,26,ICT Professionals,5
2026-07,NSW,103,Central West,SA4,26,ICT Professionals,6
2026-07,NSW,104,Coffs Harbour - Grafton,SA4,26,ICT Professionals,2
2026-07,NSW,105,Far West and Orana,SA4,26,ICT Professionals,2
2026-07,NSW,106,Hunter Valley exc Newcastle,SA4,26,ICT Professionals,18
2026-07,NSW,107,Illawarra,SA4,26,ICT Professionals,11
2026-07,NSW,108,Mid North Coast,SA4,26,ICT Professionals,5
2026-07,NSW,109,Murray,SA4,26,ICT Professionals,5
2026-07,NSW,110,New England and North West,SA4,26,ICT Professionals,9
2026-07,NSW,111,Newcastle and Lake Macquarie,SA4,26,ICT Professionals,29
2026-07,NSW,112,Richmond - Tweed,SA4,26,ICT Professionals,3
2026-07,NSW,113,Riverina,SA4,26,ICT Professionals,7
2026-07,NSW,114,Southern Highlands and Shoalhaven,SA4,26,ICT Professionals,4
2026-07,VIC,2GMEL,Greater Melbourne,GCCSA,26,ICT Professionals,1542
2026-07,VIC,201,Ballarat,SA4,26,ICT Professionals,8
2026-07,VIC,202,Bendigo,SA4,26,ICT Professionals,5
2026-07,VIC,203,Geelong,SA4,26,ICT Professionals,29
2026-07,VIC,204,Hume,SA4,26,ICT Professionals,4
2026-07,VIC,205,Latrobe - Gippsland,SA4,26,ICT Professionals,4
2026-07,VIC,215,North West,SA4,26,ICT Professionals,4
2026-07,VIC,216,Shepparton,SA4,26,ICT Professionals,2
2026-07,VIC,217,Warrnambool and South West,SA4,26,ICT Professionals,6
2026-07,QLD,3GBRI,Greater Brisbane,GCCSA,26,ICT Professionals,860
2026-07,QLD,306,Cairns,SA4,26,ICT Professionals,7
2026-07,QLD,308,Central Queensland,SA4,26,ICT Professionals,7
2026-07,QLD,307,Darling Downs - Maranoa,SA4,26,ICT Professionals,2
2026-07,QLD,309,Gold Coast,SA4,26,ICT Professionals,55
2026-07,QLD,312,Mackay - Isaac - Whitsunday,SA4,26,ICT Professionals,7
2026-07,QLD,315,Queensland - Outback,SA4,26,ICT Professionals,3
2026-07,QLD,316,Sunshine Coast,SA4,26,ICT Professionals,14
2026-07,QLD,317,Toowoomba,SA4,26,ICT Professionals,3
2026-07,QLD,318,Townsville,SA4,26,ICT Professionals,7
2026-07,QLD,319,Wide Bay,SA4,26,ICT Professionals,8
2026-07,SA,4GADE,Greater Adelaide,GCCSA,26,ICT Professionals,334
2026-07,SA,405,Barossa - Yorke - Mid North,SA4,26,ICT Professionals,2
2026-07,SA,406,South Australia - Outback,SA4,26,ICT Professionals,1
2026-07,SA,407,South Australia - South East,SA4,26,ICT Professionals,2
2026-07,WA,5GPER,Greater Perth,GCCSA,26,ICT Professionals,441
2026-07,WA,501,Bunbury,SA4,26,ICT Professionals,7
2026-07,WA,510,Western Australia - Outback (North),SA4,26,ICT Professionals,4
2026-07,WA,511,Western Australia - Outback (South),SA4,26,ICT Professionals,4
2026-07,WA,509,Western Australia - Wheat Belt,SA4,26,ICT Professionals,1
2026-07,TAS,6GHOB,Greater Hobart,GCCSA,26,ICT Professionals,45
2026-07,TAS,602,Launceston and North East,SA4,26,ICT Professionals,3
2026-07,TAS,603,South East,SA4,26,ICT Professionals,0
2026-07,TAS,604,West and North West,SA4,26,ICT Professionals,3
2026-07,NT,7GDAR,Greater Darwin,GCCSA,26,ICT Professionals,32
2026-07,NT,702,Northern Territory - Outback,SA4,26,ICT Professionals,3
2026-07,ACT,8ACTE,Australian Capital Territory,GCCSA,26,ICT Professionals,494
